{"credit":"Made with Blockbench","texture_size":[32,32],"textures":{"0":"ec_elitewings:v1/tex3","1":"ec_elitewings:v1/ani301","2":"ec_elitewings:v1/ani302","3":"ec_elitewings:v1/ani303","4":"ec_elitewings:v1/ani304","particle":"ec_elitewings:v1/tex3_e"},"elements":[{"from":[7.19672,0.5,8.12632],"to":[17.19672,22.5,8.12632],"rotation":{"angle":-22.5,"axis":"y","origin":[7.65,9.25,8.54484]},"faces":{"north":{"uv":[2.5,0,0,5.5],"texture":"#0"},"east":{"uv":[0,0,0,5.5],"texture":"#0"},"south":{"uv":[0,0,2.5,5.5],"texture":"#0"},"west":{"uv":[0,0,0,5.5],"texture":"#0"},"up":{"uv":[0,0,6,0],"texture":"#0"},"down":{"uv":[0,0,6,0],"texture":"#0"}}},{"from":[16.63364,0.5,11.81071],"to":[24.63364,22.5,11.81071],"rotation":{"angle":0,"axis":"y","origin":[7.65,9.25,8.54484]},"faces":{"north":{"uv":[8,0,4,11],"texture":"#1"},"east":{"uv":[2.625,0,2.625,5.5],"texture":"#1"},"south":{"uv":[4,0,8,11],"texture":"#1"},"west":{"uv":[2.625,0,2.625,5.5],"texture":"#1"},"up":{"uv":[3,0,6,0],"texture":"#1"},"down":{"uv":[3,0,6,0],"texture":"#1"}}},{"from":[22.7,1,15],"to":[27.2,23.5,15],"rotation":{"angle":22.5,"axis":"y","origin":[7.65,9.25,8.54484]},"faces":{"north":{"uv":[2.25,0,0,11.25],"texture":"#2"},"east":{"uv":[2.625,0,2.625,11.25],"texture":"#2"},"south":{"uv":[0,0,2.25,11.25],"texture":"#2"},"west":{"uv":[2.625,0,2.625,11.25],"texture":"#2"},"up":{"uv":[3,0,6,0],"texture":"#2"},"down":{"uv":[3,0,6,0],"texture":"#2"}}},{"from":[14.7,0.5,15],"to":[22.7,22.5,15],"rotation":{"angle":22.5,"axis":"y","origin":[7.65,9.25,8.54484]},"faces":{"north":{"uv":[4,0,0,11],"texture":"#1"},"east":{"uv":[0,0,0,11],"texture":"#1"},"south":{"uv":[0,0,4,11],"texture":"#1"},"west":{"uv":[0,0,0,11],"texture":"#1"},"up":{"uv":[0.375,0,4.375,0],"texture":"#1"},"down":{"uv":[0.375,0,4.375,0],"texture":"#1"}}},{"from":[14.82476,1.5,24.63781],"to":[14.82476,23.5,29.13781],"rotation":{"angle":45,"axis":"y","origin":[7.65,9.25,8.54484]},"faces":{"north":{"uv":[6.75,0,6.75,11],"texture":"#2"},"east":{"uv":[9,0,6.75,11],"texture":"#2"},"south":{"uv":[6.75,0,6.75,11],"texture":"#2"},"west":{"uv":[6.75,0,9,11],"texture":"#2"},"up":{"uv":[5.25,0,3,0],"rotation":270,"texture":"#0"},"down":{"uv":[5.25,0,3,0],"rotation":90,"texture":"#0"}}},{"from":[17.19959,1,8.12423],"to":[25.19959,22.5,8.12423],"rotation":{"angle":-22.5,"axis":"y","origin":[7.65,9.25,8.54484]},"faces":{"north":{"uv":[12,0,8,11],"texture":"#1"},"east":{"uv":[2.625,0,2.625,11],"texture":"#1"},"south":{"uv":[8,0,12,11],"texture":"#1"},"west":{"uv":[2.625,0,2.625,11],"texture":"#1"},"up":{"uv":[3,0,6,0],"texture":"#1"},"down":{"uv":[3,0,6,0],"texture":"#1"}}},{"from":[11.69307,0.5,17.20655],"to":[19.69307,22.5,17.20655],"rotation":{"angle":45,"axis":"y","origin":[7.65,9.25,8.54484]},"faces":{"north":{"uv":[16,0,12,11],"texture":"#1"},"east":{"uv":[2.625,0,2.625,11],"texture":"#1"},"south":{"uv":[12,0,16,11],"texture":"#1"},"west":{"uv":[2.625,0,2.625,11],"texture":"#1"},"up":{"uv":[3,0,6,0],"texture":"#1"},"down":{"uv":[3,0,6,0],"texture":"#1"}}},{"from":[19.70258,2,17.15872],"to":[24.20258,24,17.15872],"rotation":{"angle":45,"axis":"y","origin":[7.65,9.25,8.54484]},"faces":{"north":{"uv":[11.25,0,9,11],"texture":"#2"},"east":{"uv":[2.625,0,2.625,5.5],"texture":"#2"},"south":{"uv":[9,0,11.25,11],"texture":"#2"},"west":{"uv":[2.625,0,2.625,5.5],"texture":"#2"},"up":{"uv":[3,0,6,0],"texture":"#2"},"down":{"uv":[3,0,6,0],"texture":"#2"}}},{"from":[20.22713,2,-3.73818],"to":[20.22713,24,0.76182],"rotation":{"angle":-22.5,"axis":"y","origin":[7.65,9.25,8.54484]},"faces":{"north":{"uv":[2.625,0,2.625,5.5],"texture":"#2"},"east":{"uv":[11.75,0,14,11],"texture":"#2"},"south":{"uv":[2.625,0,2.625,5.5],"texture":"#2"},"west":{"uv":[14,0,11.75,11],"texture":"#2"},"up":{"uv":[7.25,0,9.5,0],"rotation":270,"texture":"#2"},"down":{"uv":[7.25,0,9.5,0],"rotation":90,"texture":"#2"}}},{"from":[25.1362,1.5,8.08761],"to":[29.6362,23.5,8.21261],"rotation":{"angle":-22.5,"axis":"y","origin":[7.65,9.25,8.54484]},"faces":{"north":{"uv":[6.75,0,4.5,11],"texture":"#2"},"east":{"uv":[8.125,0,7.125,1.125],"texture":"#0"},"south":{"uv":[4.5,0,6.75,11],"texture":"#2"},"west":{"uv":[8.125,0,7.125,1.125],"texture":"#0"},"up":{"uv":[8.125,0,7.125,1.125],"texture":"#0"},"down":{"uv":[8.125,0,7.125,1.125],"texture":"#0"}}},{"from":[14.72476,1.5,24.53781],"to":[14.82476,23.5,29.03781],"rotation":{"angle":45,"axis":"y","origin":[7.65,9.25,8.54484]},"faces":{"north":{"uv":[7,0,6.5,11],"texture":"#3"},"east":{"uv":[9,0,6.75,11],"texture":"#2"},"south":{"uv":[8.125,0,7.125,1.125],"texture":"#0"},"west":{"uv":[6.75,0,9,11],"texture":"#2"},"up":{"uv":[8.125,0,7.125,1.125],"texture":"#0"},"down":{"uv":[8.125,0,7.125,1.125],"texture":"#0"}}},{"from":[24.64315,1.5,11.85855],"to":[29.14315,23.5,11.85855],"rotation":{"angle":0,"axis":"y","origin":[7.65,9.25,8.54484]},"faces":{"north":{"uv":[4.5,0,2.25,11],"texture":"#2"},"east":{"uv":[4.875,0,4.875,11],"texture":"#2"},"south":{"uv":[2.25,0,4.5,11],"texture":"#2"},"west":{"uv":[4.875,0,4.875,11],"texture":"#2"},"up":{"uv":[3,0,6,0],"texture":"#0"},"down":{"uv":[3,0,6,0],"texture":"#0"}}},{"from":[7.61825,-7,8.22899],"to":[16.61825,8,8.22899],"rotation":{"angle":-22.5,"axis":"y","origin":[7.65,9.25,8.54484]},"faces":{"north":{"uv":[3.375,12,1.125,15.75],"texture":"#0"},"east":{"uv":[0,0,0,5.5],"texture":"#0"},"south":{"uv":[1.125,12,3.375,15.75],"texture":"#0"},"west":{"uv":[0,0,0,5.5],"texture":"#0"},"up":{"uv":[0,0,5.75,0],"texture":"#0"},"down":{"uv":[0,0,5.75,0],"texture":"#0"}}},{"from":[13.7,-7.5,14.6],"to":[25.7,3.5,14.6],"rotation":{"angle":22.5,"axis":"y","origin":[7.65,9.25,8.54484]},"faces":{"north":{"uv":[6,0.75,0,6.25],"texture":"#3"},"east":{"uv":[0,0,0,5.5],"texture":"#3"},"south":{"uv":[0,0.75,6,6.25],"texture":"#3"},"west":{"uv":[0,0,0,5.5],"texture":"#3"},"up":{"uv":[0,0,5.75,0],"texture":"#3"},"down":{"uv":[0,0,5.75,0],"texture":"#3"}}},{"from":[15.55669,-7.5,11.82385],"to":[27.55669,3.5,11.82385],"rotation":{"angle":0,"axis":"y","origin":[7.65,9.25,8.54484]},"faces":{"north":{"uv":[14,0.75,8,6.25],"texture":"#3"},"east":{"uv":[0,0,0,5.5],"texture":"#3"},"south":{"uv":[8,0.75,14,6.25],"texture":"#3"},"west":{"uv":[0,0,0,5.5],"texture":"#3"},"up":{"uv":[0,0,5.75,0],"texture":"#3"},"down":{"uv":[0,0,5.75,0],"texture":"#3"}}},{"from":[16.20964,-7.5,8.54849],"to":[28.20964,3.5,8.54849],"rotation":{"angle":-22.5,"axis":"y","origin":[7.65,9.25,8.54484]},"faces":{"north":{"uv":[6,8.75,0,14.25],"texture":"#3"},"east":{"uv":[0,0,0,5.5],"texture":"#3"},"south":{"uv":[0,8.75,6,14.25],"texture":"#3"},"west":{"uv":[0,0,0,5.5],"texture":"#3"},"up":{"uv":[0,0,5.75,0],"texture":"#3"},"down":{"uv":[0,0,5.75,0],"texture":"#3"}}},{"from":[10.90313,-7.5,16.50051],"to":[22.90313,3.5,16.50051],"rotation":{"angle":45,"axis":"y","origin":[7.65,9.25,8.54484]},"faces":{"north":{"uv":[14,8.75,8,14.25],"texture":"#3"},"east":{"uv":[0,0,0,5.5],"texture":"#3"},"south":{"uv":[8,8.75,14,14.25],"texture":"#3"},"west":{"uv":[0,0,0,5.5],"texture":"#3"},"up":{"uv":[0,0,5.75,0],"texture":"#3"},"down":{"uv":[0,0,5.75,0],"texture":"#3"}}},{"from":[7.61825,-7,8.02899],"to":[16.61825,8,8.02899],"rotation":{"angle":-22.5,"axis":"y","origin":[7.65,9.25,8.54484]},"faces":{"north":{"uv":[3.375,12,1.125,15.75],"texture":"#0"},"east":{"uv":[0,0,0,5.5],"texture":"#0"},"south":{"uv":[1.125,12,3.375,15.75],"texture":"#0"},"west":{"uv":[0,0,0,5.5],"texture":"#0"},"up":{"uv":[0,0,5.75,0],"texture":"#0"},"down":{"uv":[0,0,5.75,0],"texture":"#0"}}},{"from":[13.7,-14,14.5],"to":[24.7,1,14.5],"rotation":{"angle":22.5,"axis":"y","origin":[7.65,9.25,8.54484]},"faces":{"north":{"uv":[11,0.5,0,15.5],"texture":"#4"},"east":{"uv":[0,0,0,2.5],"texture":"#4"},"south":{"uv":[0,0.5,11,15.5],"texture":"#4"},"west":{"uv":[0,0,0,2.5],"texture":"#4"},"up":{"uv":[0,0,2.75,0],"texture":"#4"},"down":{"uv":[0,0,2.75,0],"texture":"#4"}}},{"from":[-1.19672,0.5,8.12632],"to":[8.80328,22.5,8.12632],"rotation":{"angle":22.5,"axis":"y","origin":[8.35,9.25,8.54484]},"faces":{"north":{"uv":[0,0,2.5,5.5],"texture":"#0"},"east":{"uv":[0,0,0,5.5],"texture":"#0"},"south":{"uv":[2.5,0,0,5.5],"texture":"#0"},"west":{"uv":[0,0,0,5.5],"texture":"#0"},"up":{"uv":[6,0,0,0],"texture":"#0"},"down":{"uv":[6,0,0,0],"texture":"#0"}}},{"from":[-8.63364,0.5,11.81071],"to":[-0.63364,22.5,11.81071],"rotation":{"angle":0,"axis":"y","origin":[8.35,9.25,8.54484]},"faces":{"north":{"uv":[4,0,8,11],"texture":"#1"},"east":{"uv":[2.625,0,2.625,5.5],"texture":"#1"},"south":{"uv":[8,0,4,11],"texture":"#1"},"west":{"uv":[2.625,0,2.625,5.5],"texture":"#1"},"up":{"uv":[6,0,3,0],"texture":"#1"},"down":{"uv":[6,0,3,0],"texture":"#1"}}},{"from":[-11.2,1,15],"to":[-6.7,23.5,15],"rotation":{"angle":-22.5,"axis":"y","origin":[8.35,9.25,8.54484]},"faces":{"north":{"uv":[0,0,2.25,11.25],"texture":"#2"},"east":{"uv":[2.625,0,2.625,11.25],"texture":"#2"},"south":{"uv":[2.25,0,0,11.25],"texture":"#2"},"west":{"uv":[2.625,0,2.625,11.25],"texture":"#2"},"up":{"uv":[6,0,3,0],"texture":"#2"},"down":{"uv":[6,0,3,0],"texture":"#2"}}},{"from":[-6.7,0.5,15],"to":[1.3,22.5,15],"rotation":{"angle":-22.5,"axis":"y","origin":[8.35,9.25,8.54484]},"faces":{"north":{"uv":[0,0,4,11],"texture":"#1"},"east":{"uv":[0,0,0,11],"texture":"#1"},"south":{"uv":[4,0,0,11],"texture":"#1"},"west":{"uv":[0,0,0,11],"texture":"#1"},"up":{"uv":[4.375,0,0.375,0],"texture":"#1"},"down":{"uv":[4.375,0,0.375,0],"texture":"#1"}}},{"from":[1.17524,1.5,24.63781],"to":[1.17524,23.5,29.13781],"rotation":{"angle":-45,"axis":"y","origin":[8.35,9.25,8.54484]},"faces":{"north":{"uv":[6.75,0,6.75,11],"texture":"#2"},"east":{"uv":[9,0,6.75,11],"texture":"#2"},"south":{"uv":[6.75,0,6.75,11],"texture":"#2"},"west":{"uv":[6.75,0,9,11],"texture":"#2"},"up":{"uv":[5.25,0,3,0],"rotation":270,"texture":"#0"},"down":{"uv":[5.25,0,3,0],"rotation":90,"texture":"#0"}}},{"from":[-9.19959,1,8.12423],"to":[-1.19959,22.5,8.12423],"rotation":{"angle":22.5,"axis":"y","origin":[8.35,9.25,8.54484]},"faces":{"north":{"uv":[8,0,12,11],"texture":"#1"},"east":{"uv":[2.625,0,2.625,11],"texture":"#1"},"south":{"uv":[12,0,8,11],"texture":"#1"},"west":{"uv":[2.625,0,2.625,11],"texture":"#1"},"up":{"uv":[6,0,3,0],"texture":"#1"},"down":{"uv":[6,0,3,0],"texture":"#1"}}},{"from":[-3.69307,0.5,17.20655],"to":[4.30693,22.5,17.20655],"rotation":{"angle":-45,"axis":"y","origin":[8.35,9.25,8.54484]},"faces":{"north":{"uv":[12,0,16,11],"texture":"#1"},"east":{"uv":[2.625,0,2.625,11],"texture":"#1"},"south":{"uv":[16,0,12,11],"texture":"#1"},"west":{"uv":[2.625,0,2.625,11],"texture":"#1"},"up":{"uv":[6,0,3,0],"texture":"#1"},"down":{"uv":[6,0,3,0],"texture":"#1"}}},{"from":[-8.20258,2,17.15872],"to":[-3.70258,24,17.15872],"rotation":{"angle":-45,"axis":"y","origin":[8.35,9.25,8.54484]},"faces":{"north":{"uv":[9,0,11.25,11],"texture":"#2"},"east":{"uv":[2.625,0,2.625,5.5],"texture":"#2"},"south":{"uv":[11.25,0,9,11],"texture":"#2"},"west":{"uv":[2.625,0,2.625,5.5],"texture":"#2"},"up":{"uv":[6,0,3,0],"texture":"#2"},"down":{"uv":[6,0,3,0],"texture":"#2"}}},{"from":[-4.22713,2,-3.73818],"to":[-4.22713,24,0.76182],"rotation":{"angle":22.5,"axis":"y","origin":[8.35,9.25,8.54484]},"faces":{"north":{"uv":[2.625,0,2.625,5.5],"texture":"#2"},"east":{"uv":[11.75,0,14,11],"texture":"#2"},"south":{"uv":[2.625,0,2.625,5.5],"texture":"#2"},"west":{"uv":[14,0,11.75,11],"texture":"#2"},"up":{"uv":[7.25,0,9.5,0],"rotation":270,"texture":"#2"},"down":{"uv":[7.25,0,9.5,0],"rotation":90,"texture":"#2"}}},{"from":[-13.6362,1.5,8.08761],"to":[-9.1362,23.5,8.21261],"rotation":{"angle":22.5,"axis":"y","origin":[8.35,9.25,8.54484]},"faces":{"north":{"uv":[4.5,0,6.75,11],"texture":"#2"},"east":{"uv":[7.125,0,8.125,1.125],"texture":"#0"},"south":{"uv":[6.75,0,4.5,11],"texture":"#2"},"west":{"uv":[7.125,0,8.125,1.125],"texture":"#0"},"up":{"uv":[7.125,0,8.125,1.125],"texture":"#0"},"down":{"uv":[7.125,0,8.125,1.125],"texture":"#0"}}},{"from":[1.17524,1.5,24.53781],"to":[1.27524,23.5,29.03781],"rotation":{"angle":-45,"axis":"y","origin":[8.35,9.25,8.54484]},"faces":{"north":{"uv":[6.5,0,7,11],"texture":"#3"},"east":{"uv":[9,0,6.75,11],"texture":"#2"},"south":{"uv":[7.125,0,8.125,1.125],"texture":"#0"},"west":{"uv":[6.75,0,9,11],"texture":"#2"},"up":{"uv":[7.125,0,8.125,1.125],"texture":"#0"},"down":{"uv":[7.125,0,8.125,1.125],"texture":"#0"}}},{"from":[-13.14315,1.5,11.85855],"to":[-8.64315,23.5,11.85855],"rotation":{"angle":0,"axis":"y","origin":[8.35,9.25,8.54484]},"faces":{"north":{"uv":[2.25,0,4.5,11],"texture":"#2"},"east":{"uv":[4.875,0,4.875,11],"texture":"#2"},"south":{"uv":[4.5,0,2.25,11],"texture":"#2"},"west":{"uv":[4.875,0,4.875,11],"texture":"#2"},"up":{"uv":[6,0,3,0],"texture":"#0"},"down":{"uv":[6,0,3,0],"texture":"#0"}}},{"from":[-0.61825,-7,8.22899],"to":[8.38175,8,8.22899],"rotation":{"angle":22.5,"axis":"y","origin":[8.35,9.25,8.54484]},"faces":{"north":{"uv":[1.125,12,3.375,15.75],"texture":"#0"},"east":{"uv":[0,0,0,5.5],"texture":"#0"},"south":{"uv":[3.375,12,1.125,15.75],"texture":"#0"},"west":{"uv":[0,0,0,5.5],"texture":"#0"},"up":{"uv":[5.75,0,0,0],"texture":"#0"},"down":{"uv":[5.75,0,0,0],"texture":"#0"}}},{"from":[-9.7,-7.5,14.6],"to":[2.3,3.5,14.6],"rotation":{"angle":-22.5,"axis":"y","origin":[8.35,9.25,8.54484]},"faces":{"north":{"uv":[0,0.75,6,6.25],"texture":"#3"},"east":{"uv":[0,0,0,5.5],"texture":"#3"},"south":{"uv":[6,0.75,0,6.25],"texture":"#3"},"west":{"uv":[0,0,0,5.5],"texture":"#3"},"up":{"uv":[5.75,0,0,0],"texture":"#3"},"down":{"uv":[5.75,0,0,0],"texture":"#3"}}},{"from":[-11.55669,-7.5,11.82385],"to":[0.44331,3.5,11.82385],"rotation":{"angle":0,"axis":"y","origin":[8.35,9.25,8.54484]},"faces":{"north":{"uv":[8,0.75,14,6.25],"texture":"#3"},"east":{"uv":[0,0,0,5.5],"texture":"#3"},"south":{"uv":[14,0.75,8,6.25],"texture":"#3"},"west":{"uv":[0,0,0,5.5],"texture":"#3"},"up":{"uv":[5.75,0,0,0],"texture":"#3"},"down":{"uv":[5.75,0,0,0],"texture":"#3"}}},{"from":[-12.20964,-7.5,8.54849],"to":[-0.20964,3.5,8.54849],"rotation":{"angle":22.5,"axis":"y","origin":[8.35,9.25,8.54484]},"faces":{"north":{"uv":[0,8.75,6,14.25],"texture":"#3"},"east":{"uv":[0,0,0,5.5],"texture":"#3"},"south":{"uv":[6,8.75,0,14.25],"texture":"#3"},"west":{"uv":[0,0,0,5.5],"texture":"#3"},"up":{"uv":[5.75,0,0,0],"texture":"#3"},"down":{"uv":[5.75,0,0,0],"texture":"#3"}}},{"from":[-6.90313,-7.5,16.50051],"to":[5.09687,3.5,16.50051],"rotation":{"angle":-45,"axis":"y","origin":[8.35,9.25,8.54484]},"faces":{"north":{"uv":[8,8.75,14,14.25],"texture":"#3"},"east":{"uv":[0,0,0,5.5],"texture":"#3"},"south":{"uv":[14,8.75,8,14.25],"texture":"#3"},"west":{"uv":[0,0,0,5.5],"texture":"#3"},"up":{"uv":[5.75,0,0,0],"texture":"#3"},"down":{"uv":[5.75,0,0,0],"texture":"#3"}}},{"from":[-0.61825,-7,8.02899],"to":[8.38175,8,8.02899],"rotation":{"angle":22.5,"axis":"y","origin":[8.35,9.25,8.54484]},"faces":{"north":{"uv":[1.125,12,3.375,15.75],"texture":"#0"},"east":{"uv":[0,0,0,5.5],"texture":"#0"},"south":{"uv":[3.375,12,1.125,15.75],"texture":"#0"},"west":{"uv":[0,0,0,5.5],"texture":"#0"},"up":{"uv":[5.75,0,0,0],"texture":"#0"},"down":{"uv":[5.75,0,0,0],"texture":"#0"}}},{"from":[-8.7,-14,14.5],"to":[2.3,1,14.5],"rotation":{"angle":-22.5,"axis":"y","origin":[8.35,9.25,8.54484]},"faces":{"north":{"uv":[0,0.5,11,15.5],"texture":"#4"},"east":{"uv":[0,0,0,2.5],"texture":"#4"},"south":{"uv":[11,0.5,0,15.5],"texture":"#4"},"west":{"uv":[0,0,0,2.5],"texture":"#4"},"up":{"uv":[2.75,0,0,0],"texture":"#4"},"down":{"uv":[2.75,0,0,0],"texture":"#4"}}}],"gui_light":"front","display":{"thirdperson_righthand":{"rotation":[67.5,180,0],"translation":[0,0.75,1.25],"scale":[0.32031,0.32031,0.32031]},"thirdperson_lefthand":{"rotation":[67.5,0,0],"translation":[-5.25,-6,8.5]},"firstperson_righthand":{"translation":[-0.5,-0.25,2.25],"scale":[0.5,0.5,0.5]},"firstperson_lefthand":{"rotation":[0,-92,0],"translation":[0.5,3,2.25],"scale":[0,0,0]},"ground":{"rotation":[70,0,0],"translation":[0,5,0],"scale":[0.5,0.5,0.5]},"gui":{"translation":[0,-0.25,0.25],"scale":[0.42813,0.42813,0.42813]},"head":{"rotation":[-2,0,0],"translation":[0,-14.75,6.25],"scale":[1.5,1.5,1.5]},"fixed":{"rotation":[0,180,0],"translation":[0,0,-1.25],"scale":[1.55,1.55,1.55]}}}