{"credit":"Made with Blockbench","texture_size":[32,32],"textures":{"0":"ec_elitewings:v1/tex4","1":"ec_elitewings:v1/ani403","2":"ec_elitewings:v1/ani402","3":"ec_elitewings:v1/ani401","4":"ec_elitewings:v1/ani404","particle":"ec_elitewings:v1/tex4"},"elements":[{"from":[15,-12,9],"to":[26,3,9],"rotation":{"angle":0,"axis":"y","origin":[14,0,1]},"faces":{"north":{"uv":[11,0.5,0,15.5],"texture":"#4"},"east":{"uv":[0,0,0,2.5],"texture":"#4"},"south":{"uv":[0,0.5,11,15.5],"texture":"#4"},"west":{"uv":[0,0,0,2.5],"texture":"#4"},"up":{"uv":[0,0,2.75,0],"texture":"#4"},"down":{"uv":[0,0,2.75,0],"texture":"#4"}}},{"from":[-10.5,-12,9],"to":[0.5,3,9],"rotation":{"angle":0,"axis":"y","origin":[1.5,0,1]},"faces":{"north":{"uv":[0,0.5,11,15.5],"texture":"#4"},"east":{"uv":[0,0,0,2.5],"texture":"#4"},"south":{"uv":[11,0.5,0,15.5],"texture":"#4"},"west":{"uv":[0,0,0,2.5],"texture":"#4"},"up":{"uv":[2.75,0,0,0],"texture":"#4"},"down":{"uv":[2.75,0,0,0],"texture":"#4"}}},{"from":[3.5,2,9],"to":[9.5,24,9],"rotation":{"angle":45,"axis":"y","origin":[3.5,13,9]},"faces":{"north":{"uv":[0,0,1.5,5.5],"texture":"#0"},"east":{"uv":[0,0,0,5.5],"texture":"#0"},"south":{"uv":[1.5,0,0,5.5],"texture":"#0"},"west":{"uv":[0,0,0,5.5],"texture":"#0"},"up":{"uv":[0,0,6,0],"texture":"#0"},"down":{"uv":[0,0,6,0],"texture":"#0"}}},{"from":[8,-9.5,6.9],"to":[20,5.5,6.9],"rotation":{"angle":0,"axis":"y","origin":[8,-2.5,6.9]},"faces":{"north":{"uv":[6,0,0,7.5],"texture":"#1"},"east":{"uv":[0,0,0,5.5],"texture":"#1"},"south":{"uv":[0,0,6,7.5],"texture":"#1"},"west":{"uv":[0,0,0,5.5],"texture":"#1"},"up":{"uv":[0,0,5.75,0],"texture":"#1"},"down":{"uv":[0,0,5.75,0],"texture":"#1"}}},{"from":[8,-10.5,6.9],"to":[20,5.5,6.9],"rotation":{"angle":-22.5,"axis":"y","origin":[8,-2.5,6.9]},"faces":{"north":{"uv":[14,0,8,7.5],"texture":"#1"},"east":{"uv":[0,0,0,5.5],"texture":"#0"},"south":{"uv":[8,0,14,7.5],"texture":"#1"},"west":{"uv":[0,0,0,5.5],"texture":"#0"},"up":{"uv":[0,0,5.75,0],"texture":"#0"},"down":{"uv":[0,0,5.75,0],"texture":"#0"}}},{"from":[8,-10.5,6.9],"to":[20,5.5,6.9],"rotation":{"angle":-45,"axis":"y","origin":[8,-2.5,6.9]},"faces":{"north":{"uv":[6,8,0,15.5],"texture":"#1"},"east":{"uv":[0,0,0,5.5],"texture":"#0"},"south":{"uv":[0,8,6,15.5],"texture":"#1"},"west":{"uv":[0,0,0,5.5],"texture":"#0"},"up":{"uv":[0,0,5.75,0],"texture":"#0"},"down":{"uv":[0,0,5.75,0],"texture":"#0"}}},{"from":[-4.5,-10.5,6.9],"to":[7.5,5.5,6.9],"rotation":{"angle":45,"axis":"y","origin":[7.5,-2.5,6.9]},"faces":{"north":{"uv":[0,8,6,15.5],"texture":"#1"},"east":{"uv":[0,0,0,5.5],"texture":"#0"},"south":{"uv":[6,8,0,15.5],"texture":"#1"},"west":{"uv":[0,0,0,5.5],"texture":"#0"},"up":{"uv":[5.75,0,0,0],"texture":"#0"},"down":{"uv":[5.75,0,0,0],"texture":"#0"}}},{"from":[-4.5,-10.5,6.9],"to":[7.5,5.5,6.9],"rotation":{"angle":22.5,"axis":"y","origin":[7.5,-2.5,6.9]},"faces":{"north":{"uv":[8,0,14,7.5],"texture":"#1"},"east":{"uv":[0,0,0,5.5],"texture":"#0"},"south":{"uv":[14,0,8,7.5],"texture":"#1"},"west":{"uv":[0,0,0,5.5],"texture":"#0"},"up":{"uv":[5.75,0,0,0],"texture":"#0"},"down":{"uv":[5.75,0,0,0],"texture":"#0"}}},{"from":[-4.5,-9.5,6.9],"to":[7.5,5.5,6.9],"rotation":{"angle":0,"axis":"y","origin":[7.5,-2.5,6.9]},"faces":{"north":{"uv":[0,0,6,7.5],"texture":"#1"},"east":{"uv":[0,0,0,5.5],"texture":"#1"},"south":{"uv":[6,0,0,7.5],"texture":"#1"},"west":{"uv":[0,0,0,5.5],"texture":"#1"},"up":{"uv":[5.75,0,0,0],"texture":"#1"},"down":{"uv":[5.75,0,0,0],"texture":"#1"}}},{"from":[-12.5,0,9],"to":[-4.5,22,9],"rotation":{"angle":22.5,"axis":"y","origin":[3.5,8,9]},"faces":{"north":{"uv":[4,0,8,11],"texture":"#2"},"east":{"uv":[0,0,0,5.5],"texture":"#2"},"south":{"uv":[8,0,4,11],"texture":"#2"},"west":{"uv":[0,0,0,5.5],"texture":"#2"},"up":{"uv":[0,0,6,0],"texture":"#2"},"down":{"uv":[0,0,6,0],"texture":"#2"}}},{"from":[6,2,9],"to":[12,24,9],"rotation":{"angle":-45,"axis":"y","origin":[12,13,9]},"faces":{"north":{"uv":[1.5,0,0,5.5],"texture":"#0"},"east":{"uv":[0,0,0,5.5],"texture":"#0"},"south":{"uv":[0,0,1.5,5.5],"texture":"#0"},"west":{"uv":[0,0,0,5.5],"texture":"#0"},"up":{"uv":[6,0,0,0],"texture":"#0"},"down":{"uv":[6,0,0,0],"texture":"#0"}}},{"from":[-4.5,0,9],"to":[3.5,22,9],"rotation":{"angle":22.5,"axis":"y","origin":[3.5,8,9]},"faces":{"north":{"uv":[4,0,8,11],"texture":"#3"},"east":{"uv":[0,0,0,5.5],"texture":"#3"},"south":{"uv":[8,0,4,11],"texture":"#3"},"west":{"uv":[0,0,0,5.5],"texture":"#3"},"up":{"uv":[0,0,6,0],"texture":"#3"},"down":{"uv":[0,0,6,0],"texture":"#3"}}},{"from":[-4.5,0,9],"to":[3.5,22,9],"rotation":{"angle":0,"axis":"y","origin":[3.5,8,9]},"faces":{"north":{"uv":[0,0,4,11],"texture":"#3"},"east":{"uv":[0,0,0,5.5],"texture":"#3"},"south":{"uv":[4,0,0,11],"texture":"#3"},"west":{"uv":[0,0,0,5.5],"texture":"#3"},"up":{"uv":[0,0,6,0],"texture":"#3"},"down":{"uv":[0,0,6,0],"texture":"#3"}}},{"from":[-12.5,0,9],"to":[-4.5,22,9],"rotation":{"angle":0,"axis":"y","origin":[3.5,8,9]},"faces":{"north":{"uv":[0,0,4,11],"texture":"#2"},"east":{"uv":[0,0,0,5.5],"texture":"#2"},"south":{"uv":[4,0,0,11],"texture":"#2"},"west":{"uv":[0,0,0,5.5],"texture":"#2"},"up":{"uv":[0,0,6,0],"texture":"#2"},"down":{"uv":[0,0,6,0],"texture":"#2"}}},{"from":[-12.5,0,9],"to":[-4.5,22,9],"rotation":{"angle":45,"axis":"y","origin":[3.5,8,9]},"faces":{"north":{"uv":[8,0,12,11],"texture":"#2"},"east":{"uv":[0,0,0,5.5],"texture":"#2"},"south":{"uv":[12,0,8,11],"texture":"#2"},"west":{"uv":[0,0,0,5.5],"texture":"#2"},"up":{"uv":[0,0,6,0],"texture":"#2"},"down":{"uv":[0,0,6,0],"texture":"#2"}}},{"from":[-4.5,0,9],"to":[3.5,22,9],"rotation":{"angle":45,"axis":"y","origin":[3.5,8,9]},"faces":{"north":{"uv":[8,0,12,11],"texture":"#3"},"east":{"uv":[0,0,0,5.5],"texture":"#3"},"south":{"uv":[12,0,8,11],"texture":"#3"},"west":{"uv":[0,0,0,5.5],"texture":"#3"},"up":{"uv":[0,0,6,0],"texture":"#3"},"down":{"uv":[0,0,6,0],"texture":"#3"}}},{"from":[-1.8818,0,14.50718],"to":[-1.8818,22,22.50718],"rotation":{"angle":-22.5,"axis":"y","origin":[-2.2,8,14.25]},"faces":{"north":{"uv":[0,0,0,5.5],"texture":"#2"},"east":{"uv":[16,0,12,11],"texture":"#2"},"south":{"uv":[0,0,0,5.5],"texture":"#2"},"west":{"uv":[12,0,16,11],"texture":"#2"},"up":{"uv":[0,0,6,0],"rotation":270,"texture":"#2"},"down":{"uv":[0,0,6,0],"rotation":90,"texture":"#2"}}},{"from":[20,0,9],"to":[28,22,9],"rotation":{"angle":-22.5,"axis":"y","origin":[12,8,9]},"faces":{"north":{"uv":[8,0,4,11],"texture":"#2"},"east":{"uv":[0,0,0,5.5],"texture":"#2"},"south":{"uv":[4,0,8,11],"texture":"#2"},"west":{"uv":[0,0,0,5.5],"texture":"#2"},"up":{"uv":[6,0,0,0],"texture":"#2"},"down":{"uv":[6,0,0,0],"texture":"#2"}}},{"from":[12,0,9],"to":[20,22,9],"rotation":{"angle":-22.5,"axis":"y","origin":[12,8,9]},"faces":{"north":{"uv":[8,0,4,11],"texture":"#3"},"east":{"uv":[0,0,0,5.5],"texture":"#3"},"south":{"uv":[4,0,8,11],"texture":"#3"},"west":{"uv":[0,0,0,5.5],"texture":"#3"},"up":{"uv":[6,0,0,0],"texture":"#3"},"down":{"uv":[6,0,0,0],"texture":"#3"}}},{"from":[12,0,9],"to":[20,22,9],"rotation":{"angle":0,"axis":"y","origin":[12,8,9]},"faces":{"north":{"uv":[4,0,0,11],"texture":"#3"},"east":{"uv":[0,0,0,5.5],"texture":"#3"},"south":{"uv":[0,0,4,11],"texture":"#3"},"west":{"uv":[0,0,0,5.5],"texture":"#3"},"up":{"uv":[6,0,0,0],"texture":"#3"},"down":{"uv":[6,0,0,0],"texture":"#3"}}},{"from":[20,0,9],"to":[28,22,9],"rotation":{"angle":0,"axis":"y","origin":[12,8,9]},"faces":{"north":{"uv":[4,0,0,11],"texture":"#2"},"east":{"uv":[0,0,0,5.5],"texture":"#2"},"south":{"uv":[0,0,4,11],"texture":"#2"},"west":{"uv":[0,0,0,5.5],"texture":"#2"},"up":{"uv":[6,0,0,0],"texture":"#2"},"down":{"uv":[6,0,0,0],"texture":"#2"}}},{"from":[20,0,9],"to":[28,22,9],"rotation":{"angle":-45,"axis":"y","origin":[12,8,9]},"faces":{"north":{"uv":[12,0,8,11],"texture":"#2"},"east":{"uv":[0,0,0,5.5],"texture":"#2"},"south":{"uv":[8,0,12,11],"texture":"#2"},"west":{"uv":[0,0,0,5.5],"texture":"#2"},"up":{"uv":[6,0,0,0],"texture":"#2"},"down":{"uv":[6,0,0,0],"texture":"#2"}}},{"from":[12,0,9],"to":[20,22,9],"rotation":{"angle":-45,"axis":"y","origin":[12,8,9]},"faces":{"north":{"uv":[12,0,8,11],"texture":"#3"},"east":{"uv":[0,0,0,5.5],"texture":"#3"},"south":{"uv":[8,0,12,11],"texture":"#3"},"west":{"uv":[0,0,0,5.5],"texture":"#3"},"up":{"uv":[6,0,0,0],"texture":"#3"},"down":{"uv":[6,0,0,0],"texture":"#3"}}},{"from":[17.3818,0,14.50718],"to":[17.3818,22,22.50718],"rotation":{"angle":22.5,"axis":"y","origin":[17.7,8,14.25]},"faces":{"north":{"uv":[0,0,0,5.5],"texture":"#2"},"east":{"uv":[16,0,12,11],"texture":"#2"},"south":{"uv":[0,0,0,5.5],"texture":"#2"},"west":{"uv":[12,0,16,11],"texture":"#2"},"up":{"uv":[0,0,6,0],"rotation":270,"texture":"#2"},"down":{"uv":[0,0,6,0],"rotation":90,"texture":"#2"}}}],"gui_light":"front","display":{"thirdperson_righthand":{"rotation":[67.5,180,0],"translation":[0,0.75,1.25],"scale":[0.32031,0.32031,0.32031]},"thirdperson_lefthand":{"rotation":[68,0,0],"translation":[-5.25,-9,12]},"firstperson_righthand":{"translation":[-0.5,-0.25,2.25],"scale":[0.5,0.5,0.5]},"firstperson_lefthand":{"rotation":[0,-92,0],"translation":[0.5,3,2.25],"scale":[0,0,0]},"ground":{"rotation":[70,0,0],"translation":[0,5,0],"scale":[0.5,0.5,0.5]},"gui":{"rotation":[-22.5,22,0],"translation":[-0.5,0,0],"scale":[0.42938,0.42938,0.42938]},"head":{"rotation":[-2,0,0],"translation":[0,-50.75,10.25],"scale":[1.6,1.6,1.6]},"fixed":{"rotation":[0,180,0],"translation":[0,4.75,-4.75],"scale":[1.18391,1.18391,1.18391]}}}