{"credit":"Made with Blockbench","texture_size":[32,32],"textures":{"0":"ec_elitewings:v1/tex5","1":"ec_elitewings:v1/ani501","2":"ec_elitewings:v1/ani502","particle":"ec_elitewings:v1/tex5"},"elements":[{"from":[-2,-14.6125,14.40383],"to":[3.5,-7.1125,14.40383],"rotation":{"angle":0,"axis":"y","origin":[8,-7.225,13.80767]},"faces":{"north":{"uv":[0,0.5,11,15.5],"texture":"#2"},"east":{"uv":[0,0,0,2.5],"texture":"#2"},"south":{"uv":[11,0.5,0,15.5],"texture":"#2"},"west":{"uv":[0,0,0,2.5],"texture":"#2"},"up":{"uv":[2.75,0,0,0],"texture":"#2"},"down":{"uv":[2.75,0,0,0],"texture":"#2"}}},{"from":[12.5,-14.6125,14.40383],"to":[18,-7.1125,14.40383],"rotation":{"angle":0,"axis":"y","origin":[8,-7.225,13.80767]},"faces":{"north":{"uv":[11,0.5,0,15.5],"texture":"#2"},"east":{"uv":[0,0,0,2.5],"texture":"#2"},"south":{"uv":[0,0.5,11,15.5],"texture":"#2"},"west":{"uv":[0,0,0,2.5],"texture":"#2"},"up":{"uv":[0,0,2.75,0],"texture":"#2"},"down":{"uv":[0,0,2.75,0],"texture":"#2"}}},{"from":[7.7238,-12.1125,11.87291],"to":[14.2238,3.3875,11.87291],"rotation":{"angle":-22.5,"axis":"y","origin":[8,-7.225,13.80767]},"faces":{"north":{"uv":[3.25,0,0,7.75],"texture":"#0"},"east":{"uv":[0,0,0,5.5],"texture":"#0"},"south":{"uv":[0,0,3.25,7.75],"texture":"#0"},"west":{"uv":[0,0,0,5.5],"texture":"#0"},"up":{"uv":[6,0,0,0],"texture":"#0"},"down":{"uv":[6,0,0,0],"texture":"#0"}}},{"from":[0.77621,-15.6125,11.82291],"to":[7.77621,-6.6125,11.82291],"rotation":{"angle":22.5,"axis":"y","origin":[8,-7.225,13.80767]},"faces":{"north":{"uv":[3.5,11.5,0,16],"texture":"#0"},"east":{"uv":[0,0,0,4.5],"texture":"#0"},"south":{"uv":[0,11.5,3.5,16],"texture":"#0"},"west":{"uv":[0,0,0,4.5],"texture":"#0"},"up":{"uv":[0,0,3.5,0],"texture":"#0"},"down":{"uv":[0,0,3.5,0],"texture":"#0"}}},{"from":[8.22379,-15.6125,11.82291],"to":[15.2238,-6.6125,11.82291],"rotation":{"angle":-22.5,"axis":"y","origin":[8,-7.225,13.80767]},"faces":{"north":{"uv":[0,11.5,3.5,16],"texture":"#0"},"east":{"uv":[0,0,0,4.5],"texture":"#0"},"south":{"uv":[3.5,11.5,0,16],"texture":"#0"},"west":{"uv":[0,0,0,4.5],"texture":"#0"},"up":{"uv":[3.5,0,0,0],"texture":"#0"},"down":{"uv":[3.5,0,0,0],"texture":"#0"}}},{"from":[4.92155,-15.6125,11.12237],"to":[11.92156,-6.6125,11.12237],"rotation":{"angle":-45,"axis":"y","origin":[8,-7.225,13.80767]},"faces":{"north":{"uv":[0,11.5,3.5,16],"texture":"#0"},"east":{"uv":[0,0,0,4.5],"texture":"#0"},"south":{"uv":[3.5,11.5,0,16],"texture":"#0"},"west":{"uv":[0,0,0,4.5],"texture":"#0"},"up":{"uv":[3.5,0,0,0],"texture":"#0"},"down":{"uv":[3.5,0,0,0],"texture":"#0"}}},{"from":[4.07845,-15.6125,11.12237],"to":[11.07845,-6.6125,11.12237],"rotation":{"angle":45,"axis":"y","origin":[8,-7.225,13.80767]},"faces":{"north":{"uv":[3.5,11.5,0,16],"texture":"#0"},"east":{"uv":[0,0,0,4.5],"texture":"#0"},"south":{"uv":[0,11.5,3.5,16],"texture":"#0"},"west":{"uv":[0,0,0,4.5],"texture":"#0"},"up":{"uv":[0,0,3.5,0],"texture":"#0"},"down":{"uv":[0,0,3.5,0],"texture":"#0"}}},{"from":[14.5,-11.1125,14.40383],"to":[19.75,4.4375,14.40383],"rotation":{"angle":0,"axis":"y","origin":[8,-7.225,13.80767]},"faces":{"north":{"uv":[5.25,0,0,15.5],"texture":"#1"},"east":{"uv":[0,0,0,5.5],"texture":"#1"},"south":{"uv":[0,0,5.25,15.5],"texture":"#1"},"west":{"uv":[0,0,0,5.5],"texture":"#1"},"up":{"uv":[6,0,0,0],"texture":"#1"},"down":{"uv":[6,0,0,0],"texture":"#1"}}},{"from":[1.77621,-12.1125,11.87291],"to":[8.27621,3.3875,11.87291],"rotation":{"angle":22.5,"axis":"y","origin":[8,-7.225,13.80767]},"faces":{"north":{"uv":[0,0,3.25,7.75],"texture":"#0"},"east":{"uv":[0,0,0,5.5],"texture":"#0"},"south":{"uv":[3.25,0,0,7.75],"texture":"#0"},"west":{"uv":[0,0,0,5.5],"texture":"#0"},"up":{"uv":[0,0,6,0],"texture":"#0"},"down":{"uv":[0,0,6,0],"texture":"#0"}}},{"from":[13.77708,-11.3625,16.84589],"to":[19.27708,4.6875,16.84589],"rotation":{"angle":22.5,"axis":"y","origin":[8,-7.225,13.80767]},"faces":{"north":{"uv":[16,0,10.5,15.5],"texture":"#1"},"east":{"uv":[0,0,0,5.5],"texture":"#1"},"south":{"uv":[10.5,0,16,15.5],"texture":"#1"},"west":{"uv":[0,0,0,5.5],"texture":"#1"},"up":{"uv":[6,0,0,0],"texture":"#1"},"down":{"uv":[6,0,0,0],"texture":"#1"}}},{"from":[14.23336,-11.1125,11.87101],"to":[19.48336,4.4375,11.87101],"rotation":{"angle":-22.5,"axis":"y","origin":[8,-7.225,13.80767]},"faces":{"north":{"uv":[10.5,0,5.25,15.5],"texture":"#1"},"east":{"uv":[0,0,0,5.5],"texture":"#1"},"south":{"uv":[5.25,0,10.5,15.5],"texture":"#1"},"west":{"uv":[0,0,0,5.5],"texture":"#1"},"up":{"uv":[6,0,0,0],"texture":"#1"},"down":{"uv":[6,0,0,0],"texture":"#1"}}},{"from":[-3.48336,-11.1125,11.87101],"to":[1.76664,4.4375,11.87101],"rotation":{"angle":22.5,"axis":"y","origin":[8,-7.225,13.80767]},"faces":{"north":{"uv":[5.25,0,10.5,15.5],"texture":"#1"},"east":{"uv":[0,0,0,5.5],"texture":"#1"},"south":{"uv":[10.5,0,5.25,15.5],"texture":"#1"},"west":{"uv":[0,0,0,5.5],"texture":"#1"},"up":{"uv":[0,0,6,0],"texture":"#1"},"down":{"uv":[0,0,6,0],"texture":"#1"}}},{"from":[-3.27707,-11.3625,16.84589],"to":[2.22293,4.6875,16.84589],"rotation":{"angle":-22.5,"axis":"y","origin":[8,-7.225,13.80767]},"faces":{"north":{"uv":[10.5,0,16,15.5],"texture":"#1"},"east":{"uv":[0,0,0,5.5],"texture":"#1"},"south":{"uv":[16,0,10.5,15.5],"texture":"#1"},"west":{"uv":[0,0,0,5.5],"texture":"#1"},"up":{"uv":[0,0,6,0],"texture":"#1"},"down":{"uv":[0,0,6,0],"texture":"#1"}}},{"from":[-3.75,-11.1125,14.40383],"to":[1.5,4.4375,14.40383],"rotation":{"angle":0,"axis":"y","origin":[8,-7.225,13.80767]},"faces":{"north":{"uv":[0,0,5.25,15.5],"texture":"#1"},"east":{"uv":[0,0,0,5.5],"texture":"#1"},"south":{"uv":[5.25,0,0,15.5],"texture":"#1"},"west":{"uv":[0,0,0,5.5],"texture":"#1"},"up":{"uv":[0,0,6,0],"texture":"#1"},"down":{"uv":[0,0,6,0],"texture":"#1"}}}],"gui_light":"front","display":{"thirdperson_righthand":{"rotation":[67.5,180,0],"translation":[0,0.75,1.25],"scale":[0.32031,0.32031,0.32031]},"thirdperson_lefthand":{"rotation":[68,-180,0],"translation":[-5.25,-8.75,11.75],"scale":[0.95,0.95,0.95]},"firstperson_righthand":{"translation":[-0.5,-0.25,2.25],"scale":[0.5,0.5,0.5]},"firstperson_lefthand":{"rotation":[0,-92,0],"translation":[0.5,3,2.25],"scale":[0,0,0]},"ground":{"rotation":[70,0,0],"translation":[0,5,0],"scale":[0.5,0.5,0.5]},"gui":{"rotation":[-22.5,22,0],"translation":[-1,0,0],"scale":[0.42938,0.42938,0.42938]},"head":{"translation":[0,-57.75,-6.5],"scale":[3.2,3.2,3.2]},"fixed":{"rotation":[0,180,0],"translation":[0,4.75,-1.75],"scale":[1.18391,1.18391,1.18391]}}}