{"credit":"Made with Blockbench","texture_size":[32,32],"textures":{"0":"ec_elitewings:v1/tex5","1":"ec_elitewings:v1/ani501","2":"ec_elitewings:v1/ani502","particle":"ec_elitewings:v1/tex5"},"elements":[{"from":[-12,-12,15],"to":[-1,3,15],"rotation":{"angle":0,"axis":"y","origin":[8,2.775,13.80767]},"faces":{"north":{"uv":[0,0.5,11,15.5],"texture":"#2"},"east":{"uv":[0,0,0,2.5],"texture":"#2"},"south":{"uv":[11,0.5,0,15.5],"texture":"#2"},"west":{"uv":[0,0,0,2.5],"texture":"#2"},"up":{"uv":[2.75,0,0,0],"texture":"#2"},"down":{"uv":[2.75,0,0,0],"texture":"#2"}}},{"from":[17,-12,15],"to":[28,3,15],"rotation":{"angle":0,"axis":"y","origin":[8,2.775,13.80767]},"faces":{"north":{"uv":[11,0.5,0,15.5],"texture":"#2"},"east":{"uv":[0,0,0,2.5],"texture":"#2"},"south":{"uv":[0,0.5,11,15.5],"texture":"#2"},"west":{"uv":[0,0,0,2.5],"texture":"#2"},"up":{"uv":[0,0,2.75,0],"texture":"#2"},"down":{"uv":[0,0,2.75,0],"texture":"#2"}}},{"from":[7.44759,-7,9.93816],"to":[20.44759,24,9.93816],"rotation":{"angle":-22.5,"axis":"y","origin":[8,2.775,13.80767]},"faces":{"north":{"uv":[3.25,0,0,7.75],"texture":"#0"},"east":{"uv":[0,0,0,5.5],"texture":"#0"},"south":{"uv":[0,0,3.25,7.75],"texture":"#0"},"west":{"uv":[0,0,0,5.5],"texture":"#0"},"up":{"uv":[6,0,0,0],"texture":"#0"},"down":{"uv":[6,0,0,0],"texture":"#0"}}},{"from":[-6.44759,-14,9.83816],"to":[7.55241,4,9.83816],"rotation":{"angle":22.5,"axis":"y","origin":[8,2.775,13.80767]},"faces":{"north":{"uv":[3.5,11.5,0,16],"texture":"#0"},"east":{"uv":[0,0,0,4.5],"texture":"#0"},"south":{"uv":[0,11.5,3.5,16],"texture":"#0"},"west":{"uv":[0,0,0,4.5],"texture":"#0"},"up":{"uv":[0,0,3.5,0],"texture":"#0"},"down":{"uv":[0,0,3.5,0],"texture":"#0"}}},{"from":[8.44759,-14,9.83816],"to":[22.44759,4,9.83816],"rotation":{"angle":-22.5,"axis":"y","origin":[8,2.775,13.80767]},"faces":{"north":{"uv":[0,11.5,3.5,16],"texture":"#0"},"east":{"uv":[0,0,0,4.5],"texture":"#0"},"south":{"uv":[3.5,11.5,0,16],"texture":"#0"},"west":{"uv":[0,0,0,4.5],"texture":"#0"},"up":{"uv":[3.5,0,0,0],"texture":"#0"},"down":{"uv":[3.5,0,0,0],"texture":"#0"}}},{"from":[1.84311,-14,8.43707],"to":[15.84311,4,8.43707],"rotation":{"angle":-45,"axis":"y","origin":[8,2.775,13.80767]},"faces":{"north":{"uv":[0,11.5,3.5,16],"texture":"#0"},"east":{"uv":[0,0,0,4.5],"texture":"#0"},"south":{"uv":[3.5,11.5,0,16],"texture":"#0"},"west":{"uv":[0,0,0,4.5],"texture":"#0"},"up":{"uv":[3.5,0,0,0],"texture":"#0"},"down":{"uv":[3.5,0,0,0],"texture":"#0"}}},{"from":[0.15689,-14,8.43707],"to":[14.15689,4,8.43707],"rotation":{"angle":45,"axis":"y","origin":[8,2.775,13.80767]},"faces":{"north":{"uv":[3.5,11.5,0,16],"texture":"#0"},"east":{"uv":[0,0,0,4.5],"texture":"#0"},"south":{"uv":[0,11.5,3.5,16],"texture":"#0"},"west":{"uv":[0,0,0,4.5],"texture":"#0"},"up":{"uv":[0,0,3.5,0],"texture":"#0"},"down":{"uv":[0,0,3.5,0],"texture":"#0"}}},{"from":[21,-5,15],"to":[31.5,26.1,15],"rotation":{"angle":0,"axis":"y","origin":[8,2.775,13.80767]},"faces":{"north":{"uv":[5.25,0,0,15.5],"texture":"#1"},"east":{"uv":[0,0,0,5.5],"texture":"#1"},"south":{"uv":[0,0,5.25,15.5],"texture":"#1"},"west":{"uv":[0,0,0,5.5],"texture":"#1"},"up":{"uv":[6,0,0,0],"texture":"#1"},"down":{"uv":[6,0,0,0],"texture":"#1"}}},{"from":[-4.44759,-7,9.93816],"to":[8.55241,24,9.93816],"rotation":{"angle":22.5,"axis":"y","origin":[8,2.775,13.80767]},"faces":{"north":{"uv":[0,0,3.25,7.75],"texture":"#0"},"east":{"uv":[0,0,0,5.5],"texture":"#0"},"south":{"uv":[3.25,0,0,7.75],"texture":"#0"},"west":{"uv":[0,0,0,5.5],"texture":"#0"},"up":{"uv":[0,0,6,0],"texture":"#0"},"down":{"uv":[0,0,6,0],"texture":"#0"}}},{"from":[19.55415,-5.5,19.88412],"to":[30.55415,26.6,19.88412],"rotation":{"angle":22.5,"axis":"y","origin":[8,2.775,13.80767]},"faces":{"north":{"uv":[16,0,10.5,15.5],"texture":"#1"},"east":{"uv":[0,0,0,5.5],"texture":"#1"},"south":{"uv":[10.5,0,16,15.5],"texture":"#1"},"west":{"uv":[0,0,0,5.5],"texture":"#1"},"up":{"uv":[6,0,0,0],"texture":"#1"},"down":{"uv":[6,0,0,0],"texture":"#1"}}},{"from":[20.46672,-5,9.93435],"to":[30.96672,26.1,9.93435],"rotation":{"angle":-22.5,"axis":"y","origin":[8,2.775,13.80767]},"faces":{"north":{"uv":[10.5,0,5.25,15.5],"texture":"#1"},"east":{"uv":[0,0,0,5.5],"texture":"#1"},"south":{"uv":[5.25,0,10.5,15.5],"texture":"#1"},"west":{"uv":[0,0,0,5.5],"texture":"#1"},"up":{"uv":[6,0,0,0],"texture":"#1"},"down":{"uv":[6,0,0,0],"texture":"#1"}}},{"from":[-14.96672,-5,9.93435],"to":[-4.46672,26.1,9.93435],"rotation":{"angle":22.5,"axis":"y","origin":[8,2.775,13.80767]},"faces":{"north":{"uv":[5.25,0,10.5,15.5],"texture":"#1"},"east":{"uv":[0,0,0,5.5],"texture":"#1"},"south":{"uv":[10.5,0,5.25,15.5],"texture":"#1"},"west":{"uv":[0,0,0,5.5],"texture":"#1"},"up":{"uv":[0,0,6,0],"texture":"#1"},"down":{"uv":[0,0,6,0],"texture":"#1"}}},{"from":[-14.55415,-5.5,19.88412],"to":[-3.55415,26.6,19.88412],"rotation":{"angle":-22.5,"axis":"y","origin":[8,2.775,13.80767]},"faces":{"north":{"uv":[10.5,0,16,15.5],"texture":"#1"},"east":{"uv":[0,0,0,5.5],"texture":"#1"},"south":{"uv":[16,0,10.5,15.5],"texture":"#1"},"west":{"uv":[0,0,0,5.5],"texture":"#1"},"up":{"uv":[0,0,6,0],"texture":"#1"},"down":{"uv":[0,0,6,0],"texture":"#1"}}},{"from":[-15.5,-5,15],"to":[-5,26.1,15],"rotation":{"angle":0,"axis":"y","origin":[8,2.775,13.80767]},"faces":{"north":{"uv":[0,0,5.25,15.5],"texture":"#1"},"east":{"uv":[0,0,0,5.5],"texture":"#1"},"south":{"uv":[5.25,0,0,15.5],"texture":"#1"},"west":{"uv":[0,0,0,5.5],"texture":"#1"},"up":{"uv":[0,0,6,0],"texture":"#1"},"down":{"uv":[0,0,6,0],"texture":"#1"}}}],"gui_light":"front","display":{"thirdperson_righthand":{"rotation":[67.5,180,0],"translation":[0,0.75,1.25],"scale":[0.32031,0.32031,0.32031]},"thirdperson_lefthand":{"rotation":[68,-180,0],"translation":[-5.25,-8.75,11.75],"scale":[0.95,0.95,0.95]},"firstperson_righthand":{"translation":[-0.5,-0.25,2.25],"scale":[0.5,0.5,0.5]},"firstperson_lefthand":{"rotation":[0,-92,0],"translation":[0.5,3,2.25],"scale":[0,0,0]},"ground":{"rotation":[70,0,0],"translation":[0,5,0],"scale":[0.5,0.5,0.5]},"gui":{"rotation":[-22.5,22,0],"translation":[-1,0,0],"scale":[0.42938,0.42938,0.42938]},"head":{"translation":[0,-40,4],"scale":[1.6,1.6,1.6]},"fixed":{"rotation":[0,180,0],"translation":[0,4.75,-1.75],"scale":[1.18391,1.18391,1.18391]}}}