{"credit":"Made with Blockbench","textures":{"0":"ec_elitewings:v1/tex1","1":"ec_elitewings:v1/ani1","2":"ec_elitewings:v1/ani2","3":"ec_elitewings:v1/ani3","particle":"ec_elitewings:v1/tex1_e"},"elements":[{"from":[-10,2,8],"to":[-2,18,8],"rotation":{"angle":-22.5,"axis":"y","origin":[-2,10,8]},"faces":{"north":{"uv":[8,0,12,8],"texture":"#1"},"east":{"uv":[0,0,0,8],"texture":"#1"},"south":{"uv":[12,0,8,8],"texture":"#1"},"west":{"uv":[0,0,0,8],"texture":"#1"},"up":{"uv":[5.5,0,0,0],"texture":"#1"},"down":{"uv":[5.5,0,0,0],"texture":"#1"}}},{"from":[-10,2,8],"to":[-2,18,8],"rotation":{"angle":0,"axis":"y","origin":[-2,10,8]},"faces":{"north":{"uv":[0,0,4,8],"texture":"#1"},"east":{"uv":[0,0,0,8],"texture":"#1"},"south":{"uv":[4,0,0,8],"texture":"#1"},"west":{"uv":[0,0,0,8],"texture":"#1"},"up":{"uv":[5.5,0,0,0],"texture":"#1"},"down":{"uv":[5.5,0,0,0],"texture":"#1"}}},{"from":[-16,2,8],"to":[-10,18,8],"rotation":{"angle":0,"axis":"y","origin":[-2,10,8]},"faces":{"north":{"uv":[4,0,7,8],"texture":"#1"},"east":{"uv":[0,0,0,8],"texture":"#1"},"south":{"uv":[7,0,4,8],"texture":"#1"},"west":{"uv":[0,0,0,8],"texture":"#1"},"up":{"uv":[5.5,0,0,0],"texture":"#1"},"down":{"uv":[5.5,0,0,0],"texture":"#1"}}},{"from":[-16,2,8],"to":[-10,18,8],"rotation":{"angle":-22.5,"axis":"y","origin":[-2,10,8]},"faces":{"north":{"uv":[12,0,15,8],"texture":"#1"},"east":{"uv":[0,0,0,8],"texture":"#1"},"south":{"uv":[15,0,12,8],"texture":"#1"},"west":{"uv":[0,0,0,8],"texture":"#1"},"up":{"uv":[5.5,0,0,0],"texture":"#1"},"down":{"uv":[5.5,0,0,0],"texture":"#1"}}},{"from":[-7.77817,2,-3.6066],"to":[-7.77817,18,2.3934],"rotation":{"angle":22.5,"axis":"y","origin":[-7.77817,10,2.22183]},"faces":{"north":{"uv":[0,0,0,8],"texture":"#1"},"east":{"uv":[12,8,15,16],"texture":"#1"},"south":{"uv":[0,0,0,8],"texture":"#1"},"west":{"uv":[15,8,12,16],"texture":"#1"},"up":{"uv":[5.5,0,0,0],"rotation":90,"texture":"#1"},"down":{"uv":[5.5,0,0,0],"rotation":270,"texture":"#1"}}},{"from":[-7.77817,2,-3.6066],"to":[-7.77817,18,2.3934],"rotation":{"angle":45,"axis":"y","origin":[-7.77817,10,2.22183]},"faces":{"north":{"uv":[0,0,0,8],"texture":"#1"},"east":{"uv":[4,8,7,16],"texture":"#1"},"south":{"uv":[0,0,0,8],"texture":"#1"},"west":{"uv":[7,8,4,16],"texture":"#1"},"up":{"uv":[5.5,0,0,0],"rotation":90,"texture":"#1"},"down":{"uv":[5.5,0,0,0],"rotation":270,"texture":"#1"}}},{"from":[-10,2,8],"to":[-2,18,8],"rotation":{"angle":-45,"axis":"y","origin":[-2,10,8]},"faces":{"north":{"uv":[0,8,4,16],"texture":"#1"},"east":{"uv":[0,0,0,8],"texture":"#1"},"south":{"uv":[4,8,0,16],"texture":"#1"},"west":{"uv":[0,0,0,8],"texture":"#1"},"up":{"uv":[5.5,0,0,0],"texture":"#1"},"down":{"uv":[5.5,0,0,0],"texture":"#1"}}},{"from":[-10,2,8],"to":[-2,18,8],"rotation":{"angle":-45,"axis":"y","origin":[-2,10,8]},"faces":{"north":{"uv":[8,8,12,16],"texture":"#1"},"east":{"uv":[0,0,0,8],"texture":"#1"},"south":{"uv":[12,8,8,16],"texture":"#1"},"west":{"uv":[0,0,0,8],"texture":"#1"},"up":{"uv":[5.5,0,0,0],"texture":"#1"},"down":{"uv":[5.5,0,0,0],"texture":"#1"}}},{"from":[-7.77817,2,13.6066],"to":[-7.77817,18,19.6066],"rotation":{"angle":-22.5,"axis":"y","origin":[-7.77817,10,13.77817]},"faces":{"north":{"uv":[0,0,0,8],"texture":"#2"},"east":{"uv":[15,8,12,16],"texture":"#2"},"south":{"uv":[0,0,0,8],"texture":"#2"},"west":{"uv":[12,8,15,16],"texture":"#2"},"up":{"uv":[0,0,5.5,0],"rotation":90,"texture":"#2"},"down":{"uv":[0,0,5.5,0],"rotation":270,"texture":"#2"}}},{"from":[-7.77817,2,13.6066],"to":[-7.77817,18,19.6066],"rotation":{"angle":-45,"axis":"y","origin":[-7.77817,10,13.77817]},"faces":{"north":{"uv":[0,0,0,8],"texture":"#2"},"east":{"uv":[7,8,4,16],"texture":"#2"},"south":{"uv":[0,0,0,8],"texture":"#2"},"west":{"uv":[4,8,7,16],"texture":"#2"},"up":{"uv":[0,0,5.5,0],"rotation":90,"texture":"#2"},"down":{"uv":[0,0,5.5,0],"rotation":270,"texture":"#2"}}},{"from":[-10,2,8],"to":[-2,18,8],"rotation":{"angle":45,"axis":"y","origin":[-2,10,8]},"faces":{"north":{"uv":[0,8,4,16],"texture":"#2"},"east":{"uv":[0,0,0,5],"texture":"#2"},"south":{"uv":[4,8,0,16],"texture":"#2"},"west":{"uv":[0,0,0,5],"texture":"#2"},"up":{"uv":[5.5,0,0,0],"texture":"#2"},"down":{"uv":[5.5,0,0,0],"texture":"#2"}}},{"from":[-10,2,8],"to":[-2,18,8],"rotation":{"angle":45,"axis":"y","origin":[-2,10,8]},"faces":{"north":{"uv":[8,8,12,16],"texture":"#2"},"east":{"uv":[0,0,0,5],"texture":"#2"},"south":{"uv":[12,8,8,16],"texture":"#2"},"west":{"uv":[0,0,0,5],"texture":"#2"},"up":{"uv":[5.5,0,0,0],"texture":"#2"},"down":{"uv":[5.5,0,0,0],"texture":"#2"}}},{"from":[-16,2,8],"to":[-10,18,8],"rotation":{"angle":22.5,"axis":"y","origin":[-2,10,8]},"faces":{"north":{"uv":[12,0,15,8],"texture":"#2"},"east":{"uv":[0,0,0,8],"texture":"#2"},"south":{"uv":[15,0,12,8],"texture":"#2"},"west":{"uv":[0,0,0,8],"texture":"#2"},"up":{"uv":[5.5,0,0,0],"texture":"#2"},"down":{"uv":[5.5,0,0,0],"texture":"#2"}}},{"from":[-10,2,8],"to":[-2,18,8],"rotation":{"angle":22.5,"axis":"y","origin":[-2,10,8]},"faces":{"north":{"uv":[8,0,12,8],"texture":"#2"},"east":{"uv":[0,0,0,8],"texture":"#2"},"south":{"uv":[12,0,8,8],"texture":"#2"},"west":{"uv":[0,0,0,8],"texture":"#2"},"up":{"uv":[5.5,0,0,0],"texture":"#2"},"down":{"uv":[5.5,0,0,0],"texture":"#2"}}},{"from":[-2,-7,8],"to":[8,18,8],"faces":{"north":{"uv":[0,0,2.5,6.25],"texture":"#0"},"east":{"uv":[0,0,0,5],"texture":"#0"},"south":{"uv":[2.5,0,0,6.25],"texture":"#0"},"west":{"uv":[0,0,0,5],"texture":"#0"},"up":{"uv":[5.5,0,0,0],"texture":"#0"},"down":{"uv":[5.5,0,0,0],"texture":"#0"}}},{"from":[18,2,8],"to":[26,18,8],"rotation":{"angle":22.5,"axis":"y","origin":[18,10,8]},"faces":{"north":{"uv":[12,0,8,8],"texture":"#1"},"east":{"uv":[0,0,0,8],"texture":"#1"},"south":{"uv":[8,0,12,8],"texture":"#1"},"west":{"uv":[0,0,0,8],"texture":"#1"},"up":{"uv":[0,0,5.5,0],"texture":"#1"},"down":{"uv":[0,0,5.5,0],"texture":"#1"}}},{"from":[8,-7,8],"to":[18,18,8],"rotation":{"angle":0,"axis":"y","origin":[16,0,0]},"faces":{"north":{"uv":[2.5,0,0,6.25],"texture":"#0"},"east":{"uv":[0,0,0,5],"texture":"#0"},"south":{"uv":[0,0,2.5,6.25],"texture":"#0"},"west":{"uv":[0,0,0,5],"texture":"#0"},"up":{"uv":[0,0,5.5,0],"texture":"#0"},"down":{"uv":[0,0,5.5,0],"texture":"#0"}}},{"from":[17,-12,8],"to":[28,3,8],"rotation":{"angle":0,"axis":"y","origin":[16,0,0]},"faces":{"north":{"uv":[11,1,0,16],"texture":"#3"},"east":{"uv":[0,0,0,5],"texture":"#3"},"south":{"uv":[0,1,11,16],"texture":"#3"},"west":{"uv":[0,0,0,5],"texture":"#3"},"up":{"uv":[0,0,5.5,0],"texture":"#3"},"down":{"uv":[0,0,5.5,0],"texture":"#3"}}},{"from":[-12,-12,8],"to":[-1,3,8],"faces":{"north":{"uv":[0,1,11,16],"texture":"#3"},"east":{"uv":[0,0,0,5],"texture":"#3"},"south":{"uv":[11,1,0,16],"texture":"#3"},"west":{"uv":[0,0,0,5],"texture":"#3"},"up":{"uv":[5.5,0,0,0],"texture":"#3"},"down":{"uv":[5.5,0,0,0],"texture":"#3"}}},{"from":[26,2,8],"to":[32,18,8],"rotation":{"angle":0,"axis":"y","origin":[18,10,8]},"faces":{"north":{"uv":[7,0,4,8],"texture":"#1"},"east":{"uv":[0,0,0,8],"texture":"#1"},"south":{"uv":[4,0,7,8],"texture":"#1"},"west":{"uv":[0,0,0,8],"texture":"#1"},"up":{"uv":[0,0,5.5,0],"texture":"#1"},"down":{"uv":[0,0,5.5,0],"texture":"#1"}}},{"from":[18,2,8],"to":[26,18,8],"rotation":{"angle":0,"axis":"y","origin":[18,10,8]},"faces":{"north":{"uv":[4,0,0,8],"texture":"#1"},"east":{"uv":[0,0,0,8],"texture":"#1"},"south":{"uv":[0,0,4,8],"texture":"#1"},"west":{"uv":[0,0,0,8],"texture":"#1"},"up":{"uv":[0,0,5.5,0],"texture":"#1"},"down":{"uv":[0,0,5.5,0],"texture":"#1"}}},{"from":[26,2,8],"to":[32,18,8],"rotation":{"angle":22.5,"axis":"y","origin":[18,10,8]},"faces":{"north":{"uv":[15,0,12,8],"texture":"#1"},"east":{"uv":[0,0,0,8],"texture":"#1"},"south":{"uv":[12,0,15,8],"texture":"#1"},"west":{"uv":[0,0,0,8],"texture":"#1"},"up":{"uv":[0,0,5.5,0],"texture":"#1"},"down":{"uv":[0,0,5.5,0],"texture":"#1"}}},{"from":[18,2,8],"to":[26,18,8],"rotation":{"angle":45,"axis":"y","origin":[18,10,8]},"faces":{"north":{"uv":[4,8,0,16],"texture":"#1"},"east":{"uv":[0,0,0,8],"texture":"#1"},"south":{"uv":[0,8,4,16],"texture":"#1"},"west":{"uv":[0,0,0,8],"texture":"#1"},"up":{"uv":[0,0,5.5,0],"texture":"#1"},"down":{"uv":[0,0,5.5,0],"texture":"#1"}}},{"from":[23.77817,2,-3.6066],"to":[23.77817,18,2.3934],"rotation":{"angle":-22.5,"axis":"y","origin":[23.77817,10,2.22183]},"faces":{"north":{"uv":[0,0,0,8],"texture":"#1"},"east":{"uv":[12,8,15,16],"texture":"#1"},"south":{"uv":[0,0,0,8],"texture":"#1"},"west":{"uv":[15,8,12,16],"texture":"#1"},"up":{"uv":[5.5,0,0,0],"rotation":90,"texture":"#1"},"down":{"uv":[5.5,0,0,0],"rotation":270,"texture":"#1"}}},{"from":[18,2,8],"to":[26,18,8],"rotation":{"angle":-22.5,"axis":"y","origin":[18,10,8]},"faces":{"north":{"uv":[12,0,8,8],"texture":"#2"},"east":{"uv":[0,0,0,8],"texture":"#2"},"south":{"uv":[8,0,12,8],"texture":"#2"},"west":{"uv":[0,0,0,8],"texture":"#2"},"up":{"uv":[0,0,5.5,0],"texture":"#2"},"down":{"uv":[0,0,5.5,0],"texture":"#2"}}},{"from":[26,2,8],"to":[32,18,8],"rotation":{"angle":-22.5,"axis":"y","origin":[18,10,8]},"faces":{"north":{"uv":[15,0,12,8],"texture":"#2"},"east":{"uv":[0,0,0,8],"texture":"#2"},"south":{"uv":[12,0,15,8],"texture":"#2"},"west":{"uv":[0,0,0,8],"texture":"#2"},"up":{"uv":[0,0,5.5,0],"texture":"#2"},"down":{"uv":[0,0,5.5,0],"texture":"#2"}}},{"from":[18,2,8],"to":[26,18,8],"rotation":{"angle":-45,"axis":"y","origin":[18,10,8]},"faces":{"north":{"uv":[4,8,0,16],"texture":"#2"},"east":{"uv":[0,0,0,5],"texture":"#2"},"south":{"uv":[0,8,4,16],"texture":"#2"},"west":{"uv":[0,0,0,5],"texture":"#2"},"up":{"uv":[0,0,5.5,0],"texture":"#2"},"down":{"uv":[0,0,5.5,0],"texture":"#2"}}},{"from":[23.77817,2,13.6066],"to":[23.77817,18,19.6066],"rotation":{"angle":22.5,"axis":"y","origin":[23.77817,10,13.77817]},"faces":{"north":{"uv":[0,0,0,8],"texture":"#2"},"east":{"uv":[15,8,12,16],"texture":"#2"},"south":{"uv":[0,0,0,8],"texture":"#2"},"west":{"uv":[12,8,15,16],"texture":"#2"},"up":{"uv":[0,0,5.5,0],"rotation":90,"texture":"#2"},"down":{"uv":[0,0,5.5,0],"rotation":270,"texture":"#2"}}},{"from":[23.77817,2,-3.6066],"to":[23.77817,18,2.3934],"rotation":{"angle":-45,"axis":"y","origin":[23.77817,10,2.22183]},"faces":{"north":{"uv":[0,0,0,8],"texture":"#1"},"east":{"uv":[4,8,7,16],"texture":"#1"},"south":{"uv":[0,0,0,8],"texture":"#1"},"west":{"uv":[7,8,4,16],"texture":"#1"},"up":{"uv":[5.5,0,0,0],"rotation":90,"texture":"#1"},"down":{"uv":[5.5,0,0,0],"rotation":270,"texture":"#1"}}},{"from":[23.77817,2,13.6066],"to":[23.77817,18,19.6066],"rotation":{"angle":45,"axis":"y","origin":[23.77817,10,13.77817]},"faces":{"north":{"uv":[0,0,0,8],"texture":"#2"},"east":{"uv":[7,8,4,16],"texture":"#2"},"south":{"uv":[0,0,0,8],"texture":"#2"},"west":{"uv":[4,8,7,16],"texture":"#2"},"up":{"uv":[0,0,5.5,0],"rotation":90,"texture":"#2"},"down":{"uv":[0,0,5.5,0],"rotation":270,"texture":"#2"}}},{"from":[18,2,8],"to":[26,18,8],"rotation":{"angle":45,"axis":"y","origin":[18,10,8]},"faces":{"north":{"uv":[12,8,8,16],"texture":"#1"},"east":{"uv":[0,0,0,8],"texture":"#1"},"south":{"uv":[8,8,12,16],"texture":"#1"},"west":{"uv":[0,0,0,8],"texture":"#1"},"up":{"uv":[0,0,5.5,0],"texture":"#1"},"down":{"uv":[0,0,5.5,0],"texture":"#1"}}},{"from":[18,2,8],"to":[26,18,8],"rotation":{"angle":-45,"axis":"y","origin":[18,10,8]},"faces":{"north":{"uv":[12,8,8,16],"texture":"#2"},"east":{"uv":[0,0,0,5],"texture":"#2"},"south":{"uv":[8,8,12,16],"texture":"#2"},"west":{"uv":[0,0,0,5],"texture":"#2"},"up":{"uv":[0,0,5.5,0],"texture":"#2"},"down":{"uv":[0,0,5.5,0],"texture":"#2"}}},{"from":[3.75,-1.55,7],"to":[5.25,3.45,9],"rotation":{"angle":45,"axis":"z","origin":[5,1.75,8]},"faces":{"north":{"uv":[4.875,14.75,4.5,16],"texture":"#0"},"east":{"uv":[4.875,14.75,5.375,16],"texture":"#0"},"south":{"uv":[4.5,14.75,4.875,16],"texture":"#0"},"west":{"uv":[5.375,14.75,5.875,16],"texture":"#0"},"up":{"uv":[4.5,14.25,4.875,14.75],"texture":"#0"},"down":{"uv":[4.875,14.25,5.25,14.75],"texture":"#0"}}},{"from":[2.95,2.05,7.025],"to":[4.95,9.05,8.975],"rotation":{"angle":0,"axis":"y","origin":[5,1.75,8]},"faces":{"north":{"uv":[3.5,14.25,3,16],"texture":"#0"},"east":{"uv":[4,14.25,4.5,16],"texture":"#0"},"south":{"uv":[3,14.25,3.5,16],"texture":"#0"},"west":{"uv":[3.5,14.25,4,16],"texture":"#0"},"up":{"uv":[2.5,14.5,3,15],"texture":"#0"},"down":{"uv":[2.5,14.5,3,15],"texture":"#0"}}},{"from":[7.95,1.3,7.25],"to":[8.95,4.8,8.75],"rotation":{"angle":45,"axis":"z","origin":[5,0.75,8]},"faces":{"north":{"uv":[2.75,13.625,2.5,14.5],"texture":"#0"},"east":{"uv":[2,14.125,2.375,15],"texture":"#0"},"south":{"uv":[2.5,13.625,2.75,14.5],"texture":"#0"},"west":{"uv":[2,13.25,2.375,14.125],"texture":"#0"},"up":{"uv":[2.75,14,3,14.375],"texture":"#0"},"down":{"uv":[2.75,14,3,14.375],"texture":"#0"}}},{"from":[1.95,8.8,7],"to":[5.95,12.8,9],"rotation":{"angle":45,"axis":"z","origin":[3.95,10.8,8]},"faces":{"north":{"uv":[1,15,2,16],"rotation":270,"texture":"#0"},"east":{"uv":[0,15,0.5,16],"texture":"#0"},"south":{"uv":[1,15,2,16],"texture":"#0"},"west":{"uv":[0.5,15,1,16],"texture":"#0"},"up":{"uv":[0,15,0.5,16],"rotation":90,"texture":"#0"},"down":{"uv":[0.5,15,1,16],"rotation":90,"texture":"#0"}}},{"from":[2.55,11.9,8],"to":[6.55,15.9,8],"rotation":{"angle":-22.5,"axis":"z","origin":[3.95,10.8,8]},"faces":{"north":{"uv":[1,13.25,0,14.25],"rotation":90,"texture":"#0"},"east":{"uv":[0.5,15,0.5,16],"texture":"#0"},"south":{"uv":[0,13.25,1,14.25],"rotation":270,"texture":"#0"},"west":{"uv":[0,15,0,16],"texture":"#0"},"up":{"uv":[0,15,0,16],"rotation":270,"texture":"#0"},"down":{"uv":[0.5,15,0.5,16],"rotation":270,"texture":"#0"}}},{"from":[9.45,11.9,8],"to":[13.45,15.9,8],"rotation":{"angle":22.5,"axis":"z","origin":[12.05,10.8,8]},"faces":{"north":{"uv":[1,14.25,0,13.25],"rotation":90,"texture":"#0"},"east":{"uv":[0,15,0,16],"texture":"#0"},"south":{"uv":[0,14.25,1,13.25],"rotation":270,"texture":"#0"},"west":{"uv":[0.5,15,0.5,16],"texture":"#0"},"up":{"uv":[0,16,0,15],"rotation":270,"texture":"#0"},"down":{"uv":[0.5,16,0.5,15],"rotation":270,"texture":"#0"}}},{"from":[3.95,12.8,7],"to":[5.95,15.8,9],"rotation":{"angle":45,"axis":"z","origin":[3.95,10.8,8]},"faces":{"north":{"uv":[1.5,14.25,1,15],"texture":"#0"},"east":{"uv":[0.5,14.25,1,15],"texture":"#0"},"south":{"uv":[1,14.25,1.5,15],"texture":"#0"},"west":{"uv":[1.5,14.25,2,15],"texture":"#0"},"up":{"uv":[0,14.25,0.5,14.75],"texture":"#0"},"down":{"uv":[0,14.25,0.5,14.75],"texture":"#0"}}},{"from":[10.75,-1.55,7],"to":[12.25,3.45,9],"rotation":{"angle":-45,"axis":"z","origin":[11,1.75,8]},"faces":{"north":{"uv":[4.5,14.75,4.875,16],"texture":"#0"},"east":{"uv":[5.875,14.75,5.375,16],"texture":"#0"},"south":{"uv":[4.875,14.75,4.5,16],"texture":"#0"},"west":{"uv":[5.375,14.75,4.875,16],"texture":"#0"},"up":{"uv":[4.875,14.25,4.5,14.75],"texture":"#0"},"down":{"uv":[5.25,14.25,4.875,14.75],"texture":"#0"}}},{"from":[11.05,2.05,7.025],"to":[13.05,9.05,8.975],"rotation":{"angle":0,"axis":"y","origin":[11,1.75,8]},"faces":{"north":{"uv":[3,14.25,3.5,16],"texture":"#0"},"east":{"uv":[4,14.25,3.5,16],"texture":"#0"},"south":{"uv":[3.5,14.25,3,16],"texture":"#0"},"west":{"uv":[4.5,14.25,4,16],"texture":"#0"},"up":{"uv":[3,14.5,2.5,15],"texture":"#0"},"down":{"uv":[3,14.5,2.5,15],"texture":"#0"}}},{"from":[7.05,1.3,7.25],"to":[8.05,4.8,8.75],"rotation":{"angle":-45,"axis":"z","origin":[11,0.75,8]},"faces":{"north":{"uv":[2.5,13.625,2.75,14.5],"texture":"#0"},"east":{"uv":[2.375,13.25,2,14.125],"texture":"#0"},"south":{"uv":[2.75,13.625,2.5,14.5],"texture":"#0"},"west":{"uv":[2.375,14.125,2,15],"texture":"#0"},"up":{"uv":[3,14,2.75,14.375],"texture":"#0"},"down":{"uv":[3,14,2.75,14.375],"texture":"#0"}}},{"from":[10.05,12.8,7],"to":[12.05,15.8,9],"rotation":{"angle":-45,"axis":"z","origin":[12.05,10.8,8]},"faces":{"north":{"uv":[1,14.25,1.5,15],"texture":"#0"},"east":{"uv":[2,14.25,1.5,15],"texture":"#0"},"south":{"uv":[1.5,14.25,1,15],"texture":"#0"},"west":{"uv":[1,14.25,0.5,15],"texture":"#0"},"up":{"uv":[0.5,14.25,0,14.75],"texture":"#0"},"down":{"uv":[0.5,14.25,0,14.75],"texture":"#0"}}},{"from":[10.05,8.8,7],"to":[14.05,12.8,9],"rotation":{"angle":-45,"axis":"z","origin":[12.05,10.8,8]},"faces":{"north":{"uv":[1,16,2,15],"rotation":270,"texture":"#0"},"east":{"uv":[1,15,0.5,16],"texture":"#0"},"south":{"uv":[2,15,1,16],"texture":"#0"},"west":{"uv":[0.5,15,0,16],"texture":"#0"},"up":{"uv":[0,16,0.5,15],"rotation":90,"texture":"#0"},"down":{"uv":[0.5,16,1,15],"rotation":90,"texture":"#0"}}},{"from":[-5.05,12.8,8],"to":[3.95,20.8,8],"rotation":{"angle":0,"axis":"y","origin":[3.95,10.8,8]},"faces":{"north":{"uv":[14,0,16,2.25],"rotation":90,"texture":"#0"},"east":{"uv":[0,0,2,0],"rotation":270,"texture":"#0"},"south":{"uv":[16,0,14,2.25],"rotation":270,"texture":"#0"},"west":{"uv":[0,0,2,0],"rotation":270,"texture":"#0"},"up":{"uv":[0,0,0,2.25],"rotation":270,"texture":"#0"},"down":{"uv":[0,0,0,2.25],"rotation":270,"texture":"#0"}}},{"from":[12.05,12.8,8],"to":[21.05,20.8,8],"rotation":{"angle":0,"axis":"y","origin":[12.05,10.8,8]},"faces":{"north":{"uv":[14,2.25,16,0],"rotation":90,"texture":"#0"},"east":{"uv":[0,0,2,0],"rotation":270,"texture":"#0"},"south":{"uv":[16,2.25,14,0],"rotation":270,"texture":"#0"},"west":{"uv":[0,0,2,0],"rotation":270,"texture":"#0"},"up":{"uv":[0,2.25,0,0],"rotation":270,"texture":"#0"},"down":{"uv":[0,2.25,0,0],"rotation":270,"texture":"#0"}}}],"gui_light":"front","display":{"thirdperson_righthand":{"rotation":[67.5,180,0],"translation":[0,0.75,1.25],"scale":[0.32031,0.32031,0.32031]},"thirdperson_lefthand":{"rotation":[68,0,0],"translation":[-5.25,-3.5,13.25],"scale":[1.15,1.15,1.15]},"firstperson_righthand":{"translation":[-0.5,-0.25,2.25],"scale":[0.5,0.5,0.5]},"firstperson_lefthand":{"rotation":[0,-92,0],"translation":[0.5,3,2.25],"scale":[0,0,0]},"ground":{"rotation":[70,0,0],"translation":[0,5,0],"scale":[0.5,0.5,0.5]},"gui":{"translation":[0,0,0.25],"scale":[0.42813,0.42813,0.42813]},"head":{"rotation":[-2,0,0],"translation":[0,-12,7.25],"scale":[1.5,1.5,1.5]},"fixed":{"rotation":[0,180,0],"translation":[0,4.75,-2.5],"scale":[1.18391,1.18391,1.18391]}}}