{"credit":"Made with Blockbench","texture_size":[32,32],"textures":{"0":"ec_elitewings:v1/tex9","1":"ec_elitewings:v1/ani901","2":"ec_elitewings:v1/ani902","particle":"ec_elitewings:v1/tex9"},"elements":[{"from":[-3.75,-15.875,11.8554],"to":[0,-6.875,11.8554],"rotation":{"angle":22.5,"axis":"y","origin":[8.0625,-10.25,11.544]},"faces":{"north":{"uv":[4,1,0.25,10],"texture":"#2"},"east":{"uv":[0,0,0,7.75],"texture":"#2"},"south":{"uv":[0.25,1,4,10],"texture":"#2"},"west":{"uv":[0,0,0,7.75],"texture":"#2"},"up":{"uv":[0,0,6,0],"texture":"#2"},"down":{"uv":[0,0,6,0],"texture":"#2"}}},{"from":[4,-15.125,11.8554],"to":[8,-3.125,11.8554],"rotation":{"angle":22.5,"axis":"y","origin":[8.0625,-10.25,11.544]},"faces":{"north":{"uv":[5.875,0,3.875,6],"texture":"#0"},"east":{"uv":[0,0,0,7.75],"texture":"#0"},"south":{"uv":[3.875,0,5.875,6],"texture":"#0"},"west":{"uv":[0,0,0,7.75],"texture":"#0"},"up":{"uv":[0,0,6,0],"texture":"#0"},"down":{"uv":[0,0,6,0],"texture":"#0"}}},{"from":[0,-14.875,11.8554],"to":[4,-3.875,11.8554],"rotation":{"angle":22.5,"axis":"y","origin":[8.0625,-10.25,11.544]},"faces":{"north":{"uv":[4,0,0,11],"texture":"#1"},"east":{"uv":[0,0,0,7.75],"texture":"#1"},"south":{"uv":[0,0,4,11],"texture":"#1"},"west":{"uv":[0,0,0,7.75],"texture":"#1"},"up":{"uv":[0,0,4,0],"texture":"#1"},"down":{"uv":[0,0,4,0],"texture":"#1"}}},{"from":[-3.55803,-15.875,10.26748],"to":[0.19197,-6.875,10.26748],"rotation":{"angle":45,"axis":"y","origin":[8.0625,-10.25,11.544]},"faces":{"north":{"uv":[8,1,4.25,10],"texture":"#2"},"east":{"uv":[0,0,0,7.75],"texture":"#2"},"south":{"uv":[4.25,1,8,10],"texture":"#2"},"west":{"uv":[0,0,0,7.75],"texture":"#2"},"up":{"uv":[0,0,6,0],"texture":"#2"},"down":{"uv":[0,0,6,0],"texture":"#2"}}},{"from":[0.19008,-14.875,10.27704],"to":[4.19008,-3.875,10.27704],"rotation":{"angle":45,"axis":"y","origin":[8.0625,-10.25,11.544]},"faces":{"north":{"uv":[8,0,4,11],"texture":"#1"},"east":{"uv":[0,0,0,7.75],"texture":"#1"},"south":{"uv":[4,0,8,11],"texture":"#1"},"west":{"uv":[0,0,0,7.75],"texture":"#1"},"up":{"uv":[0,0,4,0],"texture":"#1"},"down":{"uv":[0,0,4,0],"texture":"#1"}}},{"from":[5.3924,-15.875,18.62949],"to":[5.3924,-6.875,22.37949],"rotation":{"angle":-22.5,"axis":"y","origin":[8.0625,-10.25,11.544]},"faces":{"north":{"uv":[0,0,0,7.75],"texture":"#2"},"east":{"uv":[8.25,1,12,10],"texture":"#2"},"south":{"uv":[0,0,0,7.75],"texture":"#2"},"west":{"uv":[12,1,8.25,10],"texture":"#2"},"up":{"uv":[0,0,6,0],"rotation":270,"texture":"#2"},"down":{"uv":[0,0,6,0],"rotation":90,"texture":"#2"}}},{"from":[5.41007,-14.875,14.63681],"to":[5.41007,-3.875,18.63681],"rotation":{"angle":-22.5,"axis":"y","origin":[8.0625,-10.25,11.544]},"faces":{"north":{"uv":[0,0,0,7.75],"texture":"#1"},"east":{"uv":[8,0,12,11],"texture":"#1"},"south":{"uv":[0,0,0,7.75],"texture":"#1"},"west":{"uv":[12,0,8,11],"texture":"#1"},"up":{"uv":[0,0,4,0],"rotation":270,"texture":"#1"},"down":{"uv":[0,0,4,0],"rotation":90,"texture":"#1"}}},{"from":[2.95758,-15.875,16.85844],"to":[2.95758,-6.875,20.60844],"rotation":{"angle":0,"axis":"y","origin":[8.0625,-10.25,11.544]},"faces":{"north":{"uv":[0,0,0,7.75],"texture":"#2"},"east":{"uv":[12.25,1,16,10],"texture":"#2"},"south":{"uv":[0,0,0,7.75],"texture":"#2"},"west":{"uv":[16,1,12.25,10],"texture":"#2"},"up":{"uv":[0,0,6,0],"rotation":270,"texture":"#2"},"down":{"uv":[0,0,6,0],"rotation":90,"texture":"#2"}}},{"from":[16,-15.875,11.8554],"to":[19.75,-6.875,11.8554],"rotation":{"angle":-22.5,"axis":"y","origin":[7.9375,-10.25,11.544]},"faces":{"north":{"uv":[0.25,1,4,10],"texture":"#2"},"east":{"uv":[0,0,0,7.75],"texture":"#2"},"south":{"uv":[4,1,0.25,10],"texture":"#2"},"west":{"uv":[0,0,0,7.75],"texture":"#2"},"up":{"uv":[6,0,0,0],"texture":"#2"},"down":{"uv":[6,0,0,0],"texture":"#2"}}},{"from":[8,-15.125,11.8554],"to":[12,-3.125,11.8554],"rotation":{"angle":-22.5,"axis":"y","origin":[7.9375,-10.25,11.544]},"faces":{"north":{"uv":[3.875,0,5.875,6],"texture":"#0"},"east":{"uv":[0,0,0,7.75],"texture":"#0"},"south":{"uv":[5.875,0,3.875,6],"texture":"#0"},"west":{"uv":[0,0,0,7.75],"texture":"#0"},"up":{"uv":[6,0,0,0],"texture":"#0"},"down":{"uv":[6,0,0,0],"texture":"#0"}}},{"from":[12,-14.875,11.8554],"to":[16,-3.875,11.8554],"rotation":{"angle":-22.5,"axis":"y","origin":[7.9375,-10.25,11.544]},"faces":{"north":{"uv":[0,0,4,11],"texture":"#1"},"east":{"uv":[0,0,0,7.75],"texture":"#1"},"south":{"uv":[4,0,0,11],"texture":"#1"},"west":{"uv":[0,0,0,7.75],"texture":"#1"},"up":{"uv":[4,0,0,0],"texture":"#1"},"down":{"uv":[4,0,0,0],"texture":"#1"}}},{"from":[15.80803,-15.875,10.26748],"to":[19.55803,-6.875,10.26748],"rotation":{"angle":-45,"axis":"y","origin":[7.9375,-10.25,11.544]},"faces":{"north":{"uv":[4.25,1,8,10],"texture":"#2"},"east":{"uv":[0,0,0,7.75],"texture":"#2"},"south":{"uv":[8,1,4.25,10],"texture":"#2"},"west":{"uv":[0,0,0,7.75],"texture":"#2"},"up":{"uv":[6,0,0,0],"texture":"#2"},"down":{"uv":[6,0,0,0],"texture":"#2"}}},{"from":[11.80993,-14.875,10.27704],"to":[15.80993,-3.875,10.27704],"rotation":{"angle":-45,"axis":"y","origin":[7.9375,-10.25,11.544]},"faces":{"north":{"uv":[4,0,8,11],"texture":"#1"},"east":{"uv":[0,0,0,7.75],"texture":"#1"},"south":{"uv":[8,0,4,11],"texture":"#1"},"west":{"uv":[0,0,0,7.75],"texture":"#1"},"up":{"uv":[4,0,0,0],"texture":"#1"},"down":{"uv":[4,0,0,0],"texture":"#1"}}},{"from":[10.60761,-15.875,18.62949],"to":[10.60761,-6.875,22.37949],"rotation":{"angle":22.5,"axis":"y","origin":[7.9375,-10.25,11.544]},"faces":{"north":{"uv":[0,0,0,7.75],"texture":"#2"},"east":{"uv":[8.25,1,12,10],"texture":"#2"},"south":{"uv":[0,0,0,7.75],"texture":"#2"},"west":{"uv":[12,1,8.25,10],"texture":"#2"},"up":{"uv":[0,0,6,0],"rotation":270,"texture":"#2"},"down":{"uv":[0,0,6,0],"rotation":90,"texture":"#2"}}},{"from":[10.58993,-14.875,14.63681],"to":[10.58993,-3.875,18.63681],"rotation":{"angle":22.5,"axis":"y","origin":[7.9375,-10.25,11.544]},"faces":{"north":{"uv":[0,0,0,7.75],"texture":"#1"},"east":{"uv":[8,0,12,11],"texture":"#1"},"south":{"uv":[0,0,0,7.75],"texture":"#1"},"west":{"uv":[12,0,8,11],"texture":"#1"},"up":{"uv":[0,0,4,0],"rotation":270,"texture":"#1"},"down":{"uv":[0,0,4,0],"rotation":90,"texture":"#1"}}},{"from":[13.04243,-15.875,16.85844],"to":[13.04243,-6.875,20.60844],"rotation":{"angle":0,"axis":"y","origin":[7.9375,-10.25,11.544]},"faces":{"north":{"uv":[0,0,0,7.75],"texture":"#2"},"east":{"uv":[12.25,1,16,10],"texture":"#2"},"south":{"uv":[0,0,0,7.75],"texture":"#2"},"west":{"uv":[16,1,12.25,10],"texture":"#2"},"up":{"uv":[0,0,6,0],"rotation":270,"texture":"#2"},"down":{"uv":[0,0,6,0],"rotation":90,"texture":"#2"}}}],"gui_light":"front","display":{"thirdperson_righthand":{"rotation":[67.5,180,0],"translation":[0,0.75,1.25],"scale":[0.32031,0.32031,0.32031]},"thirdperson_lefthand":{"rotation":[68,0,0],"translation":[-5.25,-6.25,6.25],"scale":[1.15,1.15,1.15]},"firstperson_righthand":{"translation":[-0.5,-0.25,2.25],"scale":[0.5,0.5,0.5]},"firstperson_lefthand":{"rotation":[0,-92,0],"translation":[0.5,3,2.25],"scale":[0,0,0]},"ground":{"rotation":[70,0,0],"translation":[0,5,0],"scale":[0.5,0.5,0.5]},"gui":{"rotation":[-22.5,22,0],"translation":[-0.75,-2.5,0],"scale":[0.42938,0.42938,0.42938]},"head":{"rotation":[10,0,0],"translation":[0,-43,1.75],"scale":[3.2,3.2,3.2]},"fixed":{"rotation":[0,180,0],"translation":[0,-3,-1.75],"scale":[1.18391,1.18391,1.18391]}}}