{"credit":"MadewithBlockbench","texture_size":[128,128],"textures":{"1":"elitecreature:japan_furniture_v3/jf3_table_5"},"elements":[{"from":[0,12,0],"to":[8,14,16],"rotation":{"angle":0,"axis":"y","origin":[0,14,0]},"faces":{"north":{"uv":[7.5,3.25,8.5,3.5],"texture":"#1"},"east":{"uv":[6.5,3,8.5,3.25],"texture":"#1"},"south":{"uv":[6.5,3.25,7.5,3.5],"texture":"#1"},"west":{"uv":[6.5,3.25,8.5,3.5],"texture":"#1"},"up":{"uv":[1,5.125,0,3.125],"texture":"#1"},"down":{"uv":[2,3.125,1,5.125],"texture":"#1"}}},{"from":[8,12,0],"to":[16,14,8],"rotation":{"angle":0,"axis":"y","origin":[0,14,0]},"faces":{"north":{"uv":[6.5,3.25,7.5,3.5],"texture":"#1"},"east":{"uv":[7.5,3.25,8.5,3.5],"texture":"#1"},"south":{"uv":[6.5,5.75,7.5,6],"texture":"#1"},"west":{"uv":[6.5,6,7.5,6.25],"texture":"#1"},"up":{"uv":[7.125,2,6.125,1],"texture":"#1"},"down":{"uv":[7.125,2,6.125,3],"texture":"#1"}}},{"from":[0,-2,0],"to":[8,0,16],"rotation":{"angle":0,"axis":"y","origin":[0,14,0]},"faces":{"north":{"uv":[7.5,3.5,8.5,3.25],"texture":"#1"},"east":{"uv":[6.5,3.5,8.5,3.75],"texture":"#1"},"south":{"uv":[6.5,3.5,7.5,3.25],"texture":"#1"},"west":{"uv":[6.5,3.5,8.5,3.25],"texture":"#1"},"up":{"uv":[3,5.125,2,3.125],"texture":"#1"},"down":{"uv":[4,3.125,3,5.125],"texture":"#1"}}},{"from":[8,-2,0],"to":[16,0,8],"rotation":{"angle":0,"axis":"y","origin":[0,14,0]},"faces":{"north":{"uv":[6.5,3.5,7.5,3.25],"texture":"#1"},"east":{"uv":[7.5,3.5,8.5,3.25],"texture":"#1"},"south":{"uv":[6.75,0,7.75,0.25],"texture":"#1"},"west":{"uv":[6.75,0.25,7.75,0.5],"texture":"#1"},"up":{"uv":[3.5,7.125,2.5,6.125],"texture":"#1"},"down":{"uv":[4.5,6.125,3.5,7.125],"texture":"#1"}}},{"from":[0,0,4],"to":[8,12,15],"rotation":{"angle":0,"axis":"y","origin":[0,14,0]},"faces":{"north":{"uv":[3.5,4.625,4.5,6.125],"texture":"#1"},"east":{"uv":[0,1.625,1.375,3.125],"texture":"#1"},"south":{"uv":[4.125,1.5,5.125,3],"texture":"#1"},"west":{"uv":[1.375,1.625,2.75,3.125],"texture":"#1"},"up":{"uv":[2.5,6.5,1.5,5.125],"texture":"#1"},"down":{"uv":[6.125,1.5,5.125,2.875],"texture":"#1"}}},{"from":[4,0,0],"to":[15,12,8],"rotation":{"angle":0,"axis":"y","origin":[0,14,0]},"faces":{"north":{"uv":[1.375,1.625,2.75,3.125],"texture":"#1"},"east":{"uv":[4.125,1.5,5.125,3],"texture":"#1"},"south":{"uv":[3,0,4.375,1.5],"texture":"#1"},"west":{"uv":[4,4.625,5,6.125],"texture":"#1"},"up":{"uv":[3.875,6.125,2.5,5.125],"texture":"#1"},"down":{"uv":[6.75,0,5.375,1],"texture":"#1"}}},{"from":[0,-2,4.68629],"to":[11.275,0,12.68629],"rotation":{"angle":45,"axis":"y","origin":[8,6,4.68629]},"faces":{"north":{"uv":[6.5,4,7.9375,4.25],"texture":"#1"},"east":{"uv":[1.5,6.75,2.5,7],"texture":"#1"},"south":{"uv":[6.75,3.5,8.1875,3.25],"texture":"#1"},"west":{"uv":[6.5,6.75,7.5,7],"texture":"#1"},"up":{"uv":[6.4375,4,5,3],"texture":"#1"},"down":{"uv":[6.4375,4,5,5],"texture":"#1"}}},{"from":[6.10051,0,0],"to":[12.10051,13,11.25],"rotation":{"angle":-45,"axis":"y","origin":[5.10051,6,7]},"faces":{"north":{"uv":[5,6,5.75,7.625],"texture":"#1"},"east":{"uv":[0,0,1.4375,1.625],"texture":"#1"},"south":{"uv":[5.75,6,6.5,7.625],"texture":"#1"},"west":{"uv":[1.5,0,2.9375,1.625],"texture":"#1"},"up":{"uv":[0.75,7.5625,0,6.125],"texture":"#1"},"down":{"uv":[1.5,6.125,0.75,7.5625],"texture":"#1"}}},{"from":[0,12.09,4.68629],"to":[11.275,13.99,12.68629],"rotation":{"angle":45,"axis":"y","origin":[8,6,4.68629]},"faces":{"north":{"uv":[6.5,4.5,7.9375,4.75],"texture":"#1"},"east":{"uv":[1.5,7,2.5,7.25],"texture":"#1"},"south":{"uv":[6.8125,3.25,8.25,3.5],"texture":"#1"},"west":{"uv":[6.5,7,7.5,7.25],"texture":"#1"},"up":{"uv":[6.4375,6,5,5],"texture":"#1"},"down":{"uv":[1.4375,5.125,0,6.125],"texture":"#1"}}}],"gui_light":"front","display":{"thirdperson_righthand":{"scale":[0.18,0.17,0.18]},"thirdperson_lefthand":{"scale":[0.18,0.17,0.18]},"firstperson_righthand":{"scale":[0,0,0]},"firstperson_lefthand":{"scale":[0,0,0]},"ground":{"scale":[0.27,0.28,0.27]},"gui":{"rotation":[-151.69,41.31,-178.78],"scale":[0.58,0.58,0.58]},"head":{"translation":[0,-27.2,0],"scale":[1.6,1.6,1.6]},"fixed":{"translation":[0,0,-7.75],"scale":[0.84,0.84,0.85]}}}