{"credit":"MadewithBlockbench","texture_size":[28,28],"textures":{"0":"elitecreature:japan_furniture_v3/jf3_drum","particle":"elitecreature:japan_furniture_v3/jf3_drum"},"elements":[{"from":[6,2.5,3.17157],"to":[10,10.5,8.17157],"rotation":{"angle":0,"axis":"y","origin":[8,8,8]},"faces":{"north":{"uv":[0,4.5,1.93571,8.82143],"texture":"#0"},"east":{"uv":[0,0,0,0],"texture":"#0"},"south":{"uv":[0,0,0,0],"texture":"#0"},"west":{"uv":[0,0,0,0],"texture":"#0"},"up":{"uv":[0,0,0,0],"texture":"#0"},"down":{"uv":[0,0,0,0],"texture":"#0"}}},{"from":[6,2.5,3.17157],"to":[10,10.5,8.17157],"rotation":{"angle":45,"axis":"y","origin":[8,8,8]},"faces":{"north":{"uv":[0,0,1.93571,4.32143],"texture":"#0"},"east":{"uv":[0,0,0,0],"texture":"#0"},"south":{"uv":[0,0,0,0],"texture":"#0"},"west":{"uv":[0,0,0,0],"texture":"#0"},"up":{"uv":[0,0,0,0],"texture":"#0"},"down":{"uv":[0,0,0,0],"texture":"#0"}}},{"from":[3.17157,2.5,6],"to":[8.17157,10.5,10],"rotation":{"angle":0,"axis":"y","origin":[8,8,8]},"faces":{"north":{"uv":[0,0,0,0],"texture":"#0"},"east":{"uv":[0,0,0,0],"texture":"#0"},"south":{"uv":[0,0,0,0],"texture":"#0"},"west":{"uv":[0,0,1.93571,4.32143],"texture":"#0"},"up":{"uv":[0,0,0,0],"texture":"#0"},"down":{"uv":[0,0,0,0],"texture":"#0"}}},{"from":[7.82843,2.5,6],"to":[12.82843,10.5,10],"rotation":{"angle":0,"axis":"y","origin":[8,8,8]},"faces":{"north":{"uv":[0,0,0,0],"texture":"#0"},"east":{"uv":[0,0,1.93571,4.32143],"texture":"#0"},"south":{"uv":[0,0,0,0],"texture":"#0"},"west":{"uv":[0,0,0,0],"texture":"#0"},"up":{"uv":[0,0,0,0],"texture":"#0"},"down":{"uv":[0,0,0,0],"texture":"#0"}}},{"from":[6,2.5,3.17157],"to":[10,10.5,8.17157],"rotation":{"angle":-45,"axis":"y","origin":[8,8,8]},"faces":{"north":{"uv":[0,0,1.93571,4.32143],"texture":"#0"},"east":{"uv":[0,0,0,0],"texture":"#0"},"south":{"uv":[0,0,0,0],"texture":"#0"},"west":{"uv":[0,0,0,0],"texture":"#0"},"up":{"uv":[0,0,0,0],"texture":"#0"},"down":{"uv":[0,0,0,0],"texture":"#0"}}},{"from":[6,2.5,7.82843],"to":[10,10.5,12.82843],"rotation":{"angle":-45,"axis":"y","origin":[8,8,8]},"faces":{"north":{"uv":[0,0,0,0],"texture":"#0"},"east":{"uv":[0,0,0,0],"texture":"#0"},"south":{"uv":[0,0,1.93571,4.32143],"texture":"#0"},"west":{"uv":[0,0,0,0],"texture":"#0"},"up":{"uv":[0,0,0,0],"texture":"#0"},"down":{"uv":[0,0,0,0],"texture":"#0"}}},{"from":[6,2.5,7.82843],"to":[10,10.5,12.82843],"rotation":{"angle":0,"axis":"y","origin":[8,8,8]},"faces":{"north":{"uv":[0,0,0,0],"texture":"#0"},"east":{"uv":[0,0,0,0],"texture":"#0"},"south":{"uv":[0,0,1.93571,4.32143],"texture":"#0"},"west":{"uv":[0,0,0,0],"texture":"#0"},"up":{"uv":[0,0,0,0],"texture":"#0"},"down":{"uv":[0,0,0,0],"texture":"#0"}}},{"from":[6,2.5,7.82843],"to":[10,10.5,12.82843],"rotation":{"angle":45,"axis":"y","origin":[8,8,8]},"faces":{"north":{"uv":[0,0,0,0],"texture":"#0"},"east":{"uv":[0,0,0,0],"texture":"#0"},"south":{"uv":[0,0,1.93571,4.32143],"texture":"#0"},"west":{"uv":[0,0,0,0],"texture":"#0"},"up":{"uv":[0,0,0,0],"texture":"#0"},"down":{"uv":[0,0,0,0],"texture":"#0"}}},{"from":[3,9.75,3],"to":[13,10.75,13],"faces":{"north":{"uv":[2.03571,5.75,7.75,6.32143],"texture":"#0"},"east":{"uv":[2.03571,5.75,7.75,6.32143],"texture":"#0"},"south":{"uv":[2.03571,5.75,7.75,6.32143],"texture":"#0"},"west":{"uv":[2.03571,5.75,7.75,6.32143],"texture":"#0"},"up":{"uv":[2.03571,0,7.75,5.71429],"texture":"#0"},"down":{"uv":[2.03571,0,7.75,5.71429],"texture":"#0"}}},{"from":[3,1.5,3],"to":[13,2.5,13],"faces":{"north":{"uv":[2.03571,5.75,7.75,6.32143],"texture":"#0"},"east":{"uv":[2.03571,5.75,7.75,6.32143],"texture":"#0"},"south":{"uv":[2.03571,5.75,7.75,6.32143],"texture":"#0"},"west":{"uv":[2.03571,5.75,7.75,6.32143],"texture":"#0"},"up":{"uv":[2.03571,0,7.75,5.71429],"texture":"#0"},"down":{"uv":[2.03571,0,7.75,5.71429],"texture":"#0"}}}],"display":{"thirdperson_righthand":{"translation":[0,0,-0.5],"scale":[0.41,0.41,0.41]},"thirdperson_lefthand":{"translation":[0,0,-0.5],"scale":[0.41,0.41,0.41]},"firstperson_righthand":{"scale":[0,0,0]},"firstperson_lefthand":{"scale":[0,0,0]},"ground":{"scale":[0.4,0.4,0.4]},"gui":{"rotation":[22,35,0]},"head":{"translation":[0,-30.25,0],"scale":[2.08,2.08,2.08]},"fixed":{"translation":[0,1.25,-8]}}}