{"credit":"MadewithBlockbench","texture_size":[64,64],"textures":{"1":"elitecreature:japan_furniture_v3/jf3_table_6"},"elements":[{"from":[8,14,0],"to":[16,16,16],"rotation":{"angle":0,"axis":"y","origin":[16,16,16]},"faces":{"north":{"uv":[10.5,12,12.5,12.5],"texture":"#1"},"east":{"uv":[10.5,12,14.5,12.5],"texture":"#1"},"south":{"uv":[12.5,12,14.5,12.5],"texture":"#1"},"west":{"uv":[3.5,12.25,7.5,12.75],"texture":"#1"},"up":{"uv":[2,4,0,0],"texture":"#1"},"down":{"uv":[4,0,2,4],"texture":"#1"}}},{"from":[0,14,8],"to":[8,16,16],"rotation":{"angle":0,"axis":"y","origin":[16,16,16]},"faces":{"north":{"uv":[13,2,15,2.5],"texture":"#1"},"east":{"uv":[13,2.5,15,3],"texture":"#1"},"south":{"uv":[10.5,12,12.5,12.5],"texture":"#1"},"west":{"uv":[12.5,12,14.5,12.5],"texture":"#1"},"up":{"uv":[5.5,12,3.5,10],"texture":"#1"},"down":{"uv":[2,11,0,13],"texture":"#1"}}},{"from":[8,0,0],"to":[16,2,16],"rotation":{"angle":0,"axis":"y","origin":[16,16,16]},"faces":{"north":{"uv":[10.5,12.5,12.5,12],"texture":"#1"},"east":{"uv":[10.5,12.5,14.5,12],"texture":"#1"},"south":{"uv":[12.5,12.5,14.5,12],"texture":"#1"},"west":{"uv":[3.5,12.75,7.5,13.25],"texture":"#1"},"up":{"uv":[4,4,2,0],"texture":"#1"},"down":{"uv":[6,0,4,4],"texture":"#1"}}},{"from":[0,0,8],"to":[8,2,16],"rotation":{"angle":0,"axis":"y","origin":[16,16,16]},"faces":{"north":{"uv":[13,5,15,5.5],"texture":"#1"},"east":{"uv":[13,5.5,15,6],"texture":"#1"},"south":{"uv":[10.5,12.5,12.5,12],"texture":"#1"},"west":{"uv":[12.5,12.5,14.5,12],"texture":"#1"},"up":{"uv":[13,2,11,0],"texture":"#1"},"down":{"uv":[13,2,11,4],"texture":"#1"}}},{"from":[8,2,4],"to":[16,14,12],"rotation":{"angle":0,"axis":"y","origin":[16,16,16]},"faces":{"north":{"uv":[4,4,6,7],"texture":"#1"},"east":{"uv":[4,4,6,7],"texture":"#1"},"south":{"uv":[1,7,3,10],"texture":"#1"},"west":{"uv":[6,3,8,6],"texture":"#1"},"up":{"uv":[13,6,11,4],"texture":"#1"},"down":{"uv":[13,6,11,8],"texture":"#1"}}},{"from":[4,2,8],"to":[12,14,16],"rotation":{"angle":0,"axis":"y","origin":[16,16,16]},"faces":{"north":{"uv":[6,6,8,9],"texture":"#1"},"east":{"uv":[2,7,4,10],"texture":"#1"},"south":{"uv":[4,4,6,7],"texture":"#1"},"west":{"uv":[4,4,6,7],"texture":"#1"},"up":{"uv":[13,10,11,8],"texture":"#1"},"down":{"uv":[13,10,11,12],"texture":"#1"}}},{"from":[4.725,0,3.31371],"to":[16,1.9,11.31371],"rotation":{"angle":45,"axis":"y","origin":[8,8,11.31371]},"faces":{"north":{"uv":[11.25,12.5,14.125,12],"texture":"#1"},"east":{"uv":[13,7,15,7.5],"texture":"#1"},"south":{"uv":[13,0,15.875,0.5],"texture":"#1"},"west":{"uv":[13,7.5,15,8],"texture":"#1"},"up":{"uv":[10.875,2,8,0],"texture":"#1"},"down":{"uv":[10.875,2,8,4],"texture":"#1"}}},{"from":[5.89949,2,7.75],"to":[11.89949,15,13],"rotation":{"angle":-45,"axis":"y","origin":[10.89949,8,9]},"faces":{"north":{"uv":[8,8,9.5,11.25],"texture":"#1"},"east":{"uv":[9.5,8,10.875,11.25],"texture":"#1"},"south":{"uv":[6,9,7.5,12.25],"texture":"#1"},"west":{"uv":[2,10,3.375,13.25],"texture":"#1"},"up":{"uv":[9,12.625,7.5,11.25],"texture":"#1"},"down":{"uv":[10.5,11.25,9,12.625],"texture":"#1"}}},{"from":[4.725,14.09,3.31371],"to":[16,15.99,11.31371],"rotation":{"angle":45,"axis":"y","origin":[8,8,11.31371]},"faces":{"north":{"uv":[11.125,12,14,12.5],"texture":"#1"},"east":{"uv":[13,8,15,8.5],"texture":"#1"},"south":{"uv":[13,1,15.875,1.5],"texture":"#1"},"west":{"uv":[13,8.5,15,9],"texture":"#1"},"up":{"uv":[10.875,6,8,4],"texture":"#1"},"down":{"uv":[10.875,6,8,8],"texture":"#1"}}}],"gui_light":"front","display":{"thirdperson_righthand":{"rotation":[-151.69,41.31,-178.78],"scale":[0.58,0.58,0.58]},"thirdperson_lefthand":{"scale":[0.18,0.17,0.18]},"firstperson_righthand":{"scale":[0,0,0]},"firstperson_lefthand":{"scale":[0,0,0]},"ground":{"scale":[0.27,0.28,0.27]},"gui":{"rotation":[-151.69,41.31,-178.78],"scale":[0.58,0.58,0.58]},"head":{"translation":[0,-30.4,0],"scale":[1.6,1.6,1.6]},"fixed":{"translation":[0,0,-7.75],"scale":[0.84,0.84,0.85]}}}