{"credit":"MadewithBlockbench","texture_size":[64,64],"textures":{"1":"elitecreature:japan_furniture_v3/jf3_chair_orange"},"elements":[{"from":[3.32,-0.08,3.07],"to":[4.82,9.92,4.57],"rotation":{"angle":0,"axis":"y","origin":[8,8,8]},"faces":{"north":{"uv":[0,3,0.5,5.5],"texture":"#1"},"east":{"uv":[0,3,0.5,5.5],"texture":"#1"},"south":{"uv":[0,3,0.5,5.5],"texture":"#1"},"west":{"uv":[0,3,0.5,5.5],"texture":"#1"},"up":{"uv":[0.5,3,0,2.5],"texture":"#1"},"down":{"uv":[0.5,2.5,0,3],"texture":"#1"}}},{"from":[2.82,10.84,11.82],"to":[3.82,21.84,12.82],"rotation":{"angle":0,"axis":"y","origin":[8,7.92,17]},"faces":{"north":{"uv":[3.25,3,3.5,5.75],"texture":"#1"},"east":{"uv":[3.25,3,3.5,5.75],"texture":"#1"},"south":{"uv":[3.25,3,3.5,5.75],"texture":"#1"},"west":{"uv":[3.25,3,3.5,5.75],"texture":"#1"},"up":{"uv":[3,3,2.75,2.75],"texture":"#1"},"down":{"uv":[3,2.75,2.75,3],"texture":"#1"}}},{"from":[11.82,10.84,11.82],"to":[12.82,21.84,12.82],"rotation":{"angle":0,"axis":"y","origin":[8,7.92,17]},"faces":{"north":{"uv":[3.25,3,3.5,5.75],"texture":"#1"},"east":{"uv":[3.25,3,3.5,5.75],"texture":"#1"},"south":{"uv":[3.25,3,3.5,5.75],"texture":"#1"},"west":{"uv":[3.25,3,3.5,5.75],"texture":"#1"},"up":{"uv":[3,3,2.75,2.75],"texture":"#1"},"down":{"uv":[3,2.75,2.75,3],"texture":"#1"}}},{"from":[10.82,-0.08,3.07],"to":[12.32,9.92,4.57],"rotation":{"angle":0,"axis":"y","origin":[8,8,8]},"faces":{"north":{"uv":[0,3,0.5,5.5],"texture":"#1"},"east":{"uv":[0,3,0.5,5.5],"texture":"#1"},"south":{"uv":[0,3,0.5,5.5],"texture":"#1"},"west":{"uv":[0,3,0.5,5.5],"texture":"#1"},"up":{"uv":[0.5,3,0,2.5],"texture":"#1"},"down":{"uv":[0.5,2.5,0,3],"texture":"#1"}}},{"from":[3.07,-0.08,10.82],"to":[4.57,9.92,12.32],"rotation":{"angle":0,"axis":"y","origin":[8,8,8]},"faces":{"north":{"uv":[0,3,0.5,5.5],"texture":"#1"},"east":{"uv":[0,3,0.5,5.5],"texture":"#1"},"south":{"uv":[0,3,0.5,5.5],"texture":"#1"},"west":{"uv":[0,3,0.5,5.5],"texture":"#1"},"up":{"uv":[0.5,3,0,2.5],"texture":"#1"},"down":{"uv":[0.5,2.5,0,3],"texture":"#1"}}},{"from":[11.07,-0.08,10.82],"to":[12.57,9.92,12.32],"rotation":{"angle":0,"axis":"y","origin":[8,8,8]},"faces":{"north":{"uv":[0,3,0.5,5.5],"texture":"#1"},"east":{"uv":[0,3,0.5,5.5],"texture":"#1"},"south":{"uv":[0,3,0.5,5.5],"texture":"#1"},"west":{"uv":[0,3,0.5,5.5],"texture":"#1"},"up":{"uv":[0.5,3,0,2.5],"texture":"#1"},"down":{"uv":[0.5,2.5,0,3],"texture":"#1"}}},{"from":[2.82,10.28,2.82],"to":[12.82,10.78,12.82],"rotation":{"angle":0,"axis":"y","origin":[8,6.46,10.9]},"faces":{"north":{"uv":[0.75,3,3.25,3.25],"texture":"#1"},"east":{"uv":[0.75,3,3.25,3.25],"texture":"#1"},"south":{"uv":[0.75,3,3.25,3.25],"texture":"#1"},"west":{"uv":[0.75,3,3.25,3.25],"texture":"#1"},"up":{"uv":[3.25,5.75,0.75,3.25],"texture":"#1"},"down":{"uv":[3.25,3.25,0.75,5.75],"texture":"#1"}}},{"from":[11.72,4.58,3.92],"to":[12.22,5.58,11.92],"rotation":{"angle":0,"axis":"y","origin":[8,6.46,10.9]},"faces":{"north":{"uv":[0.5,2.75,0.75,3],"texture":"#1"},"east":{"uv":[0.75,2.75,2.75,3],"texture":"#1"},"south":{"uv":[0.5,2.75,0.75,3],"texture":"#1"},"west":{"uv":[0.75,2.75,2.75,3],"texture":"#1"},"up":{"uv":[0.75,5,0.5,3],"texture":"#1"},"down":{"uv":[0.75,3,0.5,5],"texture":"#1"}}},{"from":[3.47,4.58,3.92],"to":[3.97,5.58,11.92],"rotation":{"angle":0,"axis":"y","origin":[8,6.46,10.9]},"faces":{"north":{"uv":[0.5,2.75,0.75,3],"texture":"#1"},"east":{"uv":[0.75,2.75,2.75,3],"texture":"#1"},"south":{"uv":[0.5,2.75,0.75,3],"texture":"#1"},"west":{"uv":[0.75,2.75,2.75,3],"texture":"#1"},"up":{"uv":[0.75,5,0.5,3],"texture":"#1"},"down":{"uv":[0.75,3,0.5,5],"texture":"#1"}}},{"from":[3.92,4.58,3.22],"to":[11.92,5.58,3.72],"rotation":{"angle":0,"axis":"y","origin":[8,5.21,8]},"faces":{"north":{"uv":[0.5,2.5,2.5,2.75],"texture":"#1"},"east":{"uv":[2.5,2.5,2.75,2.75],"texture":"#1"},"south":{"uv":[0.5,2.5,2.5,2.75],"texture":"#1"},"west":{"uv":[2.5,2.5,2.75,2.75],"texture":"#1"},"up":{"uv":[2.5,2.75,0.5,2.5],"texture":"#1"},"down":{"uv":[2.5,2.5,0.5,2.75],"texture":"#1"}}},{"from":[3.17,4.58,11.72],"to":[12.17,5.58,12.22],"rotation":{"angle":0,"axis":"y","origin":[8,5.21,8]},"faces":{"north":{"uv":[0.5,2.5,2.5,2.75],"texture":"#1"},"east":{"uv":[2.5,2.5,2.75,2.75],"texture":"#1"},"south":{"uv":[0.5,2.5,2.5,2.75],"texture":"#1"},"west":{"uv":[2.5,2.5,2.75,2.75],"texture":"#1"},"up":{"uv":[2.5,2.75,0.5,2.5],"texture":"#1"},"down":{"uv":[2.5,2.5,0.5,2.75],"texture":"#1"}}},{"from":[3.27647,9.65689,3.22],"to":[12.27647,11.65689,12.22],"rotation":{"angle":0,"axis":"y","origin":[9.25647,9.53689,8]},"faces":{"north":{"uv":[2.25,0,4.5,0.5],"texture":"#1"},"east":{"uv":[2.25,0,4.5,0.5],"texture":"#1"},"south":{"uv":[2.25,0,4.5,0.5],"texture":"#1"},"west":{"uv":[2.25,0,4.5,0.5],"texture":"#1"},"up":{"uv":[2.25,2.25,0,0],"texture":"#1"},"down":{"uv":[2.25,0,0,2.25],"texture":"#1"}}},{"from":[3.16,16.04,11.97],"to":[12.16,22.04,12.97],"rotation":{"angle":0,"axis":"y","origin":[14.74,17.02,8]},"faces":{"north":{"uv":[2.25,0.5,4.5,2],"texture":"#1"},"east":{"uv":[4.5,0,4.75,1.5],"texture":"#1"},"south":{"uv":[4.75,0,7,1.5],"texture":"#1"},"west":{"uv":[4.5,0,4.75,1.5],"texture":"#1"},"up":{"uv":[4.5,2.25,2.25,2],"texture":"#1"},"down":{"uv":[4.5,2,2.25,2.25],"texture":"#1"}}}],"display":{"thirdperson_righthand":{"scale":[0.29,0.29,0.29]},"thirdperson_lefthand":{"scale":[0.29,0.29,0.29]},"firstperson_righthand":{"scale":[0,0,0]},"firstperson_lefthand":{"scale":[0,0,0]},"ground":{"scale":[0.33,0.33,0.35]},"gui":{"rotation":[21,148,0],"translation":[0,-1.75,0],"scale":[0.65,0.65,0.65]},"head":{"translation":[0,-29.75,0],"scale":[1.77,1.79,1.79]},"fixed":{"translation":[0,0,-10]}}}