{"credit":"MadewithBlockbench","texture_size":[64,64],"textures":{"2":"elitecreature:japan_furniture_v3/jf3_bed_white"},"elements":[{"from":[8.25,4,13],"to":[14.25,6,17],"rotation":{"angle":0,"axis":"y","origin":[8,8,8]},"faces":{"north":{"uv":[9,2.5,10.5,3],"texture":"#2"},"east":{"uv":[8,2.5,9,3],"texture":"#2"},"south":{"uv":[9,2.5,10.5,3],"texture":"#2"},"west":{"uv":[8,2.5,9,3],"texture":"#2"},"up":{"uv":[12,4,10.5,3],"texture":"#2"}}},{"from":[1.5,4,13],"to":[7.5,6,17],"rotation":{"angle":0,"axis":"y","origin":[8,8.31678,8]},"faces":{"north":{"uv":[9,2.5,10.5,3],"texture":"#2"},"east":{"uv":[8,2.5,9,3],"texture":"#2"},"south":{"uv":[9,2.5,10.5,3],"texture":"#2"},"west":{"uv":[8,2.5,9,3],"texture":"#2"},"up":{"uv":[12,3.5,10.5,2.5],"texture":"#2"}}},{"from":[0,0,-3],"to":[16,2,19],"rotation":{"angle":0,"axis":"y","origin":[8,8,8]},"faces":{"north":{"uv":[0,6.5,4,7],"texture":"#2"},"east":{"uv":[0,6,5.5,6.5],"texture":"#2"},"south":{"uv":[0,6.5,4,7],"texture":"#2"},"west":{"uv":[0,6,5.5,6.5],"texture":"#2"},"up":{"uv":[4,7,0,12.5],"texture":"#2"},"down":{"uv":[4,7,0,12.5],"texture":"#2"}}},{"from":[0.4736,2.4592,-2.3488],"to":[15.4736,4.4592,18.6512],"rotation":{"angle":0,"axis":"y","origin":[8,7.7632,8]},"faces":{"north":{"uv":[8,0.125,11.75,0.625],"texture":"#2"},"east":{"uv":[13.25,0.75,8,1.25],"texture":"#2"},"south":{"uv":[8,1.25,11.75,1.75],"texture":"#2"},"west":{"uv":[8,0.75,13.25,1.25],"texture":"#2"},"up":{"uv":[8,6,4.25,0.75],"texture":"#2"},"down":{"uv":[8,0.75,4.25,6],"texture":"#2"}}},{"from":[-0.12957,2.4463,9.40934],"to":[15.87043,5.4463,12.40934],"rotation":{"angle":0,"axis":"y","origin":[8,8.31678,8]},"faces":{"north":{"uv":[8,1.75,12,2.5],"texture":"#2"},"east":{"uv":[12,1.75,12.75,2.5],"texture":"#2"},"south":{"uv":[8,1.75,12,2.5],"texture":"#2"},"west":{"uv":[12,1.75,12.75,2.5],"texture":"#2"},"up":{"uv":[12,2.5,8,1.75],"texture":"#2"},"down":{"uv":[12,1.75,8,2.5],"texture":"#2"}}},{"from":[-0.48,1.94,-3.66],"to":[16.52,2.44,19.34],"rotation":{"angle":0,"axis":"y","origin":[8,8.24,8]},"faces":{"north":{"uv":[0,0.125,4.25,0.25],"texture":"#2"},"east":{"uv":[0,0,5.75,0.125],"texture":"#2"},"south":{"uv":[0,0.125,4.25,0.25],"texture":"#2"},"west":{"uv":[0,0,5.75,0.125],"texture":"#2"},"up":{"uv":[0,6,4.25,0.25],"texture":"#2"},"down":{"uv":[4.25,6,0,0.25],"texture":"#2"}}}],"display":{"thirdperson_righthand":{"translation":[-0.75,2,0],"scale":[0.3,0.3,0.3]},"thirdperson_lefthand":{"translation":[-0.75,2,0],"scale":[0.3,0.3,0.3]},"firstperson_righthand":{"scale":[0,0,0]},"firstperson_lefthand":{"scale":[0,0,0]},"ground":{"scale":[0.3,0.29,0.29]},"gui":{"rotation":[25,148,0],"translation":[0,0.5,0],"scale":[0.64,0.65,0.65]},"head":{"translation":[-12.75,-16.75,0],"scale":[3.3,3.3,3.3]},"fixed":{"translation":[0,0,-10.25]}}}