{"credit":"MadewithBlockbench","texture_size":[128,128],"textures":{"1":"elitecreature:japan_furniture_v3/jf3_sofa_red_corner"},"elements":[{"from":[-11,0,-16],"to":[2,9,-11],"faces":{"north":{"uv":[3.25,3.125,4.875,4.25],"texture":"#1"},"east":{"uv":[2.625,3.125,3.25,4.25],"texture":"#1"},"south":{"uv":[4.875,3.125,6.5,4.25],"texture":"#1"},"west":{"uv":[6.5,3.125,7.125,4.25],"texture":"#1"},"up":{"uv":[5.5,4.875,3.875,4.25],"texture":"#1"},"down":{"uv":[7.125,4.25,5.5,4.875],"texture":"#1"}}},{"from":[-11,0,8],"to":[-6,2,13],"faces":{"north":{"uv":[7.75,2,8.375,2.25],"texture":"#1"},"east":{"uv":[7.75,2,8.375,2.25],"texture":"#1"},"south":{"uv":[7.75,2,8.375,2.25],"texture":"#1"},"west":{"uv":[7.75,2,8.375,2.25],"texture":"#1"},"down":{"uv":[8.375,2.25,7.75,2.875],"texture":"#1"}}},{"from":[2,2,0],"to":[14,6,13],"faces":{"north":{"uv":[6.25,2.5,7.75,3],"texture":"#1"},"south":{"uv":[6.25,2,7.75,2.5],"texture":"#1"},"up":{"uv":[4.75,3.125,3.25,1.5],"texture":"#1"},"down":{"uv":[6.25,1.5,4.75,3.125],"texture":"#1"}}},{"from":[-11,2,-11],"to":[2,6,13],"faces":{"east":{"uv":[3.25,0,6.25,0.5],"texture":"#1"},"south":{"uv":[3.25,1,4.875,1.5],"texture":"#1"},"west":{"uv":[3.25,0.5,6.25,1],"texture":"#1"},"up":{"uv":[1.625,3,0,0],"texture":"#1"},"down":{"uv":[3.25,0,1.625,3],"texture":"#1"}}},{"from":[-11,6,-11],"to":[-7,14,13],"faces":{"east":{"uv":[6.25,0,9.25,1],"texture":"#1"},"south":{"uv":[8.75,2,9.25,3],"texture":"#1"},"west":{"uv":[6.25,1,9.25,2],"texture":"#1"},"up":{"uv":[9.75,3,9.25,0],"texture":"#1"}}},{"from":[-11,9,-16],"to":[-7,14,-11],"faces":{"north":{"uv":[3.125,4.875,3.625,5.5],"texture":"#1"},"east":{"uv":[3.25,4.25,3.875,4.875],"texture":"#1"},"west":{"uv":[2.625,4.25,3.25,4.875],"texture":"#1"},"up":{"uv":[3.125,5.5,2.625,4.875],"texture":"#1"}}},{"from":[14,9,9],"to":[18,14,13],"faces":{"north":{"uv":[7.625,3,8.125,3.625],"texture":"#1"},"east":{"uv":[7.125,3.625,7.625,4.25],"texture":"#1"},"south":{"uv":[7.125,3,7.625,3.625],"texture":"#1"},"up":{"uv":[8.125,4.125,7.625,3.625],"texture":"#1"}}},{"from":[-7,6,9],"to":[14,14,13],"faces":{"north":{"uv":[0,3.5,2.625,4.5],"texture":"#1"},"south":{"uv":[0,4.5,2.625,5.5],"texture":"#1"},"up":{"uv":[2.625,3.5,0,3],"texture":"#1"}}},{"from":[14,0,0],"to":[18,9,13],"faces":{"north":{"uv":[1,6.625,1.5,7.75],"texture":"#1"},"east":{"uv":[0,5.5,1.625,6.625],"texture":"#1"},"south":{"uv":[1.5,6.625,2,7.75],"texture":"#1"},"west":{"uv":[1.625,5.5,3.25,6.625],"texture":"#1"},"up":{"uv":[0.5,8.25,0,6.625],"texture":"#1"},"down":{"uv":[1,6.625,0.5,8.25],"texture":"#1"}}}],"display":{"thirdperson_righthand":{"translation":[0,1,0],"scale":[0.17,0.17,0.17]},"thirdperson_lefthand":{"translation":[0,1,0],"scale":[0.17,0.17,0.17]},"firstperson_righthand":{"scale":[0,0,0]},"firstperson_lefthand":{"scale":[0,0,0]},"ground":{"scale":[0.17,0.16,0.16]},"gui":{"rotation":[17,-166,0],"translation":[-3,-1.25,0],"scale":[0.46,0.46,0.46]},"head":{"translation":[27.25,-27.25,-1.25],"scale":[2,2,2]},"fixed":{"translation":[4,0,-8]}}}