{"credit":"MadewithBlockbench","texture_size":[64,64],"textures":{"1":"elitecreature:japan_furniture_v3/jf3_table"},"elements":[{"from":[5,2,0],"to":[15,14,15],"faces":{"north":{"uv":[7.75,0,10.25,3],"texture":"#1"},"east":{"uv":[4,0,7.75,3],"texture":"#1"},"south":{"uv":[7.75,0,10.25,3],"texture":"#1"},"west":{"uv":[4,3,7.75,6],"texture":"#1"},"up":{"uv":[6.5,9.75,4,6],"texture":"#1"},"down":{"uv":[9,6,6.5,9.75],"texture":"#1"}}},{"from":[1,2,5],"to":[5,14,15],"faces":{"north":{"uv":[2.5,8,3.5,11],"texture":"#1"},"east":{"uv":[0,8,2.5,11],"texture":"#1"},"south":{"uv":[2.5,8,3.5,11],"texture":"#1"},"west":{"uv":[9,6,11.5,9],"texture":"#1"},"up":{"uv":[4.5,12.25,3.5,9.75],"texture":"#1"},"down":{"uv":[5.5,9.75,4.5,12.25],"texture":"#1"}}},{"from":[0,14,0],"to":[16,16,16],"faces":{"north":{"uv":[10,9,14,9.5],"texture":"#1"},"east":{"uv":[10,9,14,9.5],"texture":"#1"},"south":{"uv":[10,9,14,9.5],"texture":"#1"},"west":{"uv":[10.25,0,14.25,0.5],"texture":"#1"},"up":{"uv":[4,4,0,0],"texture":"#1"},"down":{"uv":[4,4,0,8],"texture":"#1"}}},{"from":[0,0,0],"to":[16,2,16],"rotation":{"angle":0,"axis":"y","origin":[0,16,0]},"faces":{"north":{"uv":[10,9.5,14,9],"texture":"#1"},"east":{"uv":[10,9.5,14,9],"texture":"#1"},"south":{"uv":[10,9.5,14,9],"texture":"#1"},"west":{"uv":[10.25,0.5,14.25,0],"texture":"#1"},"up":{"uv":[4,8,0,4],"texture":"#1"},"down":{"uv":[4,0,0,4],"texture":"#1"}}}],"display":{"thirdperson_righthand":{"scale":[0.18,0.17,0.18]},"thirdperson_lefthand":{"scale":[0.18,0.17,0.18]},"firstperson_righthand":{"scale":[0,0,0]},"firstperson_lefthand":{"scale":[0,0,0]},"ground":{"scale":[0.27,0.28,0.27]},"gui":{"rotation":[-151.69,41.31,-178.78],"scale":[0.58,0.58,0.58]},"head":{"translation":[0,-30.4,0],"scale":[1.6,1.6,1.6]},"fixed":{"translation":[0,0,-7.75],"scale":[0.84,0.84,0.85]}}}