{"credit":"MadewithBlockbench","texture_size":[64,64],"textures":{"1":"elitecreature:japan_furniture_v3/jf3_shelf_5"},"elements":[{"from":[8,7,7.5],"to":[9,18,8.5],"color":5,"faces":{"north":{"uv":[0,0,0.25,2.75],"texture":"#missing"},"east":{"uv":[0,0,0.25,2.75],"texture":"#missing"},"south":{"uv":[0,0,0.25,2.75],"texture":"#missing"},"west":{"uv":[0,0,0.25,2.75],"texture":"#missing"},"up":{"uv":[0,0,0.25,0.25],"texture":"#missing"},"down":{"uv":[0,0,0.25,0.25],"texture":"#missing"}}},{"from":[4,7,7.5],"to":[5,18,8.5],"color":5,"faces":{"north":{"uv":[0,0,0.25,2.75],"texture":"#missing"},"east":{"uv":[0,0,0.25,2.75],"texture":"#missing"},"south":{"uv":[0,0,0.25,2.75],"texture":"#missing"},"west":{"uv":[0,0,0.25,2.75],"texture":"#missing"},"up":{"uv":[0,0,0.25,0.25],"texture":"#missing"},"down":{"uv":[0,0,0.25,0.25],"texture":"#missing"}}},{"from":[0,6,8],"to":[17,19,13],"faces":{"north":{"uv":[0,0,4.25,3.25],"texture":"#1"},"east":{"uv":[4.25,1.25,5.5,4.5],"texture":"#1"},"south":{"uv":[0,3.25,4.25,6.5],"texture":"#1"},"west":{"uv":[4.25,1.25,5.5,4.5],"texture":"#1"},"up":{"uv":[8.5,1.25,4.25,0],"texture":"#1"},"down":{"uv":[8.5,0,4.25,1.25],"texture":"#1"}}},{"from":[0,18,7],"to":[17,19,8],"faces":{"north":{"uv":[4.25,6.5,0,6.75],"texture":"#1"},"east":{"uv":[4.25,6.5,4.5,6.75],"texture":"#1"},"south":{"uv":[4.25,6.5,0,6.75],"texture":"#1"},"west":{"uv":[4.25,6.5,4.5,6.75],"texture":"#1"},"up":{"uv":[4.25,6.5,0,6.75],"texture":"#1"},"down":{"uv":[4.25,6.5,0,6.75],"texture":"#1"}}},{"from":[0,6,7],"to":[17,7,8],"faces":{"north":{"uv":[4.25,6.5,0,6.75],"texture":"#1"},"east":{"uv":[4.25,6.5,4.5,6.75],"texture":"#1"},"south":{"uv":[4.25,6.5,0,6.75],"texture":"#1"},"west":{"uv":[4.25,6.5,4.5,6.75],"texture":"#1"},"up":{"uv":[4.25,6.5,0,6.75],"texture":"#1"},"down":{"uv":[4.25,6.5,0,6.75],"texture":"#1"}}},{"from":[12,7,7.5],"to":[13,18,8.5],"faces":{"north":{"uv":[5.75,1.25,6,4],"texture":"#1"},"east":{"uv":[5.75,1.25,6,4],"texture":"#1"},"south":{"uv":[5.75,1.25,6,4],"texture":"#1"},"west":{"uv":[5.75,1.25,6,4],"texture":"#1"}}},{"from":[8,7,7.5],"to":[9,18,8.5],"faces":{"north":{"uv":[5.75,1.25,6,4],"texture":"#1"},"east":{"uv":[5.75,1.25,6,4],"texture":"#1"},"south":{"uv":[5.75,1.25,6,4],"texture":"#1"},"west":{"uv":[5.75,1.25,6,4],"texture":"#1"}}},{"from":[4,7,7.5],"to":[5,18,8.5],"faces":{"north":{"uv":[5.75,1.25,6,4],"texture":"#1"},"east":{"uv":[5.75,1.25,6,4],"texture":"#1"},"south":{"uv":[5.75,1.25,6,4],"texture":"#1"},"west":{"uv":[5.75,1.25,6,4],"texture":"#1"}}},{"from":[1,10,7.6],"to":[12,11,8.6],"faces":{"north":{"uv":[6,1.25,8.75,1.5],"texture":"#1"},"south":{"uv":[6,1.25,8.75,1.5],"texture":"#1"},"up":{"uv":[6,1.25,8.75,1.5],"texture":"#1"},"down":{"uv":[6,1.25,8.75,1.5],"texture":"#1"}}},{"from":[1,14,7.6],"to":[12,15,8.6],"faces":{"north":{"uv":[6,1.25,8.75,1.5],"texture":"#1"},"south":{"uv":[6,1.25,8.75,1.5],"texture":"#1"},"up":{"uv":[6,1.25,8.75,1.5],"texture":"#1"},"down":{"uv":[6,1.25,8.75,1.5],"texture":"#1"}}},{"from":[16,7,7],"to":[17,18,8],"faces":{"north":{"uv":[5.5,1.25,5.75,4],"texture":"#1"},"east":{"uv":[5.5,1.25,5.75,4],"texture":"#1"},"south":{"uv":[5.5,1.25,5.75,4],"texture":"#1"},"west":{"uv":[5.5,1.25,5.75,4],"texture":"#1"}}},{"from":[0,7,7],"to":[1,18,8],"faces":{"north":{"uv":[5.5,1.25,5.75,4],"texture":"#1"},"east":{"uv":[5.5,1.25,5.75,4],"texture":"#1"},"south":{"uv":[5.5,1.25,5.75,4],"texture":"#1"},"west":{"uv":[5.5,1.25,5.75,4],"texture":"#1"}}},{"from":[9,15,8],"to":[12,17,8],"rotation":{"angle":22.5,"axis":"x","origin":[10.5,17,8]},"faces":{"north":{"uv":[4.25,4.5,5,5],"texture":"#1"},"south":{"uv":[5,4.5,4.25,5],"texture":"#1"}}},{"from":[13,15,8],"to":[16,17,8],"rotation":{"angle":22.5,"axis":"x","origin":[10.5,17,8]},"faces":{"north":{"uv":[4.25,4.5,5,5],"texture":"#1"},"south":{"uv":[5,4.5,4.25,5],"texture":"#1"}}},{"from":[9,11,8],"to":[12,13,8],"rotation":{"angle":22.5,"axis":"x","origin":[6.5,13,8]},"faces":{"north":{"uv":[4.25,4.5,5,5],"texture":"#1"},"south":{"uv":[5,4.5,4.25,5],"texture":"#1"}}},{"from":[9,7,8],"to":[12,9,8],"rotation":{"angle":22.5,"axis":"x","origin":[6.5,9,8]},"faces":{"north":{"uv":[4.25,4.5,5,5],"texture":"#1"},"south":{"uv":[5,4.5,4.25,5],"texture":"#1"}}},{"from":[5,7,8],"to":[8,9,8],"rotation":{"angle":22.5,"axis":"x","origin":[6.5,9,8]},"faces":{"north":{"uv":[4.25,4.5,5,5],"texture":"#1"},"south":{"uv":[5,4.5,4.25,5],"texture":"#1"}}},{"from":[5,11,8],"to":[8,13,8],"rotation":{"angle":22.5,"axis":"x","origin":[6.5,13,8]},"faces":{"north":{"uv":[4.25,4.5,5,5],"texture":"#1"},"south":{"uv":[5,4.5,4.25,5],"texture":"#1"}}},{"from":[5,15,8],"to":[8,17,8],"rotation":{"angle":22.5,"axis":"x","origin":[10.5,17,8]},"faces":{"north":{"uv":[4.25,4.5,5,5],"texture":"#1"},"south":{"uv":[5,4.5,4.25,5],"texture":"#1"}}},{"from":[1,15,8],"to":[4,17,8],"rotation":{"angle":22.5,"axis":"x","origin":[10.5,17,8]},"faces":{"north":{"uv":[4.25,4.5,5,5],"texture":"#1"},"south":{"uv":[5,4.5,4.25,5],"texture":"#1"}}},{"from":[1,11,8],"to":[4,13,8],"rotation":{"angle":22.5,"axis":"x","origin":[6.5,13,8]},"faces":{"north":{"uv":[4.25,4.5,5,5],"texture":"#1"},"south":{"uv":[5,4.5,4.25,5],"texture":"#1"}}},{"from":[1,7,8],"to":[4,9,8],"rotation":{"angle":22.5,"axis":"x","origin":[6.5,9,8]},"faces":{"north":{"uv":[4.25,4.5,5,5],"texture":"#1"},"south":{"uv":[5,4.5,4.25,5],"texture":"#1"}}}],"display":{"thirdperson_righthand":{"rotation":[8.75,0,0],"translation":[-0.5,-0.25,-0.25],"scale":[0.26,0.27,0.27]},"thirdperson_lefthand":{"rotation":[8.75,0,0],"translation":[-0.5,-0.25,-0.25],"scale":[0.26,0.27,0.27]},"firstperson_righthand":{"scale":[0,0,0]},"firstperson_lefthand":{"scale":[0,0,0]},"ground":{"translation":[0.25,0,-0.5],"scale":[0.32,0.32,0.32]},"gui":{"rotation":[20,153,0],"translation":[0,-4.5,0],"scale":[0.75,0.74,0.74]},"head":{"translation":[-2.25,-38,-2.25],"scale":[2.72,2.72,2.7]},"fixed":{"translation":[-0.5,-2.75,-7.5]}}}