{"credit":"MadewithBlockbench","texture_size":[32,32],"textures":{"1":"elitecreature:japan_furniture_v3/jf3_table_circle_white"},"elements":[{"from":[5.5,0,5],"to":[10.5,1,10],"rotation":{"angle":0,"axis":"y","origin":[-0.5,0,0]},"faces":{"north":{"uv":[9.5,5.5,12,6],"texture":"#1"},"east":{"uv":[9.5,6,12,6.5],"texture":"#1"},"south":{"uv":[6.5,9.5,9,10],"texture":"#1"},"west":{"uv":[9.5,6.5,12,7],"texture":"#1"},"up":{"uv":[9,2.5,6.5,0],"texture":"#1"},"down":{"uv":[9,2.5,6.5,5],"texture":"#1"}}},{"from":[1.5,9,1],"to":[14.5,10,14],"rotation":{"angle":45,"axis":"y","origin":[8,9.5,7.5]},"faces":{"north":{"uv":[9,4,15.5,4.5],"texture":"#1"},"east":{"uv":[9,4.5,15.5,5],"texture":"#1"},"south":{"uv":[6.5,9,13,9.5],"texture":"#1"},"west":{"uv":[9.5,5,16,5.5],"texture":"#1"},"up":{"uv":[6.5,6.5,0,0],"texture":"#1"},"down":{"uv":[6.5,6.5,0,0],"texture":"#1"}}},{"from":[7,1,6.5],"to":[9,9,8.5],"rotation":{"angle":0,"axis":"y","origin":[-0.5,0,0]},"faces":{"north":{"uv":[6.5,5,7.5,9],"texture":"#1"},"east":{"uv":[7.5,5,8.5,9],"texture":"#1"},"south":{"uv":[9.5,5,8.5,9],"texture":"#1"},"west":{"uv":[9,0,10,4],"texture":"#1"},"up":{"uv":[10.5,8,9.5,7],"texture":"#1"},"down":{"uv":[10.5,8,9.5,9],"texture":"#1"}}}],"gui_light":"front","display":{"thirdperson_righthand":{"scale":[0.29,0.29,0.29]},"thirdperson_lefthand":{"scale":[0.29,0.29,0.29]},"firstperson_righthand":{"scale":[0,0,0]},"firstperson_lefthand":{"scale":[0,0,0]},"ground":{"scale":[0.37,0.36,0.36]},"gui":{"rotation":[-151.69,41.31,-178.78],"translation":[0,1.5,0],"scale":[0.91,0.91,0.91]},"head":{"translation":[0,-27.25,0],"scale":[2,2,2]},"fixed":{"translation":[0,0,-9.75]}}}