{"credit":"91703 / 0202FLAUTMTD8YE2Z","texture_size":[128,128],"textures":{"0":"elitecreatures:vending_decoration_v1/vending_machine_gumball_mini","particle":"elitecreatures:vending_decoration_v1/vending_machine_gumball_mini"},"elements":[{"from":[3,-13,3],"to":[13,-4,13],"faces":{"north":{"uv":[7.75,0,9,1.125],"texture":"#0"},"east":{"uv":[7.75,1.125,9,2.25],"texture":"#0"},"south":{"uv":[7.75,1.125,9,2.25],"texture":"#0"},"west":{"uv":[7.75,1.125,9,2.25],"texture":"#0"},"up":{"uv":[7.75,2.75,6.5,1.5],"texture":"#0"},"down":{"uv":[7.75,0.25,6.5,1.5],"texture":"#0"}}},{"from":[0,-16,0],"to":[16,-13,16],"faces":{"north":{"uv":[3.5,7.25,5.5,7.625],"texture":"#0"},"east":{"uv":[3.5,7.25,5.5,7.625],"texture":"#0"},"south":{"uv":[3.5,7.25,5.5,7.625],"texture":"#0"},"west":{"uv":[3.5,7.25,5.5,7.625],"texture":"#0"},"up":{"uv":[5.5,5.25,3.5,3.25],"texture":"#0"},"down":{"uv":[5.5,5.25,3.5,7.25],"texture":"#0"}}},{"from":[1,12,1],"to":[15,17,15],"faces":{"north":{"uv":[1.75,3.25,3.5,3.875],"texture":"#0"},"east":{"uv":[1.75,3.25,3.5,3.875],"texture":"#0"},"south":{"uv":[1.75,3.25,3.5,3.875],"texture":"#0"},"west":{"uv":[1.75,3.25,3.5,3.875],"texture":"#0"},"up":{"uv":[1.75,7,0,5.25],"texture":"#0"},"down":{"uv":[1.75,3.5,0,5.25],"texture":"#0"}}},{"from":[5,12,0],"to":[11,17,1],"faces":{"north":{"uv":[1.75,3.875,2.5,4.5],"texture":"#0"},"east":{"uv":[2.5,3.875,2.625,4.5],"texture":"#0"},"south":{"uv":[1.75,3.875,2.5,4.5],"texture":"#0"},"west":{"uv":[2.5,3.875,2.625,4.5],"texture":"#0"},"up":{"uv":[2.5,4.625,1.75,4.5],"texture":"#0"},"down":{"uv":[2.5,4.5,1.75,4.625],"texture":"#0"}}},{"from":[6,14,-0.5],"to":[10,15,0.5],"faces":{"north":{"uv":[2.625,3.875,3.125,4],"texture":"#0"},"east":{"uv":[2.625,4,2.75,4.125],"texture":"#0"},"south":{"uv":[2.625,3.875,3.125,4],"texture":"#0"},"west":{"uv":[2.625,4,2.75,4.125],"texture":"#0"},"up":{"uv":[3.125,4,2.625,3.875],"texture":"#0"},"down":{"uv":[3.125,3.875,2.625,4],"texture":"#0"}}},{"from":[3,30,3],"to":[13,32,13],"faces":{"north":{"uv":[6.5,0,7.75,0.25],"texture":"#0"},"east":{"uv":[6.5,0,7.75,0.25],"texture":"#0"},"south":{"uv":[6.5,0,7.75,0.25],"texture":"#0"},"west":{"uv":[6.5,0,7.75,0.25],"texture":"#0"},"up":{"uv":[6.5,1.25,5.25,0],"texture":"#0"},"down":{"uv":[6.5,1.25,5.25,2.5],"texture":"#0"}}},{"from":[5,-4,5],"to":[11,12,11],"faces":{"north":{"uv":[5.5,2.5,6.25,4.5],"texture":"#0"},"east":{"uv":[5.5,2.5,6.25,4.5],"texture":"#0"},"south":{"uv":[5.5,2.5,6.25,4.5],"texture":"#0"},"west":{"uv":[5.5,2.5,6.25,4.5],"texture":"#0"}}},{"from":[1,17,1],"to":[15,30,15],"faces":{"north":{"uv":[1.75,0,3.5,1.625],"texture":"#0"},"east":{"uv":[1.75,1.625,3.5,3.25],"texture":"#0"},"south":{"uv":[3.5,0,5.25,1.625],"texture":"#0"},"west":{"uv":[3.5,1.625,5.25,3.25],"texture":"#0"},"up":{"uv":[1.75,1.75,0,0],"texture":"#0"},"down":{"uv":[1.75,1.75,0,3.5],"texture":"#0"}}},{"from":[6,17,6],"to":[9,20,9],"rotation":{"angle":0,"axis":"y","origin":[0,3,0]},"faces":{"north":{"uv":[6.875,2.875,7.25,3.25],"texture":"#0"},"east":{"uv":[6.875,2.875,7.25,3.25],"texture":"#0"},"south":{"uv":[6.875,2.875,7.25,3.25],"texture":"#0"},"west":{"uv":[6.875,2.875,7.25,3.25],"texture":"#0"},"up":{"uv":[6.875,3.25,7.25,3.625],"texture":"#0"},"down":{"uv":[6.875,3.25,7.25,3.625],"texture":"#0"}}},{"from":[10.95,17,10.1],"to":[13.95,20,13.1],"rotation":{"angle":45,"axis":"y","origin":[11.5,18.5,11.5]},"faces":{"north":{"uv":[6.875,2.875,7.25,3.25],"texture":"#0"},"east":{"uv":[6.875,2.875,7.25,3.25],"texture":"#0"},"south":{"uv":[6.875,2.875,7.25,3.25],"texture":"#0"},"west":{"uv":[6.875,2.875,7.25,3.25],"texture":"#0"},"up":{"uv":[6.875,3.25,7.25,3.625],"texture":"#0"},"down":{"uv":[6.875,3.25,7.25,3.625],"texture":"#0"}}},{"from":[3,17,10.7],"to":[6,20,13.7],"rotation":{"angle":22.5,"axis":"y","origin":[3.5,18.5,12.5]},"faces":{"north":{"uv":[6.875,2.875,7.25,3.25],"texture":"#0"},"east":{"uv":[6.875,2.875,7.25,3.25],"texture":"#0"},"south":{"uv":[6.875,2.875,7.25,3.25],"texture":"#0"},"west":{"uv":[6.875,2.875,7.25,3.25],"texture":"#0"},"up":{"uv":[6.875,3.25,7.25,3.625],"rotation":90,"texture":"#0"},"down":{"uv":[6.875,3.25,7.25,3.625],"rotation":270,"texture":"#0"}}},{"from":[6,17,9.5],"to":[9,20,12.5],"rotation":{"angle":-45,"axis":"y","origin":[7.5,18.5,11.5]},"faces":{"north":{"uv":[6.375,2.875,6.75,3.25],"texture":"#0"},"east":{"uv":[6.375,2.875,6.75,3.25],"texture":"#0"},"south":{"uv":[6.375,2.875,6.75,3.25],"texture":"#0"},"west":{"uv":[6.375,2.875,6.75,3.25],"texture":"#0"},"up":{"uv":[6.375,3.25,6.75,3.625],"texture":"#0"},"down":{"uv":[6.375,3.25,6.75,3.625],"texture":"#0"}}},{"from":[2.5,17,7],"to":[5.5,20,10],"rotation":{"angle":45,"axis":"y","origin":[3.5,18.5,8.5]},"faces":{"north":{"uv":[6.375,2.875,6.75,3.25],"texture":"#0"},"east":{"uv":[6.375,2.875,6.75,3.25],"texture":"#0"},"south":{"uv":[6.375,2.875,6.75,3.25],"texture":"#0"},"west":{"uv":[6.375,2.875,6.75,3.25],"texture":"#0"},"up":{"uv":[6.375,3.25,6.75,3.625],"texture":"#0"},"down":{"uv":[6.375,3.25,6.75,3.625],"texture":"#0"}}},{"from":[7,17,2],"to":[10,20,5],"rotation":{"angle":22.5,"axis":"y","origin":[8.5,18.5,3.5]},"faces":{"north":{"uv":[6.375,2.875,6.75,3.25],"texture":"#0"},"east":{"uv":[6.375,2.875,6.75,3.25],"texture":"#0"},"south":{"uv":[6.375,2.875,6.75,3.25],"texture":"#0"},"west":{"uv":[6.375,2.875,6.75,3.25],"texture":"#0"},"up":{"uv":[6.375,3.25,6.75,3.625],"texture":"#0"},"down":{"uv":[6.375,3.25,6.75,3.625],"texture":"#0"}}},{"from":[3.5,20,9.64645],"to":[6.5,23,12.64645],"rotation":{"angle":0,"axis":"y","origin":[10.17678,21.5,5.82322]},"faces":{"north":{"uv":[6.875,2.875,7.25,3.25],"texture":"#0"},"east":{"uv":[6.875,2.875,7.25,3.25],"texture":"#0"},"south":{"uv":[6.875,2.875,7.25,3.25],"texture":"#0"},"west":{"uv":[6.875,2.875,7.25,3.25],"texture":"#0"},"up":{"uv":[6.875,3.25,7.25,3.625],"rotation":90,"texture":"#0"},"down":{"uv":[6.875,3.25,7.25,3.625],"rotation":270,"texture":"#0"}}},{"from":[7.5,20,9.89645],"to":[10.5,23,12.89645],"rotation":{"angle":22.5,"axis":"y","origin":[11,21.5,12.39645]},"faces":{"north":{"uv":[6.875,2.875,7.25,3.25],"texture":"#0"},"east":{"uv":[6.875,2.875,7.25,3.25],"texture":"#0"},"south":{"uv":[6.875,2.875,7.25,3.25],"texture":"#0"},"west":{"uv":[6.875,2.875,7.25,3.25],"texture":"#0"},"up":{"uv":[6.875,3.25,7.25,3.625],"rotation":90,"texture":"#0"},"down":{"uv":[6.875,3.25,7.25,3.625],"rotation":270,"texture":"#0"}}},{"from":[2,20,2.64645],"to":[5,23,5.64645],"rotation":{"angle":22.5,"axis":"y","origin":[3.5,21.5,4.14645]},"faces":{"north":{"uv":[6.875,2.875,7.25,3.25],"texture":"#0"},"east":{"uv":[6.875,2.875,7.25,3.25],"texture":"#0"},"south":{"uv":[6.875,2.875,7.25,3.25],"texture":"#0"},"west":{"uv":[6.875,2.875,7.25,3.25],"texture":"#0"},"up":{"uv":[6.875,3.25,7.25,3.625],"rotation":90,"texture":"#0"},"down":{"uv":[6.875,3.25,7.25,3.625],"rotation":270,"texture":"#0"}}},{"from":[8.75,23,8.39645],"to":[11.75,26,11.39645],"rotation":{"angle":22.5,"axis":"y","origin":[3.5,21.5,4.14645]},"faces":{"north":{"uv":[6.875,2.875,7.25,3.25],"texture":"#0"},"east":{"uv":[6.875,2.875,7.25,3.25],"texture":"#0"},"south":{"uv":[6.875,2.875,7.25,3.25],"texture":"#0"},"west":{"uv":[6.875,2.875,7.25,3.25],"texture":"#0"},"up":{"uv":[6.875,3.25,7.25,3.625],"rotation":90,"texture":"#0"},"down":{"uv":[6.875,3.25,7.25,3.625],"rotation":270,"texture":"#0"}}},{"from":[2.75,26,9.39645],"to":[5.75,29,12.39645],"rotation":{"angle":22.5,"axis":"y","origin":[3.5,21.5,4.14645]},"faces":{"north":{"uv":[6.875,2.875,7.25,3.25],"texture":"#0"},"east":{"uv":[6.875,2.875,7.25,3.25],"texture":"#0"},"south":{"uv":[6.875,2.875,7.25,3.25],"texture":"#0"},"west":{"uv":[6.875,2.875,7.25,3.25],"texture":"#0"},"up":{"uv":[6.875,3.25,7.25,3.625],"rotation":90,"texture":"#0"},"down":{"uv":[6.875,3.25,7.25,3.625],"rotation":270,"texture":"#0"}}},{"from":[10,20,2.64645],"to":[13,23,5.64645],"rotation":{"angle":0,"axis":"y","origin":[10.17678,21.5,5.82322]},"faces":{"north":{"uv":[6.875,2.875,7.25,3.25],"texture":"#0"},"east":{"uv":[6.875,2.875,7.25,3.25],"texture":"#0"},"south":{"uv":[6.875,2.875,7.25,3.25],"texture":"#0"},"west":{"uv":[6.875,2.875,7.25,3.25],"texture":"#0"},"up":{"uv":[6.875,3.25,7.25,3.625],"rotation":90,"texture":"#0"},"down":{"uv":[6.875,3.25,7.25,3.625],"rotation":270,"texture":"#0"}}},{"from":[9.9341,20,6.85866],"to":[12.9341,23,9.85866],"rotation":{"angle":22.5,"axis":"y","origin":[10.17678,21.5,5.82322]},"faces":{"north":{"uv":[6.375,2.875,6.75,3.25],"texture":"#0"},"east":{"uv":[6.375,2.875,6.75,3.25],"texture":"#0"},"south":{"uv":[6.375,2.875,6.75,3.25],"texture":"#0"},"west":{"uv":[6.375,2.875,6.75,3.25],"texture":"#0"},"up":{"uv":[6.375,3.25,6.75,3.625],"rotation":90,"texture":"#0"},"down":{"uv":[6.375,3.25,6.75,3.625],"rotation":270,"texture":"#0"}}},{"from":[2.1841,23,5.35866],"to":[5.1841,26,8.35866],"rotation":{"angle":22.5,"axis":"y","origin":[10.17678,21.5,5.82322]},"faces":{"north":{"uv":[6.375,2.875,6.75,3.25],"texture":"#0"},"east":{"uv":[6.375,2.875,6.75,3.25],"texture":"#0"},"south":{"uv":[6.375,2.875,6.75,3.25],"texture":"#0"},"west":{"uv":[6.375,2.875,6.75,3.25],"texture":"#0"},"up":{"uv":[6.375,3.25,6.75,3.625],"rotation":90,"texture":"#0"},"down":{"uv":[6.375,3.25,6.75,3.625],"rotation":270,"texture":"#0"}}},{"from":[6.4341,23,6.85866],"to":[9.4341,26,9.85866],"rotation":{"angle":22.5,"axis":"y","origin":[10.17678,21.5,5.82322]},"faces":{"north":{"uv":[6.375,2.875,6.75,3.25],"texture":"#0"},"east":{"uv":[6.375,2.875,6.75,3.25],"texture":"#0"},"south":{"uv":[6.375,2.875,6.75,3.25],"texture":"#0"},"west":{"uv":[6.375,2.875,6.75,3.25],"texture":"#0"},"up":{"uv":[6.375,3.25,6.75,3.625],"rotation":90,"texture":"#0"},"down":{"uv":[6.375,3.25,6.75,3.625],"rotation":270,"texture":"#0"}}},{"from":[10.26066,23,10.74106],"to":[13.26066,26,13.74106],"rotation":{"angle":-22.5,"axis":"y","origin":[11.76066,24.5,12.24106]},"faces":{"north":{"uv":[6.375,2.875,6.75,3.25],"texture":"#0"},"east":{"uv":[6.375,2.875,6.75,3.25],"texture":"#0"},"south":{"uv":[6.375,2.875,6.75,3.25],"texture":"#0"},"west":{"uv":[6.375,2.875,6.75,3.25],"texture":"#0"},"up":{"uv":[6.375,3.25,6.75,3.625],"texture":"#0"},"down":{"uv":[6.375,3.25,6.75,3.625],"texture":"#0"}}},{"from":[8.42678,20,1.03769],"to":[11.42678,23,4.03769],"rotation":{"angle":45,"axis":"y","origin":[10.17678,21.5,5.82322]},"faces":{"north":{"uv":[6.375,2.875,6.75,3.25],"texture":"#0"},"east":{"uv":[6.375,2.875,6.75,3.25],"texture":"#0"},"south":{"uv":[6.375,2.875,6.75,3.25],"texture":"#0"},"west":{"uv":[6.375,2.875,6.75,3.25],"texture":"#0"},"up":{"uv":[6.375,3.25,6.75,3.625],"rotation":90,"texture":"#0"},"down":{"uv":[6.375,3.25,6.75,3.625],"rotation":270,"texture":"#0"}}},{"from":[9.4,17,6],"to":[12.4,20,9],"rotation":{"angle":-22.5,"axis":"y","origin":[11.5,18.5,7.5]},"faces":{"north":{"uv":[7.375,2.875,7.75,3.25],"texture":"#0"},"east":{"uv":[7.375,2.875,7.75,3.25],"texture":"#0"},"south":{"uv":[7.375,2.875,7.75,3.25],"texture":"#0"},"west":{"uv":[7.375,2.875,7.75,3.25],"texture":"#0"},"up":{"uv":[7.375,3.25,7.75,3.625],"texture":"#0"},"down":{"uv":[7.375,3.25,7.75,3.625],"texture":"#0"}}},{"from":[2.5,17,3],"to":[5.5,20,6],"rotation":{"angle":45,"axis":"y","origin":[4.5,18.5,3.5]},"faces":{"north":{"uv":[7.375,2.875,7.75,3.25],"texture":"#0"},"east":{"uv":[7.375,2.875,7.75,3.25],"texture":"#0"},"south":{"uv":[7.375,2.875,7.75,3.25],"texture":"#0"},"west":{"uv":[7.375,2.875,7.75,3.25],"texture":"#0"},"up":{"uv":[7.375,3.25,7.75,3.625],"texture":"#0"},"down":{"uv":[7.375,3.25,7.75,3.625],"texture":"#0"}}},{"from":[3,23,3.75],"to":[6,26,6.75],"rotation":{"angle":45,"axis":"y","origin":[4.5,18.5,3.5]},"faces":{"north":{"uv":[7.375,2.875,7.75,3.25],"texture":"#0"},"east":{"uv":[7.375,2.875,7.75,3.25],"texture":"#0"},"south":{"uv":[7.375,2.875,7.75,3.25],"texture":"#0"},"west":{"uv":[7.375,2.875,7.75,3.25],"texture":"#0"},"up":{"uv":[7.375,3.25,7.75,3.625],"texture":"#0"},"down":{"uv":[7.375,3.25,7.75,3.625],"texture":"#0"}}},{"from":[4,26,10.75],"to":[7,29,13.75],"rotation":{"angle":45,"axis":"y","origin":[4.5,18.5,3.5]},"faces":{"north":{"uv":[7.375,2.875,7.75,3.25],"texture":"#0"},"east":{"uv":[7.375,2.875,7.75,3.25],"texture":"#0"},"south":{"uv":[7.375,2.875,7.75,3.25],"texture":"#0"},"west":{"uv":[7.375,2.875,7.75,3.25],"texture":"#0"},"up":{"uv":[7.375,3.25,7.75,3.625],"texture":"#0"},"down":{"uv":[7.375,3.25,7.75,3.625],"texture":"#0"}}},{"from":[-2,23,9.75],"to":[1,26,12.75],"rotation":{"angle":45,"axis":"y","origin":[4.5,18.5,3.5]},"faces":{"north":{"uv":[7.375,2.875,7.75,3.25],"texture":"#0"},"east":{"uv":[7.375,2.875,7.75,3.25],"texture":"#0"},"south":{"uv":[7.375,2.875,7.75,3.25],"texture":"#0"},"west":{"uv":[7.375,2.875,7.75,3.25],"texture":"#0"},"up":{"uv":[7.375,3.25,7.75,3.625],"texture":"#0"},"down":{"uv":[7.375,3.25,7.75,3.625],"texture":"#0"}}},{"from":[2.5,20,8],"to":[5.5,23,11],"rotation":{"angle":45,"axis":"y","origin":[4.5,18.5,3.5]},"faces":{"north":{"uv":[7.375,2.875,7.75,3.25],"texture":"#0"},"east":{"uv":[7.375,2.875,7.75,3.25],"texture":"#0"},"south":{"uv":[7.375,2.875,7.75,3.25],"texture":"#0"},"west":{"uv":[7.375,2.875,7.75,3.25],"texture":"#0"},"up":{"uv":[7.375,3.25,7.75,3.625],"texture":"#0"},"down":{"uv":[7.375,3.25,7.75,3.625],"texture":"#0"}}},{"from":[3.10355,20,6.13909],"to":[6.10355,23,9.13909],"rotation":{"angle":0,"axis":"y","origin":[4.85355,21.5,7.38909]},"faces":{"north":{"uv":[7.375,2.875,7.75,3.25],"texture":"#0"},"east":{"uv":[7.375,2.875,7.75,3.25],"texture":"#0"},"south":{"uv":[7.375,2.875,7.75,3.25],"texture":"#0"},"west":{"uv":[7.375,2.875,7.75,3.25],"texture":"#0"},"up":{"uv":[7.375,3.25,7.75,3.625],"rotation":270,"texture":"#0"},"down":{"uv":[7.375,3.25,7.75,3.625],"rotation":90,"texture":"#0"}}},{"from":[11,17,2],"to":[14,20,5],"rotation":{"angle":22.5,"axis":"y","origin":[12.5,18.5,3.5]},"faces":{"north":{"uv":[7.375,2.875,7.75,3.25],"texture":"#0"},"east":{"uv":[7.375,2.875,7.75,3.25],"texture":"#0"},"south":{"uv":[7.375,2.875,7.75,3.25],"texture":"#0"},"west":{"uv":[7.375,2.875,7.75,3.25],"texture":"#0"},"up":{"uv":[7.375,3.25,7.75,3.625],"texture":"#0"},"down":{"uv":[7.375,3.25,7.75,3.625],"texture":"#0"}}},{"from":[11.15715,20,10.11521],"to":[14.15715,23,13.11521],"rotation":{"angle":-22.5,"axis":"y","origin":[12.40715,21.5,11.11521]},"faces":{"north":{"uv":[7.375,2.875,7.75,3.25],"texture":"#0"},"east":{"uv":[7.375,2.875,7.75,3.25],"texture":"#0"},"south":{"uv":[7.375,2.875,7.75,3.25],"texture":"#0"},"west":{"uv":[7.375,2.875,7.75,3.25],"texture":"#0"},"up":{"uv":[7.375,3.25,7.75,3.625],"texture":"#0"},"down":{"uv":[7.375,3.25,7.75,3.625],"texture":"#0"}}}],"gui_light":"front","display":{"thirdperson_righthand":{"rotation":[0,-180,0],"scale":[0.1,0.1,0.1]},"thirdperson_lefthand":{"rotation":[0,-180,0],"translation":[0.25,0,0],"scale":[0.1,0.1,0.1]},"firstperson_righthand":{"rotation":[0,-180,0],"translation":[-1.5,2.25,0],"scale":[0.35,0.35,0.35]},"firstperson_lefthand":{"rotation":[0,-180,0],"translation":[-1.5,2.25,0],"scale":[0.35,0.35,0.35]},"ground":{"translation":[0,3.25,0],"scale":[0.29,0.29,0.29]},"gui":{"rotation":[30,225,0],"translation":[0,0.25,0],"scale":[0.25,0.25,0.25]},"head":{"rotation":[0,-180,0],"translation":[0,-19.25,0]},"fixed":{"translation":[0.25,-0.25,0],"scale":[0.29,0.29,0.29]}}}