{"credit":"MadewithBlockbench","texture_size":[128,128],"textures":{"0":"elitecreatures:vending_decoration_v1/vending_machine_drink","particle":"elitecreatures:vending_decoration_v1/vending_machine_drink"},"elements":[{"from":[-16,-16,0],"to":[16,-14,16],"faces":{"north":{"uv":[7.25,5.75,11.25,6],"texture":"#0"},"east":{"uv":[7.25,8.375,9.25,8.625],"texture":"#0"},"south":{"uv":[7.25,5.75,11.25,6],"texture":"#0"},"west":{"uv":[9.25,8.375,7.25,8.625],"texture":"#0"},"up":{"uv":[7.25,7.25,3.25,5.25],"texture":"#0"},"down":{"uv":[7.25,7.25,3.25,9.25],"texture":"#0"}}},{"from":[-15,-14,1],"to":[15,7,15],"faces":{"north":{"uv":[0,2.625,3.75,5.25],"texture":"#0"},"east":{"uv":[3.75,1.75,5.5,4.375],"texture":"#0"},"south":{"uv":[0,0,3.75,2.625],"texture":"#0"},"west":{"uv":[5.5,1.75,3.75,4.375],"texture":"#0"},"up":{"uv":[7.5,1.75,3.75,0],"texture":"#0"}}},{"from":[-13,7,2],"to":[13,26,2],"faces":{"north":{"uv":[7.25,6,10.5,8.375],"texture":"#0"},"south":{"uv":[7.25,6,10.5,8.375],"texture":"#0"}}},{"from":[-13,7,11],"to":[13,28,15],"faces":{"north":{"uv":[7.5,0.5,10.75,3.125],"texture":"#0"},"south":{"uv":[7.5,3.125,10.75,5.75],"texture":"#0"},"up":{"uv":[10.75,0.5,7.5,0],"texture":"#0"}}},{"from":[13,7,1],"to":[15,28,15],"faces":{"north":{"uv":[7.25,1.75,7.5,4.375],"texture":"#0"},"east":{"uv":[0,9.25,1.75,11.875],"texture":"#0"},"south":{"uv":[6.75,1.75,7,4.375],"texture":"#0"},"west":{"uv":[1.75,9.25,3.5,11.875],"texture":"#0"},"up":{"uv":[7.25,3.5,7,1.75],"texture":"#0"}}},{"from":[-15,7,1],"to":[-13,28,15],"rotation":{"angle":0,"axis":"y","origin":[16,0,0]},"faces":{"north":{"uv":[7.5,1.75,7.25,4.375],"texture":"#0"},"east":{"uv":[3.5,9.25,1.75,11.875],"texture":"#0"},"south":{"uv":[7,1.75,6.75,4.375],"texture":"#0"},"west":{"uv":[1.75,9.25,0,11.875],"texture":"#0"},"up":{"uv":[7,3.5,7.25,1.75],"texture":"#0"}}},{"from":[-13,26,1],"to":[13,28,11],"faces":{"north":{"uv":[0,5.25,3.25,5.5],"texture":"#0"},"up":{"uv":[3.25,6.75,0,5.5],"texture":"#0"},"down":{"uv":[3.25,6.75,0,8],"texture":"#0"}}},{"from":[-13,12,5],"to":[13,14,11],"faces":{"north":{"uv":[0,8,3.25,8.25],"texture":"#0"},"up":{"uv":[3.25,9,0,8.25],"texture":"#0"},"down":{"uv":[3.25,8.25,0,9],"texture":"#0"}}},{"from":[-13,19,5],"to":[13,21,11],"faces":{"north":{"uv":[0,8,3.25,8.25],"texture":"#0"},"up":{"uv":[3.25,9,0,8.25],"texture":"#0"},"down":{"uv":[3.25,8.25,0,9],"texture":"#0"}}},{"from":[-7,-10,0],"to":[7,-4,1],"faces":{"north":{"uv":[3.875,4.375,5.625,5.125],"texture":"#0"},"east":{"uv":[3.75,4.375,3.875,5.125],"texture":"#0"},"west":{"uv":[3.75,4.375,3.875,5.125],"texture":"#0"},"up":{"uv":[5.625,5.25,3.875,5.125],"texture":"#0"},"down":{"uv":[5.625,5.125,3.875,5.25],"texture":"#0"}}},{"from":[8,21,6],"to":[11,25,9],"faces":{"north":{"uv":[7.3125,8.6875,7.6875,9.1875],"texture":"#0"},"east":{"uv":[7.6875,8.6875,7.8125,9.1875],"texture":"#0"},"south":{"uv":[7.3125,8.6875,7.6875,9.1875],"texture":"#0"},"west":{"uv":[7.6875,8.6875,7.8125,9.1875],"texture":"#0"},"up":{"uv":[7.3125,9.1875,7.6875,9.3125],"texture":"#0"},"down":{"uv":[7.3125,9.1875,7.6875,9.3125],"texture":"#0"}}},{"from":[2,21,6],"to":[5,25,9],"faces":{"north":{"uv":[7.3125,8.6875,7.6875,9.1875],"texture":"#0"},"east":{"uv":[7.6875,8.6875,7.8125,9.1875],"texture":"#0"},"south":{"uv":[7.3125,8.6875,7.6875,9.1875],"texture":"#0"},"west":{"uv":[7.6875,8.6875,7.8125,9.1875],"texture":"#0"},"up":{"uv":[7.3125,9.1875,7.6875,9.3125],"texture":"#0"},"down":{"uv":[7.3125,9.1875,7.6875,9.3125],"texture":"#0"}}},{"from":[-5,7,6],"to":[-2,11,9],"faces":{"north":{"uv":[7.3125,8.6875,7.6875,9.1875],"texture":"#0"},"east":{"uv":[7.6875,8.6875,7.8125,9.1875],"texture":"#0"},"south":{"uv":[7.3125,8.6875,7.6875,9.1875],"texture":"#0"},"west":{"uv":[7.6875,8.6875,7.8125,9.1875],"texture":"#0"},"up":{"uv":[7.3125,9.1875,7.6875,9.3125],"texture":"#0"},"down":{"uv":[7.3125,9.1875,7.6875,9.3125],"texture":"#0"}}},{"from":[8,7,6],"to":[11,11,9],"faces":{"north":{"uv":[7.3125,8.6875,7.6875,9.1875],"texture":"#0"},"east":{"uv":[7.6875,8.6875,7.8125,9.1875],"texture":"#0"},"south":{"uv":[7.3125,8.6875,7.6875,9.1875],"texture":"#0"},"west":{"uv":[7.6875,8.6875,7.8125,9.1875],"texture":"#0"},"up":{"uv":[7.3125,9.1875,7.6875,9.3125],"texture":"#0"},"down":{"uv":[7.3125,9.1875,7.6875,9.3125],"texture":"#0"}}},{"from":[-11,21,6],"to":[-8,25,9],"faces":{"north":{"uv":[7.3125,8.6875,7.6875,9.1875],"texture":"#0"},"east":{"uv":[7.6875,8.6875,7.8125,9.1875],"texture":"#0"},"south":{"uv":[7.3125,8.6875,7.6875,9.1875],"texture":"#0"},"west":{"uv":[7.6875,8.6875,7.8125,9.1875],"texture":"#0"},"up":{"uv":[7.3125,9.1875,7.6875,9.3125],"texture":"#0"},"down":{"uv":[7.3125,9.1875,7.6875,9.3125],"texture":"#0"}}},{"from":[8,14,6],"to":[11,18,9],"faces":{"north":{"uv":[7.875,8.6875,8.25,9.1875],"texture":"#0"},"east":{"uv":[8.25,8.6875,8.375,9.1875],"texture":"#0"},"south":{"uv":[7.875,8.6875,8.25,9.1875],"texture":"#0"},"west":{"uv":[8.25,8.6875,8.375,9.1875],"texture":"#0"},"up":{"uv":[7.875,9.1875,8.25,9.3125],"texture":"#0"},"down":{"uv":[7.875,9.1875,8.25,9.3125],"texture":"#0"}}},{"from":[-5,14,6],"to":[-2,18,9],"faces":{"north":{"uv":[7.875,8.6875,8.25,9.1875],"texture":"#0"},"east":{"uv":[8.25,8.6875,8.375,9.1875],"texture":"#0"},"south":{"uv":[7.875,8.6875,8.25,9.1875],"texture":"#0"},"west":{"uv":[8.25,8.6875,8.375,9.1875],"texture":"#0"},"up":{"uv":[7.875,9.1875,8.25,9.3125],"texture":"#0"},"down":{"uv":[7.875,9.1875,8.25,9.3125],"texture":"#0"}}},{"from":[2,7,6],"to":[5,11,9],"faces":{"north":{"uv":[7.875,8.6875,8.25,9.1875],"texture":"#0"},"east":{"uv":[8.25,8.6875,8.375,9.1875],"texture":"#0"},"south":{"uv":[7.875,8.6875,8.25,9.1875],"texture":"#0"},"west":{"uv":[8.25,8.6875,8.375,9.1875],"texture":"#0"},"up":{"uv":[7.875,9.1875,8.25,9.3125],"texture":"#0"},"down":{"uv":[7.875,9.1875,8.25,9.3125],"texture":"#0"}}},{"from":[-11,14,6],"to":[-8,18,9],"faces":{"north":{"uv":[7.875,8.6875,8.25,9.1875],"texture":"#0"},"east":{"uv":[8.25,8.6875,8.375,9.1875],"texture":"#0"},"south":{"uv":[7.875,8.6875,8.25,9.1875],"texture":"#0"},"west":{"uv":[8.25,8.6875,8.375,9.1875],"texture":"#0"},"up":{"uv":[7.875,9.1875,8.25,9.3125],"texture":"#0"},"down":{"uv":[7.875,9.1875,8.25,9.3125],"texture":"#0"}}},{"from":[2,14,6],"to":[5,18,9],"faces":{"north":{"uv":[8.4375,8.6875,8.8125,9.1875],"texture":"#0"},"east":{"uv":[8.8125,8.6875,8.9375,9.1875],"texture":"#0"},"south":{"uv":[8.4375,8.6875,8.8125,9.1875],"texture":"#0"},"west":{"uv":[8.8125,8.6875,8.9375,9.1875],"texture":"#0"},"up":{"uv":[8.4375,9.1875,8.8125,9.3125],"texture":"#0"},"down":{"uv":[8.4375,9.1875,8.8125,9.3125],"texture":"#0"}}},{"from":[-11,7,6],"to":[-8,11,9],"faces":{"north":{"uv":[8.4375,8.6875,8.8125,9.1875],"texture":"#0"},"east":{"uv":[8.8125,8.6875,8.9375,9.1875],"texture":"#0"},"south":{"uv":[8.4375,8.6875,8.8125,9.1875],"texture":"#0"},"west":{"uv":[8.8125,8.6875,8.9375,9.1875],"texture":"#0"},"up":{"uv":[8.4375,9.1875,8.8125,9.3125],"texture":"#0"},"down":{"uv":[8.4375,9.1875,8.8125,9.3125],"texture":"#0"}}},{"from":[-5,21,6],"to":[-2,25,9],"faces":{"north":{"uv":[8.4375,8.6875,8.8125,9.1875],"texture":"#0"},"east":{"uv":[8.8125,8.6875,8.9375,9.1875],"texture":"#0"},"south":{"uv":[8.4375,8.6875,8.8125,9.1875],"texture":"#0"},"west":{"uv":[8.8125,8.6875,8.9375,9.1875],"texture":"#0"},"up":{"uv":[8.4375,9.1875,8.8125,9.3125],"texture":"#0"},"down":{"uv":[8.4375,9.1875,8.8125,9.3125],"texture":"#0"}}}],"gui_light":"front","display":{"thirdperson_righthand":{"rotation":[0,-180,0],"translation":[-0.5,0,0],"scale":[0.1,0.1,0.1]},"thirdperson_lefthand":{"rotation":[0,-180,0],"translation":[0.75,0,0],"scale":[0.1,0.1,0.1]},"firstperson_righthand":{"rotation":[0,-180,0],"translation":[-5.5,4.25,0],"scale":[0.35,0.35,0.35]},"firstperson_lefthand":{"rotation":[0,-180,0],"translation":[-1.5,4.25,0],"scale":[0.35,0.35,0.35]},"ground":{"translation":[2.5,5,0],"scale":[0.32,0.32,0.32]},"gui":{"rotation":[30,225,0],"translation":[-1.5,-0.25,0],"scale":[0.25,0.25,0.25]},"head":{"rotation":[0,-180,0],"translation":[-12.5,-5,0],"scale":[1.6,1.6,1.6]},"fixed":{"translation":[2.75,0.75,0],"scale":[0.33,0.33,0.33]}}}