{"credit":"MadewithBlockbench","texture_size":[128,128],"textures":{"0":"elitecreatures:vending_decoration_v1/vending_machine_gumball","particle":"elitecreatures:vending_decoration_v1/vending_machine_gumball"},"elements":[{"from":[1,2,1],"to":[15,11,15],"faces":{"north":{"uv":[7.375,1.125,9.125,2.25],"texture":"#0"},"east":{"uv":[7.375,0,9.125,1.125],"texture":"#0"},"south":{"uv":[7.375,2.25,9.125,3.375],"texture":"#0"},"west":{"uv":[7.375,0,9.125,1.125],"texture":"#0"}}},{"from":[5,5,0],"to":[11,10,1],"faces":{"north":{"uv":[1.875,3.75,2.625,4.375],"texture":"#0"},"east":{"uv":[2.625,3.75,2.75,4.375],"texture":"#0"},"west":{"uv":[2.625,3.75,2.75,4.375],"texture":"#0"},"up":{"uv":[2.625,4.5,1.875,4.375],"texture":"#0"},"down":{"uv":[2.625,4.375,1.875,4.5],"texture":"#0"}}},{"from":[10,2,0],"to":[11,5,1],"faces":{"north":{"uv":[3.375,4,3.5,4.375],"texture":"#0"},"east":{"uv":[3.375,4,3.5,4.375],"texture":"#0"},"south":{"uv":[3.375,4,3.5,4.375],"texture":"#0"},"west":{"uv":[3.375,4,3.5,4.375],"texture":"#0"}}},{"from":[5,2,0],"to":[6,5,1],"rotation":{"angle":0,"axis":"y","origin":[16,0,0]},"faces":{"north":{"uv":[3.5,4,3.375,4.375],"texture":"#0"},"east":{"uv":[3.5,4,3.375,4.375],"texture":"#0"},"south":{"uv":[3.5,4,3.375,4.375],"texture":"#0"},"west":{"uv":[3.5,4,3.375,4.375],"texture":"#0"}}},{"from":[5.5,6,-1.5],"to":[10.5,8,-0.5],"faces":{"north":{"uv":[2.75,3.75,3.375,4],"texture":"#0"},"east":{"uv":[3.375,3.75,3.5,4],"texture":"#0"},"south":{"uv":[2.75,3.75,3.375,4],"texture":"#0"},"west":{"uv":[3.375,3.75,3.5,4],"texture":"#0"},"up":{"uv":[3.375,4.125,2.75,4],"texture":"#0"},"down":{"uv":[3.375,4,2.75,4.125],"texture":"#0"}}},{"from":[7,6,-0.5],"to":[9,8,0.5],"faces":{"east":{"uv":[2.75,4.125,2.875,4.375],"texture":"#0"},"west":{"uv":[2.75,4.125,2.875,4.375],"texture":"#0"},"up":{"uv":[3.125,4.25,2.875,4.125],"texture":"#0"},"down":{"uv":[3.125,4.125,2.875,4.25],"texture":"#0"}}},{"from":[1,14,1],"to":[15,29,15],"faces":{"north":{"uv":[0,0,1.75,1.875],"texture":"#0"},"east":{"uv":[0,0,1.75,1.875],"texture":"#0"},"south":{"uv":[0,0,1.75,1.875],"texture":"#0"},"west":{"uv":[0,0,1.75,1.875],"texture":"#0"}}},{"from":[0.5,29,0.5],"to":[15.5,32,15.5],"faces":{"north":{"uv":[3.5,3.75,5.375,4.125],"texture":"#0"},"east":{"uv":[3.5,3.75,5.375,4.125],"texture":"#0"},"south":{"uv":[3.5,3.75,5.375,4.125],"texture":"#0"},"west":{"uv":[3.5,3.75,5.375,4.125],"texture":"#0"},"up":{"uv":[5.375,3.75,3.5,1.875],"texture":"#0"},"down":{"uv":[5.375,0,3.5,1.875],"texture":"#0"}}},{"from":[0.5,11,0.5],"to":[15.5,14,15.5],"faces":{"north":{"uv":[0,5.625,1.875,6],"texture":"#0"},"east":{"uv":[0,5.625,1.875,6],"texture":"#0"},"south":{"uv":[0,5.625,1.875,6],"texture":"#0"},"west":{"uv":[0,5.625,1.875,6],"texture":"#0"},"up":{"uv":[1.875,5.625,0,3.75],"texture":"#0"},"down":{"uv":[1.875,3.75,0,5.625],"texture":"#0"}}},{"from":[0,0,0],"to":[16,2,16],"faces":{"north":{"uv":[5.375,4,7.375,4.25],"texture":"#0"},"east":{"uv":[5.375,4,7.375,4.25],"texture":"#0"},"south":{"uv":[5.375,4,7.375,4.25],"texture":"#0"},"west":{"uv":[5.375,4,7.375,4.25],"texture":"#0"},"up":{"uv":[7.375,2,5.375,0],"texture":"#0"},"down":{"uv":[7.375,2,5.375,4],"texture":"#0"}}},{"from":[6,14,6],"to":[9,17,9],"faces":{"north":{"uv":[7.5625,3.4375,7.9375,3.8125],"texture":"#0"},"east":{"uv":[7.5625,3.4375,7.9375,3.8125],"texture":"#0"},"south":{"uv":[7.5625,3.4375,7.9375,3.8125],"texture":"#0"},"west":{"uv":[7.5625,3.4375,7.9375,3.8125],"texture":"#0"},"up":{"uv":[7.5625,3.8125,7.9375,4.1875],"texture":"#0"},"down":{"uv":[7.5625,3.8125,7.9375,4.1875],"texture":"#0"}}},{"from":[10.95,14,10.1],"to":[13.95,17,13.1],"rotation":{"angle":45,"axis":"y","origin":[11.5,15.5,11.5]},"faces":{"north":{"uv":[7.5625,3.4375,7.9375,3.8125],"texture":"#0"},"east":{"uv":[7.5625,3.4375,7.9375,3.8125],"texture":"#0"},"south":{"uv":[7.5625,3.4375,7.9375,3.8125],"texture":"#0"},"west":{"uv":[7.5625,3.4375,7.9375,3.8125],"texture":"#0"},"up":{"uv":[7.5625,3.8125,7.9375,4.1875],"texture":"#0"},"down":{"uv":[7.5625,3.8125,7.9375,4.1875],"texture":"#0"}}},{"from":[3,14,10.7],"to":[6,17,13.7],"rotation":{"angle":22.5,"axis":"y","origin":[3.5,15.5,12.5]},"faces":{"north":{"uv":[7.5625,3.4375,7.9375,3.8125],"texture":"#0"},"east":{"uv":[7.5625,3.4375,7.9375,3.8125],"texture":"#0"},"south":{"uv":[7.5625,3.4375,7.9375,3.8125],"texture":"#0"},"west":{"uv":[7.5625,3.4375,7.9375,3.8125],"texture":"#0"},"up":{"uv":[7.5625,3.8125,7.9375,4.1875],"rotation":90,"texture":"#0"},"down":{"uv":[7.5625,3.8125,7.9375,4.1875],"rotation":270,"texture":"#0"}}},{"from":[6,14,9.5],"to":[9,17,12.5],"rotation":{"angle":-45,"axis":"y","origin":[7.5,15.5,11.5]},"faces":{"north":{"uv":[8.5625,3.4375,8.9375,3.8125],"texture":"#0"},"east":{"uv":[8.5625,3.4375,8.9375,3.8125],"texture":"#0"},"south":{"uv":[8.5625,3.4375,8.9375,3.8125],"texture":"#0"},"west":{"uv":[8.5625,3.4375,8.9375,3.8125],"texture":"#0"},"up":{"uv":[8.5625,3.8125,8.9375,4.1875],"texture":"#0"},"down":{"uv":[8.5625,3.8125,8.9375,4.1875],"texture":"#0"}}},{"from":[2.5,14,7],"to":[5.5,17,10],"rotation":{"angle":45,"axis":"y","origin":[3.5,15.5,8.5]},"faces":{"north":{"uv":[8.5625,3.4375,8.9375,3.8125],"texture":"#0"},"east":{"uv":[8.5625,3.4375,8.9375,3.8125],"texture":"#0"},"south":{"uv":[8.5625,3.4375,8.9375,3.8125],"texture":"#0"},"west":{"uv":[8.5625,3.4375,8.9375,3.8125],"texture":"#0"},"up":{"uv":[8.5625,3.8125,8.9375,4.1875],"texture":"#0"},"down":{"uv":[8.5625,3.8125,8.9375,4.1875],"texture":"#0"}}},{"from":[7,14,2],"to":[10,17,5],"rotation":{"angle":22.5,"axis":"y","origin":[8.5,15.5,3.5]},"faces":{"north":{"uv":[8.5625,3.4375,8.9375,3.8125],"texture":"#0"},"east":{"uv":[8.5625,3.4375,8.9375,3.8125],"texture":"#0"},"south":{"uv":[8.5625,3.4375,8.9375,3.8125],"texture":"#0"},"west":{"uv":[8.5625,3.4375,8.9375,3.8125],"texture":"#0"},"up":{"uv":[8.5625,3.8125,8.9375,4.1875],"texture":"#0"},"down":{"uv":[8.5625,3.8125,8.9375,4.1875],"texture":"#0"}}},{"from":[3.5,17,9.64645],"to":[6.5,20,12.64645],"rotation":{"angle":0,"axis":"y","origin":[10.17678,18.5,5.82322]},"faces":{"north":{"uv":[7.5625,3.4375,7.9375,3.8125],"texture":"#0"},"east":{"uv":[7.5625,3.4375,7.9375,3.8125],"texture":"#0"},"south":{"uv":[7.5625,3.4375,7.9375,3.8125],"texture":"#0"},"west":{"uv":[7.5625,3.4375,7.9375,3.8125],"texture":"#0"},"up":{"uv":[7.5625,3.8125,7.9375,4.1875],"rotation":90,"texture":"#0"},"down":{"uv":[7.5625,3.8125,7.9375,4.1875],"rotation":270,"texture":"#0"}}},{"from":[7.75,17,9.39645],"to":[10.75,20,12.39645],"rotation":{"angle":22.5,"axis":"y","origin":[11,18.5,12.39645]},"faces":{"north":{"uv":[7.5625,3.4375,7.9375,3.8125],"texture":"#0"},"east":{"uv":[7.5625,3.4375,7.9375,3.8125],"texture":"#0"},"south":{"uv":[7.5625,3.4375,7.9375,3.8125],"texture":"#0"},"west":{"uv":[7.5625,3.4375,7.9375,3.8125],"texture":"#0"},"up":{"uv":[7.5625,3.8125,7.9375,4.1875],"rotation":90,"texture":"#0"},"down":{"uv":[7.5625,3.8125,7.9375,4.1875],"rotation":270,"texture":"#0"}}},{"from":[2,17,2.64645],"to":[5,20,5.64645],"rotation":{"angle":22.5,"axis":"y","origin":[3.5,18.5,4.14645]},"faces":{"north":{"uv":[7.5625,3.4375,7.9375,3.8125],"texture":"#0"},"east":{"uv":[7.5625,3.4375,7.9375,3.8125],"texture":"#0"},"south":{"uv":[7.5625,3.4375,7.9375,3.8125],"texture":"#0"},"west":{"uv":[7.5625,3.4375,7.9375,3.8125],"texture":"#0"},"up":{"uv":[7.5625,3.8125,7.9375,4.1875],"rotation":90,"texture":"#0"},"down":{"uv":[7.5625,3.8125,7.9375,4.1875],"rotation":270,"texture":"#0"}}},{"from":[8.75,20,8.39645],"to":[11.75,23,11.39645],"rotation":{"angle":22.5,"axis":"y","origin":[3.5,18.5,4.14645]},"faces":{"north":{"uv":[7.5625,3.4375,7.9375,3.8125],"texture":"#0"},"east":{"uv":[7.5625,3.4375,7.9375,3.8125],"texture":"#0"},"south":{"uv":[7.5625,3.4375,7.9375,3.8125],"texture":"#0"},"west":{"uv":[7.5625,3.4375,7.9375,3.8125],"texture":"#0"},"up":{"uv":[7.5625,3.8125,7.9375,4.1875],"rotation":90,"texture":"#0"},"down":{"uv":[7.5625,3.8125,7.9375,4.1875],"rotation":270,"texture":"#0"}}},{"from":[2.75,23,9.39645],"to":[5.75,26,12.39645],"rotation":{"angle":22.5,"axis":"y","origin":[3.5,18.5,4.14645]},"faces":{"north":{"uv":[7.5625,3.4375,7.9375,3.8125],"texture":"#0"},"east":{"uv":[7.5625,3.4375,7.9375,3.8125],"texture":"#0"},"south":{"uv":[7.5625,3.4375,7.9375,3.8125],"texture":"#0"},"west":{"uv":[7.5625,3.4375,7.9375,3.8125],"texture":"#0"},"up":{"uv":[7.5625,3.8125,7.9375,4.1875],"rotation":90,"texture":"#0"},"down":{"uv":[7.5625,3.8125,7.9375,4.1875],"rotation":270,"texture":"#0"}}},{"from":[10,17,2.64645],"to":[13,20,5.64645],"rotation":{"angle":0,"axis":"y","origin":[10.17678,18.5,5.82322]},"faces":{"north":{"uv":[7.5625,3.4375,7.9375,3.8125],"texture":"#0"},"east":{"uv":[7.5625,3.4375,7.9375,3.8125],"texture":"#0"},"south":{"uv":[7.5625,3.4375,7.9375,3.8125],"texture":"#0"},"west":{"uv":[7.5625,3.4375,7.9375,3.8125],"texture":"#0"},"up":{"uv":[7.5625,3.8125,7.9375,4.1875],"rotation":90,"texture":"#0"},"down":{"uv":[7.5625,3.8125,7.9375,4.1875],"rotation":270,"texture":"#0"}}},{"from":[9.9341,17,7.35866],"to":[12.9341,20,10.35866],"rotation":{"angle":22.5,"axis":"y","origin":[10.17678,18.5,5.82322]},"faces":{"north":{"uv":[8.5625,3.4375,8.9375,3.8125],"texture":"#0"},"east":{"uv":[8.5625,3.4375,8.9375,3.8125],"texture":"#0"},"south":{"uv":[8.5625,3.4375,8.9375,3.8125],"texture":"#0"},"west":{"uv":[8.5625,3.4375,8.9375,3.8125],"texture":"#0"},"up":{"uv":[8.5625,3.8125,8.9375,4.1875],"rotation":90,"texture":"#0"},"down":{"uv":[8.5625,3.8125,8.9375,4.1875],"rotation":270,"texture":"#0"}}},{"from":[2.1841,20,5.35866],"to":[5.1841,23,8.35866],"rotation":{"angle":22.5,"axis":"y","origin":[10.17678,18.5,5.82322]},"faces":{"north":{"uv":[8.5625,3.4375,8.9375,3.8125],"texture":"#0"},"east":{"uv":[8.5625,3.4375,8.9375,3.8125],"texture":"#0"},"south":{"uv":[8.5625,3.4375,8.9375,3.8125],"texture":"#0"},"west":{"uv":[8.5625,3.4375,8.9375,3.8125],"texture":"#0"},"up":{"uv":[8.5625,3.8125,8.9375,4.1875],"rotation":90,"texture":"#0"},"down":{"uv":[8.5625,3.8125,8.9375,4.1875],"rotation":270,"texture":"#0"}}},{"from":[6.4341,20,6.85866],"to":[9.4341,23,9.85866],"rotation":{"angle":22.5,"axis":"y","origin":[10.17678,18.5,5.82322]},"faces":{"north":{"uv":[8.5625,3.4375,8.9375,3.8125],"texture":"#0"},"east":{"uv":[8.5625,3.4375,8.9375,3.8125],"texture":"#0"},"south":{"uv":[8.5625,3.4375,8.9375,3.8125],"texture":"#0"},"west":{"uv":[8.5625,3.4375,8.9375,3.8125],"texture":"#0"},"up":{"uv":[8.5625,3.8125,8.9375,4.1875],"rotation":90,"texture":"#0"},"down":{"uv":[8.5625,3.8125,8.9375,4.1875],"rotation":270,"texture":"#0"}}},{"from":[10.26066,20,10.74106],"to":[13.26066,23,13.74106],"rotation":{"angle":-22.5,"axis":"y","origin":[11.76066,21.5,12.24106]},"faces":{"north":{"uv":[8.5625,3.4375,8.9375,3.8125],"texture":"#0"},"east":{"uv":[8.5625,3.4375,8.9375,3.8125],"texture":"#0"},"south":{"uv":[8.5625,3.4375,8.9375,3.8125],"texture":"#0"},"west":{"uv":[8.5625,3.4375,8.9375,3.8125],"texture":"#0"},"up":{"uv":[8.5625,3.8125,8.9375,4.1875],"texture":"#0"},"down":{"uv":[8.5625,3.8125,8.9375,4.1875],"texture":"#0"}}},{"from":[8.42678,17,1.03769],"to":[11.42678,20,4.03769],"rotation":{"angle":45,"axis":"y","origin":[10.17678,18.5,5.82322]},"faces":{"north":{"uv":[8.5625,3.4375,8.9375,3.8125],"texture":"#0"},"east":{"uv":[8.5625,3.4375,8.9375,3.8125],"texture":"#0"},"south":{"uv":[8.5625,3.4375,8.9375,3.8125],"texture":"#0"},"west":{"uv":[8.5625,3.4375,8.9375,3.8125],"texture":"#0"},"up":{"uv":[8.5625,3.8125,8.9375,4.1875],"rotation":90,"texture":"#0"},"down":{"uv":[8.5625,3.8125,8.9375,4.1875],"rotation":270,"texture":"#0"}}},{"from":[9.4,14,6],"to":[12.4,17,9],"rotation":{"angle":-22.5,"axis":"y","origin":[11.5,15.5,7.5]},"faces":{"north":{"uv":[8.0625,3.4375,8.4375,3.8125],"texture":"#0"},"east":{"uv":[8.0625,3.4375,8.4375,3.8125],"texture":"#0"},"south":{"uv":[8.0625,3.4375,8.4375,3.8125],"texture":"#0"},"west":{"uv":[8.0625,3.4375,8.4375,3.8125],"texture":"#0"},"up":{"uv":[8.0625,3.8125,8.4375,4.1875],"texture":"#0"},"down":{"uv":[8.0625,3.8125,8.4375,4.1875],"texture":"#0"}}},{"from":[2.5,14,3],"to":[5.5,17,6],"rotation":{"angle":45,"axis":"y","origin":[4.5,15.5,3.5]},"faces":{"north":{"uv":[8.0625,3.4375,8.4375,3.8125],"texture":"#0"},"east":{"uv":[8.0625,3.4375,8.4375,3.8125],"texture":"#0"},"south":{"uv":[8.0625,3.4375,8.4375,3.8125],"texture":"#0"},"west":{"uv":[8.0625,3.4375,8.4375,3.8125],"texture":"#0"},"up":{"uv":[8.0625,3.8125,8.4375,4.1875],"texture":"#0"},"down":{"uv":[8.0625,3.8125,8.4375,4.1875],"texture":"#0"}}},{"from":[3,20,3.75],"to":[6,23,6.75],"rotation":{"angle":45,"axis":"y","origin":[4.5,15.5,3.5]},"faces":{"north":{"uv":[8.0625,3.4375,8.4375,3.8125],"texture":"#0"},"east":{"uv":[8.0625,3.4375,8.4375,3.8125],"texture":"#0"},"south":{"uv":[8.0625,3.4375,8.4375,3.8125],"texture":"#0"},"west":{"uv":[8.0625,3.4375,8.4375,3.8125],"texture":"#0"},"up":{"uv":[8.0625,3.8125,8.4375,4.1875],"texture":"#0"},"down":{"uv":[8.0625,3.8125,8.4375,4.1875],"texture":"#0"}}},{"from":[4,23,10.75],"to":[7,26,13.75],"rotation":{"angle":45,"axis":"y","origin":[4.5,15.5,3.5]},"faces":{"north":{"uv":[8.0625,3.4375,8.4375,3.8125],"texture":"#0"},"east":{"uv":[8.0625,3.4375,8.4375,3.8125],"texture":"#0"},"south":{"uv":[8.0625,3.4375,8.4375,3.8125],"texture":"#0"},"west":{"uv":[8.0625,3.4375,8.4375,3.8125],"texture":"#0"},"up":{"uv":[8.0625,3.8125,8.4375,4.1875],"texture":"#0"},"down":{"uv":[8.0625,3.8125,8.4375,4.1875],"texture":"#0"}}},{"from":[-2,20,9.75],"to":[1,23,12.75],"rotation":{"angle":45,"axis":"y","origin":[4.5,15.5,3.5]},"faces":{"north":{"uv":[8.0625,3.4375,8.4375,3.8125],"texture":"#0"},"east":{"uv":[8.0625,3.4375,8.4375,3.8125],"texture":"#0"},"south":{"uv":[8.0625,3.4375,8.4375,3.8125],"texture":"#0"},"west":{"uv":[8.0625,3.4375,8.4375,3.8125],"texture":"#0"},"up":{"uv":[8.0625,3.8125,8.4375,4.1875],"texture":"#0"},"down":{"uv":[8.0625,3.8125,8.4375,4.1875],"texture":"#0"}}},{"from":[2.5,17,8],"to":[5.5,20,11],"rotation":{"angle":45,"axis":"y","origin":[4.5,15.5,3.5]},"faces":{"north":{"uv":[8.0625,3.4375,8.4375,3.8125],"texture":"#0"},"east":{"uv":[8.0625,3.4375,8.4375,3.8125],"texture":"#0"},"south":{"uv":[8.0625,3.4375,8.4375,3.8125],"texture":"#0"},"west":{"uv":[8.0625,3.4375,8.4375,3.8125],"texture":"#0"},"up":{"uv":[8.0625,3.8125,8.4375,4.1875],"texture":"#0"},"down":{"uv":[8.0625,3.8125,8.4375,4.1875],"texture":"#0"}}},{"from":[3.10355,17,6.13909],"to":[6.10355,20,9.13909],"rotation":{"angle":0,"axis":"y","origin":[4.85355,18.5,7.38909]},"faces":{"north":{"uv":[8.0625,3.4375,8.4375,3.8125],"texture":"#0"},"east":{"uv":[8.0625,3.4375,8.4375,3.8125],"texture":"#0"},"south":{"uv":[8.0625,3.4375,8.4375,3.8125],"texture":"#0"},"west":{"uv":[8.0625,3.4375,8.4375,3.8125],"texture":"#0"},"up":{"uv":[8.0625,3.8125,8.4375,4.1875],"rotation":270,"texture":"#0"},"down":{"uv":[8.0625,3.8125,8.4375,4.1875],"rotation":90,"texture":"#0"}}},{"from":[11,14,2],"to":[14,17,5],"rotation":{"angle":22.5,"axis":"y","origin":[12.5,15.5,3.5]},"faces":{"north":{"uv":[8.0625,3.4375,8.4375,3.8125],"texture":"#0"},"east":{"uv":[8.0625,3.4375,8.4375,3.8125],"texture":"#0"},"south":{"uv":[8.0625,3.4375,8.4375,3.8125],"texture":"#0"},"west":{"uv":[8.0625,3.4375,8.4375,3.8125],"texture":"#0"},"up":{"uv":[8.0625,3.8125,8.4375,4.1875],"texture":"#0"},"down":{"uv":[8.0625,3.8125,8.4375,4.1875],"texture":"#0"}}},{"from":[11.65715,17,10.11521],"to":[14.65715,20,13.11521],"rotation":{"angle":-22.5,"axis":"y","origin":[12.40715,18.5,11.11521]},"faces":{"north":{"uv":[8.0625,3.4375,8.4375,3.8125],"texture":"#0"},"east":{"uv":[8.0625,3.4375,8.4375,3.8125],"texture":"#0"},"south":{"uv":[8.0625,3.4375,8.4375,3.8125],"texture":"#0"},"west":{"uv":[8.0625,3.4375,8.4375,3.8125],"texture":"#0"},"up":{"uv":[8.0625,3.8125,8.4375,4.1875],"texture":"#0"},"down":{"uv":[8.0625,3.8125,8.4375,4.1875],"texture":"#0"}}}],"gui_light":"front","display":{"thirdperson_righthand":{"rotation":[0,-180,0],"translation":[-0.5,0,0],"scale":[0.1,0.1,0.1]},"thirdperson_lefthand":{"rotation":[0,-180,0],"translation":[0.25,0,0],"scale":[0.1,0.1,0.1]},"firstperson_righthand":{"rotation":[0,-180,0],"translation":[-1.5,2.5,0],"scale":[0.35,0.35,0.35]},"firstperson_lefthand":{"rotation":[0,-180,0],"translation":[-1.5,2.5,0],"scale":[0.35,0.35,0.35]},"ground":{"translation":[-0.25,0,0],"scale":[0.32,0.32,0.32]},"gui":{"rotation":[30,225,0],"translation":[0.25,-2.5,0],"scale":[0.29,0.29,0.29]},"head":{"rotation":[0,-180,0],"translation":[0,-30.25,0],"scale":[1.6,1.6,1.6]},"fixed":{"translation":[0,-3.25,0],"scale":[0.45,0.45,0.45]}}}