{
	"credit": "Made with Blockbench",
	"texture_size": [32, 32],
	"textures": {
		"2": "elitecreatures:japan_furniture_v2/bas_jf_flower-pot",
		"particle": "elitecreatures:japan_furniture_v2/bas_jf_flower-pot"
	},
	"elements": [
		{
			"from": [6, 1.9, 9.10191],
			"to": [10, 19.9, 10.10191],
			"rotation": {"angle": 0, "axis": "y", "origin": [8, 8, 8]},
			"faces": {
				"north": {"uv": [0, 0, 2, 9], "texture": "#2"},
				"east": {"uv": [7.5, 3.5, 8, 12.5], "texture": "#2"},
				"south": {"uv": [2, 0, 4, 9], "texture": "#2"},
				"west": {"uv": [8, 3.5, 8.5, 12.5], "texture": "#2"},
				"up": {"uv": [10.5, 3.5, 8.5, 3], "texture": "#2"},
				"down": {"uv": [10.5, 3.5, 8.5, 4], "texture": "#2"}
			}
		},
		{
			"from": [6, 3, 6.1],
			"to": [10, 10, 9.1],
			"faces": {
				"north": {"uv": [4, 6, 6, 9.5], "texture": "#2"},
				"east": {"uv": [6, 6, 7.5, 9.5], "texture": "#2"},
				"west": {"uv": [7.5, 6, 6, 9.5], "texture": "#2"},
				"up": {"uv": [10.5, 1.5, 8.5, 0], "texture": "#2"},
				"down": {"uv": [10.5, 1.5, 8.5, 3], "texture": "#2"}
			}
		},
		{
			"from": [4, 8, 7.5],
			"to": [12, 15, 7.5],
			"rotation": {"angle": -22.5, "axis": "y", "origin": [8, 11, 7.5]},
			"faces": {
				"north": {"uv": [12, 0, 16, 3.5], "texture": "#2"},
				"east": {"uv": [0, 0, 0, 3], "texture": "#2"},
				"south": {"uv": [16, 0, 12, 3.5], "texture": "#2"},
				"west": {"uv": [0, 0, 0, 3], "texture": "#2"},
				"up": {"uv": [3, 0, 0, 0], "texture": "#2"},
				"down": {"uv": [3, 0, 0, 0], "texture": "#2"}
			}
		},
		{
			"from": [4, 8, 7.5],
			"to": [12, 15, 7.5],
			"rotation": {"angle": 22.5, "axis": "y", "origin": [8, 11, 7.5]},
			"faces": {
				"north": {"uv": [12, 0, 16, 3.5], "texture": "#2"},
				"east": {"uv": [0, 0, 0, 3], "texture": "#2"},
				"south": {"uv": [16, 0, 12, 3.5], "texture": "#2"},
				"west": {"uv": [0, 0, 0, 3], "texture": "#2"},
				"up": {"uv": [3, 0, 0, 0], "texture": "#2"},
				"down": {"uv": [3, 0, 0, 0], "texture": "#2"}
			}
		}
	],
	"display": {
		"thirdperson_righthand": {
			"translation": [0, -2.75, -1],
			"scale": [0.47, 0.46, 0.45]
		},
		"thirdperson_lefthand": {
			"translation": [0, -2.75, -1],
			"scale": [0.47, 0.46, 0.45]
		},
		"firstperson_righthand": {
			"scale": [0, 0, 0]
		},
		"firstperson_lefthand": {
			"scale": [0, 0, 0]
		},
		"ground": {
			"scale": [0.56, 0.55, 0.55]
		},
		"gui": {
			"rotation": [23, 152, 0],
			"translation": [0, -3, 0],
			"scale": [0.87, 0.87, 0.88]
		},
		"head": {
			"translation": [0, -19, 6.25],
			"scale": [1.95, 1.97, 1.97]
		},
		"fixed": {
			"translation": [0, 2.5, -5],
			"scale": [2.74, 2.74, 2.74]
		}
	}
}