{"credit":"MadewithBlockbench","texture_size":[32,32],"textures":{"1":"elitecreatures:japan_furniture_v2/bas_jf_stick"},"elements":[{"from":[7.3304,-0.0096,7.3304],"to":[8.3304,21.9904,8.3304],"rotation":{"angle":0,"axis":"y","origin":[8,12.144,8]},"faces":{"north":{"uv":[0,0,0.5,11],"texture":"#1"},"east":{"uv":[0.5,0,0,11],"texture":"#1"},"south":{"uv":[0,0,0.5,11],"texture":"#1"},"west":{"uv":[0.5,0,0,11],"texture":"#1"},"up":{"uv":[2.5,0.5,2,0],"texture":"#1"},"down":{"uv":[2.5,0,2,0.5],"texture":"#1"}}},{"from":[7.0804,21.9904,7.0804],"to":[8.5804,23.4904,8.5804],"rotation":{"angle":0,"axis":"y","origin":[5,13.794,8]},"faces":{"north":{"uv":[0.5,0,1.25,0.75],"texture":"#1"},"east":{"uv":[0.5,0,1.25,0.75],"texture":"#1"},"south":{"uv":[0.5,0,1.25,0.75],"texture":"#1"},"west":{"uv":[0.5,0,1.25,0.75],"texture":"#1"},"up":{"uv":[2,0.75,1.25,0],"texture":"#1"},"down":{"uv":[2,0,1.25,0.75],"texture":"#1"}}},{"from":[7.3304,23.4904,7.8304],"to":[8.3304,25.4904,7.8304],"rotation":{"angle":0,"axis":"y","origin":[5,13.794,8]},"faces":{"north":{"uv":[0.5,0.75,1,1.75],"texture":"#1"},"east":{"uv":[0,0,0,1],"texture":"#1"},"south":{"uv":[0.5,0.75,1,1.75],"texture":"#1"},"west":{"uv":[0,0,0,1],"texture":"#1"},"up":{"uv":[0.5,0,0,0],"texture":"#1"},"down":{"uv":[0.5,0,0,0],"texture":"#1"}}}],"display":{"thirdperson_righthand":{"translation":[0,-2.25,-0.25],"scale":[0.49,0.5,0.49]},"thirdperson_lefthand":{"translation":[0,-2.25,-0.25],"scale":[0.49,0.5,0.49]},"firstperson_righthand":{"scale":[0,0,0]},"firstperson_lefthand":{"scale":[0,0,0]},"ground":{"scale":[0.5,0.49,0.49]},"gui":{"rotation":[9,-30,0],"translation":[0,-2.5,0],"scale":[0.68,0.67,0.67]},"head":{"translation":[0,-21,0],"scale":[2.83,2.81,2.81]},"fixed":{"translation":[0,-3.5,-4.75]}}}