{"credit":"MadewithBlockbench","texture_size":[32,32],"textures":{"1":"elitecreatures:japan_furniture_v2/bas_jf_red-tea-set"},"elements":[{"from":[4,7,0],"to":[11,8,16],"rotation":{"angle":0,"axis":"y","origin":[8,0,0]},"faces":{"north":{"uv":[0,8,3.5,8.5],"texture":"#1"},"east":{"uv":[3.5,0,11.5,0.5],"texture":"#1"},"south":{"uv":[0,8,3.5,8.5],"texture":"#1"},"west":{"uv":[3.5,0.5,11.5,1],"texture":"#1"},"up":{"uv":[3.5,8,0,0],"texture":"#1"},"down":{"uv":[3.5,0,0,8],"texture":"#1"}}},{"from":[10,8,0],"to":[11,9,16],"rotation":{"angle":0,"axis":"y","origin":[8,0,0]},"faces":{"north":{"uv":[11.5,7.5,11,7],"texture":"#1"},"east":{"uv":[3.5,7.5,11.5,8],"texture":"#1"},"south":{"uv":[11,7,11.5,7.5],"texture":"#1"},"west":{"uv":[3.5,7.5,11.5,8],"texture":"#1"},"up":{"uv":[11.5,8,12,0],"texture":"#1"},"down":{"uv":[12,0,11.5,8],"texture":"#1"}}},{"from":[4,8,0],"to":[5,9,16],"rotation":{"angle":0,"axis":"y","origin":[8,0,0]},"faces":{"north":{"uv":[11,7,11.5,7.5],"texture":"#1"},"east":{"uv":[3.5,7.5,11.5,8],"texture":"#1"},"south":{"uv":[11,7,11.5,7.5],"texture":"#1"},"west":{"uv":[3.5,7.5,11.5,8],"texture":"#1"},"up":{"uv":[12,8,11.5,0],"texture":"#1"},"down":{"uv":[12,0,11.5,8],"texture":"#1"}}},{"from":[5,8,0],"to":[10,9,1],"rotation":{"angle":0,"axis":"y","origin":[8,0,0]},"faces":{"north":{"uv":[3.5,5,6,4.5],"texture":"#1"},"south":{"uv":[3.5,4.5,6,5],"texture":"#1"},"up":{"uv":[6,5,3.5,4.5],"texture":"#1"},"down":{"uv":[6,4.5,3.5,5],"texture":"#1"}}},{"from":[5,8,15],"to":[10,9,16],"rotation":{"angle":0,"axis":"y","origin":[8,0,0]},"faces":{"north":{"uv":[3.5,4.5,6,5],"texture":"#1"},"south":{"uv":[3.5,5,6,4.5],"texture":"#1"},"up":{"uv":[6,5,3.5,4.5],"texture":"#1"},"down":{"uv":[6,4.5,3.5,5],"texture":"#1"}}},{"from":[5.5,8,2],"to":[8.5,12,5],"rotation":{"angle":0,"axis":"y","origin":[8,0,0]},"faces":{"north":{"uv":[3.5,2.5,5,4.5],"texture":"#1"},"east":{"uv":[5,2.5,3.5,4.5],"texture":"#1"},"south":{"uv":[3.5,2.5,5,4.5],"texture":"#1"},"west":{"uv":[5,2.5,3.5,4.5],"texture":"#1"},"up":{"uv":[5,2.5,3.5,1],"texture":"#1"}}},{"from":[6.25,10.25,4],"to":[7.75,11.75,6],"rotation":{"angle":-22.5,"axis":"x","origin":[7,11.25,6]},"faces":{"east":{"uv":[9.75,1,8.75,1.75],"texture":"#1"},"south":{"uv":[8,2,8.75,2.75],"texture":"#1"},"west":{"uv":[8.75,1,9.75,1.75],"texture":"#1"},"up":{"uv":[8.75,2,8,1],"texture":"#1"},"down":{"uv":[8.75,1,8,2],"texture":"#1"}}},{"from":[6.75,12,4.25],"to":[7.25,14,4.75],"rotation":{"angle":0,"axis":"y","origin":[8,0,0]},"faces":{"north":{"uv":[10,1,10.25,2],"texture":"#1"},"east":{"uv":[10,1,10.25,2],"texture":"#1"},"south":{"uv":[10,1,10.25,2],"texture":"#1"},"west":{"uv":[10,1,10.25,2],"texture":"#1"},"up":{"uv":[10,1.5,9.75,1.25],"texture":"#1"},"down":{"uv":[10,1.25,9.75,1.5],"texture":"#1"}}},{"from":[6.75,12,2.25],"to":[7.25,14,2.75],"rotation":{"angle":0,"axis":"y","origin":[8,0,0]},"faces":{"north":{"uv":[10,1,10.25,2],"texture":"#1"},"east":{"uv":[10,1,10.25,2],"texture":"#1"},"south":{"uv":[10,1,10.25,2],"texture":"#1"},"west":{"uv":[10,1,10.25,2],"texture":"#1"},"up":{"uv":[10,1.5,9.75,1.25],"texture":"#1"},"down":{"uv":[10,1.25,9.75,1.5],"texture":"#1"}}},{"from":[6.75,13.25,2.75],"to":[7.25,13.75,4.25],"rotation":{"angle":0,"axis":"y","origin":[8,0,0.5]},"faces":{"east":{"uv":[10.25,1,11,1.25],"texture":"#1"},"west":{"uv":[10.25,1,11,1.25],"texture":"#1"},"up":{"uv":[10.5,2,10.25,1.25],"texture":"#1"},"down":{"uv":[10.5,2,10.25,1.25],"texture":"#1"}}},{"from":[6.75,12,3.25],"to":[7.25,12.5,3.75],"rotation":{"angle":0,"axis":"y","origin":[8,0,0.5]},"faces":{"north":{"uv":[9.75,1,10,1.25],"texture":"#1"},"east":{"uv":[9.75,1,10,1.25],"texture":"#1"},"south":{"uv":[9.75,1,10,1.25],"texture":"#1"},"west":{"uv":[9.75,1,10,1.25],"texture":"#1"},"up":{"uv":[9.75,1,10,1.25],"texture":"#1"}}},{"from":[5.75,8,8],"to":[8.75,12,11],"rotation":{"angle":0,"axis":"y","origin":[8,0,0]},"faces":{"north":{"uv":[5,2.5,6.5,4.5],"texture":"#1"},"east":{"uv":[5,2.5,6.5,4.5],"texture":"#1"},"south":{"uv":[5,2.5,6.5,4.5],"texture":"#1"},"west":{"uv":[5,2.5,6.5,4.5],"texture":"#1"},"up":{"uv":[6.5,2.5,5,1],"texture":"#1"}}},{"from":[6.75,8,11.5],"to":[9.75,9,14.5],"rotation":{"angle":0,"axis":"y","origin":[8,0,0]},"faces":{"north":{"uv":[6.5,1,8,1.5],"texture":"#1"},"east":{"uv":[6.5,1,8,1.5],"texture":"#1"},"south":{"uv":[6.5,1,8,1.5],"texture":"#1"},"west":{"uv":[6.5,1,8,1.5],"texture":"#1"},"up":{"uv":[8,3,6.5,1.5],"texture":"#1"}}}],"display":{"thirdperson_righthand":{"rotation":[77.75,0,0],"translation":[0,1.25,-1],"scale":[0.5,0.5,0.5]},"thirdperson_lefthand":{"rotation":[77.75,0,0],"translation":[0,1.25,-1],"scale":[0.5,0.5,0.5]},"firstperson_righthand":{"scale":[0,0,0]},"firstperson_lefthand":{"scale":[0,0,0]},"ground":{"scale":[0.57,0.57,0.57]},"gui":{"rotation":[28,-42,0],"translation":[0,-2.5,0],"scale":[1.19,1.19,1.14]},"head":{"translation":[0,-42.5,0],"scale":[1.94,1.92,1.94]},"fixed":{"translation":[0,0,-10]}}}