{"credit":"MadewithBlockbench","texture_size":[32,32],"textures":{"1":"elitecreatures:japan_furniture_v2/bas_jf_money-chest"},"elements":[{"from":[3.5,4,5],"to":[12.5,9,6],"rotation":{"angle":0,"axis":"y","origin":[0.5,-8,0]},"faces":{"north":{"uv":[0,9.5,4.5,12],"texture":"#1"},"east":{"uv":[9,9.5,9.5,12],"texture":"#1"},"south":{"uv":[4.5,9.5,9,12],"texture":"#1"},"west":{"uv":[9,9.5,9.5,12],"texture":"#1"},"up":{"uv":[4.5,12.5,0,12],"texture":"#1"},"down":{"uv":[9,12,4.5,12.5],"texture":"#1"}}},{"from":[3.5,4,11],"to":[12.5,9,12],"rotation":{"angle":0,"axis":"y","origin":[0.5,-8,0]},"faces":{"north":{"uv":[1,5,5.5,7.5],"texture":"#1"},"east":{"uv":[0.5,5,1,7.5],"texture":"#1"},"south":{"uv":[1,5,5.5,7.5],"texture":"#1"},"west":{"uv":[0.5,5,1,7.5],"texture":"#1"},"up":{"uv":[5.5,8,1,7.5],"texture":"#1"},"down":{"uv":[5.5,7.5,1,8],"texture":"#1"}}},{"from":[2.75,8.5,11],"to":[13.25,15.5,12],"rotation":{"angle":45,"axis":"x","origin":[8,8.5,11.5]},"faces":{"north":{"uv":[5.5,0,10.75,3.5],"texture":"#1"},"east":{"uv":[0,5,0.5,8.5],"texture":"#1"},"south":{"uv":[5.5,3.5,10.75,7],"texture":"#1"},"west":{"uv":[0,5,0.5,8.5],"texture":"#1"},"up":{"uv":[5.25,5,0,4.5],"texture":"#1"},"down":{"uv":[5.25,4.5,0,5],"texture":"#1"}}},{"from":[2.5,3,5],"to":[13.5,4,12],"rotation":{"angle":0,"axis":"y","origin":[0.5,-8,0]},"faces":{"north":{"uv":[0,3.5,5.5,4],"texture":"#1"},"east":{"uv":[0,4,3.5,4.5],"texture":"#1"},"south":{"uv":[0,3.5,5.5,4],"texture":"#1"},"west":{"uv":[0,4,3.5,4.5],"texture":"#1"},"down":{"uv":[5.5,0,0,3.5],"texture":"#1"}}},{"from":[3.5,8,6],"to":[12.5,8,11],"rotation":{"angle":0,"axis":"y","origin":[0.5,-8,0]},"faces":{"north":{"uv":[0,0,4.5,0],"texture":"#1"},"east":{"uv":[0,0,2.5,0],"texture":"#1"},"south":{"uv":[0,0,4.5,0],"texture":"#1"},"west":{"uv":[0,0,2.5,0],"texture":"#1"},"up":{"uv":[15.25,2.5,10.75,0],"texture":"#1"}}},{"from":[10,8,8.5],"to":[12,8.5,10.5],"rotation":{"angle":0,"axis":"y","origin":[11,8.25,9.5]},"faces":{"north":{"uv":[11.75,2.75,10.75,2.5],"texture":"#1"},"east":{"uv":[11.75,2.75,10.75,2.5],"texture":"#1"},"south":{"uv":[11.75,2.75,10.75,2.5],"texture":"#1"},"west":{"uv":[11.75,2.75,10.75,2.5],"texture":"#1"},"up":{"uv":[11.75,3.5,10.75,2.5],"texture":"#1"},"down":{"uv":[11.75,3.5,10.75,2.5],"texture":"#1"}}},{"from":[5,8,8.5],"to":[7,8.5,10.5],"rotation":{"angle":22.5,"axis":"x","origin":[6,8.25,9.5]},"faces":{"north":{"uv":[11.75,2.75,10.75,2.5],"texture":"#1"},"east":{"uv":[11.75,2.75,10.75,2.5],"texture":"#1"},"south":{"uv":[11.75,2.75,10.75,2.5],"texture":"#1"},"west":{"uv":[11.75,2.75,10.75,2.5],"texture":"#1"},"up":{"uv":[11.75,3.5,10.75,2.5],"texture":"#1"},"down":{"uv":[11.75,3.5,10.75,2.5],"texture":"#1"}}},{"from":[4,8,6.5],"to":[6,8.5,8.5],"rotation":{"angle":0,"axis":"y","origin":[5,8.25,7.5]},"faces":{"north":{"uv":[11.75,2.75,10.75,2.5],"texture":"#1"},"east":{"uv":[11.75,2.75,10.75,2.5],"texture":"#1"},"south":{"uv":[11.75,2.75,10.75,2.5],"texture":"#1"},"west":{"uv":[11.75,2.75,10.75,2.5],"texture":"#1"},"up":{"uv":[11.75,3.5,10.75,2.5],"texture":"#1"},"down":{"uv":[11.75,3.5,10.75,2.5],"texture":"#1"}}},{"from":[7,8,6.5],"to":[9,8.5,8.5],"rotation":{"angle":45,"axis":"y","origin":[8,8.25,7.5]},"faces":{"north":{"uv":[11.75,2.75,10.75,2.5],"texture":"#1"},"east":{"uv":[11.75,2.75,10.75,2.5],"texture":"#1"},"south":{"uv":[11.75,2.75,10.75,2.5],"texture":"#1"},"west":{"uv":[11.75,2.75,10.75,2.5],"texture":"#1"},"up":{"uv":[11.75,3.5,10.75,2.5],"rotation":90,"texture":"#1"},"down":{"uv":[11.75,3.5,10.75,2.5],"rotation":270,"texture":"#1"}}},{"from":[7,8.5,6.5],"to":[9,9,8.5],"rotation":{"angle":-22.5,"axis":"y","origin":[8,8.25,7.5]},"faces":{"north":{"uv":[11.75,2.75,10.75,2.5],"texture":"#1"},"east":{"uv":[11.75,2.75,10.75,2.5],"texture":"#1"},"south":{"uv":[11.75,2.75,10.75,2.5],"texture":"#1"},"west":{"uv":[11.75,2.75,10.75,2.5],"texture":"#1"},"up":{"uv":[11.75,3.5,10.75,2.5],"texture":"#1"},"down":{"uv":[11.75,3.5,10.75,2.5],"texture":"#1"}}},{"from":[7,9,6.5],"to":[9,9.5,8.5],"rotation":{"angle":0,"axis":"y","origin":[8,8.25,7.5]},"faces":{"north":{"uv":[11.75,2.75,10.75,2.5],"texture":"#1"},"east":{"uv":[11.75,2.75,10.75,2.5],"texture":"#1"},"south":{"uv":[11.75,2.75,10.75,2.5],"texture":"#1"},"west":{"uv":[11.75,2.75,10.75,2.5],"texture":"#1"},"up":{"uv":[11.75,3.5,10.75,2.5],"texture":"#1"},"down":{"uv":[11.75,3.5,10.75,2.5],"texture":"#1"}}},{"from":[12.5,4,5],"to":[13.5,9,12],"rotation":{"angle":0,"axis":"y","origin":[0.5,-8,0]},"faces":{"north":{"uv":[9,7,9.5,9.5],"texture":"#1"},"east":{"uv":[5.5,7,9,9.5],"texture":"#1"},"south":{"uv":[9,7,9.5,9.5],"texture":"#1"},"west":{"uv":[5.5,7,9,9.5],"texture":"#1"},"up":{"uv":[10,10.5,9.5,7],"texture":"#1"},"down":{"uv":[10,7,9.5,10.5],"texture":"#1"}}},{"from":[2.5,4,5],"to":[3.5,9,12],"rotation":{"angle":0,"axis":"y","origin":[15.5,-8,0]},"faces":{"north":{"uv":[9.5,7,9,9.5],"texture":"#1"},"east":{"uv":[9,7,5.5,9.5],"texture":"#1"},"south":{"uv":[9.5,7,9,9.5],"texture":"#1"},"west":{"uv":[9,7,5.5,9.5],"texture":"#1"},"up":{"uv":[9.5,10.5,10,7],"texture":"#1"},"down":{"uv":[9.5,7,10,10.5],"texture":"#1"}}}],"display":{"thirdperson_righthand":{"rotation":[16.5,0,0],"translation":[0,1.25,0],"scale":[0.53,0.53,0.52]},"thirdperson_lefthand":{"rotation":[16.5,0,0],"translation":[0,1.25,0],"scale":[0.53,0.53,0.52]},"firstperson_righthand":{"scale":[0,0,0]},"firstperson_lefthand":{"scale":[0,0,0]},"ground":{"scale":[0.46,0.47,0.46]},"gui":{"rotation":[18,163,0],"translation":[0,-1.25,0],"scale":[1.12,1.12,1.12]},"head":{"translation":[0,-32.75,0],"scale":[2.34,2.36,2.4]},"fixed":{"translation":[0,0,-10.25]}}}