{"credit":"MadewithBlockbench","texture_size":[32,32],"textures":{"1":"elitecreatures:japan_furniture_v2/bas_jf_stand-with-a-book"},"elements":[{"from":[1.20554,-0.01854,9.3],"to":[7.20554,0.98146,15.3],"rotation":{"angle":0,"axis":"y","origin":[6.8,4.4,12.3]},"faces":{"north":{"uv":[3,0,6,0.5],"texture":"#1"},"east":{"uv":[3,0,6,0.5],"texture":"#1"},"south":{"uv":[3,0,6,0.5],"texture":"#1"},"west":{"uv":[3,0,6,0.5],"texture":"#1"},"up":{"uv":[3,3,0,0],"texture":"#1"},"down":{"uv":[3,0,0,3],"texture":"#1"}}},{"from":[3.70554,0.48146,11.8],"to":[4.70554,3.48146,12.8],"rotation":{"angle":0,"axis":"y","origin":[6.8,4.4,12.3]},"faces":{"north":{"uv":[0,4,0.5,5.5],"texture":"#1"},"east":{"uv":[0,4,0.5,5.5],"texture":"#1"},"south":{"uv":[0,4,0.5,5.5],"texture":"#1"},"west":{"uv":[0,4,0.5,5.5],"texture":"#1"},"up":{"uv":[0.5,6,0,5.5],"texture":"#1"},"down":{"uv":[0.5,5.5,0,6],"texture":"#1"}}},{"from":[10.70554,6.73146,11.3],"to":[11.20554,7.23146,13.3],"rotation":{"angle":0,"axis":"y","origin":[6.8,4.4,12.3]},"faces":{"north":{"uv":[5,1.5,5.5,2],"texture":"#1"},"east":{"uv":[4.5,0.5,5.5,1],"texture":"#1"},"south":{"uv":[5,1.5,5.5,2],"texture":"#1"},"west":{"uv":[4.5,0.5,5.5,1],"texture":"#1"},"up":{"uv":[5,2,4.5,1],"texture":"#1"},"down":{"uv":[5,1,4.5,2],"texture":"#1"}}},{"from":[10.70554,3.23146,11.3],"to":[11.20554,3.73146,13.3],"rotation":{"angle":0,"axis":"y","origin":[6.8,4.4,12.3]},"faces":{"north":{"uv":[5,1.5,5.5,2],"texture":"#1"},"east":{"uv":[4.5,0.5,5.5,1],"texture":"#1"},"south":{"uv":[5,1.5,5.5,2],"texture":"#1"},"west":{"uv":[4.5,0.5,5.5,1],"texture":"#1"},"up":{"uv":[5,2,4.5,1],"texture":"#1"},"down":{"uv":[5,1,4.5,2],"texture":"#1"}}},{"from":[10.70554,3.73146,11.3],"to":[11.20554,6.73146,11.8],"rotation":{"angle":0,"axis":"y","origin":[6.8,4.4,12.3]},"faces":{"north":{"uv":[5.5,0.5,6,2],"texture":"#1"},"east":{"uv":[5.5,0.5,6,2],"texture":"#1"},"south":{"uv":[5.5,0.5,6,2],"texture":"#1"},"west":{"uv":[5.5,0.5,6,2],"texture":"#1"},"up":{"uv":[6,2.5,5.5,2],"texture":"#1"},"down":{"uv":[6,2,5.5,2.5],"texture":"#1"}}},{"from":[10.70554,3.73146,12.8],"to":[11.20554,6.73146,13.3],"rotation":{"angle":0,"axis":"y","origin":[6.8,4.4,12.3]},"faces":{"north":{"uv":[5.5,0.5,6,2],"texture":"#1"},"east":{"uv":[5.5,0.5,6,2],"texture":"#1"},"south":{"uv":[5.5,0.5,6,2],"texture":"#1"},"west":{"uv":[5.5,0.5,6,2],"texture":"#1"},"up":{"uv":[6,2.5,5.5,2],"texture":"#1"},"down":{"uv":[6,2,5.5,2.5],"texture":"#1"}}},{"from":[10.45554,4.48146,11.05],"to":[11.45554,5.48146,12.05],"rotation":{"angle":0,"axis":"y","origin":[6.8,4.4,12.3]},"faces":{"north":{"uv":[5,1,5.5,1.5],"texture":"#1"},"east":{"uv":[5,1,5.5,1.5],"texture":"#1"},"south":{"uv":[5,1,5.5,1.5],"texture":"#1"},"west":{"uv":[5,1,5.5,1.5],"texture":"#1"},"up":{"uv":[5.5,1.5,5,1],"texture":"#1"},"down":{"uv":[5.5,1,5,1.5],"texture":"#1"}}},{"from":[10.45554,4.23146,12.55],"to":[11.45554,5.23146,13.55],"rotation":{"angle":0,"axis":"y","origin":[6.8,4.4,12.3]},"faces":{"north":{"uv":[5,1,5.5,1.5],"texture":"#1"},"east":{"uv":[5,1,5.5,1.5],"texture":"#1"},"south":{"uv":[5,1,5.5,1.5],"texture":"#1"},"west":{"uv":[5,1,5.5,1.5],"texture":"#1"},"up":{"uv":[5.5,1.5,5,1],"texture":"#1"},"down":{"uv":[5.5,1,5,1.5],"texture":"#1"}}},{"from":[0.85475,1.75748,11.85],"to":[5.25475,2.75748,12.75],"rotation":{"angle":-22.5,"axis":"z","origin":[6.8,4.50001,12.4]},"faces":{"north":{"uv":[0.5,3,2.5,3.5],"texture":"#1"},"east":{"uv":[2.5,3,3,3.5],"texture":"#1"},"south":{"uv":[0.5,3,2.5,3.5],"texture":"#1"},"west":{"uv":[2.5,3,3,3.5],"texture":"#1"},"up":{"uv":[2.5,3.5,0.5,3],"texture":"#1"},"down":{"uv":[2.5,3,0.5,3.5],"texture":"#1"}}},{"from":[0.85475,2.75748,11.8],"to":[1.85475,6.15748,12.8],"rotation":{"angle":-22.5,"axis":"z","origin":[6.8,4.50001,12.3]},"faces":{"north":{"uv":[0.5,4,1,5.5],"texture":"#1"},"east":{"uv":[0.5,4,1,5.5],"texture":"#1"},"south":{"uv":[0.5,4,1,5.5],"texture":"#1"},"west":{"uv":[0.5,4,1,5.5],"texture":"#1"},"up":{"uv":[1,6,0.5,5.5],"texture":"#1"},"down":{"uv":[1,5.5,0.5,6],"texture":"#1"}}},{"from":[3.76808,8.87595,11.85],"to":[6.76808,9.87595,12.75],"rotation":{"angle":22.5,"axis":"z","origin":[6.8,4.50001,12.4]},"faces":{"north":{"uv":[6.5,3.5,8,4],"texture":"#1"},"east":{"uv":[6,3.5,6.5,4],"texture":"#1"},"south":{"uv":[6.5,3.5,8,4],"texture":"#1"},"west":{"uv":[6,3.5,6.5,4],"texture":"#1"},"up":{"uv":[8,4,6.5,3.5],"texture":"#1"},"down":{"uv":[8,3.5,6.5,4],"texture":"#1"}}},{"from":[2.97607,7.2788,11.8],"to":[9.97607,8.2788,12.8],"rotation":{"angle":-22.5,"axis":"z","origin":[6.8,4.50001,12.3]},"faces":{"north":{"uv":[0,3.5,3.5,4],"texture":"#1"},"east":{"uv":[3.5,3.5,4,4],"texture":"#1"},"south":{"uv":[0,3.5,3.5,4],"texture":"#1"},"west":{"uv":[3.5,3.5,4,4],"texture":"#1"},"up":{"uv":[3.5,4,0,3.5],"texture":"#1"},"down":{"uv":[3.5,3.5,0,4],"texture":"#1"}}},{"from":[11.0324,4.25153,11.85],"to":[14.3324,5.25153,12.75],"rotation":{"angle":22.5,"axis":"z","origin":[6.89239,4.46173,12.4]},"faces":{"north":{"uv":[4,3.5,5.5,4],"texture":"#1"},"east":{"uv":[5.5,3.5,6,4],"texture":"#1"},"south":{"uv":[4,3.5,5.5,4],"texture":"#1"},"west":{"uv":[5.5,3.5,6,4],"texture":"#1"},"up":{"uv":[5.5,4,4,3.5],"texture":"#1"},"down":{"uv":[5.5,3.5,4,4],"texture":"#1"}}},{"from":[3,0,-0.5],"to":[8,0.5,7.5],"rotation":{"angle":0,"axis":"y","origin":[6.8,4.4,12.3]},"faces":{"north":{"uv":[7.5,4.5,10,5],"texture":"#1"},"east":{"uv":[3.5,5,7.5,5.5],"texture":"#1"},"south":{"uv":[7.5,4.5,10,5],"texture":"#1"},"west":{"uv":[3.5,4.5,7.5,5],"texture":"#1"},"up":{"uv":[10.5,4,8,0],"texture":"#1"},"down":{"uv":[10.5,0,8,4],"texture":"#1"}}},{"from":[3,1,-0.5],"to":[8,1.5,7.5],"rotation":{"angle":0,"axis":"y","origin":[6.8,4.4,12.3]},"faces":{"north":{"uv":[7.5,4.5,10,5],"texture":"#1"},"east":{"uv":[3.5,5,7.5,5.5],"texture":"#1"},"south":{"uv":[7.5,4.5,10,5],"texture":"#1"},"west":{"uv":[3.5,4.5,7.5,5],"texture":"#1"},"up":{"uv":[10.5,4,8,0],"texture":"#1"},"down":{"uv":[10.5,0,8,4],"texture":"#1"}}},{"from":[3,0.5,-0.5],"to":[3.5,1,7.5],"rotation":{"angle":0,"axis":"y","origin":[6.8,3.9,12.3]},"faces":{"north":{"uv":[8.5,4,9,4.5],"texture":"#1"},"south":{"uv":[8.5,4,9,4.5],"texture":"#1"},"west":{"uv":[4.5,4,8.5,4.5],"texture":"#1"}}},{"from":[12.80554,0.03146,3.4],"to":[16.80554,0.03146,10.4],"rotation":{"angle":22.5,"axis":"y","origin":[6.8,4.4,12.3]},"faces":{"north":{"uv":[0,0,2,0],"texture":"#1"},"east":{"uv":[0,0,3.5,0],"texture":"#1"},"south":{"uv":[0,0,2,0],"texture":"#1"},"west":{"uv":[0,0,3.5,0],"texture":"#1"},"up":{"uv":[6,3.5,8,0],"texture":"#1"},"down":{"uv":[6,0,8,3.5],"texture":"#1"}}},{"from":[13.20554,-0.01854,8.3],"to":[16.20554,5.98146,11.3],"rotation":{"angle":0,"axis":"y","origin":[6.8,4.4,12.3]},"faces":{"north":{"uv":[3,0.5,4.5,3.5],"texture":"#1"},"east":{"uv":[10.5,1.5,12,4.5],"texture":"#1"},"south":{"uv":[10.5,1.5,12,4.5],"texture":"#1"},"west":{"uv":[10.5,1.5,12,4.5],"texture":"#1"},"up":{"uv":[12,1.5,10.5,0],"texture":"#1"},"down":{"uv":[12,0,10.5,1.5],"texture":"#1"}}},{"from":[3.25,0.5,0],"to":[7.75,1,7],"rotation":{"angle":0,"axis":"y","origin":[6.23501,1.27169,10.95]},"faces":{"north":{"uv":[1,4.5,3.5,5],"texture":"#1"},"east":{"uv":[1,4,4.5,4.5],"texture":"#1"},"south":{"uv":[1,4.5,3.5,5],"texture":"#1"},"west":{"uv":[1,4,4.5,4.5],"texture":"#1"}}}],"display":{"thirdperson_righthand":{"translation":[0,2.25,0],"scale":[0.27,0.28,0.28]},"thirdperson_lefthand":{"translation":[0,2.25,0],"scale":[0.27,0.28,0.28]},"firstperson_righthand":{"scale":[0,0,0]},"firstperson_lefthand":{"scale":[0,0,0]},"ground":{"translation":[0,0.75,0],"scale":[0.37,0.36,0.36]},"gui":{"rotation":[26,158,0],"translation":[-0.5,2.75,0],"scale":[0.89,0.89,0.89]},"head":{"translation":[0,-33.5,0],"scale":[1.25,1.25,1.25]},"fixed":{"rotation":[-9,0,0],"translation":[0,1,-7.75]}}}