{"credit":"MadewithBlockbench","texture_size":[64,64],"textures":{"2":"elitecreatures:japan_furniture_v2/bas_jf_basket"},"elements":[{"from":[0.5,10.5,11.5],"to":[15.5,11.5,12.5],"rotation":{"angle":0,"axis":"y","origin":[8,8,8]},"faces":{"north":{"uv":[7.5,6.5,0,7],"texture":"#2"},"east":{"uv":[0.5,6,1,6.5],"texture":"#2"},"south":{"uv":[7.5,6.5,0,7],"texture":"#2"},"west":{"uv":[0.5,6,1,6.5],"texture":"#2"},"up":{"uv":[0,7,7.5,6.5],"texture":"#2"}}},{"from":[14.5,10.5,4.5],"to":[15.5,11.5,11.5],"rotation":{"angle":0,"axis":"y","origin":[8,8,8]},"faces":{"north":{"uv":[7.5,2.5,8,3],"texture":"#2"},"east":{"uv":[8,2.5,11.5,3],"texture":"#2"},"south":{"uv":[7.5,2.5,8,3],"texture":"#2"},"west":{"uv":[8,2.5,11.5,3],"texture":"#2"},"up":{"uv":[12,3.5,11.5,0],"texture":"#2"}}},{"from":[0.5,5.5,11.5],"to":[15.5,10.5,12.5],"rotation":{"angle":0,"axis":"y","origin":[8,8,8]},"faces":{"north":{"uv":[0,0,7.5,2.5],"texture":"#2"},"east":{"uv":[7.5,0,8,2.5],"texture":"#2"},"south":{"uv":[0,0,7.5,2.5],"texture":"#2"},"west":{"uv":[7.5,0,8,2.5],"texture":"#2"},"up":{"uv":[7.5,3,0,2.5],"texture":"#2"},"down":{"uv":[7.5,3,0,2.5],"texture":"#2"}}},{"from":[0.5,10.5,3.5],"to":[15.5,11.5,4.5],"rotation":{"angle":0,"axis":"y","origin":[8,8,8]},"faces":{"north":{"uv":[0,6.5,7.5,7],"texture":"#2"},"east":{"uv":[1,6,0.5,6.5],"texture":"#2"},"south":{"uv":[0,6.5,7.5,7],"texture":"#2"},"west":{"uv":[1,6,0.5,6.5],"texture":"#2"},"up":{"uv":[0,6.5,7.5,7],"texture":"#2"}}},{"from":[0.5,5.5,3.5],"to":[15.5,10.5,4.5],"rotation":{"angle":0,"axis":"y","origin":[8,8,8]},"faces":{"north":{"uv":[7.5,0,0,2.5],"texture":"#2"},"east":{"uv":[8,0,7.5,2.5],"texture":"#2"},"south":{"uv":[7.5,0,0,2.5],"texture":"#2"},"west":{"uv":[8,0,7.5,2.5],"texture":"#2"},"up":{"uv":[0,3,7.5,2.5],"texture":"#2"},"down":{"uv":[0,3,7.5,2.5],"texture":"#2"}}},{"from":[1.5,5.5,4.5],"to":[14.5,9.5,11.5],"rotation":{"angle":0,"axis":"y","origin":[8.58,6.084,8.348]},"faces":{"up":{"uv":[7.5,6.5,1,3],"texture":"#2"},"down":{"uv":[6.5,7,0,10.5],"texture":"#2"}}},{"from":[1.5,9.5,4.5],"to":[7.5,10.5,11.5],"rotation":{"angle":0,"axis":"y","origin":[8.58,6.084,8.348]},"faces":{"east":{"uv":[7.5,6.5,11,7],"texture":"#2"},"up":{"uv":[10.5,6.5,7.5,3],"texture":"#2"}}},{"from":[14.5,5.5,4.5],"to":[15.5,10.5,11.5],"rotation":{"angle":0,"axis":"y","origin":[8,8,8]},"faces":{"north":{"uv":[0.5,3,1,5.5],"texture":"#2"},"east":{"uv":[8,0,11.5,2.5],"texture":"#2"},"south":{"uv":[0.5,3,1,5.5],"texture":"#2"},"west":{"uv":[8,0,11.5,2.5],"texture":"#2"},"up":{"uv":[0.5,6.5,0,3],"texture":"#2"},"down":{"uv":[0.5,3,0,6.5],"texture":"#2"}}},{"from":[0.5,10.5,4.5],"to":[1.5,11.5,11.5],"rotation":{"angle":0,"axis":"y","origin":[8,8,8]},"faces":{"north":{"uv":[8,2.5,7.5,3],"texture":"#2"},"east":{"uv":[11.5,2.5,8,3],"texture":"#2"},"south":{"uv":[8,2.5,7.5,3],"texture":"#2"},"west":{"uv":[11.5,2.5,8,3],"texture":"#2"},"up":{"uv":[11.5,3.5,12,0],"texture":"#2"}}},{"from":[0.5,5.5,4.5],"to":[1.5,10.5,11.5],"rotation":{"angle":0,"axis":"y","origin":[8,8,8]},"faces":{"north":{"uv":[1,3,0.5,5.5],"texture":"#2"},"east":{"uv":[11.5,0,8,2.5],"texture":"#2"},"south":{"uv":[1,3,0.5,5.5],"texture":"#2"},"west":{"uv":[11.5,0,8,2.5],"texture":"#2"},"up":{"uv":[0,6.5,0.5,3],"texture":"#2"},"down":{"uv":[0,3,0.5,6.5],"texture":"#2"}}},{"from":[6.4,8.8,3],"to":[9.4,9.8,4],"rotation":{"angle":0,"axis":"y","origin":[8,8,8]},"faces":{"north":{"uv":[10.5,3.5,12,4],"texture":"#2"},"east":{"uv":[11,3,11.5,3.5],"texture":"#2"},"west":{"uv":[11,3,11.5,3.5],"texture":"#2"},"up":{"uv":[12,4.5,10.5,4],"texture":"#2"},"down":{"uv":[12,4.5,10.5,5],"texture":"#2"}}}],"display":{"thirdperson_righthand":{"scale":[0.24,0.24,0.24]},"thirdperson_lefthand":{"scale":[0.24,0.24,0.24]},"firstperson_righthand":{"scale":[0,0,0]},"firstperson_lefthand":{"scale":[0,0,0]},"ground":{"scale":[0.42,0.42,0.42]},"gui":{"rotation":[27,27,0],"translation":[0,-2,0],"scale":[0.84,0.84,0.84]},"head":{"translation":[0,-39.25,0],"scale":[1.61,1.61,1.61]},"fixed":{"rotation":[-46,0,0],"translation":[0,0,-3.75]}}}