{"credit":"MadewithBlockbench","texture_size":[32,32],"textures":{"1":"elitecreatures:japan_furniture_v2/bas_jf_flower-pot-2"},"elements":[{"from":[6.59,0.59,6.59],"to":[9.59,7.59,9.59],"rotation":{"angle":0,"axis":"y","origin":[8,8,8]},"faces":{"north":{"uv":[0,0,1.5,3.5],"texture":"#1"},"east":{"uv":[0,0,1.5,3.5],"texture":"#1"},"south":{"uv":[0,0,1.5,3.5],"texture":"#1"},"west":{"uv":[0,0,1.5,3.5],"texture":"#1"},"up":{"uv":[1.5,5,0,3.5],"texture":"#1"},"down":{"uv":[1.5,3.5,0,5],"texture":"#1"}}},{"from":[7.09,7.59,7.09],"to":[9.09,10.59,9.09],"rotation":{"angle":0,"axis":"y","origin":[8,8,8]},"faces":{"north":{"uv":[1.5,0,2.5,1.5],"texture":"#1"},"east":{"uv":[1.5,0,2.5,1.5],"texture":"#1"},"south":{"uv":[1.5,0,2.5,1.5],"texture":"#1"},"west":{"uv":[1.5,0,2.5,1.5],"texture":"#1"},"up":{"uv":[2.5,2.5,1.5,1.5],"texture":"#1"}}},{"from":[6.805,9.67969,9.86622],"to":[9.5875,12.31069,9.86622],"rotation":{"angle":45,"axis":"x","origin":[7.98425,12.30769,8.66622]},"faces":{"north":{"uv":[2.5,1.5,4,2.75],"texture":"#1"},"south":{"uv":[4,1.5,2.5,2.75],"texture":"#1"}}},{"from":[7.225,8.2,7.55],"to":[8.75,13.3,7.55],"rotation":{"angle":22.5,"axis":"x","origin":[8,8,8]},"faces":{"north":{"uv":[5.5,0,6.25,2.5],"texture":"#1"},"south":{"uv":[6.25,0,5.5,2.5],"texture":"#1"}}},{"from":[6.805,11.72046,10.61391],"to":[9.5875,14.65146,10.61391],"rotation":{"angle":22.5,"axis":"x","origin":[7.98425,14.34846,9.41391]},"faces":{"north":{"uv":[2.5,0,4,1.5],"texture":"#1"},"south":{"uv":[4,0,2.5,1.5],"texture":"#1"}}},{"from":[8.477,8.62598,7.16067],"to":[8.477,14.03198,8.77717],"rotation":{"angle":22.5,"axis":"z","origin":[8,8.41398,7.98217]},"faces":{"east":{"uv":[1.5,2.5,2.25,5.25],"texture":"#1"},"west":{"uv":[2.25,2.5,1.5,5.25],"texture":"#1"}}},{"from":[6.33791,11.65756,6.14949],"to":[6.33791,14.28856,8.93199],"rotation":{"angle":22.5,"axis":"z","origin":[6.93073,12.0636,7.54074]},"faces":{"east":{"uv":[4,0,5.5,1.25],"texture":"#1"},"west":{"uv":[5.5,0,4,1.25],"texture":"#1"}}},{"from":[7.00412,8.51951,6.14949],"to":[7.00412,11.15051,8.93199],"rotation":{"angle":45,"axis":"z","origin":[6.39625,10.74401,7.54074]},"faces":{"east":{"uv":[4,1.25,5.5,2.5],"texture":"#1"},"west":{"uv":[5.5,1.25,4,2.5],"texture":"#1"}}},{"from":[7.468,10.95548,7.37867],"to":[9.968,10.95548,9.87867],"rotation":{"angle":-22.5,"axis":"x","origin":[8,8.41398,7.98217]},"faces":{"up":{"uv":[3.5,4,2.25,2.75],"texture":"#1"},"down":{"uv":[2.25,2.75,4.703,3.93825],"texture":"#1"}}}],"display":{"thirdperson_righthand":{"translation":[0,1.5,0],"scale":[0.73,0.73,0.73]},"thirdperson_lefthand":{"translation":[0,1.5,0],"scale":[0.73,0.73,0.73]},"firstperson_righthand":{"scale":[0,0,0]},"firstperson_lefthand":{"scale":[0,0,0]},"ground":{"translation":[0,5.25,0],"scale":[0.83,0.83,0.83]},"gui":{"rotation":[24,-149,0],"translation":[0,1.75,0],"scale":[1.28,1.29,1.29]},"head":{"translation":[0,-26.5,0],"scale":[2.35,2.34,2.34]},"fixed":{"translation":[0,2.75,-4],"scale":[1.52,1.5,1.49]}}}