{"credit":"MadewithBlockbench","texture_size":[32,32],"textures":{"1":"elitecreatures:japan_furniture_v2/bas_jf_white-flag"},"elements":[{"from":[3,1,7],"to":[4,30,8],"rotation":{"angle":0,"axis":"y","origin":[11,8,8]},"faces":{"north":{"uv":[0,0,0.5,14.5],"texture":"#1"},"east":{"uv":[0,0,0.5,14.5],"texture":"#1"},"south":{"uv":[0,0,0.5,14.5],"texture":"#1"},"west":{"uv":[0,0,0.5,14.5],"texture":"#1"},"up":{"uv":[0.5,15,0,14.5],"texture":"#1"},"down":{"uv":[0.5,14.5,0,15],"texture":"#1"}}},{"from":[1,27,7],"to":[14,28,8],"rotation":{"angle":0,"axis":"y","origin":[11,8,8]},"faces":{"north":{"uv":[5.5,0,12,0.5],"texture":"#1"},"east":{"uv":[5,0,5.5,0.5],"texture":"#1"},"south":{"uv":[12,0,5.5,0.5],"texture":"#1"},"west":{"uv":[5,0,5.5,0.5],"texture":"#1"},"up":{"uv":[12,0,5.5,0.5],"texture":"#1"},"down":{"uv":[12,0,5.5,0.5],"texture":"#1"}}},{"from":[5,5,7.5],"to":[14,26,7.5],"rotation":{"angle":0,"axis":"y","origin":[11,8,8]},"faces":{"north":{"uv":[0.5,0,5,10.5],"texture":"#1"},"south":{"uv":[5,0,0.5,10.5],"texture":"#1"}}},{"from":[11,25.5,6.5],"to":[12,28.5,8.5],"rotation":{"angle":0,"axis":"y","origin":[11,8,8]},"faces":{"north":{"uv":[6.5,2,7,3.5],"texture":"#1"},"east":{"uv":[5.5,2,6.5,3.5],"texture":"#1"},"south":{"uv":[6.5,2,7,3.5],"texture":"#1"},"west":{"uv":[5.5,2,6.5,3.5],"texture":"#1"},"up":{"uv":[5.5,3,5,2],"texture":"#1"},"down":{"uv":[5.5,2,5,3],"texture":"#1"}}},{"from":[6,25.5,6.5],"to":[7,28.5,8.5],"rotation":{"angle":0,"axis":"y","origin":[5,8,8]},"faces":{"north":{"uv":[7,2,6.5,3.5],"texture":"#1"},"east":{"uv":[6.5,2,5.5,3.5],"texture":"#1"},"south":{"uv":[7,2,6.5,3.5],"texture":"#1"},"west":{"uv":[6.5,2,5.5,3.5],"texture":"#1"},"up":{"uv":[5,3,5.5,2],"texture":"#1"},"down":{"uv":[5,2,5.5,3],"texture":"#1"}}},{"from":[3,0,2],"to":[4,1,13],"rotation":{"angle":0,"axis":"y","origin":[3,1.23085,8.00625]},"faces":{"north":{"uv":[7,2,7.5,2.5],"texture":"#1"},"east":{"uv":[5.5,3.5,11,4],"texture":"#1"},"south":{"uv":[7,2,7.5,2.5],"texture":"#1"},"west":{"uv":[5.5,3.5,11,4],"texture":"#1"},"up":{"uv":[5.5,8.5,5,3],"texture":"#1"},"down":{"uv":[5.5,3,5,8.5],"texture":"#1"}}},{"from":[3.5,1,4],"to":[3.5,4,11],"rotation":{"angle":0,"axis":"y","origin":[3,1.23085,8.00625]},"faces":{"east":{"uv":[8.5,0.5,5,2],"texture":"#1"},"west":{"uv":[5,0.5,8.5,2],"texture":"#1"}}},{"from":[0,1,7.5],"to":[7,4,7.5],"rotation":{"angle":0,"axis":"y","origin":[3.5,1.5,7.5]},"faces":{"north":{"uv":[5,0.5,8.5,2],"texture":"#1"},"south":{"uv":[8.5,0.5,5,2],"texture":"#1"}}},{"from":[-2,0,7],"to":[9,1,8],"rotation":{"angle":0,"axis":"y","origin":[3.5,1.5,7.5]},"faces":{"north":{"uv":[5.5,3.5,11,4],"texture":"#1"},"east":{"uv":[7,2,7.5,2.5],"texture":"#1"},"south":{"uv":[5.5,3.5,11,4],"texture":"#1"},"west":{"uv":[7,2,7.5,2.5],"texture":"#1"},"up":{"uv":[5.5,8.5,5,3],"rotation":90,"texture":"#1"},"down":{"uv":[5.5,3,5,8.5],"rotation":270,"texture":"#1"}}}],"display":{"thirdperson_righthand":{"translation":[1.5,-3.25,0],"scale":[0.35,0.35,0.35]},"thirdperson_lefthand":{"translation":[1.5,-3.25,0],"scale":[0.35,0.35,0.35]},"firstperson_righthand":{"scale":[0,0,0]},"firstperson_lefthand":{"scale":[0,0,0]},"ground":{"translation":[2.25,3.5,0],"scale":[0.47,0.47,0.46]},"gui":{"rotation":[31,153,0],"translation":[-1.25,-2.25,0],"scale":[0.5,0.5,0.49]},"head":{"translation":[9.5,-28,0],"scale":[1.91,1.91,1.91]},"fixed":{"translation":[5.75,0,-5]}}}