{"credit":"MadewithBlockbench","texture_size":[32,32],"textures":{"1":"elitecreatures:japan_furniture_v2/bas_jf_purpur-small-box"},"elements":[{"from":[6,0,5],"to":[10,3,6],"faces":{"north":{"uv":[5,2.5,7,4],"texture":"#1"},"east":{"uv":[5,4.5,5.5,6],"texture":"#1"},"south":{"uv":[5,2.5,7,4],"texture":"#1"},"west":{"uv":[5,4.5,5.5,6],"texture":"#1"},"up":{"uv":[7.5,5,5.5,4.5],"texture":"#1"},"down":{"uv":[7.5,5,5.5,4.5],"texture":"#1"}}},{"from":[6,0,10],"to":[10,3,11],"faces":{"north":{"uv":[5,2.5,7,4],"texture":"#1"},"east":{"uv":[5,4.5,5.5,6],"texture":"#1"},"south":{"uv":[5,2.5,7,4],"texture":"#1"},"west":{"uv":[5,4.5,5.5,6],"texture":"#1"},"up":{"uv":[7.5,5,5.5,4.5],"texture":"#1"},"down":{"uv":[7.5,5,5.5,4.5],"texture":"#1"}}},{"from":[6,0,6],"to":[10,2,10],"faces":{"up":{"uv":[5,2,3,0],"texture":"#1"},"down":{"uv":[5,2,3,4],"texture":"#1"}}},{"from":[6,2.15759,5.76994],"to":[10,2.15759,9.76994],"rotation":{"angle":-22.5,"axis":"x","origin":[8,3.15759,7.76994]},"faces":{"up":{"uv":[5,6,3,4],"texture":"#1"}}},{"from":[7,2.15759,6.76994],"to":[9,3.15759,8.76994],"rotation":{"angle":-22.5,"axis":"x","origin":[8,3.15759,7.76994]},"faces":{"north":{"uv":[8,3.5,7,4],"texture":"#1"},"east":{"uv":[7,3.5,8,4],"texture":"#1"},"south":{"uv":[7,3.5,8,4],"texture":"#1"},"west":{"uv":[7,3.5,8,4],"texture":"#1"},"up":{"uv":[8,3.5,7,2.5],"texture":"#1"}}},{"from":[10,0,5],"to":[11,3,11],"faces":{"north":{"uv":[8,3,8.5,4.5],"texture":"#1"},"east":{"uv":[5,1,8,2.5],"texture":"#1"},"south":{"uv":[8.5,3,8,4.5],"texture":"#1"},"west":{"uv":[5,1,8,2.5],"texture":"#1"},"up":{"uv":[8.5,3,8,0],"texture":"#1"},"down":{"uv":[8.5,0,8,3],"texture":"#1"}}},{"from":[5,0,5],"to":[6,3,11],"faces":{"north":{"uv":[8.5,3,8,4.5],"texture":"#1"},"east":{"uv":[5,1,8,2.5],"texture":"#1"},"south":{"uv":[8,3,8.5,4.5],"texture":"#1"},"west":{"uv":[5,1,8,2.5],"texture":"#1"},"up":{"uv":[8.5,3,8,0],"texture":"#1"},"down":{"uv":[8.5,0,8,3],"texture":"#1"}}},{"from":[5,3,5],"to":[11,5,11],"rotation":{"angle":45,"axis":"x","origin":[1,3,11]},"faces":{"north":{"uv":[5,0,8,1],"texture":"#1"},"east":{"uv":[5,0,8,1],"texture":"#1"},"south":{"uv":[5,0,8,1],"texture":"#1"},"west":{"uv":[5,0,8,1],"texture":"#1"},"up":{"uv":[3,3,0,0],"texture":"#1"},"down":{"uv":[3,3,0,6],"texture":"#1"}}},{"from":[5.5,2.5,10.5],"to":[10.5,3.5,11.5],"faces":{"north":{"uv":[7.5,4,5,4.5],"texture":"#1"},"east":{"uv":[7.5,4,8,4.5],"texture":"#1"},"south":{"uv":[7.5,4,5,4.5],"texture":"#1"},"west":{"uv":[7.5,4,8,4.5],"texture":"#1"},"up":{"uv":[7.5,4,5,4.5],"texture":"#1"},"down":{"uv":[7.5,4,5,4.5],"texture":"#1"}}}],"display":{"thirdperson_righthand":{"rotation":[1.38,19.12,-8.25],"translation":[0,2.25,-0.75],"scale":[0.44,0.44,0.44]},"thirdperson_lefthand":{"rotation":[1.38,19.12,-8.25],"translation":[0,2.25,-0.75],"scale":[0.44,0.44,0.44]},"firstperson_righthand":{"scale":[0,0,0]},"firstperson_lefthand":{"scale":[0,0,0]},"ground":{"translation":[0,3,0],"scale":[0.65,0.65,0.65]},"gui":{"rotation":[25,159,0],"translation":[1,5.75,0],"scale":[1.52,1.52,1.52]},"head":{"translation":[0,-29.25,0],"scale":[1.78,1.76,1.75]},"fixed":{"translation":[0,8,-5],"scale":[1.45,1.45,1.45]}}}