{"credit":"MadewithBlockbench","texture_size":[32,32],"textures":{"2":"elitecreatures:japan_furniture_v2/bas_jf_kantana-stand-2"},"elements":[{"from":[4.18,0.32989,11.43],"to":[4.68,1.32989,13.43],"rotation":{"angle":45,"axis":"x","origin":[4.43,0.82989,11.93]},"faces":{"north":{"uv":[4.25,6.5,4.5,7],"texture":"#2"},"east":{"uv":[4.25,6,5.25,6.5],"texture":"#2"},"south":{"uv":[4.25,6.5,4.5,7],"texture":"#2"},"west":{"uv":[4.25,6,5.25,6.5],"texture":"#2"},"up":{"uv":[4.25,7,4,6],"texture":"#2"},"down":{"uv":[4.25,6,4,7],"texture":"#2"}}},{"from":[4.18,0.32989,2.43],"to":[4.68,1.32989,4.43],"rotation":{"angle":-45,"axis":"x","origin":[4.18,0.82989,3.93]},"faces":{"north":{"uv":[5.5,6.5,5.75,7],"texture":"#2"},"east":{"uv":[5.5,6,6.5,6.5],"texture":"#2"},"south":{"uv":[5.5,6.5,5.75,7],"texture":"#2"},"west":{"uv":[5.5,6,6.5,6.5],"texture":"#2"},"up":{"uv":[5.5,7,5.25,6],"texture":"#2"},"down":{"uv":[5.5,6,5.25,7],"texture":"#2"}}},{"from":[3.93,0.537,3.93],"to":[4.93,1.537,11.93],"rotation":{"angle":0,"axis":"y","origin":[6.52,6.631,8]},"faces":{"north":{"uv":[0.5,5.5,1,6],"texture":"#2"},"east":{"uv":[0,5,4,5.5],"texture":"#2"},"south":{"uv":[0.5,5.5,1,6],"texture":"#2"},"west":{"uv":[0,5,4,5.5],"texture":"#2"},"up":{"uv":[0.5,9.5,0,5.5],"texture":"#2"},"down":{"uv":[0.5,5.5,0,9.5],"texture":"#2"}}},{"from":[4.18,3.537,7.18],"to":[4.68,5.537,8.18],"rotation":{"angle":0,"axis":"y","origin":[6.32,6.931,7.6]},"faces":{"north":{"uv":[6.75,6,7,7],"texture":"#2"},"east":{"uv":[7,6,7.5,7],"texture":"#2"},"south":{"uv":[6.5,6,6.75,7],"texture":"#2"},"west":{"uv":[7,6,7.5,7],"texture":"#2"},"up":{"uv":[7,7.5,6.75,7],"texture":"#2"},"down":{"uv":[7,7,6.75,7.5],"texture":"#2"}}},{"from":[4.18,7.537,7.18],"to":[4.68,11.537,8.18],"rotation":{"angle":0,"axis":"y","origin":[6.57,7.631,8.6]},"faces":{"north":{"uv":[3,5.5,3.25,7.5],"texture":"#2"},"east":{"uv":[2.5,5.5,3,7.5],"texture":"#2"},"south":{"uv":[3,5.5,3.25,7.5],"texture":"#2"},"west":{"uv":[2.5,5.5,3,7.5],"texture":"#2"},"up":{"uv":[2.5,6,2.25,5.5],"texture":"#2"},"down":{"uv":[2.5,5.5,2.25,6],"texture":"#2"}}},{"from":[3.93,5.537,6.68],"to":[4.93,7.537,8.68],"rotation":{"angle":0,"axis":"y","origin":[6.32,6.631,8.1]},"faces":{"north":{"uv":[7.5,6,8,7],"texture":"#2"},"east":{"uv":[8,6,9,7],"texture":"#2"},"south":{"uv":[7.5,6,8,7],"texture":"#2"},"west":{"uv":[8,6,9,7],"texture":"#2"},"up":{"uv":[8,7,7.5,6],"texture":"#2"},"down":{"uv":[7.5,6,8,7],"texture":"#2"}}},{"from":[3.93,10.957,6.68],"to":[4.93,12.957,8.68],"rotation":{"angle":0,"axis":"y","origin":[6.32,7.051,7.1]},"faces":{"north":{"uv":[1,7.25,1.5,8.25],"texture":"#2"},"east":{"uv":[1.5,7.25,2.5,8.25],"texture":"#2"},"south":{"uv":[1,7.25,1.5,8.25],"texture":"#2"},"west":{"uv":[1.5,7.25,2.5,8.25],"texture":"#2"},"up":{"uv":[1.5,8.25,1,7.25],"texture":"#2"},"down":{"uv":[1.5,7.25,1,8.25],"texture":"#2"}}},{"from":[2.63,1.537,7.38],"to":[13.63,2.537,8.38],"rotation":{"angle":0,"axis":"y","origin":[6.52,6.981,8]},"faces":{"north":{"uv":[0,4,5.5,4.5],"texture":"#2"},"east":{"uv":[9,3,9.5,3.5],"texture":"#2"},"south":{"uv":[0,4,5.5,4.5],"texture":"#2"},"west":{"uv":[9,3,9.5,3.5],"texture":"#2"},"up":{"uv":[5.5,5,0,4.5],"texture":"#2"},"down":{"uv":[5.5,4.5,0,5],"texture":"#2"}}},{"from":[3.93,1.537,6.93],"to":[4.93,3.537,8.93],"rotation":{"angle":0,"axis":"y","origin":[6.47,6.931,5]},"faces":{"north":{"uv":[1,6.25,1.5,7.25],"texture":"#2"},"east":{"uv":[1.5,6.25,2.5,7.25],"texture":"#2"},"south":{"uv":[1,6.25,1.5,7.25],"texture":"#2"},"west":{"uv":[1.5,6.25,2.5,7.25],"texture":"#2"},"up":{"uv":[1.5,7.25,1,6.25],"texture":"#2"},"down":{"uv":[1.5,6.25,1,7.25],"texture":"#2"}}},{"from":[11.07,10.957,6.68],"to":[12.07,12.957,8.68],"rotation":{"angle":0,"axis":"y","origin":[9.68,7.051,7.1]},"faces":{"north":{"uv":[1.5,7.25,1,8.25],"texture":"#2"},"east":{"uv":[2.5,7.25,1.5,8.25],"texture":"#2"},"south":{"uv":[1.5,7.25,1,8.25],"texture":"#2"},"west":{"uv":[2.5,7.25,1.5,8.25],"texture":"#2"},"up":{"uv":[1,8.25,1.5,7.25],"texture":"#2"},"down":{"uv":[1,7.25,1.5,8.25],"texture":"#2"}}},{"from":[11.32,7.537,7.18],"to":[11.82,11.537,8.18],"rotation":{"angle":0,"axis":"y","origin":[9.43,7.631,8.6]},"faces":{"north":{"uv":[3.25,5.5,3,7.5],"texture":"#2"},"east":{"uv":[3,5.5,2.5,7.5],"texture":"#2"},"south":{"uv":[3.25,5.5,3,7.5],"texture":"#2"},"west":{"uv":[3,5.5,2.5,7.5],"texture":"#2"},"up":{"uv":[2.25,6,2.5,5.5],"texture":"#2"},"down":{"uv":[2.25,5.5,2.5,6],"texture":"#2"}}},{"from":[11.07,5.537,6.68],"to":[12.07,7.537,8.68],"rotation":{"angle":0,"axis":"y","origin":[9.68,6.631,8.1]},"faces":{"north":{"uv":[8,6,7.5,7],"texture":"#2"},"east":{"uv":[9,6,8,7],"texture":"#2"},"south":{"uv":[8,6,7.5,7],"texture":"#2"},"west":{"uv":[9,6,8,7],"texture":"#2"},"up":{"uv":[7.5,7,8,6],"texture":"#2"},"down":{"uv":[8,6,7.5,7],"texture":"#2"}}},{"from":[11.32,3.537,7.18],"to":[11.82,5.537,8.18],"rotation":{"angle":0,"axis":"y","origin":[9.68,6.931,7.6]},"faces":{"north":{"uv":[7,6,6.75,7],"texture":"#2"},"east":{"uv":[7.5,6,7,7],"texture":"#2"},"south":{"uv":[6.75,6,6.5,7],"texture":"#2"},"west":{"uv":[7.5,6,7,7],"texture":"#2"},"up":{"uv":[6.75,7.5,7,7],"texture":"#2"},"down":{"uv":[6.75,7,7,7.5],"texture":"#2"}}},{"from":[11.07,1.537,6.93],"to":[12.07,3.537,8.93],"rotation":{"angle":0,"axis":"y","origin":[9.53,6.931,5]},"faces":{"north":{"uv":[1.5,6.25,1,7.25],"texture":"#2"},"east":{"uv":[2.5,6.25,1.5,7.25],"texture":"#2"},"south":{"uv":[1.5,6.25,1,7.25],"texture":"#2"},"west":{"uv":[2.5,6.25,1.5,7.25],"texture":"#2"},"up":{"uv":[1,7.25,1.5,6.25],"texture":"#2"},"down":{"uv":[1,6.25,1.5,7.25],"texture":"#2"}}},{"from":[11.07,0.537,3.93],"to":[12.07,1.537,11.93],"rotation":{"angle":0,"axis":"y","origin":[9.48,6.631,8]},"faces":{"north":{"uv":[1,5.5,0.5,6],"texture":"#2"},"east":{"uv":[4,5,0,5.5],"texture":"#2"},"south":{"uv":[1,5.5,0.5,6],"texture":"#2"},"west":{"uv":[4,5,0,5.5],"texture":"#2"},"up":{"uv":[0,9.5,0.5,5.5],"texture":"#2"},"down":{"uv":[0,5.5,0.5,9.5],"texture":"#2"}}},{"from":[11.32,0.32989,11.43],"to":[11.82,1.32989,13.43],"rotation":{"angle":45,"axis":"x","origin":[11.57,0.82989,11.93]},"faces":{"north":{"uv":[4.5,6.5,4.25,7],"texture":"#2"},"east":{"uv":[5.25,6,4.25,6.5],"texture":"#2"},"south":{"uv":[4.5,6.5,4.25,7],"texture":"#2"},"west":{"uv":[5.25,6,4.25,6.5],"texture":"#2"},"up":{"uv":[4,7,4.25,6],"texture":"#2"},"down":{"uv":[4,6,4.25,7],"texture":"#2"}}},{"from":[11.32,0.32989,2.43],"to":[11.82,1.32989,4.43],"rotation":{"angle":-45,"axis":"x","origin":[11.82,0.82989,3.93]},"faces":{"north":{"uv":[5.75,6.5,5.5,7],"texture":"#2"},"east":{"uv":[6.5,6,5.5,6.5],"texture":"#2"},"south":{"uv":[5.75,6.5,5.5,7],"texture":"#2"},"west":{"uv":[6.5,6,5.5,6.5],"texture":"#2"},"up":{"uv":[5.25,7,5.5,6],"texture":"#2"},"down":{"uv":[5.25,6,5.5,7],"texture":"#2"}}},{"from":[-2.37,3.537,8.18],"to":[19.63,4.537,9.18],"rotation":{"angle":0,"axis":"y","origin":[6.52,6.981,8]},"faces":{"north":{"uv":[11,0.5,0,1],"texture":"#2"},"east":{"uv":[8.5,2,9,2.5],"texture":"#2"},"south":{"uv":[0,0.5,11,1],"texture":"#2"},"west":{"uv":[8.5,2.5,9,3],"texture":"#2"},"up":{"uv":[11,1.5,0,1],"texture":"#2"},"down":{"uv":[11,1.5,0,2],"texture":"#2"}}},{"from":[1.63,3.037,7.68],"to":[2.63,5.037,9.68],"rotation":{"angle":0,"axis":"y","origin":[3.13642,6.52528,7.41586]},"faces":{"north":{"uv":[5,5,5.5,6],"texture":"#2"},"east":{"uv":[4,5,5,6],"texture":"#2"},"south":{"uv":[5.5,5,5,6],"texture":"#2"},"west":{"uv":[4,5,5,6],"texture":"#2"},"up":{"uv":[5.5,6,5,5],"texture":"#2"},"down":{"uv":[5.5,5,5,6],"texture":"#2"}}},{"from":[-0.62,7.437,8.18],"to":[16.38,8.437,9.18],"rotation":{"angle":0,"axis":"y","origin":[6.52,6.981,8]},"faces":{"north":{"uv":[8.5,2.5,0,3],"texture":"#2"},"east":{"uv":[9,2,9.5,2.5],"texture":"#2"},"south":{"uv":[0,2.5,8.5,3],"texture":"#2"},"west":{"uv":[9,2.5,9.5,3],"texture":"#2"},"up":{"uv":[8.5,3.5,0,3],"texture":"#2"},"down":{"uv":[8.5,3.5,0,4],"texture":"#2"}}},{"from":[2.88,7.187,7.93],"to":[3.88,8.687,9.43],"rotation":{"angle":0,"axis":"y","origin":[-1.3898,7.30392,7.6676]},"faces":{"north":{"uv":[1.75,5.5,2.25,6.25],"texture":"#2"},"east":{"uv":[1,5.5,1.75,6.25],"texture":"#2"},"south":{"uv":[2.25,5.5,1.75,6.25],"texture":"#2"},"west":{"uv":[1,5.5,1.75,6.25],"texture":"#2"},"up":{"uv":[2.25,6.25,1.75,5.5],"texture":"#2"},"down":{"uv":[2.25,5.5,1.75,6.25],"texture":"#2"}}},{"from":[2.63,11.537,7.13],"to":[13.63,12.537,8.13],"rotation":{"angle":0,"axis":"y","origin":[6.52,6.981,8]},"faces":{"north":{"uv":[5.5,4,11,4.5],"texture":"#2"},"east":{"uv":[8.5,3.5,9,4],"texture":"#2"},"south":{"uv":[5.5,4.5,11,5],"texture":"#2"},"west":{"uv":[8.5,3,9,3.5],"texture":"#2"},"up":{"uv":[11,5.5,5.5,5],"texture":"#2"},"down":{"uv":[11,5.5,5.5,6],"texture":"#2"}}},{"from":[5.63,11.437,7.03],"to":[6.63,12.637,8.23],"rotation":{"angle":0,"axis":"y","origin":[2.7558,5.94568,8.1364]},"faces":{"north":{"uv":[0.5,6.5,1,7],"texture":"#2"},"east":{"uv":[0.5,6,1,6.5],"texture":"#2"},"south":{"uv":[1,6.5,0.5,7],"texture":"#2"},"west":{"uv":[0.5,6,1,6.5],"texture":"#2"},"up":{"uv":[1,7,0.5,6.5],"texture":"#2"},"down":{"uv":[1,6.5,0.5,7],"texture":"#2"}}}],"display":{"thirdperson_righthand":{"scale":[0.46,0.46,0.46]},"thirdperson_lefthand":{"scale":[0.46,0.46,0.46]},"firstperson_righthand":{"scale":[0,0,0]},"firstperson_lefthand":{"scale":[0,0,0]},"ground":{"scale":[0.43,0.43,0.43]},"gui":{"rotation":[22,-27,0],"translation":[0,2.25,0]},"head":{"rotation":[0,-180,0],"translation":[0,-26.25,0],"scale":[2,2,2]},"fixed":{"rotation":[-10,0,0],"translation":[0,4.5,-3.75]}}}