{"credit":"MadewithBlockbench","texture_size":[64,64],"textures":{"1":"elitecreatures:japan_furniture_v2/bas_jf_jp-text","particle":"elitecreatures:japan_furniture_v2/bas_jf_jp-text"},"elements":[{"from":[-1.5,-0.5,7.5],"to":[18.5,31.5,8.5],"rotation":{"angle":0,"axis":"y","origin":[8,8,8]},"faces":{"north":{"uv":[0,0,5,8],"texture":"#1"},"east":{"uv":[10,0,10.25,8],"texture":"#1"},"south":{"uv":[5,0,10,8],"texture":"#1"},"west":{"uv":[10,0,10.25,8],"texture":"#1"},"up":{"uv":[10.875,8.875,5.875,8.625],"texture":"#1"},"down":{"uv":[10.875,8.875,5.875,9.125],"texture":"#1"}}},{"from":[-1.5,0,7.45],"to":[18.5,31,7.45],"rotation":{"angle":0,"axis":"y","origin":[8,8,8]},"faces":{"north":{"uv":[0,8.125,5,15.875],"texture":"#1"},"east":{"uv":[0,0,0,7.75],"texture":"#1"},"west":{"uv":[0,0,0,7.75],"texture":"#1"},"up":{"uv":[5,0,0,0],"texture":"#1"},"down":{"uv":[5,0,0,0],"texture":"#1"}}},{"from":[14.6984,-2.64953,4.20736],"to":[15.6984,18.35047,5.20736],"rotation":{"angle":22.5,"axis":"x","origin":[18.9,14.71383,4.99486]},"faces":{"north":{"uv":[5.125,8.125,5.375,13.375],"texture":"#1"},"east":{"uv":[5.125,8.125,5.375,13.375],"texture":"#1"},"south":{"uv":[5.125,8.125,5.375,13.375],"texture":"#1"},"west":{"uv":[5.125,8.125,5.375,13.375],"texture":"#1"},"up":{"uv":[6.125,8.625,5.875,8.375],"texture":"#1"},"down":{"uv":[6.125,8.375,5.875,8.625],"texture":"#1"}}},{"from":[14.136,17.6324,3.61676],"to":[16.136,20.6324,5.61676],"rotation":{"angle":22.5,"axis":"x","origin":[18.9,14.71383,4.99486]},"faces":{"north":{"uv":[5.375,8.125,5.875,8.875],"texture":"#1"},"east":{"uv":[5.375,8.125,5.875,8.875],"texture":"#1"},"south":{"uv":[5.375,8.125,5.875,8.875],"texture":"#1"},"west":{"uv":[5.375,8.125,5.875,8.875],"texture":"#1"},"up":{"uv":[5.875,9.375,5.375,8.875],"texture":"#1"},"down":{"uv":[5.875,8.875,5.375,9.375],"texture":"#1"}}},{"from":[-1.65863,-0.18777,4.20736],"to":[19.34137,0.81223,5.20736],"rotation":{"angle":0,"axis":"y","origin":[15.2,13.41383,4.69486]},"faces":{"north":{"uv":[11.125,8.125,5.875,8.375],"texture":"#1"},"east":{"uv":[5.875,8.375,6.125,8.625],"texture":"#1"},"south":{"uv":[5.875,8.125,11.125,8.375],"texture":"#1"},"west":{"uv":[5.875,8.375,6.125,8.625],"texture":"#1"},"up":{"uv":[11.125,8.125,5.875,8.375],"texture":"#1"},"down":{"uv":[11.125,8.125,5.875,8.375],"texture":"#1"}}},{"from":[-3.78617,-0.75017,3.61676],"to":[-0.78617,1.24983,5.61676],"rotation":{"angle":0,"axis":"y","origin":[15.2,13.41383,4.69486]},"faces":{"north":{"uv":[5.875,9.125,6.625,9.625],"texture":"#1"},"east":{"uv":[5.375,9.375,5.875,9.875],"texture":"#1"},"south":{"uv":[5.875,9.125,6.625,9.625],"texture":"#1"},"west":{"uv":[5.375,9.375,5.875,9.875],"texture":"#1"},"up":{"uv":[5.875,9.125,6.625,9.625],"texture":"#1"},"down":{"uv":[5.875,9.125,6.625,9.625],"texture":"#1"}}}],"display":{"thirdperson_righthand":{"rotation":[16.25,0,0],"translation":[0,-1,-0.5],"scale":[0.19,0.19,0.19]},"thirdperson_lefthand":{"rotation":[16.25,0,0],"translation":[0,-1,-0.5],"scale":[0.19,0.19,0.19]},"firstperson_righthand":{"scale":[0,0,0]},"firstperson_lefthand":{"scale":[0,0,0]},"ground":{"rotation":[13,0,0],"scale":[0.26,0.27,0.26]},"gui":{"rotation":[29,151,0],"translation":[0,-2.5,0],"scale":[0.47,0.47,0.5]},"head":{"translation":[0,-29.25,-3],"scale":[1.67,1.68,1.74]},"fixed":{"translation":[0,-7.5,-4]}}}