{"credit":"MadewithBlockbench","texture_size":[32,32],"textures":{"1":"elitecreatures:japan_furniture_v2/bas_jf_stand-stone"},"elements":[{"from":[4,2,4],"to":[11,12,11],"rotation":{"angle":0,"axis":"y","origin":[8.6125,10.368,11.76524]},"faces":{"north":{"uv":[0,5.5,3.5,10.5],"texture":"#1"},"east":{"uv":[0,5.5,3.5,10.5],"texture":"#1"},"south":{"uv":[0,5.5,3.5,10.5],"texture":"#1"},"west":{"uv":[0,5.5,3.5,10.5],"texture":"#1"}}},{"from":[3,0,3],"to":[12,2,12],"rotation":{"angle":0,"axis":"y","origin":[8,8,8]},"faces":{"north":{"uv":[4.5,4.5,9,5.5],"texture":"#1"},"east":{"uv":[4.5,4.5,9,5.5],"texture":"#1"},"south":{"uv":[4.5,4.5,9,5.5],"texture":"#1"},"west":{"uv":[4.5,4.5,9,5.5],"texture":"#1"},"up":{"uv":[9,4.5,4.5,0],"texture":"#1"},"down":{"uv":[9,0,4.5,4.5],"texture":"#1"}}},{"from":[3,9,2.75],"to":[12,11,11.75],"rotation":{"angle":-22.5,"axis":"x","origin":[7.5,12.875,7.625]},"faces":{"north":{"uv":[0,4.5,4.5,5.5],"texture":"#1"},"east":{"uv":[0,4.5,4.5,5.5],"texture":"#1"},"south":{"uv":[0,4.5,4.5,5.5],"texture":"#1"},"west":{"uv":[0,4.5,4.5,5.5],"texture":"#1"},"up":{"uv":[4.5,4.5,0,0],"texture":"#1"},"down":{"uv":[4.5,0,0,4.5],"texture":"#1"}}},{"from":[5,11,4.5],"to":[10,12.5,5.5],"rotation":{"angle":-22.5,"axis":"x","origin":[7.5,12.875,7.625]},"faces":{"north":{"uv":[4,6,6.5,6.75],"texture":"#1"},"east":{"uv":[3.5,6,4,6.75],"texture":"#1"},"south":{"uv":[4,6,6.5,6.75],"texture":"#1"},"west":{"uv":[3.5,6,4,6.75],"texture":"#1"},"up":{"uv":[6,7.25,3.5,6.75],"texture":"#1"},"down":{"uv":[6,6.75,3.5,7.25],"texture":"#1"}}},{"from":[5,11,10.5],"to":[10,12.5,11.5],"rotation":{"angle":-22.5,"axis":"x","origin":[7.5,12.875,7.625]},"faces":{"north":{"uv":[6.5,6,4,6.75],"texture":"#1"},"east":{"uv":[4,6,3.5,6.75],"texture":"#1"},"south":{"uv":[6.5,6,4,6.75],"texture":"#1"},"west":{"uv":[4,6,3.5,6.75],"texture":"#1"},"up":{"uv":[3.5,7.25,6,6.75],"texture":"#1"},"down":{"uv":[3.5,6.75,6,7.25],"texture":"#1"}}},{"from":[7,11,7.5],"to":[8,12.5,8.5],"rotation":{"angle":-22.5,"axis":"x","origin":[7.5,12.875,7.625]},"faces":{"north":{"uv":[9,4,9.5,4.75],"texture":"#1"},"east":{"uv":[9,4,9.5,4.75],"texture":"#1"},"south":{"uv":[9,4,9.5,4.75],"texture":"#1"},"west":{"uv":[9,4,9.5,4.75],"texture":"#1"},"up":{"uv":[9.5,4,9,3.5],"texture":"#1"},"down":{"uv":[9.5,3.5,9,4],"texture":"#1"}}},{"from":[7,10.55,6.5],"to":[11.5,12.55,9.5],"rotation":{"angle":-22.5,"axis":"x","origin":[7.5,12.875,7.625]},"faces":{"north":{"uv":[9,1.5,11.25,2.5],"texture":"#1"},"east":{"uv":[9,2.5,10.5,3.5],"texture":"#1"},"south":{"uv":[9,1.5,11.25,2.5],"texture":"#1"},"west":{"uv":[7.5,5.5,9,6.5],"texture":"#1"},"up":{"uv":[11.25,1.5,9,0],"texture":"#1"},"down":{"uv":[11.25,0,9,1.5],"texture":"#1"}}},{"from":[10,11,4.5],"to":[11,12.5,11.5],"rotation":{"angle":-22.5,"axis":"x","origin":[7.5,12.875,7.625]},"faces":{"north":{"uv":[6.5,6,7,6.75],"texture":"#1"},"east":{"uv":[3.5,7.25,7,8],"texture":"#1"},"south":{"uv":[6.5,6,7,6.75],"texture":"#1"},"west":{"uv":[3.5,7.25,7,8],"texture":"#1"},"up":{"uv":[7.5,9,7,5.5],"texture":"#1"},"down":{"uv":[7.5,5.5,7,9],"texture":"#1"}}},{"from":[4,11,4.5],"to":[5,12.5,11.5],"rotation":{"angle":-22.5,"axis":"x","origin":[7.5,12.875,7.625]},"faces":{"north":{"uv":[7,6,6.5,6.75],"texture":"#1"},"east":{"uv":[7,7.25,3.5,8],"texture":"#1"},"south":{"uv":[7,6,6.5,6.75],"texture":"#1"},"west":{"uv":[7,7.25,3.5,8],"texture":"#1"},"up":{"uv":[7,9,7.5,5.5],"texture":"#1"},"down":{"uv":[7,5.5,7.5,9],"texture":"#1"}}},{"from":[5.25,10.5,3.25],"to":[11.25,11.5,4.25],"rotation":{"angle":-22.5,"axis":"x","origin":[7.5,12.875,7.625]},"faces":{"north":{"uv":[4,5.5,7,6],"texture":"#1"},"east":{"uv":[3.5,5.5,4,6],"texture":"#1"},"south":{"uv":[7,6,4,5.5],"texture":"#1"},"west":{"uv":[3.5,5.5,4,6],"texture":"#1"},"up":{"uv":[6.5,8.5,3.5,8],"texture":"#1"},"down":{"uv":[7,6,4,5.5],"texture":"#1"}}},{"from":[4,10.5,3.25],"to":[5,11.5,4.25],"rotation":{"angle":-22.5,"axis":"x","origin":[7.5,12.875,7.625]},"faces":{"north":{"uv":[9.5,4,10,4.5],"texture":"#1"},"east":{"uv":[9.5,4,10,4.5],"texture":"#1"},"south":{"uv":[9.5,4,10,4.5],"texture":"#1"},"west":{"uv":[9.5,4,10,4.5],"texture":"#1"},"up":{"uv":[10,4,9.5,3.5],"texture":"#1"}}}],"display":{"thirdperson_righthand":{"scale":[0.34,0.34,0.35]},"thirdperson_lefthand":{"scale":[0.34,0.34,0.35]},"firstperson_righthand":{"scale":[0,0,0]},"firstperson_lefthand":{"scale":[0,0,0]},"ground":{"scale":[0.46,0.46,0.46]},"gui":{"rotation":[18,145,0],"translation":[0,-0.5,0],"scale":[0.78,0.78,0.78]},"head":{"translation":[0,-28.5,0],"scale":[1.9,1.93,1.95]},"fixed":{"translation":[0,0,-7]}}}