{"credit":"MadewithBlockbench","textures":{"1":"elitecreatures:japan_furniture_v2/bas_jf_wood-box"},"elements":[{"from":[5,4,5],"to":[8,8,8],"rotation":{"angle":0,"axis":"y","origin":[0,1,0]},"faces":{"north":{"uv":[0,0,3,4],"texture":"#1"},"east":{"uv":[0,0,3,4],"texture":"#1"},"south":{"uv":[0,0,3,4],"texture":"#1"},"west":{"uv":[0,0,3,4],"texture":"#1"},"up":{"uv":[6,3,3,0],"texture":"#1"},"down":{"uv":[3,4,0,7],"texture":"#1"}}},{"from":[2,0,3.75],"to":[5,4,6.75],"rotation":{"angle":22.5,"axis":"y","origin":[3.5,2,3.5]},"faces":{"north":{"uv":[0,0,3,4],"texture":"#1"},"east":{"uv":[0,0,3,4],"texture":"#1"},"south":{"uv":[0,0,3,4],"texture":"#1"},"west":{"uv":[0,0,3,4],"texture":"#1"},"up":{"uv":[6,3,3,0],"texture":"#1"},"down":{"uv":[3,4,0,7],"texture":"#1"}}},{"from":[11.0782,0,1.64315],"to":[14.0782,4,4.64315],"rotation":{"angle":-22.5,"axis":"y","origin":[7.5782,2,2.89315]},"faces":{"north":{"uv":[0,0,3,4],"texture":"#1"},"east":{"uv":[0,0,3,4],"texture":"#1"},"south":{"uv":[0,0,3,4],"texture":"#1"},"west":{"uv":[0,0,3,4],"texture":"#1"},"up":{"uv":[6,3,3,0],"texture":"#1"},"down":{"uv":[3,4,0,7],"texture":"#1"}}},{"from":[9.59179,0,7.63633],"to":[12.59179,4,10.63633],"rotation":{"angle":22.5,"axis":"y","origin":[10.84179,2,9.38633]},"faces":{"north":{"uv":[0,0,3,4],"texture":"#1"},"east":{"uv":[0,0,3,4],"texture":"#1"},"south":{"uv":[0,0,3,4],"texture":"#1"},"west":{"uv":[0,0,3,4],"texture":"#1"},"up":{"uv":[6,3,3,0],"texture":"#1"},"down":{"uv":[3,4,0,7],"texture":"#1"}}},{"from":[4.10769,0,7.22311],"to":[7.10769,4,10.22311],"rotation":{"angle":-22.5,"axis":"y","origin":[6.35769,2,10.97311]},"faces":{"north":{"uv":[0,0,3,4],"texture":"#1"},"east":{"uv":[0,0,3,4],"texture":"#1"},"south":{"uv":[0,0,3,4],"texture":"#1"},"west":{"uv":[0,0,3,4],"texture":"#1"},"up":{"uv":[6,3,3,0],"texture":"#1"},"down":{"uv":[3,4,0,7],"texture":"#1"}}},{"from":[7.5782,0,2.39315],"to":[10.5782,4,5.39315],"rotation":{"angle":-22.5,"axis":"y","origin":[7.5782,2,2.89315]},"faces":{"north":{"uv":[0,0,3,4],"texture":"#1"},"east":{"uv":[0,0,3,4],"texture":"#1"},"south":{"uv":[0,0,3,4],"texture":"#1"},"west":{"uv":[0,0,3,4],"texture":"#1"},"up":{"uv":[6,3,3,0],"texture":"#1"},"down":{"uv":[3,4,0,7],"texture":"#1"}}},{"from":[9,4,5],"to":[12,8,8],"rotation":{"angle":-45,"axis":"y","origin":[10.5,6,6.5]},"faces":{"north":{"uv":[0,0,3,4],"texture":"#1"},"east":{"uv":[0,0,3,4],"texture":"#1"},"south":{"uv":[0,0,3,4],"texture":"#1"},"west":{"uv":[0,0,3,4],"texture":"#1"},"up":{"uv":[6,3,3,0],"texture":"#1"},"down":{"uv":[3,4,0,7],"texture":"#1"}}}],"display":{"thirdperson_righthand":{"translation":[0,3,0],"scale":[0.38,0.37,0.38]},"thirdperson_lefthand":{"translation":[0,3,0],"scale":[0.38,0.37,0.38]},"firstperson_righthand":{"scale":[0,0,0]},"firstperson_lefthand":{"scale":[0,0,0]},"ground":{"translation":[0,-1,0],"scale":[0.46,0.46,0.46]},"gui":{"rotation":[17,163,0],"translation":[1.75,2.75,0],"scale":[1.09,1.09,1.09]},"head":{"translation":[0,-31.5,2.75],"scale":[1.45,1.47,1.48]},"fixed":{"translation":[0,3.5,-4]}}}