{"credit":"MadewithBlockbench","texture_size":[32,32],"textures":{"1":"elitecreatures:japan_furniture_v2/bas_jf_red-tea-set-2"},"elements":[{"from":[3.04,0.08,3.04],"to":[13.04,1.08,13.04],"rotation":{"angle":0,"axis":"y","origin":[8,5.34,8]},"faces":{"north":{"uv":[5,0,10,0.5],"texture":"#1"},"east":{"uv":[5,0,10,0.5],"texture":"#1"},"south":{"uv":[5,0,10,0.5],"texture":"#1"},"west":{"uv":[5,0,10,0.5],"texture":"#1"},"up":{"uv":[5,5,0,0],"texture":"#1"},"down":{"uv":[5,5,0,10],"texture":"#1"}}},{"from":[3.04,1.08,3.04],"to":[13.04,1.58,3.54],"rotation":{"angle":0,"axis":"y","origin":[8,3.18,8]},"faces":{"north":{"uv":[5.5,0.75,10.5,1],"texture":"#1"},"east":{"uv":[5.25,0.75,5.5,1],"texture":"#1"},"south":{"uv":[5.5,0.75,10.5,1],"texture":"#1"},"west":{"uv":[5.25,0.75,5.5,1],"texture":"#1"},"up":{"uv":[10.5,1,5.5,0.75],"texture":"#1"},"down":{"uv":[10.5,0.75,5.5,1],"texture":"#1"}}},{"from":[3.04,1.08,12.54],"to":[13.04,1.58,13.04],"rotation":{"angle":0,"axis":"y","origin":[8,3.18,8]},"faces":{"north":{"uv":[5.5,0.75,10.5,1],"texture":"#1"},"east":{"uv":[5.25,0.75,5.5,1],"texture":"#1"},"south":{"uv":[5.5,0.75,10.5,1],"texture":"#1"},"west":{"uv":[5.25,0.75,5.5,1],"texture":"#1"},"up":{"uv":[10.5,1,5.5,0.75],"texture":"#1"},"down":{"uv":[10.5,0.75,5.5,1],"texture":"#1"}}},{"from":[12.54,1.08,3.54],"to":[13.04,1.58,12.54],"rotation":{"angle":0,"axis":"y","origin":[8,4.18,8]},"faces":{"north":{"uv":[5.25,0.5,5.5,0.75],"texture":"#1"},"east":{"uv":[5.5,0.5,10,0.75],"texture":"#1"},"south":{"uv":[5.25,0.5,5.5,0.75],"texture":"#1"},"west":{"uv":[5.5,0.5,10,0.75],"texture":"#1"},"up":{"uv":[5.25,5,5,0.5],"texture":"#1"},"down":{"uv":[5.25,0.5,5,5],"texture":"#1"}}},{"from":[3.04,1.08,3.54],"to":[3.54,1.58,12.54],"rotation":{"angle":0,"axis":"y","origin":[8,4.18,8]},"faces":{"north":{"uv":[5.25,0.5,5.5,0.75],"texture":"#1"},"east":{"uv":[5.5,0.5,10,0.75],"texture":"#1"},"south":{"uv":[5.25,0.5,5.5,0.75],"texture":"#1"},"west":{"uv":[5.5,0.5,10,0.75],"texture":"#1"},"up":{"uv":[5.25,5,5,0.5],"texture":"#1"},"down":{"uv":[5.25,0.5,5,5],"texture":"#1"}}},{"from":[10.59548,2.46974,9.52],"to":[11.59548,3.46974,10.52],"rotation":{"angle":22.5,"axis":"z","origin":[11.61391,7.30201,8.37502]},"faces":{"north":{"uv":[7,1,7.5,1.5],"texture":"#1"},"east":{"uv":[8.75,2.75,9.5,3.5],"texture":"#1"},"south":{"uv":[7,1,7.5,1.5],"texture":"#1"},"up":{"uv":[7.5,1.5,7,1],"texture":"#1"},"down":{"uv":[7.5,1,7,1.5],"texture":"#1"}}},{"from":[7.19925,2.5696,9.27],"to":[9.19925,4.0696,10.77],"rotation":{"angle":22.5,"axis":"z","origin":[11.79525,10.9866,7.943]},"faces":{"north":{"uv":[6.25,1,5.25,1.75],"texture":"#1"},"east":{"uv":[6.25,1,7,1.75],"texture":"#1"},"south":{"uv":[5.25,1,6.25,1.75],"texture":"#1"},"up":{"uv":[5.25,1,6.25,1.75],"texture":"#1"},"down":{"uv":[5.25,1,6.25,1.75],"texture":"#1"}}},{"from":[8.12,0.22,8.52],"to":[11.12,3.22,11.52],"rotation":{"angle":0,"axis":"y","origin":[12,22.396,8]},"faces":{"north":{"uv":[5,5.25,6.5,6.75],"texture":"#1"},"east":{"uv":[5,5.25,6.5,6.75],"texture":"#1"},"south":{"uv":[5,5.25,6.5,6.75],"texture":"#1"},"west":{"uv":[5,5.25,6.5,6.75],"texture":"#1"},"up":{"uv":[8,6.75,6.5,5.25],"texture":"#1"}}},{"from":[8.62,3.22,9.02],"to":[10.62,3.72,11.02],"rotation":{"angle":0,"axis":"y","origin":[12.1844,19.81788,7.9624]},"faces":{"north":{"uv":[7.75,3.5,8.75,3.75],"texture":"#1"},"east":{"uv":[7.75,3.5,8.75,3.75],"texture":"#1"},"south":{"uv":[7.75,3.5,8.75,3.75],"texture":"#1"},"west":{"uv":[7.75,3.5,8.75,3.75],"texture":"#1"},"up":{"uv":[8.75,3.5,7.75,2.5],"texture":"#1"}}},{"from":[9.37,3.47,9.77],"to":[9.87,3.97,10.27],"rotation":{"angle":0,"axis":"y","origin":[11.03288,7.57958,8.90848]},"faces":{"north":{"uv":[7,1.5,7.25,1.75],"texture":"#1"},"east":{"uv":[7,1.5,7.25,1.75],"texture":"#1"},"south":{"uv":[7,1.5,7.25,1.75],"texture":"#1"},"west":{"uv":[7,1.5,7.25,1.75],"texture":"#1"},"up":{"uv":[7.25,1.75,7,1.5],"texture":"#1"}}},{"from":[4.52,0.22,9.02],"to":[6.52,3.22,11.02],"rotation":{"angle":0,"axis":"y","origin":[12,22.396,8]},"faces":{"north":{"uv":[5.25,3.75,6.25,5.25],"texture":"#1"},"east":{"uv":[5.25,3.75,6.25,5.25],"texture":"#1"},"south":{"uv":[5.25,3.75,6.25,5.25],"texture":"#1"},"west":{"uv":[5.25,3.75,6.25,5.25],"texture":"#1"},"up":{"uv":[6.25,3.75,5.25,2.75],"texture":"#1"},"down":{"uv":[6.25,2.75,5.25,3.75],"texture":"#1"}}},{"from":[4.37,2.97,8.92],"to":[6.62,3.47,11.17],"rotation":{"angle":0,"axis":"y","origin":[12,22.396,8]},"faces":{"north":{"uv":[7.5,1,8.75,1.25],"texture":"#1"},"east":{"uv":[7.5,1,8.75,1.25],"texture":"#1"},"south":{"uv":[7.5,1,8.75,1.25],"texture":"#1"},"west":{"uv":[7.5,1,8.75,1.25],"texture":"#1"},"up":{"uv":[8.75,2.5,7.5,1.25],"texture":"#1"},"down":{"uv":[8.75,1.25,7.5,2.5],"texture":"#1"}}},{"from":[9,1.25,5],"to":[11,3.25,7],"rotation":{"angle":0,"axis":"y","origin":[17.268,14.8056,7.728]},"faces":{"north":{"uv":[7.25,2.75,6.25,1.75],"texture":"#1"},"east":{"uv":[7.25,2.75,6.25,1.75],"texture":"#1"},"south":{"uv":[7.25,2.75,6.25,1.75],"texture":"#1"},"west":{"uv":[7.25,2.75,6.25,1.75],"texture":"#1"},"up":{"uv":[6.25,2.75,5.25,1.75],"texture":"#1"}}},{"from":[8.75,0.25,4.75],"to":[11.25,1.25,7.25],"rotation":{"angle":0,"axis":"y","origin":[14.46,22.796,5.92]},"faces":{"north":{"uv":[8.75,1,10,1.5],"texture":"#1"},"east":{"uv":[8.75,1,10,1.5],"texture":"#1"},"south":{"uv":[8.75,1,10,1.5],"texture":"#1"},"west":{"uv":[8.75,1,10,1.5],"texture":"#1"},"up":{"uv":[10,2.75,8.75,1.5],"texture":"#1"}}},{"from":[5.32,0.22,4.32],"to":[7.32,1.22,7.32],"rotation":{"angle":22.5,"axis":"y","origin":[6.7,0.95,6.3]},"faces":{"north":{"uv":[6.25,3.25,7.25,3.75],"texture":"#1"},"east":{"uv":[6.25,2.75,7.75,3.25],"texture":"#1"},"south":{"uv":[6.25,3.25,7.25,3.75],"texture":"#1"},"west":{"uv":[6.25,2.75,7.75,3.25],"texture":"#1"},"up":{"uv":[7.25,5.25,6.25,3.75],"texture":"#1"}}}],"display":{"thirdperson_righthand":{"translation":[0,3.25,0],"scale":[0.44,0.44,0.43]},"thirdperson_lefthand":{"translation":[0,3.25,0],"scale":[0.44,0.44,0.43]},"firstperson_righthand":{"scale":[0,0,0]},"firstperson_lefthand":{"scale":[0,0,0]},"ground":{"translation":[0,5,0],"scale":[0.48,0.48,0.48]},"gui":{"rotation":[20,153,0],"translation":[0,4,0],"scale":[1.16,1.16,1.18]},"head":{"translation":[0,-24.25,0],"scale":[2.47,2.45,2.44]},"fixed":{"rotation":[-22,0,0],"translation":[0,3.75,-9.25],"scale":[1.23,1.25,1.23]}}}