{"credit":"MadewithBlockbench","texture_size":[32,32],"textures":{"1":"elitecreatures:japan_furniture_v2/bas_jf_white-jar"},"elements":[{"from":[3,0,3],"to":[13,14,13],"faces":{"north":{"uv":[5,0,0,7],"texture":"#1"},"east":{"uv":[0,0,5,7],"texture":"#1"},"south":{"uv":[5,0,0,7],"texture":"#1"},"west":{"uv":[0,0,5,7],"texture":"#1"},"up":{"uv":[5,12,0,7],"texture":"#1"},"down":{"uv":[10,0,5,5],"texture":"#1"}}},{"from":[5,14,5],"to":[11,17,11],"faces":{"north":{"uv":[5,8,8,9.5],"texture":"#1"},"east":{"uv":[5,8,8,9.5],"texture":"#1"},"south":{"uv":[5,8,8,9.5],"texture":"#1"},"west":{"uv":[5,8,8,9.5],"texture":"#1"},"up":{"uv":[8,8,5,5],"texture":"#1"}}}],"display":{"thirdperson_righthand":{"scale":[0.33,0.33,0.32]},"thirdperson_lefthand":{"scale":[0.33,0.33,0.32]},"firstperson_righthand":{"scale":[0,0,0]},"firstperson_lefthand":{"scale":[0,0,0]},"ground":{"scale":[0.47,0.45,0.45]},"gui":{"rotation":[19,127,0],"translation":[0,-0.75,0],"scale":[0.79,0.79,0.79]},"head":{"translation":[0,-27,0],"scale":[2.11,2.11,2.11]},"fixed":{"translation":[0,0.5,-6.75]}}}