{"credit":"MadewithBlockbench","texture_size":[32,32],"textures":{"1":"elitecreatures:japan_furniture_v2/bas_jf_box-of-book"},"elements":[{"from":[4.3,0.751,13.999],"to":[11.3,8.751,13.999],"rotation":{"angle":0,"axis":"y","origin":[7.3,8.101,7.999]},"faces":{"north":{"uv":[0,6,3.5,10],"texture":"#1"},"south":{"uv":[0,6,3.5,10],"texture":"#1"}}},{"from":[4.3,5.13588,0.51509],"to":[11.3,9.13588,0.51509],"rotation":{"angle":22.5,"axis":"x","origin":[8.3,5.21088,0.29009]},"faces":{"north":{"uv":[3.5,6,7,8],"texture":"#1"},"south":{"uv":[3.5,6,7,8],"texture":"#1"}}},{"from":[4.3,5.13549,15.48398],"to":[11.3,9.13549,15.48398],"rotation":{"angle":-22.5,"axis":"x","origin":[8.3,5.21049,15.70898]},"faces":{"north":{"uv":[3.5,6,7,8],"texture":"#1"},"south":{"uv":[3.5,6,7,8],"texture":"#1"}}},{"from":[4.3,0.751,2],"to":[11.3,8.751,2],"rotation":{"angle":0,"axis":"y","origin":[8.3,8.101,13]},"faces":{"north":{"uv":[0,6,3.5,10],"texture":"#1"},"south":{"uv":[0,6,3.5,10],"texture":"#1"}}},{"from":[4.3,0.751,2],"to":[4.3,8.751,14],"rotation":{"angle":0,"axis":"y","origin":[10.9,8.101,8]},"faces":{"east":{"uv":[3.5,0,9.5,4],"texture":"#1"},"west":{"uv":[3.5,0,9.5,4],"texture":"#1"}}},{"from":[4.10913,3.38544,2],"to":[4.10913,7.38544,14],"rotation":{"angle":-22.5,"axis":"z","origin":[7.63713,7.58844,8.38]},"faces":{"east":{"uv":[3.5,4,9.5,6],"texture":"#1"},"west":{"uv":[3.5,4,9.5,6],"texture":"#1"}}},{"from":[11.87263,3.46118,2],"to":[11.87263,7.46118,14],"rotation":{"angle":22.5,"axis":"z","origin":[8.34463,6.66418,8.38]},"faces":{"east":{"uv":[3.5,4,9.5,6],"texture":"#1"},"west":{"uv":[3.5,4,9.5,6],"texture":"#1"}}},{"from":[4.3,0.75,2],"to":[11.3,0.75,14],"rotation":{"angle":0,"axis":"y","origin":[8,8,8]},"faces":{"up":{"uv":[3.5,0,0,6],"texture":"#1"},"down":{"uv":[3.5,0,0,6],"texture":"#1"}}},{"from":[11.299,0.751,2],"to":[11.299,8.751,14],"rotation":{"angle":0,"axis":"y","origin":[7.699,8.101,8]},"faces":{"east":{"uv":[3.5,0,9.5,4],"texture":"#1"},"west":{"uv":[3.5,0,9.5,4],"texture":"#1"}}},{"from":[9.7,1.5,3.65],"to":[10.7,10.5,4.65],"rotation":{"angle":-22.5,"axis":"z","origin":[8,8,8]},"faces":{"north":{"uv":[8.5,6,9,10.5],"texture":"#1"},"east":{"uv":[8.5,6,9,10.5],"texture":"#1"},"south":{"uv":[8.5,6,9,10.5],"texture":"#1"},"west":{"uv":[8.5,6,9,10.5],"texture":"#1"},"up":{"uv":[9,11,8.5,10.5],"texture":"#1"},"down":{"uv":[9,10.5,8.5,11],"texture":"#1"}}},{"from":[9.7,1.5,2.2],"to":[10.7,10.5,3.2],"rotation":{"angle":-22.5,"axis":"z","origin":[8,8,8]},"faces":{"north":{"uv":[9,6,9.5,10.5],"texture":"#1"},"east":{"uv":[9,6,9.5,10.5],"texture":"#1"},"south":{"uv":[9,6,9.5,10.5],"texture":"#1"},"west":{"uv":[9,6,9.5,10.5],"texture":"#1"},"up":{"uv":[9.5,11,9,10.5],"texture":"#1"},"down":{"uv":[9.5,10.5,9,11],"texture":"#1"}}},{"from":[4.7,0.15755,10.90708],"to":[5.7,17.15755,11.90708],"rotation":{"angle":45,"axis":"x","origin":[5.3,7.70755,9.90708]},"faces":{"north":{"uv":[9.5,0.5,10,9],"texture":"#1"},"east":{"uv":[9.5,0.5,10,9],"texture":"#1"},"south":{"uv":[9.5,0.5,10,9],"texture":"#1"},"west":{"uv":[9.5,0.5,10,9],"texture":"#1"},"up":{"uv":[10,0.5,9.5,0],"texture":"#1"},"down":{"uv":[10,0,9.5,0.5],"texture":"#1"}}},{"from":[6.1,4.3,2],"to":[7.1,5.3,18],"rotation":{"angle":-45,"axis":"x","origin":[8,8,8]},"faces":{"north":{"uv":[10,8,10.5,8.5],"texture":"#1"},"east":{"uv":[0,10,8,10.5],"texture":"#1"},"south":{"uv":[10,8,10.5,8.5],"texture":"#1"},"west":{"uv":[0,10,8,10.5],"texture":"#1"},"up":{"uv":[10.5,0,10,8],"texture":"#1"},"down":{"uv":[10.5,0,10,8],"texture":"#1"}}},{"from":[7.69,0.85,9],"to":[11.29,8.25,9.4],"rotation":{"angle":0,"axis":"y","origin":[8,8,8]},"faces":{"north":{"uv":[10.5,4,12.25,7.75],"texture":"#1"},"south":{"uv":[10.5,4,12.25,7.75],"texture":"#1"},"west":{"uv":[12.25,4,12.5,7.75],"texture":"#1"},"up":{"uv":[12.25,8,10.5,7.75],"texture":"#1"}}},{"from":[8.29,0.85,8],"to":[11.29,7.85,9],"rotation":{"angle":0,"axis":"y","origin":[8.05,8.5,8.1]},"faces":{"north":{"uv":[11,0.5,12.5,4],"texture":"#1"},"south":{"uv":[11,0.5,12.5,4],"texture":"#1"},"west":{"uv":[10.5,0.5,11,4],"texture":"#1"},"up":{"uv":[12,0.5,10.5,0],"texture":"#1"}}},{"from":[7.69,0.85,7.6],"to":[11.29,8.25,8],"rotation":{"angle":0,"axis":"y","origin":[8,8,8]},"faces":{"north":{"uv":[10.5,4,12.25,7.75],"texture":"#1"},"south":{"uv":[10.5,4,12.25,7.75],"texture":"#1"},"west":{"uv":[12.25,4,12.5,7.75],"texture":"#1"},"up":{"uv":[12.25,8,10.5,7.75],"texture":"#1"}}},{"from":[7.69,0.85,11],"to":[11.29,8.25,11.4],"rotation":{"angle":0,"axis":"y","origin":[8,8,8]},"faces":{"north":{"uv":[10.5,4,12.25,7.75],"texture":"#1"},"south":{"uv":[10.5,4,12.25,7.75],"texture":"#1"},"west":{"uv":[12.25,4,12.5,7.75],"texture":"#1"},"up":{"uv":[12.25,8,10.5,7.75],"texture":"#1"}}},{"from":[8.29,0.85,10],"to":[11.29,7.85,11],"rotation":{"angle":0,"axis":"y","origin":[8.05,8.5,8.1]},"faces":{"north":{"uv":[11,0.5,12.5,4],"texture":"#1"},"south":{"uv":[11,0.5,12.5,4],"texture":"#1"},"west":{"uv":[10.5,0.5,11,4],"texture":"#1"},"up":{"uv":[12,0.5,10.5,0],"texture":"#1"}}},{"from":[7.69,0.85,9.6],"to":[11.29,8.25,10],"rotation":{"angle":0,"axis":"y","origin":[8,8,8]},"faces":{"north":{"uv":[10.5,4,12.25,7.75],"texture":"#1"},"south":{"uv":[10.5,4,12.25,7.75],"texture":"#1"},"west":{"uv":[12.25,4,12.5,7.75],"texture":"#1"},"up":{"uv":[12.25,8,10.5,7.75],"texture":"#1"}}},{"from":[7.69,0.85,13],"to":[11.29,8.25,13.4],"rotation":{"angle":0,"axis":"y","origin":[8,8,8]},"faces":{"north":{"uv":[10.5,4,12.25,7.75],"texture":"#1"},"south":{"uv":[10.5,4,12.25,7.75],"texture":"#1"},"west":{"uv":[12.25,4,12.5,7.75],"texture":"#1"},"up":{"uv":[12.25,8,10.5,7.75],"texture":"#1"}}},{"from":[8.29,0.85,12],"to":[11.29,7.85,13],"rotation":{"angle":0,"axis":"y","origin":[8.05,8.5,8.1]},"faces":{"north":{"uv":[11,0.5,12.5,4],"texture":"#1"},"south":{"uv":[11,0.5,12.5,4],"texture":"#1"},"west":{"uv":[10.5,0.5,11,4],"texture":"#1"},"up":{"uv":[12,0.5,10.5,0],"texture":"#1"}}},{"from":[7.69,0.85,11.6],"to":[11.29,8.25,12],"rotation":{"angle":0,"axis":"y","origin":[8,8,8]},"faces":{"north":{"uv":[10.5,4,12.25,7.75],"texture":"#1"},"south":{"uv":[10.5,4,12.25,7.75],"texture":"#1"},"west":{"uv":[12.25,4,12.5,7.75],"texture":"#1"},"up":{"uv":[12.25,8,10.5,7.75],"texture":"#1"}}}],"display":{"thirdperson_righthand":{"rotation":[80,0,0],"translation":[0,-0.25,0],"scale":[0.32,0.32,0.32]},"thirdperson_lefthand":{"rotation":[80,0,0],"translation":[0,-0.25,0],"scale":[0.32,0.32,0.32]},"firstperson_righthand":{"scale":[0,0,0]},"firstperson_lefthand":{"scale":[0,0,0]},"ground":{"scale":[0.37,0.37,0.37]},"gui":{"rotation":[24,33,1],"translation":[0,2.25,0]},"head":{"translation":[0,-28,0],"scale":[2,2,2]},"fixed":{"translation":[0,2.5,-9]}}}