{"credit":"magic_store_official","textures":{"0":"food_pack_v1:plate","2":"food_pack_v1:chicken","particle":"food_pack_v1:plate"},"elements":[{"from":[2.5,1,1.5],"to":[13.5,2,2.5],"faces":{"north":{"uv":[6.5,0.5,12,1],"texture":"#0"},"south":{"uv":[12,0.5,6.5,1],"texture":"#0"},"up":{"uv":[12,0.5,6.5,1],"texture":"#0"}}},{"from":[1.5,0,1.5],"to":[14.5,1,14.5],"faces":{"north":{"uv":[6.5,0,13,0.5],"texture":"#0"},"east":{"uv":[13,0,6.5,0.5],"texture":"#0"},"south":{"uv":[6.5,0,13,0.5],"texture":"#0"},"west":{"uv":[13,0,6.5,0.5],"texture":"#0"},"up":{"uv":[6.5,6.5,0,0],"texture":"#0"},"down":{"uv":[6.5,6.5,0,13],"texture":"#0"}}},{"from":[13.5,1,1.5],"to":[14.5,2,14.5],"faces":{"north":{"uv":[13,0,13.5,0.5],"texture":"#0"},"east":{"uv":[13,0.5,6.5,1],"texture":"#0"},"south":{"uv":[13,0,13.5,0.5],"texture":"#0"},"west":{"uv":[6.5,0.5,13,1],"texture":"#0"},"up":{"uv":[6.5,1,13,0.5],"rotation":90,"texture":"#0"}}},{"from":[1.5,1,1.5],"to":[2.5,2,14.5],"faces":{"north":{"uv":[13,0.5,13.5,1],"texture":"#0"},"east":{"uv":[6.5,0.5,13,1],"texture":"#0"},"south":{"uv":[13,0.5,13.5,1],"texture":"#0"},"west":{"uv":[13,0.5,6.5,1],"texture":"#0"},"up":{"uv":[13,1,6.5,0.5],"rotation":90,"texture":"#0"}}},{"from":[2.5,1,13.5],"to":[13.5,2,14.5],"faces":{"north":{"uv":[12,0.5,6.5,1],"texture":"#0"},"south":{"uv":[6.5,0.5,12,1],"texture":"#0"},"up":{"uv":[6.5,0.5,12,1],"texture":"#0"}}},{"from":[6,1,3],"to":[11,4,6],"faces":{"north":{"uv":[5,3,0,6],"texture":"#2"},"east":{"uv":[0,6,3,9],"texture":"#2"},"south":{"uv":[0,3,5,6],"texture":"#2"},"west":{"uv":[3,6,6,9],"texture":"#2"},"up":{"uv":[10,3,5,0],"texture":"#2"},"down":{"uv":[10,3,5,6],"texture":"#2"}}},{"from":[3,2,4],"to":[6,3,5],"faces":{"north":{"uv":[6,7,9,8],"texture":"#2"},"east":{"uv":[6,7,7,8],"texture":"#2"},"south":{"uv":[6,7,9,8],"texture":"#2"},"west":{"uv":[6,7,7,8],"texture":"#2"},"up":{"uv":[6,7,9,8],"texture":"#2"},"down":{"uv":[6,7,9,8],"texture":"#2"}}},{"from":[3,2,3],"to":[4,3,4],"faces":{"north":{"uv":[6,7,7,8],"texture":"#2"},"east":{"uv":[6,7,7,8],"texture":"#2"},"south":{"uv":[6,7,7,8],"texture":"#2"},"west":{"uv":[6,7,7,8],"texture":"#2"},"up":{"uv":[6,7,7,8],"texture":"#2"},"down":{"uv":[6,7,7,8],"texture":"#2"}}},{"from":[4,2,5],"to":[5,3,6],"faces":{"north":{"uv":[6,7,7,8],"texture":"#2"},"east":{"uv":[6,7,7,8],"texture":"#2"},"south":{"uv":[6,7,7,8],"texture":"#2"},"west":{"uv":[6,7,7,8],"texture":"#2"},"up":{"uv":[6,7,7,8],"texture":"#2"},"down":{"uv":[6,7,7,8],"texture":"#2"}}},{"from":[7,1.1,6.5],"to":[12,4.1,9.5],"rotation":{"angle":0,"axis":"x","origin":[6,2.5,8.5]},"faces":{"north":{"uv":[10,3,5,6],"rotation":180,"texture":"#2"},"east":{"uv":[0,6,3,9],"rotation":270,"texture":"#2"},"south":{"uv":[10,3,5,0],"texture":"#2"},"west":{"uv":[3,6,6,9],"rotation":90,"texture":"#2"},"up":{"uv":[5,3,0,6],"rotation":180,"texture":"#2"},"down":{"uv":[0,3,5,6],"texture":"#2"}}},{"from":[4,2,7.5],"to":[7,3,8.5],"rotation":{"angle":0,"axis":"x","origin":[6,2.5,8.5]},"faces":{"north":{"uv":[6,7,9,8],"rotation":180,"texture":"#2"},"east":{"uv":[6,7,7,8],"rotation":270,"texture":"#2"},"south":{"uv":[6,7,9,8],"texture":"#2"},"west":{"uv":[6,7,7,8],"rotation":90,"texture":"#2"},"up":{"uv":[6,7,9,8],"rotation":180,"texture":"#2"},"down":{"uv":[6,7,9,8],"texture":"#2"}}},{"from":[4,3,7.5],"to":[5,4,8.5],"rotation":{"angle":0,"axis":"x","origin":[6,2.5,8.5]},"faces":{"north":{"uv":[6,7,7,8],"rotation":180,"texture":"#2"},"east":{"uv":[6,7,7,8],"rotation":270,"texture":"#2"},"south":{"uv":[6,7,7,8],"texture":"#2"},"west":{"uv":[6,7,7,8],"rotation":90,"texture":"#2"},"up":{"uv":[6,7,7,8],"rotation":180,"texture":"#2"},"down":{"uv":[6,7,7,8],"texture":"#2"}}},{"from":[5,1,7.5],"to":[6,2,8.5],"rotation":{"angle":0,"axis":"x","origin":[6,2.5,8.5]},"faces":{"north":{"uv":[6,7,7,8],"rotation":180,"texture":"#2"},"east":{"uv":[6,7,7,8],"rotation":270,"texture":"#2"},"south":{"uv":[6,7,7,8],"texture":"#2"},"west":{"uv":[6,7,7,8],"rotation":90,"texture":"#2"},"up":{"uv":[6,7,7,8],"rotation":180,"texture":"#2"},"down":{"uv":[6,7,7,8],"texture":"#2"}}},{"from":[6,1,11],"to":[11,4,14],"rotation":{"angle":22.5,"axis":"y","origin":[6,2.5,11.5]},"faces":{"north":{"uv":[10,3,5,6],"rotation":180,"texture":"#2"},"east":{"uv":[0,6,3,9],"rotation":270,"texture":"#2"},"south":{"uv":[10,3,5,0],"texture":"#2"},"west":{"uv":[3,6,6,9],"rotation":90,"texture":"#2"},"up":{"uv":[5,3,0,6],"rotation":180,"texture":"#2"},"down":{"uv":[0,3,5,6],"texture":"#2"}}},{"from":[3,2,12],"to":[6,3,13],"rotation":{"angle":22.5,"axis":"y","origin":[6,2.5,11.5]},"faces":{"north":{"uv":[6,7,9,8],"rotation":180,"texture":"#2"},"east":{"uv":[6,7,7,8],"rotation":270,"texture":"#2"},"south":{"uv":[6,7,9,8],"texture":"#2"},"west":{"uv":[6,7,7,8],"rotation":90,"texture":"#2"},"up":{"uv":[6,7,9,8],"rotation":180,"texture":"#2"},"down":{"uv":[6,7,9,8],"texture":"#2"}}},{"from":[3,3,12],"to":[4,4,13],"rotation":{"angle":22.5,"axis":"y","origin":[6,2.5,11.5]},"faces":{"north":{"uv":[6,7,7,8],"rotation":180,"texture":"#2"},"east":{"uv":[6,7,7,8],"rotation":270,"texture":"#2"},"south":{"uv":[6,7,7,8],"texture":"#2"},"west":{"uv":[6,7,7,8],"rotation":90,"texture":"#2"},"up":{"uv":[6,7,7,8],"rotation":180,"texture":"#2"},"down":{"uv":[6,7,7,8],"texture":"#2"}}},{"from":[4,1,12],"to":[5,2,13],"rotation":{"angle":22.5,"axis":"y","origin":[6,2.5,11.5]},"faces":{"north":{"uv":[6,7,7,8],"rotation":180,"texture":"#2"},"east":{"uv":[6,7,7,8],"rotation":270,"texture":"#2"},"south":{"uv":[6,7,7,8],"texture":"#2"},"west":{"uv":[6,7,7,8],"rotation":90,"texture":"#2"},"up":{"uv":[6,7,7,8],"rotation":180,"texture":"#2"},"down":{"uv":[6,7,7,8],"texture":"#2"}}}],"display":{"thirdperson_righthand":{"rotation":[1.34,18.64,-8.05],"translation":[0.5,4.25,0.75],"scale":[0.5,0.5,0.5]},"thirdperson_lefthand":{"rotation":[1.34,18.64,-8.05],"translation":[0.5,4.25,0.75],"scale":[0.5,0.5,0.5]},"firstperson_righthand":{"rotation":[0,25,0],"translation":[1.25,4.75,0],"scale":[0.5,0.5,0.5]},"firstperson_lefthand":{"rotation":[0,25,0],"translation":[1.25,4.75,0],"scale":[0.5,0.5,0.5]},"ground":{"translation":[0,0.5,0],"scale":[0.4,0.4,0.4]},"gui":{"rotation":[30,135,0],"translation":[0,2.25,0],"scale":[0.85,0.85,0.85]},"head":{"translation":[0,-30.5,0],"scale":[1.6,1.6,1.6]},"fixed":{"rotation":[-90,0,0],"translation":[0,0,-16],"scale":[2,2,2]}}}