{"credit":"magic_store_official","textures":{"0":"food_pack_v1:plate","1":"food_pack_v1:egg","particle":"food_pack_v1:plate"},"elements":[{"from":[2.5,1,1.5],"to":[13.5,2,2.5],"faces":{"north":{"uv":[6.5,0.5,12,1],"texture":"#0"},"south":{"uv":[12,0.5,6.5,1],"texture":"#0"},"up":{"uv":[12,0.5,6.5,1],"texture":"#0"}}},{"from":[1.5,0,1.5],"to":[14.5,1,14.5],"faces":{"north":{"uv":[6.5,0,13,0.5],"texture":"#0"},"east":{"uv":[13,0,6.5,0.5],"texture":"#0"},"south":{"uv":[6.5,0,13,0.5],"texture":"#0"},"west":{"uv":[13,0,6.5,0.5],"texture":"#0"},"up":{"uv":[6.5,6.5,0,0],"texture":"#0"},"down":{"uv":[6.5,6.5,0,13],"texture":"#0"}}},{"from":[13.5,1,1.5],"to":[14.5,2,14.5],"faces":{"north":{"uv":[13,0,13.5,0.5],"texture":"#0"},"east":{"uv":[13,0.5,6.5,1],"texture":"#0"},"south":{"uv":[13,0,13.5,0.5],"texture":"#0"},"west":{"uv":[6.5,0.5,13,1],"texture":"#0"},"up":{"uv":[6.5,1,13,0.5],"rotation":90,"texture":"#0"}}},{"from":[1.5,1,1.5],"to":[2.5,2,14.5],"faces":{"north":{"uv":[13,0.5,13.5,1],"texture":"#0"},"east":{"uv":[6.5,0.5,13,1],"texture":"#0"},"south":{"uv":[13,0.5,13.5,1],"texture":"#0"},"west":{"uv":[13,0.5,6.5,1],"texture":"#0"},"up":{"uv":[13,1,6.5,0.5],"rotation":90,"texture":"#0"}}},{"from":[2.5,1,13.5],"to":[13.5,2,14.5],"faces":{"north":{"uv":[12,0.5,6.5,1],"texture":"#0"},"south":{"uv":[6.5,0.5,12,1],"texture":"#0"},"up":{"uv":[6.5,0.5,12,1],"texture":"#0"}}},{"from":[6,1,1.5],"to":[12,3,11.5],"rotation":{"angle":45,"axis":"y","origin":[10,2,8]},"faces":{"north":{"uv":[10,10,16,12],"texture":"#1"},"east":{"uv":[6,14,16,16],"texture":"#1"},"south":{"uv":[10,10,16,12],"texture":"#1"},"west":{"uv":[11,10,9,0],"rotation":90,"texture":"#1"},"up":{"uv":[10,0,16,10],"texture":"#1"},"down":{"uv":[10,10,16,0],"texture":"#1"}}},{"from":[4,1.1,10],"to":[6,2.1,12],"rotation":{"angle":45,"axis":"y","origin":[5,1.35,11]},"faces":{"north":{"uv":[6,4,8,5],"texture":"#1"},"east":{"uv":[6,5,8,6],"texture":"#1"},"south":{"uv":[6,6,8,7],"texture":"#1"},"west":{"uv":[6,7,8,8],"texture":"#1"},"up":{"uv":[8,2,6,0],"texture":"#1"}}},{"from":[2,1.1,8],"to":[8,1.1,14],"rotation":{"angle":45,"axis":"y","origin":[5,1.35,11]},"faces":{"north":{"uv":[0,0,6,0],"texture":"#1"},"east":{"uv":[0,0,6,0],"texture":"#1"},"south":{"uv":[0,0,6,0],"texture":"#1"},"west":{"uv":[0,0,6,0],"texture":"#1"},"up":{"uv":[0,6,6,0],"texture":"#1"},"down":{"uv":[0,0,6,6],"texture":"#1"}}},{"from":[5,0,2.35],"to":[11,5,2.35],"rotation":{"angle":-45,"axis":"x","origin":[10,2.5,3]},"faces":{"north":{"uv":[6,11,0,16],"texture":"#1"},"east":{"uv":[0,0,0,5],"texture":"#missing"},"south":{"uv":[0,11,6,16],"texture":"#1"},"west":{"uv":[0,0,0,5],"texture":"#missing"},"up":{"uv":[0,0,6,0],"texture":"#missing"},"down":{"uv":[0,0,6,0],"texture":"#missing"}}},{"from":[12.8,2,6],"to":[12.8,7,12],"rotation":{"angle":-45,"axis":"z","origin":[10,2.5,3]},"faces":{"north":{"uv":[0,0,0,5],"texture":"#missing"},"east":{"uv":[6,11,0,16],"texture":"#1"},"south":{"uv":[0,0,0,5],"texture":"#missing"},"west":{"uv":[0,11,6,16],"texture":"#1"},"up":{"uv":[0,0,6,0],"rotation":90,"texture":"#missing"},"down":{"uv":[0,0,6,0],"rotation":270,"texture":"#missing"}}}],"display":{"thirdperson_righthand":{"rotation":[1.34,18.64,-8.05],"translation":[0.5,4.25,0.75],"scale":[0.5,0.5,0.5]},"thirdperson_lefthand":{"rotation":[1.34,18.64,-8.05],"translation":[0.5,4.25,0.75],"scale":[0.5,0.5,0.5]},"firstperson_righthand":{"rotation":[0,25,0],"translation":[1.25,4.75,0],"scale":[0.5,0.5,0.5]},"firstperson_lefthand":{"rotation":[0,25,0],"translation":[1.25,4.75,0],"scale":[0.5,0.5,0.5]},"ground":{"translation":[0,0.5,0],"scale":[0.4,0.4,0.4]},"gui":{"rotation":[30,135,0],"translation":[0,2.25,0],"scale":[0.85,0.85,0.85]},"head":{"translation":[0,-30.5,0],"scale":[1.6,1.6,1.6]},"fixed":{"rotation":[-90,0,0],"translation":[0,0,-16],"scale":[2,2,2]}}}