{"credit":"magic_store_official","texture_size":[32,32],"textures":{"0":"food_pack_v1:plate","1":"food_pack_v1:egg","particle":"food_pack_v1:plate"},"elements":[{"from":[2.5,1,1.5],"to":[13.5,2,2.5],"faces":{"north":{"uv":[6.5,0.5,12,1],"texture":"#0"},"south":{"uv":[12,0.5,6.5,1],"texture":"#0"},"up":{"uv":[12,0.5,6.5,1],"texture":"#0"}}},{"from":[1.5,0,1.5],"to":[14.5,1,14.5],"faces":{"north":{"uv":[6.5,0,13,0.5],"texture":"#0"},"east":{"uv":[13,0,6.5,0.5],"texture":"#0"},"south":{"uv":[6.5,0,13,0.5],"texture":"#0"},"west":{"uv":[13,0,6.5,0.5],"texture":"#0"},"up":{"uv":[6.5,6.5,0,0],"texture":"#0"},"down":{"uv":[6.5,6.5,0,13],"texture":"#0"}}},{"from":[13.5,1,1.5],"to":[14.5,2,14.5],"faces":{"north":{"uv":[13,0,13.5,0.5],"texture":"#0"},"east":{"uv":[13,0.5,6.5,1],"texture":"#0"},"south":{"uv":[13,0,13.5,0.5],"texture":"#0"},"west":{"uv":[6.5,0.5,13,1],"texture":"#0"},"up":{"uv":[6.5,1,13,0.5],"rotation":90,"texture":"#0"}}},{"from":[1.5,1,1.5],"to":[2.5,2,14.5],"faces":{"north":{"uv":[13,0.5,13.5,1],"texture":"#0"},"east":{"uv":[6.5,0.5,13,1],"texture":"#0"},"south":{"uv":[13,0.5,13.5,1],"texture":"#0"},"west":{"uv":[13,0.5,6.5,1],"texture":"#0"},"up":{"uv":[13,1,6.5,0.5],"rotation":90,"texture":"#0"}}},{"from":[2.5,1,13.5],"to":[13.5,2,14.5],"faces":{"north":{"uv":[12,0.5,6.5,1],"texture":"#0"},"south":{"uv":[6.5,0.5,12,1],"texture":"#0"},"up":{"uv":[6.5,0.5,12,1],"texture":"#0"}}},{"from":[4,1,9],"to":[5,3,13],"rotation":{"angle":22.5,"axis":"z","origin":[4.5,1,11]},"faces":{"north":{"uv":[4,6,5,8],"texture":"#1"},"east":{"uv":[0,6,4,8],"texture":"#1"},"south":{"uv":[4,6,5,8],"texture":"#1"},"west":{"uv":[0,6,4,8],"texture":"#1"},"up":{"uv":[0,8,4,9],"rotation":90,"texture":"#1"},"down":{"uv":[0,8,4,9],"rotation":90,"texture":"#1"}}},{"from":[5.25,0.5,9.25],"to":[6.25,2.5,13.25],"rotation":{"angle":22.5,"axis":"z","origin":[4.5,1,11]},"faces":{"north":{"uv":[4,6,5,8],"texture":"#1"},"east":{"uv":[0,6,4,8],"texture":"#1"},"south":{"uv":[4,6,5,8],"texture":"#1"},"west":{"uv":[0,6,4,8],"texture":"#1"},"up":{"uv":[0,8,4,9],"rotation":90,"texture":"#1"},"down":{"uv":[0,8,4,9],"rotation":90,"texture":"#1"}}},{"from":[6.5,-0.25,8.5],"to":[7.5,1.75,12.5],"rotation":{"angle":22.5,"axis":"z","origin":[4.5,1,11]},"faces":{"north":{"uv":[4,6,5,8],"texture":"#1"},"east":{"uv":[0,6,4,8],"texture":"#1"},"south":{"uv":[4,6,5,8],"texture":"#1"},"west":{"uv":[0,6,4,8],"texture":"#1"},"up":{"uv":[0,8,4,9],"rotation":90,"texture":"#1"},"down":{"uv":[0,8,4,9],"rotation":90,"texture":"#1"}}},{"from":[6.5,0,3],"to":[7.5,2,7],"rotation":{"angle":22.5,"axis":"z","origin":[4.5,1,11]},"faces":{"north":{"uv":[4,6,5,8],"texture":"#1"},"east":{"uv":[0,6,4,8],"texture":"#1"},"south":{"uv":[4,6,5,8],"texture":"#1"},"west":{"uv":[0,6,4,8],"texture":"#1"},"up":{"uv":[0,8,4,9],"rotation":90,"texture":"#1"},"down":{"uv":[0,8,4,9],"rotation":90,"texture":"#1"}}},{"from":[7.75,-0.5,2.75],"to":[8.75,1.5,6.75],"rotation":{"angle":22.5,"axis":"z","origin":[4.5,1,11]},"faces":{"north":{"uv":[4,6,5,8],"texture":"#1"},"east":{"uv":[0,6,4,8],"texture":"#1"},"south":{"uv":[4,6,5,8],"texture":"#1"},"west":{"uv":[0,6,4,8],"texture":"#1"},"up":{"uv":[0,8,4,9],"rotation":90,"texture":"#1"},"down":{"uv":[0,8,4,9],"rotation":90,"texture":"#1"}}},{"from":[9,-1.25,3.5],"to":[10,0.75,7.5],"rotation":{"angle":22.5,"axis":"z","origin":[4.5,1,11]},"faces":{"north":{"uv":[4,6,5,8],"texture":"#1"},"east":{"uv":[0,6,4,8],"texture":"#1"},"south":{"uv":[4,6,5,8],"texture":"#1"},"west":{"uv":[0,6,4,8],"texture":"#1"},"up":{"uv":[0,8,4,9],"rotation":90,"texture":"#1"},"down":{"uv":[0,8,4,9],"rotation":90,"texture":"#1"}}},{"from":[7.75,-0.75,9.25],"to":[8.75,1.25,13.25],"rotation":{"angle":22.5,"axis":"z","origin":[4.5,1,11]},"faces":{"north":{"uv":[4,6,5,8],"texture":"#1"},"east":{"uv":[0,6,4,8],"texture":"#1"},"south":{"uv":[4,6,5,8],"texture":"#1"},"west":{"uv":[0,6,4,8],"texture":"#1"},"up":{"uv":[0,8,4,9],"rotation":90,"texture":"#1"},"down":{"uv":[0,8,4,9],"rotation":90,"texture":"#1"}}},{"from":[9,-1.25,9],"to":[10,0.75,13],"rotation":{"angle":22.5,"axis":"z","origin":[4.5,1,11]},"faces":{"north":{"uv":[4,6,5,8],"texture":"#1"},"east":{"uv":[0,6,4,8],"texture":"#1"},"south":{"uv":[4,6,5,8],"texture":"#1"},"west":{"uv":[0,6,4,8],"texture":"#1"},"up":{"uv":[0,8,4,9],"rotation":90,"texture":"#1"},"down":{"uv":[0,8,4,9],"rotation":90,"texture":"#1"}}},{"from":[10.84775,1.00857,9],"to":[12.84775,2.00857,13],"rotation":{"angle":22.5,"axis":"y","origin":[11.59775,1.50857,11]},"faces":{"north":{"uv":[4,6,5,8],"rotation":90,"texture":"#1"},"east":{"uv":[0,8,4,9],"texture":"#1"},"south":{"uv":[4,6,5,8],"rotation":270,"texture":"#1"},"west":{"uv":[0,8,4,9],"texture":"#1"},"up":{"uv":[0,6,4,8],"rotation":270,"texture":"#1"},"down":{"uv":[0,6,4,8],"rotation":270,"texture":"#1"}}},{"from":[10.76306,1.00857,2.51956],"to":[12.76306,2.00857,6.51956],"rotation":{"angle":0,"axis":"y","origin":[11.76306,1.50857,5.51956]},"faces":{"north":{"uv":[4,6,5,8],"rotation":90,"texture":"#1"},"east":{"uv":[0,8,4,9],"texture":"#1"},"south":{"uv":[4,6,5,8],"rotation":270,"texture":"#1"},"west":{"uv":[0,8,4,9],"texture":"#1"},"up":{"uv":[0,6,4,8],"rotation":270,"texture":"#1"},"down":{"uv":[0,6,4,8],"rotation":270,"texture":"#1"}}},{"from":[6.84775,1.00857,1],"to":[8.84775,2.00857,5],"rotation":{"angle":22.5,"axis":"y","origin":[11.59775,1.50857,11]},"faces":{"north":{"uv":[4,6,5,8],"rotation":90,"texture":"#1"},"east":{"uv":[0,8,4,9],"texture":"#1"},"south":{"uv":[4,6,5,8],"rotation":270,"texture":"#1"},"west":{"uv":[0,8,4,9],"texture":"#1"},"up":{"uv":[0,6,4,8],"rotation":270,"texture":"#1"},"down":{"uv":[0,6,4,8],"rotation":270,"texture":"#1"}}},{"from":[4,1.1,3],"to":[13,1.1,13],"faces":{"north":{"uv":[0,0,18,0],"texture":"#0"},"east":{"uv":[0,0,20,0],"texture":"#0"},"south":{"uv":[0,0,18,0],"texture":"#0"},"west":{"uv":[0,0,20,0],"texture":"#0"},"up":{"uv":[11.5,16,16,11],"texture":"#0"},"down":{"uv":[11.5,11,16,16],"texture":"#0"}}}],"display":{"thirdperson_righthand":{"rotation":[1.34,18.64,-8.05],"translation":[0.5,4.25,0.75],"scale":[0.5,0.5,0.5]},"thirdperson_lefthand":{"rotation":[1.34,18.64,-8.05],"translation":[0.5,4.25,0.75],"scale":[0.5,0.5,0.5]},"firstperson_righthand":{"rotation":[0,25,0],"translation":[1.25,4.75,0],"scale":[0.5,0.5,0.5]},"firstperson_lefthand":{"rotation":[0,25,0],"translation":[1.25,4.75,0],"scale":[0.5,0.5,0.5]},"ground":{"translation":[0,0.5,0],"scale":[0.4,0.4,0.4]},"gui":{"rotation":[30,135,0],"translation":[0,2.25,0],"scale":[0.85,0.85,0.85]},"head":{"translation":[0,-30.5,0],"scale":[1.6,1.6,1.6]},"fixed":{"rotation":[-90,0,0],"translation":[0,0,-16],"scale":[2,2,2]}}}