{"credit":"magic_store_official","textures":{"0":"food_pack_v1:food_10_plate","2":"food_pack_v1:chicken","particle":"food_pack_v1:food_10_plate"},"elements":[{"from":[2,0,-4],"to":[14,1,20],"faces":{"north":{"uv":[9,0.5,6,0.75],"texture":"#0"},"east":{"uv":[0,6,6,6.25],"texture":"#0"},"south":{"uv":[6,0.5,9,0.75],"texture":"#0"},"west":{"uv":[6,6,0,6.25],"texture":"#0"},"up":{"uv":[3,6,0,0],"texture":"#0"},"down":{"uv":[6,0,3,6],"texture":"#0"}}},{"from":[2.5,1.1,-3],"to":[13.5,1.1,19],"faces":{"north":{"uv":[0,0,11,0],"texture":"#missing"},"east":{"uv":[0,0,16,0],"texture":"#missing"},"south":{"uv":[0,0,11,0],"texture":"#missing"},"west":{"uv":[0,0,16,0],"texture":"#missing"},"up":{"uv":[0,6.25,2.75,11.75],"texture":"#0"},"down":{"uv":[0,11.75,2.75,6.25],"texture":"#0"}}},{"from":[6,1,0],"to":[11,4,3],"faces":{"north":{"uv":[5,3,0,6],"texture":"#2"},"east":{"uv":[0,6,3,9],"texture":"#2"},"south":{"uv":[0,3,5,6],"texture":"#2"},"west":{"uv":[3,6,6,9],"texture":"#2"},"up":{"uv":[10,3,5,0],"texture":"#2"},"down":{"uv":[10,3,5,6],"texture":"#2"}}},{"from":[3,2,1],"to":[6,3,2],"faces":{"north":{"uv":[6,7,9,8],"texture":"#2"},"east":{"uv":[6,7,7,8],"texture":"#2"},"south":{"uv":[6,7,9,8],"texture":"#2"},"west":{"uv":[6,7,7,8],"texture":"#2"},"up":{"uv":[6,7,9,8],"texture":"#2"},"down":{"uv":[6,7,9,8],"texture":"#2"}}},{"from":[3,2,0],"to":[4,3,1],"faces":{"north":{"uv":[6,7,7,8],"texture":"#2"},"east":{"uv":[6,7,7,8],"texture":"#2"},"south":{"uv":[6,7,7,8],"texture":"#2"},"west":{"uv":[6,7,7,8],"texture":"#2"},"up":{"uv":[6,7,7,8],"texture":"#2"},"down":{"uv":[6,7,7,8],"texture":"#2"}}},{"from":[4,2,2],"to":[5,3,3],"faces":{"north":{"uv":[6,7,7,8],"texture":"#2"},"east":{"uv":[6,7,7,8],"texture":"#2"},"south":{"uv":[6,7,7,8],"texture":"#2"},"west":{"uv":[6,7,7,8],"texture":"#2"},"up":{"uv":[6,7,7,8],"texture":"#2"},"down":{"uv":[6,7,7,8],"texture":"#2"}}},{"from":[6,1,4],"to":[11,4,7],"rotation":{"angle":-22.5,"axis":"y","origin":[6,2.5,5.5]},"faces":{"north":{"uv":[10,3,5,6],"rotation":180,"texture":"#2"},"east":{"uv":[0,6,3,9],"rotation":270,"texture":"#2"},"south":{"uv":[10,3,5,0],"texture":"#2"},"west":{"uv":[3,6,6,9],"rotation":90,"texture":"#2"},"up":{"uv":[5,3,0,6],"rotation":180,"texture":"#2"},"down":{"uv":[0,3,5,6],"texture":"#2"}}},{"from":[3,2,5],"to":[6,3,6],"rotation":{"angle":-22.5,"axis":"y","origin":[6,2.5,5.5]},"faces":{"north":{"uv":[6,7,9,8],"rotation":180,"texture":"#2"},"east":{"uv":[6,7,7,8],"rotation":270,"texture":"#2"},"south":{"uv":[6,7,9,8],"texture":"#2"},"west":{"uv":[6,7,7,8],"rotation":90,"texture":"#2"},"up":{"uv":[6,7,9,8],"rotation":180,"texture":"#2"},"down":{"uv":[6,7,9,8],"texture":"#2"}}},{"from":[3,3,5],"to":[4,4,6],"rotation":{"angle":-22.5,"axis":"y","origin":[6,2.5,5.5]},"faces":{"north":{"uv":[6,7,7,8],"rotation":180,"texture":"#2"},"east":{"uv":[6,7,7,8],"rotation":270,"texture":"#2"},"south":{"uv":[6,7,7,8],"texture":"#2"},"west":{"uv":[6,7,7,8],"rotation":90,"texture":"#2"},"up":{"uv":[6,7,7,8],"rotation":180,"texture":"#2"},"down":{"uv":[6,7,7,8],"texture":"#2"}}},{"from":[4,1,5],"to":[5,2,6],"rotation":{"angle":-22.5,"axis":"y","origin":[6,2.5,5.5]},"faces":{"north":{"uv":[6,7,7,8],"rotation":180,"texture":"#2"},"east":{"uv":[6,7,7,8],"rotation":270,"texture":"#2"},"south":{"uv":[6,7,7,8],"texture":"#2"},"west":{"uv":[6,7,7,8],"rotation":90,"texture":"#2"},"up":{"uv":[6,7,7,8],"rotation":180,"texture":"#2"},"down":{"uv":[6,7,7,8],"texture":"#2"}}},{"from":[6,1,14],"to":[11,4,17],"rotation":{"angle":22.5,"axis":"y","origin":[6,2.5,15.5]},"faces":{"north":{"uv":[5,3,0,6],"texture":"#2"},"east":{"uv":[0,6,3,9],"texture":"#2"},"south":{"uv":[0,3,5,6],"texture":"#2"},"west":{"uv":[3,6,6,9],"texture":"#2"},"up":{"uv":[10,3,5,0],"texture":"#2"},"down":{"uv":[10,3,5,6],"texture":"#2"}}},{"from":[3,2,15],"to":[6,3,16],"rotation":{"angle":22.5,"axis":"y","origin":[6,2.5,15.5]},"faces":{"north":{"uv":[6,7,9,8],"texture":"#2"},"east":{"uv":[6,7,7,8],"texture":"#2"},"south":{"uv":[6,7,9,8],"texture":"#2"},"west":{"uv":[6,7,7,8],"texture":"#2"},"up":{"uv":[6,7,9,8],"texture":"#2"},"down":{"uv":[6,7,9,8],"texture":"#2"}}},{"from":[3,2,14],"to":[4,3,15],"rotation":{"angle":22.5,"axis":"y","origin":[6,2.5,15.5]},"faces":{"north":{"uv":[6,7,7,8],"texture":"#2"},"east":{"uv":[6,7,7,8],"texture":"#2"},"south":{"uv":[6,7,7,8],"texture":"#2"},"west":{"uv":[6,7,7,8],"texture":"#2"},"up":{"uv":[6,7,7,8],"texture":"#2"},"down":{"uv":[6,7,7,8],"texture":"#2"}}},{"from":[4,2,16],"to":[5,3,17],"rotation":{"angle":22.5,"axis":"y","origin":[6,2.5,15.5]},"faces":{"north":{"uv":[6,7,7,8],"texture":"#2"},"east":{"uv":[6,7,7,8],"texture":"#2"},"south":{"uv":[6,7,7,8],"texture":"#2"},"west":{"uv":[6,7,7,8],"texture":"#2"},"up":{"uv":[6,7,7,8],"texture":"#2"},"down":{"uv":[6,7,7,8],"texture":"#2"}}},{"from":[6,1,9],"to":[11,4,12],"faces":{"north":{"uv":[5,3,0,6],"texture":"#2"},"east":{"uv":[0,6,3,9],"texture":"#2"},"south":{"uv":[0,3,5,6],"texture":"#2"},"west":{"uv":[3,6,6,9],"texture":"#2"},"up":{"uv":[10,3,5,0],"texture":"#2"},"down":{"uv":[10,3,5,6],"texture":"#2"}}},{"from":[3,2,10],"to":[6,3,11],"faces":{"north":{"uv":[6,7,9,8],"texture":"#2"},"east":{"uv":[6,7,7,8],"texture":"#2"},"south":{"uv":[6,7,9,8],"texture":"#2"},"west":{"uv":[6,7,7,8],"texture":"#2"},"up":{"uv":[6,7,9,8],"texture":"#2"},"down":{"uv":[6,7,9,8],"texture":"#2"}}},{"from":[3,2,9],"to":[4,3,10],"faces":{"north":{"uv":[6,7,7,8],"texture":"#2"},"east":{"uv":[6,7,7,8],"texture":"#2"},"south":{"uv":[6,7,7,8],"texture":"#2"},"west":{"uv":[6,7,7,8],"texture":"#2"},"up":{"uv":[6,7,7,8],"texture":"#2"},"down":{"uv":[6,7,7,8],"texture":"#2"}}},{"from":[4,2,11],"to":[5,3,12],"faces":{"north":{"uv":[6,7,7,8],"texture":"#2"},"east":{"uv":[6,7,7,8],"texture":"#2"},"south":{"uv":[6,7,7,8],"texture":"#2"},"west":{"uv":[6,7,7,8],"texture":"#2"},"up":{"uv":[6,7,7,8],"texture":"#2"},"down":{"uv":[6,7,7,8],"texture":"#2"}}},{"from":[6.5,4,10.5],"to":[9.5,7,15.5],"rotation":{"angle":0,"axis":"y","origin":[6,5.5,10.5]},"faces":{"north":{"uv":[0,6,3,9],"texture":"#2"},"east":{"uv":[0,3,5,6],"texture":"#2"},"south":{"uv":[3,6,6,9],"texture":"#2"},"west":{"uv":[5,3,0,6],"texture":"#2"},"up":{"uv":[10,3,5,0],"rotation":270,"texture":"#2"},"down":{"uv":[10,3,5,6],"rotation":90,"texture":"#2"}}},{"from":[7.5,5,15.5],"to":[8.5,6,18.5],"rotation":{"angle":0,"axis":"y","origin":[6,5.5,10.5]},"faces":{"north":{"uv":[6,7,7,8],"texture":"#2"},"east":{"uv":[6,7,9,8],"texture":"#2"},"south":{"uv":[6,7,7,8],"texture":"#2"},"west":{"uv":[6,7,9,8],"texture":"#2"},"up":{"uv":[6,7,9,8],"rotation":270,"texture":"#2"},"down":{"uv":[6,7,9,8],"rotation":90,"texture":"#2"}}},{"from":[6.5,5,17.5],"to":[7.5,6,18.5],"rotation":{"angle":0,"axis":"y","origin":[6,5.5,10.5]},"faces":{"north":{"uv":[6,7,7,8],"texture":"#2"},"east":{"uv":[6,7,7,8],"texture":"#2"},"south":{"uv":[6,7,7,8],"texture":"#2"},"west":{"uv":[6,7,7,8],"texture":"#2"},"up":{"uv":[6,7,7,8],"rotation":270,"texture":"#2"},"down":{"uv":[6,7,7,8],"rotation":90,"texture":"#2"}}},{"from":[8.5,5,16.5],"to":[9.5,6,17.5],"rotation":{"angle":0,"axis":"y","origin":[6,5.5,10.5]},"faces":{"north":{"uv":[6,7,7,8],"texture":"#2"},"east":{"uv":[6,7,7,8],"texture":"#2"},"south":{"uv":[6,7,7,8],"texture":"#2"},"west":{"uv":[6,7,7,8],"texture":"#2"},"up":{"uv":[6,7,7,8],"rotation":270,"texture":"#2"},"down":{"uv":[6,7,7,8],"rotation":90,"texture":"#2"}}},{"from":[8.5,4,1.5],"to":[11.5,7,6.5],"rotation":{"angle":-22.5,"axis":"y","origin":[9,5.5,1.5]},"faces":{"north":{"uv":[3,6,6,9],"texture":"#2"},"east":{"uv":[5,3,0,6],"texture":"#2"},"south":{"uv":[0,6,3,9],"texture":"#2"},"west":{"uv":[0,3,5,6],"texture":"#2"},"up":{"uv":[10,3,5,0],"rotation":90,"texture":"#2"},"down":{"uv":[10,3,5,6],"rotation":270,"texture":"#2"}}},{"from":[9.5,5,-1.5],"to":[10.5,6,1.5],"rotation":{"angle":-22.5,"axis":"y","origin":[9,5.5,1.5]},"faces":{"north":{"uv":[6,7,7,8],"texture":"#2"},"east":{"uv":[6,7,9,8],"texture":"#2"},"south":{"uv":[6,7,7,8],"texture":"#2"},"west":{"uv":[6,7,9,8],"texture":"#2"},"up":{"uv":[6,7,9,8],"rotation":90,"texture":"#2"},"down":{"uv":[6,7,9,8],"rotation":270,"texture":"#2"}}},{"from":[10.5,5,-1.5],"to":[11.5,6,-0.5],"rotation":{"angle":-22.5,"axis":"y","origin":[9,5.5,1.5]},"faces":{"north":{"uv":[6,7,7,8],"texture":"#2"},"east":{"uv":[6,7,7,8],"texture":"#2"},"south":{"uv":[6,7,7,8],"texture":"#2"},"west":{"uv":[6,7,7,8],"texture":"#2"},"up":{"uv":[6,7,7,8],"rotation":90,"texture":"#2"},"down":{"uv":[6,7,7,8],"rotation":270,"texture":"#2"}}},{"from":[8.5,5,-0.5],"to":[9.5,6,0.5],"rotation":{"angle":-22.5,"axis":"y","origin":[9,5.5,1.5]},"faces":{"north":{"uv":[6,7,7,8],"texture":"#2"},"east":{"uv":[6,7,7,8],"texture":"#2"},"south":{"uv":[6,7,7,8],"texture":"#2"},"west":{"uv":[6,7,7,8],"texture":"#2"},"up":{"uv":[6,7,7,8],"rotation":90,"texture":"#2"},"down":{"uv":[6,7,7,8],"rotation":270,"texture":"#2"}}}],"display":{"thirdperson_righthand":{"rotation":[1.34,18.64,-8.05],"translation":[0.5,4.25,0.75],"scale":[0.5,0.5,0.5]},"thirdperson_lefthand":{"rotation":[1.34,18.64,-8.05],"translation":[0.5,4.25,0.75],"scale":[0.5,0.5,0.5]},"firstperson_righthand":{"rotation":[0,25,0],"translation":[1.25,4.75,0],"scale":[0.5,0.5,0.5]},"firstperson_lefthand":{"rotation":[0,25,0],"translation":[1.25,4.75,0],"scale":[0.5,0.5,0.5]},"ground":{"translation":[0,0.5,0],"scale":[0.4,0.4,0.4]},"gui":{"rotation":[30,135,0],"translation":[0,2.25,0],"scale":[0.7,0.7,0.7]},"head":{"translation":[0,-30.5,0],"scale":[1.6,1.6,1.6]},"fixed":{"rotation":[-90,0,0],"translation":[0,0,-16],"scale":[2,2,2]}}}