{"credit":"magic_store_official","textures":{"0":"food_pack_v1:plate","1":"food_pack_v1:egg","2":"food_pack_v1:fish","3":"food_pack_v1:potato","4":"food_pack_v1:mushroom","particle":"food_pack_v1:plate"},"elements":[{"from":[13,1,4],"to":[17,3,8],"rotation":{"angle":22.5,"axis":"y","origin":[6.75,2,6]},"faces":{"north":{"uv":[2,2,0,3],"texture":"#2"},"east":{"uv":[2,2,0,3],"texture":"#2"},"south":{"uv":[2,2,0,3],"texture":"#2"},"west":{"uv":[2,2,0,3],"texture":"#2"},"up":{"uv":[2,8,0,6],"texture":"#2"},"down":{"uv":[2,6,0,8],"texture":"#2"}}},{"from":[2,1,3],"to":[13,3,9],"rotation":{"angle":22.5,"axis":"y","origin":[6.75,2,6]},"faces":{"north":{"uv":[0,1,5.5,0],"texture":"#2"},"east":{"uv":[0,1,3,0],"texture":"#2"},"south":{"uv":[5.5,1,0,0],"texture":"#2"},"west":{"uv":[0,1,3,0],"texture":"#2"},"up":{"uv":[5.5,3,0,0],"texture":"#2"},"down":{"uv":[0,3,5.5,0],"texture":"#2"}}},{"from":[0,1,4],"to":[2,3,8],"rotation":{"angle":22.5,"axis":"y","origin":[6.75,2,6]},"faces":{"north":{"uv":[4,8,5,7],"texture":"#2"},"east":{"uv":[4.5,6,4,8],"rotation":270,"texture":"#2"},"south":{"uv":[5,7,4,6],"texture":"#2"},"west":{"uv":[4.5,8,5,6],"rotation":270,"texture":"#2"},"up":{"uv":[5,8,4,6],"texture":"#2"},"down":{"uv":[5,6,4,8],"texture":"#2"}}},{"from":[-3,1.5,3],"to":[0,2.5,9],"rotation":{"angle":22.5,"axis":"y","origin":[6.75,2,6]},"faces":{"north":{"uv":[5.5,5,7,4.5],"texture":"#2"},"east":{"uv":[5.5,5,6,2],"rotation":90,"texture":"#2"},"south":{"uv":[7,2.5,5.5,2],"texture":"#2"},"west":{"uv":[7,2,6.5,5],"rotation":90,"texture":"#2"},"up":{"uv":[7,5,5.5,2],"texture":"#2"},"down":{"uv":[7,2,5.5,5],"texture":"#2"}}},{"from":[2.5,1,1.5],"to":[13.5,2,2.5],"faces":{"north":{"uv":[6.5,0.5,12,1],"texture":"#0"},"south":{"uv":[12,0.5,6.5,1],"texture":"#0"},"up":{"uv":[12,0.5,6.5,1],"texture":"#0"}}},{"from":[1.5,0,1.5],"to":[14.5,1,14.5],"faces":{"north":{"uv":[6.5,0,13,0.5],"texture":"#0"},"east":{"uv":[13,0,6.5,0.5],"texture":"#0"},"south":{"uv":[6.5,0,13,0.5],"texture":"#0"},"west":{"uv":[13,0,6.5,0.5],"texture":"#0"},"up":{"uv":[6.5,6.5,0,0],"texture":"#0"},"down":{"uv":[6.5,6.5,0,13],"texture":"#0"}}},{"from":[13.5,1,1.5],"to":[14.5,2,14.5],"faces":{"north":{"uv":[13,0,13.5,0.5],"texture":"#0"},"east":{"uv":[13,0.5,6.5,1],"texture":"#0"},"south":{"uv":[13,0,13.5,0.5],"texture":"#0"},"west":{"uv":[6.5,0.5,13,1],"texture":"#0"},"up":{"uv":[6.5,1,13,0.5],"rotation":90,"texture":"#0"}}},{"from":[1.5,1,1.5],"to":[2.5,2,14.5],"faces":{"north":{"uv":[13,0.5,13.5,1],"texture":"#0"},"east":{"uv":[6.5,0.5,13,1],"texture":"#0"},"south":{"uv":[13,0.5,13.5,1],"texture":"#0"},"west":{"uv":[13,0.5,6.5,1],"texture":"#0"},"up":{"uv":[13,1,6.5,0.5],"rotation":90,"texture":"#0"}}},{"from":[2.5,1,13.5],"to":[13.5,2,14.5],"faces":{"north":{"uv":[12,0.5,6.5,1],"texture":"#0"},"south":{"uv":[6.5,0.5,12,1],"texture":"#0"},"up":{"uv":[6.5,0.5,12,1],"texture":"#0"}}},{"from":[7.75,1.1,8.5],"to":[11.75,3.1,12.5],"faces":{"north":{"uv":[10,0,14,2],"texture":"#3"},"east":{"uv":[10,0,14,2],"texture":"#3"},"south":{"uv":[10,0,14,2],"texture":"#3"},"west":{"uv":[10,0,14,2],"texture":"#3"},"up":{"uv":[10,4,6,0],"texture":"#3"}}},{"from":[6.75,1.1,7.5],"to":[12.75,1.1,13.5],"faces":{"north":{"uv":[0,0,6,0],"texture":"#3"},"east":{"uv":[0,0,6,0],"texture":"#3"},"south":{"uv":[0,0,6,0],"texture":"#3"},"west":{"uv":[0,0,6,0],"texture":"#3"},"up":{"uv":[6,6,0,0],"texture":"#3"},"down":{"uv":[6,6,0,0],"texture":"#3"}}},{"from":[6.25,1,10.25],"to":[6.75,2,10.75],"rotation":{"angle":-22.5,"axis":"z","origin":[6.5,1,10.5]},"faces":{"north":{"uv":[0,4,1,5],"texture":"#4"},"east":{"uv":[4,0,5,1],"texture":"#4"},"south":{"uv":[1,4,2,5],"texture":"#4"},"west":{"uv":[4,1,5,2],"texture":"#4"},"up":{"uv":[3,5,2,4],"texture":"#4"},"down":{"uv":[5,2,4,3],"texture":"#4"}}},{"from":[5.75,2,9.75],"to":[7.25,3,11.25],"rotation":{"angle":-22.5,"axis":"z","origin":[6.5,1,10.5]},"faces":{"north":{"uv":[2,0,4,1],"texture":"#4"},"east":{"uv":[2,1,4,2],"texture":"#4"},"south":{"uv":[2,2,4,3],"texture":"#4"},"west":{"uv":[2,3,4,4],"texture":"#4"},"up":{"uv":[2,2,0,0],"texture":"#4"},"down":{"uv":[2,2,0,4],"texture":"#4"}}},{"from":[4.25,1,11.25],"to":[4.75,2,11.75],"rotation":{"angle":-22.5,"axis":"x","origin":[4.5,1,11.5]},"faces":{"north":{"uv":[0,4,1,5],"texture":"#4"},"east":{"uv":[4,0,5,1],"texture":"#4"},"south":{"uv":[1,4,2,5],"texture":"#4"},"west":{"uv":[4,1,5,2],"texture":"#4"},"up":{"uv":[3,5,2,4],"texture":"#4"},"down":{"uv":[5,2,4,3],"texture":"#4"}}},{"from":[3.75,2,10.75],"to":[5.25,3,12.25],"rotation":{"angle":-22.5,"axis":"x","origin":[4.5,1,11.5]},"faces":{"north":{"uv":[2,0,4,1],"texture":"#4"},"east":{"uv":[2,1,4,2],"texture":"#4"},"south":{"uv":[2,2,4,3],"texture":"#4"},"west":{"uv":[2,3,4,4],"texture":"#4"},"up":{"uv":[2,2,0,0],"texture":"#4"},"down":{"uv":[2,2,0,4],"texture":"#4"}}},{"from":[6.25,1,12.25],"to":[6.75,2,12.75],"rotation":{"angle":45,"axis":"z","origin":[6.5,1,12.5]},"faces":{"north":{"uv":[0,4,1,5],"texture":"#4"},"east":{"uv":[4,0,5,1],"texture":"#4"},"south":{"uv":[1,4,2,5],"texture":"#4"},"west":{"uv":[4,1,5,2],"texture":"#4"},"up":{"uv":[3,5,2,4],"texture":"#4"},"down":{"uv":[5,2,4,3],"texture":"#4"}}},{"from":[5.75,2,11.75],"to":[7.25,3,13.25],"rotation":{"angle":45,"axis":"z","origin":[6.5,1,12.5]},"faces":{"north":{"uv":[2,0,4,1],"texture":"#4"},"east":{"uv":[2,1,4,2],"texture":"#4"},"south":{"uv":[2,2,4,3],"texture":"#4"},"west":{"uv":[2,3,4,4],"texture":"#4"},"up":{"uv":[2,2,0,0],"texture":"#4"},"down":{"uv":[2,2,0,4],"texture":"#4"}}},{"from":[3.25,1,12.25],"to":[3.75,2,12.75],"rotation":{"angle":22.5,"axis":"x","origin":[3.5,1,12.5]},"faces":{"north":{"uv":[0,4,1,5],"texture":"#4"},"east":{"uv":[4,0,5,1],"texture":"#4"},"south":{"uv":[1,4,2,5],"texture":"#4"},"west":{"uv":[4,1,5,2],"texture":"#4"},"up":{"uv":[3,5,2,4],"texture":"#4"},"down":{"uv":[5,2,4,3],"texture":"#4"}}},{"from":[2.75,2,11.75],"to":[4.25,3,13.25],"rotation":{"angle":22.5,"axis":"x","origin":[3.5,1,12.5]},"faces":{"north":{"uv":[2,0,4,1],"texture":"#4"},"east":{"uv":[2,1,4,2],"texture":"#4"},"south":{"uv":[2,2,4,3],"texture":"#4"},"west":{"uv":[2,3,4,4],"texture":"#4"},"up":{"uv":[2,2,0,0],"texture":"#4"},"down":{"uv":[2,2,0,4],"texture":"#4"}}},{"from":[3,0,2.35],"to":[9,5,2.35],"rotation":{"angle":-45,"axis":"x","origin":[10,2.5,3]},"faces":{"north":{"uv":[6,11,0,16],"texture":"#1"},"east":{"uv":[0,0,0,5],"texture":"#1"},"south":{"uv":[0,11,6,16],"texture":"#1"},"west":{"uv":[0,0,0,5],"texture":"#1"},"up":{"uv":[0,0,6,0],"texture":"#1"},"down":{"uv":[0,0,6,0],"texture":"#1"}}}],"display":{"thirdperson_righthand":{"rotation":[1.34,18.64,-8.05],"translation":[0.5,4.25,0.75],"scale":[0.5,0.5,0.5]},"thirdperson_lefthand":{"rotation":[1.34,18.64,-8.05],"translation":[0.5,4.25,0.75],"scale":[0.5,0.5,0.5]},"firstperson_righthand":{"rotation":[0,25,0],"translation":[1.25,4.75,0],"scale":[0.5,0.5,0.5]},"firstperson_lefthand":{"rotation":[0,25,0],"translation":[1.25,4.75,0],"scale":[0.5,0.5,0.5]},"ground":{"translation":[0,0.5,0],"scale":[0.4,0.4,0.4]},"gui":{"rotation":[30,135,0],"translation":[0,2.25,0],"scale":[0.85,0.85,0.85]},"head":{"translation":[0,-30.5,0],"scale":[1.6,1.6,1.6]},"fixed":{"rotation":[-90,0,0],"translation":[0,0,-16],"scale":[2,2,2]}}}