{"credit":"magic_store_official","textures":{"0":"food_pack_v1:food_7","particle":"food_pack_v1:food_7"},"elements":[{"from":[3,0,3],"to":[13,1,13],"faces":{"north":{"uv":[0,10,5,10.5],"texture":"#0"},"east":{"uv":[0,10,5,10.5],"texture":"#0"},"south":{"uv":[0,10,5,10.5],"texture":"#0"},"west":{"uv":[0,10,5,10.5],"texture":"#0"},"up":{"uv":[5,5,0,0],"texture":"#0"},"down":{"uv":[5,5,0,10],"texture":"#0"}}},{"from":[4,1,3],"to":[12,4,4],"faces":{"north":{"uv":[5,9,9,10.5],"texture":"#0"},"south":{"uv":[5,9,9,10.5],"texture":"#0"},"up":{"uv":[9,9,5,9.5],"texture":"#0"}}},{"from":[4,1,12],"to":[12,4,13],"faces":{"north":{"uv":[5,9,9,10.5],"texture":"#0"},"south":{"uv":[5,9,9,10.5],"texture":"#0"},"up":{"uv":[9,9,5,9.5],"texture":"#0"}}},{"from":[12,1,3],"to":[13,4,13],"faces":{"north":{"uv":[1,10.5,1.5,12],"texture":"#0"},"east":{"uv":[5,0,10,1.5],"texture":"#0"},"south":{"uv":[1,10.5,1.5,12],"texture":"#0"},"west":{"uv":[5,0,10,1.5],"texture":"#0"},"up":{"uv":[5,0,10,0.5],"rotation":90,"texture":"#0"}}},{"from":[3,1,3],"to":[4,4,13],"faces":{"north":{"uv":[1,10.5,1.5,12],"texture":"#0"},"east":{"uv":[5,0,10,1.5],"texture":"#0"},"south":{"uv":[1,10.5,1.5,12],"texture":"#0"},"west":{"uv":[5,0,10,1.5],"texture":"#0"},"up":{"uv":[5,0,10,0.5],"rotation":90,"texture":"#0"}}},{"from":[4,3,4],"to":[12,3,12],"faces":{"north":{"uv":[0,0,4,1],"texture":"#missing"},"east":{"uv":[0,0,4,1],"texture":"#missing"},"south":{"uv":[0,0,4,1],"texture":"#missing"},"west":{"uv":[0,0,4,1],"texture":"#missing"},"up":{"uv":[12,4,16,8],"texture":"#0"},"down":{"uv":[12,8,16,4],"texture":"#0"}}},{"from":[4.75,2.75,6],"to":[4.75,5.75,8],"rotation":{"angle":22.5,"axis":"z","origin":[4,2.5,7]},"faces":{"north":{"uv":[0,0,0,1.5],"texture":"#missing"},"east":{"uv":[11,0,12,1.5],"texture":"#0"},"south":{"uv":[0,0,0,1.5],"texture":"#missing"},"west":{"uv":[12,0,11,1.5],"texture":"#0"},"up":{"uv":[0,0,0,1],"texture":"#missing"},"down":{"uv":[0,0,0,1],"texture":"#missing"}}}],"display":{"thirdperson_righthand":{"rotation":[1.34,18.64,-8.05],"translation":[0.5,4.25,0.75],"scale":[0.5,0.5,0.5]},"thirdperson_lefthand":{"rotation":[1.34,18.64,-8.05],"translation":[0.5,4.25,0.75],"scale":[0.5,0.5,0.5]},"firstperson_righthand":{"rotation":[0,25,0],"translation":[1.25,4.75,0],"scale":[0.5,0.5,0.5]},"firstperson_lefthand":{"rotation":[0,25,0],"translation":[1.25,4.75,0],"scale":[0.5,0.5,0.5]},"ground":{"translation":[0,0.5,0],"scale":[0.4,0.4,0.4]},"gui":{"rotation":[30,135,0],"translation":[0,2.25,0],"scale":[0.85,0.85,0.85]},"head":{"translation":[0,-30.5,0],"scale":[1.6,1.6,1.6]},"fixed":{"rotation":[-90,0,0],"translation":[0,0,-16],"scale":[2,2,2]}}}