{"credit":"magic_store_official","textures":{"0":"food_pack_v1:food_10_plate","1":"food_pack_v1:food_7","particle":"food_pack_v1:food_7"},"elements":[{"from":[2,0,-4],"to":[14,1,20],"faces":{"north":{"uv":[9,0.5,6,0.75],"texture":"#0"},"east":{"uv":[0,6,6,6.25],"texture":"#0"},"south":{"uv":[6,0.5,9,0.75],"texture":"#0"},"west":{"uv":[6,6,0,6.25],"texture":"#0"},"up":{"uv":[3,6,0,0],"texture":"#0"},"down":{"uv":[6,0,3,6],"texture":"#0"}}},{"from":[2.5,1.1,-3],"to":[13.5,1.1,19],"faces":{"north":{"uv":[0,0,11,0],"texture":"#missing"},"east":{"uv":[0,0,16,0],"texture":"#missing"},"south":{"uv":[0,0,11,0],"texture":"#missing"},"west":{"uv":[0,0,16,0],"texture":"#missing"},"up":{"uv":[0,6.25,2.75,11.75],"texture":"#0"},"down":{"uv":[0,11.75,2.75,6.25],"texture":"#0"}}},{"from":[3,1,-2],"to":[13,2,8],"rotation":{"angle":22.5,"axis":"y","origin":[8,2.4519,3]},"faces":{"north":{"uv":[0,10,5,10.5],"texture":"#1"},"east":{"uv":[0,10,5,10.5],"texture":"#1"},"south":{"uv":[0,10,5,10.5],"texture":"#1"},"west":{"uv":[0,10,5,10.5],"texture":"#1"},"up":{"uv":[5,5,0,0],"texture":"#1"},"down":{"uv":[5,5,0,10],"texture":"#1"}}},{"from":[4,2,-2],"to":[12,5,-1],"rotation":{"angle":22.5,"axis":"y","origin":[8,2.4519,3]},"faces":{"north":{"uv":[5,9,9,10.5],"texture":"#1"},"south":{"uv":[5,9,9,10.5],"texture":"#1"},"up":{"uv":[9,9,5,9.5],"texture":"#1"}}},{"from":[4,2,7],"to":[12,5,8],"rotation":{"angle":22.5,"axis":"y","origin":[8,2.4519,3]},"faces":{"north":{"uv":[5,9,9,10.5],"texture":"#1"},"south":{"uv":[5,9,9,10.5],"texture":"#1"},"up":{"uv":[9,9,5,9.5],"texture":"#1"}}},{"from":[12,2,-2],"to":[13,5,8],"rotation":{"angle":22.5,"axis":"y","origin":[8,2.4519,3]},"faces":{"north":{"uv":[1,10.5,1.5,12],"texture":"#1"},"east":{"uv":[5,0,10,1.5],"texture":"#1"},"south":{"uv":[1,10.5,1.5,12],"texture":"#1"},"west":{"uv":[5,0,10,1.5],"texture":"#1"},"up":{"uv":[5,0,10,0.5],"rotation":90,"texture":"#1"}}},{"from":[3,2,-2],"to":[4,5,8],"rotation":{"angle":22.5,"axis":"y","origin":[8,2.4519,3]},"faces":{"north":{"uv":[1,10.5,1.5,12],"texture":"#1"},"east":{"uv":[5,0,10,1.5],"texture":"#1"},"south":{"uv":[1,10.5,1.5,12],"texture":"#1"},"west":{"uv":[5,0,10,1.5],"texture":"#1"},"up":{"uv":[5,0,10,0.5],"rotation":90,"texture":"#1"}}},{"from":[4,4,-1],"to":[12,4,7],"rotation":{"angle":22.5,"axis":"y","origin":[8,2.4519,3]},"faces":{"north":{"uv":[0,0,4,1],"texture":"#missing"},"east":{"uv":[0,0,4,1],"texture":"#missing"},"south":{"uv":[0,0,4,1],"texture":"#missing"},"west":{"uv":[0,0,4,1],"texture":"#missing"},"up":{"uv":[12,4,16,8],"texture":"#1"},"down":{"uv":[12,8,16,4],"texture":"#1"}}},{"from":[4.91302,4.27707,2.19628],"to":[4.91302,7.27707,4.19628],"rotation":{"angle":22.5,"axis":"z","origin":[4.91302,3.77707,3.19628]},"faces":{"north":{"uv":[0,0,0,1.5],"texture":"#missing"},"east":{"uv":[11,0,12,1.5],"texture":"#1"},"south":{"uv":[0,0,0,1.5],"texture":"#missing"},"west":{"uv":[12,0,11,1.5],"texture":"#1"},"up":{"uv":[0,0,0,1],"texture":"#missing"},"down":{"uv":[0,0,0,1],"texture":"#missing"}}},{"from":[3,1,9.75],"to":[13,2,19.75],"rotation":{"angle":0,"axis":"y","origin":[0,1,6.75]},"faces":{"north":{"uv":[0,10,5,10.5],"texture":"#1"},"east":{"uv":[0,10,5,10.5],"texture":"#1"},"south":{"uv":[0,10,5,10.5],"texture":"#1"},"west":{"uv":[0,10,5,10.5],"texture":"#1"},"up":{"uv":[5,5,0,0],"texture":"#1"},"down":{"uv":[5,5,0,10],"texture":"#1"}}},{"from":[4,2,9.75],"to":[12,5,10.75],"rotation":{"angle":0,"axis":"y","origin":[0,1,6.75]},"faces":{"north":{"uv":[5,9,9,10.5],"texture":"#1"},"south":{"uv":[5,9,9,10.5],"texture":"#1"},"up":{"uv":[9,9,5,9.5],"texture":"#1"}}},{"from":[4,2,18.75],"to":[12,5,19.75],"rotation":{"angle":0,"axis":"y","origin":[0,1,6.75]},"faces":{"north":{"uv":[5,9,9,10.5],"texture":"#1"},"south":{"uv":[5,9,9,10.5],"texture":"#1"},"up":{"uv":[9,9,5,9.5],"texture":"#1"}}},{"from":[12,2,9.75],"to":[13,5,19.75],"rotation":{"angle":0,"axis":"y","origin":[0,1,6.75]},"faces":{"north":{"uv":[1,10.5,1.5,12],"texture":"#1"},"east":{"uv":[5,0,10,1.5],"texture":"#1"},"south":{"uv":[1,10.5,1.5,12],"texture":"#1"},"west":{"uv":[5,0,10,1.5],"texture":"#1"},"up":{"uv":[5,0,10,0.5],"rotation":90,"texture":"#1"}}},{"from":[3,2,9.75],"to":[4,5,19.75],"rotation":{"angle":0,"axis":"y","origin":[0,1,6.75]},"faces":{"north":{"uv":[1,10.5,1.5,12],"texture":"#1"},"east":{"uv":[5,0,10,1.5],"texture":"#1"},"south":{"uv":[1,10.5,1.5,12],"texture":"#1"},"west":{"uv":[5,0,10,1.5],"texture":"#1"},"up":{"uv":[5,0,10,0.5],"rotation":90,"texture":"#1"}}},{"from":[4,4,10.75],"to":[12,4,18.75],"rotation":{"angle":0,"axis":"y","origin":[0,1,6.75]},"faces":{"north":{"uv":[0,0,4,1],"texture":"#missing"},"east":{"uv":[0,0,4,1],"texture":"#missing"},"south":{"uv":[0,0,4,1],"texture":"#missing"},"west":{"uv":[0,0,4,1],"texture":"#missing"},"up":{"uv":[12,0,16,4],"texture":"#1"},"down":{"uv":[12,4,16,0],"texture":"#1"}}},{"from":[4.75,3.75,12.75],"to":[4.75,6.75,14.75],"rotation":{"angle":22.5,"axis":"z","origin":[4,3.5,13.75]},"faces":{"north":{"uv":[0,0,0,1.5],"texture":"#missing"},"east":{"uv":[11,0,12,1.5],"texture":"#1"},"south":{"uv":[0,0,0,1.5],"texture":"#missing"},"west":{"uv":[12,0,11,1.5],"texture":"#1"},"up":{"uv":[0,0,0,1],"texture":"#missing"},"down":{"uv":[0,0,0,1],"texture":"#missing"}}}],"display":{"thirdperson_righthand":{"rotation":[1.34,18.64,-8.05],"translation":[0.5,4.25,0.75],"scale":[0.5,0.5,0.5]},"thirdperson_lefthand":{"rotation":[1.34,18.64,-8.05],"translation":[0.5,4.25,0.75],"scale":[0.5,0.5,0.5]},"firstperson_righthand":{"rotation":[0,25,0],"translation":[1.25,4.75,0],"scale":[0.5,0.5,0.5]},"firstperson_lefthand":{"rotation":[0,25,0],"translation":[1.25,4.75,0],"scale":[0.5,0.5,0.5]},"ground":{"translation":[0,0.5,0],"scale":[0.4,0.4,0.4]},"gui":{"rotation":[30,135,0],"translation":[0,2.25,0],"scale":[0.7,0.7,0.7]},"head":{"translation":[0,-30.5,0],"scale":[1.6,1.6,1.6]},"fixed":{"rotation":[-90,0,0],"translation":[0,0,-16],"scale":[2,2,2]}}}