{"credit":"magic_store_official","texture_size":[32,32],"textures":{"0":"food_pack_v1:food_10_plate","2":"food_pack_v1:big_chicken","particle":"food_pack_v1:food_10_plate"},"elements":[{"from":[2,0,-4],"to":[14,1,20],"faces":{"north":{"uv":[9,0.5,6,0.75],"texture":"#0"},"east":{"uv":[0,6,6,6.25],"texture":"#0"},"south":{"uv":[6,0.5,9,0.75],"texture":"#0"},"west":{"uv":[6,6,0,6.25],"texture":"#0"},"up":{"uv":[3,6,0,0],"texture":"#0"},"down":{"uv":[6,0,3,6],"texture":"#0"}}},{"from":[2.5,1.1,-3],"to":[13.5,1.1,19],"faces":{"north":{"uv":[0,0,5.5,0],"texture":"#missing"},"east":{"uv":[0,0,8,0],"texture":"#missing"},"south":{"uv":[0,0,5.5,0],"texture":"#missing"},"west":{"uv":[0,0,8,0],"texture":"#missing"},"up":{"uv":[0,6.25,2.75,11.75],"texture":"#0"},"down":{"uv":[0,11.75,2.75,6.25],"texture":"#0"}}},{"from":[3,1,0],"to":[13,7,12],"faces":{"north":{"uv":[5,9,10,12],"texture":"#2"},"east":{"uv":[12,6,6,9],"texture":"#2"},"south":{"uv":[5,9,10,12],"texture":"#2"},"west":{"uv":[6,6,12,9],"texture":"#2"},"up":{"uv":[5,6,0,0],"texture":"#2"},"down":{"uv":[5,6,0,0],"texture":"#2"}}},{"from":[1,3,5],"to":[3,7,12],"rotation":{"angle":-22.5,"axis":"x","origin":[14,4.5,7]},"faces":{"north":{"uv":[10,9,10.5,11],"texture":"#2"},"east":{"uv":[13.5,9,10,11],"texture":"#2"},"south":{"uv":[13,9,13.5,11],"texture":"#2"},"west":{"uv":[10,9,13.5,11],"texture":"#2"},"up":{"uv":[10,9,13.5,9.5],"rotation":90,"texture":"#2"},"down":{"uv":[13.5,10.5,10,11],"rotation":90,"texture":"#2"}}},{"from":[13,3,5],"to":[15,7,12],"rotation":{"angle":-22.5,"axis":"x","origin":[14,4.5,7]},"faces":{"north":{"uv":[10,9,10.5,11],"texture":"#2"},"east":{"uv":[13.5,9,10,11],"texture":"#2"},"south":{"uv":[13,9,13.5,11],"texture":"#2"},"west":{"uv":[10,9,13.5,11],"texture":"#2"},"up":{"uv":[10,9,13.5,9.5],"rotation":90,"texture":"#2"},"down":{"uv":[13.5,10.5,10,11],"rotation":90,"texture":"#2"}}},{"from":[13.5,3.5,14],"to":[14.5,6.5,15],"rotation":{"angle":-22.5,"axis":"x","origin":[14,4.5,7]},"faces":{"north":{"uv":[7.5,12,8,13.5],"texture":"#2"},"east":{"uv":[12,7.5,12.5,9],"texture":"#2"},"south":{"uv":[8,12,8.5,13.5],"texture":"#2"},"west":{"uv":[8.5,12,9,13.5],"texture":"#2"},"up":{"uv":[13,13,12.5,12.5],"texture":"#2"},"down":{"uv":[13.5,6,13,6.5],"texture":"#2"}}},{"from":[13.5,4.5,12],"to":[14.5,5.5,14],"rotation":{"angle":-22.5,"axis":"x","origin":[14,4.5,7]},"faces":{"north":{"uv":[13,6.5,13.5,7],"texture":"#2"},"east":{"uv":[12.5,7,13.5,7.5],"texture":"#2"},"south":{"uv":[13,8,13.5,8.5],"texture":"#2"},"west":{"uv":[12.5,7.5,13.5,8],"texture":"#2"},"up":{"uv":[13,9,12.5,8],"texture":"#2"},"down":{"uv":[9.5,12.5,9,13.5],"texture":"#2"}}},{"from":[1.5,3.5,14],"to":[2.5,6.5,15],"rotation":{"angle":-22.5,"axis":"x","origin":[14,4.5,7]},"faces":{"north":{"uv":[7.5,12,8,13.5],"texture":"#2"},"east":{"uv":[12,7.5,12.5,9],"texture":"#2"},"south":{"uv":[8,12,8.5,13.5],"texture":"#2"},"west":{"uv":[8.5,12,9,13.5],"texture":"#2"},"up":{"uv":[13,13,12.5,12.5],"texture":"#2"},"down":{"uv":[13.5,6,13,6.5],"texture":"#2"}}},{"from":[1.5,4.5,12],"to":[2.5,5.5,14],"rotation":{"angle":-22.5,"axis":"x","origin":[14,4.5,7]},"faces":{"north":{"uv":[13,6.5,13.5,7],"texture":"#2"},"east":{"uv":[12.5,7,13.5,7.5],"texture":"#2"},"south":{"uv":[13,8,13.5,8.5],"texture":"#2"},"west":{"uv":[12.5,7.5,13.5,8],"texture":"#2"},"up":{"uv":[13,9,12.5,8],"texture":"#2"},"down":{"uv":[9.5,12.5,9,13.5],"texture":"#2"}}}],"display":{"thirdperson_righthand":{"rotation":[1.34,18.64,-8.05],"translation":[0.5,4.25,0.75],"scale":[0.5,0.5,0.5]},"thirdperson_lefthand":{"rotation":[1.34,18.64,-8.05],"translation":[0.5,4.25,0.75],"scale":[0.5,0.5,0.5]},"firstperson_righthand":{"rotation":[0,25,0],"translation":[1.25,4.75,0],"scale":[0.5,0.5,0.5]},"firstperson_lefthand":{"rotation":[0,25,0],"translation":[1.25,4.75,0],"scale":[0.5,0.5,0.5]},"ground":{"translation":[0,0.5,0],"scale":[0.4,0.4,0.4]},"gui":{"rotation":[30,135,0],"translation":[0,2.25,0],"scale":[0.7,0.7,0.7]},"head":{"translation":[0,-30.5,0],"scale":[1.6,1.6,1.6]},"fixed":{"rotation":[-90,0,0],"translation":[0,0,-16],"scale":[2,2,2]}}}