{
	"credit": "by 2m3v",
	"textures": {
		"1": "games:item/board/chess_board_s"
	},
	"elements": [
		{
			"from": [-8, 8, -8],
			"to": [24, 9, 24],
			"faces": {
				"north": {"uv": [4, 2, 9, 2.25], "rotation": 180, "texture": "#1"},
				"east": {"uv": [8.75, 2, 9, 7], "rotation": 90, "texture": "#1"},
				"south": {"uv": [4, 6.75, 9, 7], "texture": "#1"},
				"west": {"uv": [4, 7, 4.25, 2], "rotation": 90, "texture": "#1"},
				"up": {"uv": [4, 2, 9, 7], "texture": "#1"},
				"down": {"uv": [4, 7, 9, 12], "texture": "#1"}
			}
		},
		{
			"from": [21, 9.1, -4.2],
			"to": [23.72727, 9.1, 20.77273],
			"faces": {
				"north": {"uv": [0, 0, 2, 0], "texture": "#1"},
				"east": {"uv": [0, 15.125, 6.24318, 15.125], "texture": "#1"},
				"south": {"uv": [0, 0, 2, 0], "texture": "#1"},
				"west": {"uv": [0, 13.75, 6.24318, 13.75], "texture": "#1"},
				"up": {"uv": [0, 0, 15.5, 1.875], "rotation": 90, "texture": "#1"},
				"down": {"uv": [15.31818, 9.75682, 16, 16], "texture": "#1"}
			}
		},
		{
			"from": [-4.62273, 9.1, -7.97727],
			"to": [7.85, 9.1, -5.25],
			"rotation": {"angle": 0, "axis": "y", "origin": [11.36364, 1.1, 8.28636]},
			"faces": {
				"north": {"uv": [9.75682, 15.625, 16, 15.625], "texture": "#1"},
				"east": {"uv": [14, 16, 16, 16], "texture": "#1"},
				"south": {"uv": [9.75682, 16, 16, 16], "texture": "#1"},
				"west": {"uv": [6.5, 12.25, 7.18182, 12.25], "texture": "#1"},
				"up": {"uv": [2, 2.25, 3.72727, 10.22273], "rotation": 90, "texture": "#1"},
				"down": {"uv": [15.31818, 9.75682, 16, 16], "rotation": 90, "texture": "#1"}
			}
		},
		{
			"from": [7.87727, 9.1, -7.97727],
			"to": [20.35, 9.1, -5.25],
			"rotation": {"angle": 0, "axis": "y", "origin": [11.36364, 1.1, 8.28636]},
			"faces": {
				"north": {"uv": [9.25, 15.875, 15.49318, 15.875], "texture": "#1"},
				"east": {"uv": [5.75, 13.75, 7.75, 13.75], "texture": "#1"},
				"south": {"uv": [0, 13.875, 6.24318, 13.875], "texture": "#1"},
				"west": {"uv": [6.5, 12.25, 7.18182, 12.25], "texture": "#1"},
				"up": {"uv": [0.25, 2.25, 2, 10.25], "rotation": 90, "texture": "#1"},
				"down": {"uv": [15.31818, 9.75682, 16, 16], "rotation": 90, "texture": "#1"}
			}
		}
	],
	"gui_light": "front",
	"display": {
		"thirdperson_righthand": {
			"translation": [0, 2.25, 0],
			"scale": [0.3, 0.3, 0.3]
		},
		"firstperson_righthand": {
			"translation": [11.75, 0.5, -13.5]
		},
		"ground": {
			"translation": [0, 4, 0],
			"scale": [0.6, 0.6, 0.6]
		},
		"gui": {
			"rotation": [90, 90, 0],
			"translation": [0.25, 0, 0],
			"scale": [0.4, 0.4, 0.4]
		},
		"head": {
			"translation": [0, 0.01, 0],
			"scale": [1.005, 1.1, 1.005]
		},
		"fixed": {
			"rotation": [-90, 0, 0],
			"translation": [0, 0, -8]
		}
	}
}