{"credit":"Made by LZLeon with Blockbench, Contact - Discord: LZBlocks#0261 - E-Mail: lzblocks@outlook.com","texture_size":[128,128],"textures":{"0":"medievalroyalv2:furniture/medievalroyalv2/medievalroyal_painting_3x2","particle":"medievalroyalv2:furniture/medievalroyalv2/medievalroyal_painting_3x2"},"elements":[{"from":[5,-0.74556,1.8518],"to":[11,2.25444,2.8518],"rotation":{"angle":-22.5,"axis":"x","origin":[-13,-0.00025,0.0518]},"faces":{"north":{"uv":[2.125,4.75,2.875,5.125],"texture":"#0"},"east":{"uv":[2,4.75,2.125,5.125],"texture":"#0"},"south":{"uv":[3,4.75,3.75,5.125],"texture":"#0"},"west":{"uv":[2.875,4.75,3,5.125],"texture":"#0"},"up":{"uv":[2.875,4.75,2.125,4.625],"texture":"#0"},"down":{"uv":[3.625,4.625,2.875,4.75],"texture":"#0"}}},{"from":[-16,30,0],"to":[32,32,2],"faces":{"north":{"uv":[0.25,4.375,6.25,4.625],"texture":"#0"},"east":{"uv":[0,4.375,0.25,4.625],"texture":"#0"},"south":{"uv":[6.5,4.375,12.5,4.625],"texture":"#0"},"west":{"uv":[6.25,4.375,6.5,4.625],"texture":"#0"},"up":{"uv":[6.25,4.375,0.25,4.125],"texture":"#0"},"down":{"uv":[12.25,4.125,6.25,4.375],"texture":"#0"}}},{"from":[-16,0,0],"to":[32,2,2],"faces":{"north":{"uv":[0.25,3.875,6.25,4.125],"texture":"#0"},"east":{"uv":[0,3.875,0.25,4.125],"texture":"#0"},"south":{"uv":[6.5,3.875,12.5,4.125],"texture":"#0"},"west":{"uv":[6.25,3.875,6.5,4.125],"texture":"#0"},"up":{"uv":[6.25,3.875,0.25,3.625],"texture":"#0"},"down":{"uv":[12.25,3.625,6.25,3.875],"texture":"#0"}}},{"from":[30,2,0],"to":[32,30,2],"faces":{"north":{"uv":[1.25,4.875,1.5,8.375],"texture":"#0"},"east":{"uv":[1,4.875,1.25,8.375],"texture":"#0"},"south":{"uv":[1.75,4.875,2,8.375],"texture":"#0"},"west":{"uv":[1.5,4.875,1.75,8.375],"texture":"#0"},"up":{"uv":[1.5,4.875,1.25,4.625],"texture":"#0"},"down":{"uv":[1.75,4.625,1.5,4.875],"texture":"#0"}}},{"from":[-16,2,0],"to":[-14,30,2],"faces":{"north":{"uv":[0.25,4.875,0.5,8.375],"texture":"#0"},"east":{"uv":[0,4.875,0.25,8.375],"texture":"#0"},"south":{"uv":[0.75,4.875,1,8.375],"texture":"#0"},"west":{"uv":[0.5,4.875,0.75,8.375],"texture":"#0"},"up":{"uv":[0.5,4.875,0.25,4.625],"texture":"#0"},"down":{"uv":[0.75,4.625,0.5,4.875],"texture":"#0"}}},{"from":[-14,2,0.5],"to":[30,30,1.5],"faces":{"north":{"uv":[0.125,0.125,5.625,3.625],"texture":"#0"},"east":{"uv":[0,0.125,0.125,3.625],"texture":"#0"},"south":{"uv":[5.75,0.125,11.25,3.625],"texture":"#0"},"west":{"uv":[5.625,0.125,5.75,3.625],"texture":"#0"},"up":{"uv":[5.625,0.125,0.125,0],"texture":"#0"},"down":{"uv":[11.125,0,5.625,0.125],"texture":"#0"}}}],"display":{"thirdperson_righthand":{"rotation":[60,-160,0],"translation":[3.75,3.5,-6.5],"scale":[0.6,0.6,0.6]},"thirdperson_lefthand":{"rotation":[60,-160,0],"translation":[3.75,3.5,-6.5],"scale":[0.6,0.6,0.6]},"firstperson_righthand":{"rotation":[0,-73,6],"translation":[-5.5,-4.5,0],"scale":[0.4,0.4,0.4]},"firstperson_lefthand":{"rotation":[0,-73,6],"translation":[-5.5,-4.5,0],"scale":[0.4,0.4,0.4]},"ground":{"translation":[-3.25,1.5,2],"scale":[0.35,0.35,0.35]},"gui":{"rotation":[30,-40,0],"translation":[-1.75,-3.25,0],"scale":[0.35,0.35,0.35]},"head":{"translation":[0,-30.4,0],"scale":[1.6,1.6,1.6]},"fixed":{"rotation":[0,-180,0],"translation":[0,0,-15],"scale":[2,2,2]}}}