{"credit":"Made by LZLeon with Blockbench, Contact - Discord: LZBlocks#0261 - E-Mail: lzblocks@outlook.com","texture_size":[128,128],"textures":{"0":"medievalroyalv2:furniture/medievalroyalv2/medievalroyal_pillow","particle":"medievalroyalv2:furniture/medievalroyalv2/medievalroyal_pillow"},"elements":[{"from":[1,0,1],"to":[15,4,15],"faces":{"north":{"uv":[1.75,4,3.5,4.5],"texture":"#0"},"east":{"uv":[0,4,1.75,4.5],"texture":"#0"},"south":{"uv":[5.25,4,7,4.5],"texture":"#0"},"west":{"uv":[3.5,4,5.25,4.5],"texture":"#0"},"up":{"uv":[3.5,4,1.75,2.25],"texture":"#0"},"down":{"uv":[5.25,2.25,3.5,4],"texture":"#0"}}},{"from":[-1,2,-1],"to":[17,2,17],"faces":{"north":{"uv":[2.25,2.25,4.5,2.25],"texture":"#0"},"east":{"uv":[0,2.25,2.25,2.25],"texture":"#0"},"south":{"uv":[6.75,2.25,9,2.25],"texture":"#0"},"west":{"uv":[4.5,2.25,6.75,2.25],"texture":"#0"},"up":{"uv":[4.5,2.25,2.25,0],"texture":"#0"},"down":{"uv":[6.75,0,4.5,2.25],"texture":"#0"}}}],"display":{"thirdperson_righthand":{"rotation":[60,-160,0],"translation":[-1,5.75,2.75],"scale":[0.6,0.6,0.6]},"thirdperson_lefthand":{"rotation":[60,-160,0],"translation":[-1,5.75,2.75],"scale":[0.6,0.6,0.6]},"firstperson_righthand":{"rotation":[0,-73,6],"translation":[0.25,4,1],"scale":[0.5,0.5,0.5]},"firstperson_lefthand":{"rotation":[0,-73,6],"translation":[0.25,4,1],"scale":[0.5,0.5,0.5]},"ground":{"translation":[0,1.5,0],"scale":[0.5,0.5,0.5]},"gui":{"rotation":[30,-40,0],"translation":[0.25,2.75,0],"scale":[0.6,0.6,0.6]},"head":{"translation":[0,-30.4,0],"scale":[1.6,1.6,1.6]},"fixed":{"rotation":[-90,0,0],"translation":[0,0,-15],"scale":[2,2,2]}}}