{"credit":"Made by LZLeon with Blockbench, Contact - Discord: LZBlocks#0261 - E-Mail: lzblocks@outlook.com","texture_size":[256,256],"textures":{"2":"medievalroyalv2:furniture/medievalroyalv2/medievalroyal_bed","particle":"medievalroyalv2:furniture/medievalroyalv2/medievalroyal_bed"},"elements":[{"from":[3,-11,20.5],"to":[9,-8.5,24.5],"rotation":{"angle":-45,"axis":"x","origin":[0,2,0]},"faces":{"north":{"uv":[0.25,0.875,0.625,1],"texture":"#2"},"east":{"uv":[0,0.875,0.25,1],"texture":"#2"},"south":{"uv":[0.875,0.875,1.25,1],"texture":"#2"},"west":{"uv":[0.625,0.875,0.875,1],"texture":"#2"},"up":{"uv":[0.625,0.875,0.25,0.625],"texture":"#2"},"down":{"uv":[1,0.625,0.625,0.875],"texture":"#2"}}},{"from":[0.5,18,19.7],"to":[11.5,25,23.2],"rotation":{"angle":22.5,"axis":"x","origin":[0,2,0]},"faces":{"north":{"uv":[0.1875,0.1875,0.875,0.625],"texture":"#2"},"east":{"uv":[0,0.1875,0.1875,0.625],"texture":"#2"},"south":{"uv":[1.0625,0.1875,1.75,0.625],"texture":"#2"},"west":{"uv":[0.875,0.1875,1.0625,0.625],"texture":"#2"},"up":{"uv":[0.875,0.1875,0.1875,0],"texture":"#2"},"down":{"uv":[1.5625,0,0.875,0.1875],"texture":"#2"}}},{"from":[-11.5,18,19.7],"to":[-0.5,25,23.2],"rotation":{"angle":22.5,"axis":"x","origin":[-12,2,0]},"faces":{"north":{"uv":[0.1875,0.1875,0.875,0.625],"texture":"#2"},"east":{"uv":[0,0.1875,0.1875,0.625],"texture":"#2"},"south":{"uv":[1.0625,0.1875,1.75,0.625],"texture":"#2"},"west":{"uv":[0.875,0.1875,1.0625,0.625],"texture":"#2"},"up":{"uv":[0.875,0.1875,0.1875,0],"texture":"#2"},"down":{"uv":[1.5625,0,0.875,0.1875],"texture":"#2"}}},{"from":[-9,-11,20.5],"to":[-3,-8.5,24.5],"rotation":{"angle":-45,"axis":"x","origin":[-12,2,0]},"faces":{"north":{"uv":[0.25,0.875,0.625,1],"texture":"#2"},"east":{"uv":[0,0.875,0.25,1],"texture":"#2"},"south":{"uv":[0.875,0.875,1.25,1],"texture":"#2"},"west":{"uv":[0.625,0.875,0.875,1],"texture":"#2"},"up":{"uv":[0.625,0.875,0.25,0.625],"texture":"#2"},"down":{"uv":[1,0.625,0.625,0.875],"texture":"#2"}}},{"from":[-13,1,30],"to":[13,26,32],"faces":{"north":{"uv":[5.4375,0.125,7.0625,1.6875],"texture":"#2"},"east":{"uv":[5.3125,0.125,5.4375,1.6875],"texture":"#2"},"south":{"uv":[7.1875,0.125,8.8125,1.6875],"texture":"#2"},"west":{"uv":[7.0625,0.125,7.1875,1.6875],"texture":"#2"},"up":{"uv":[7.0625,0.125,5.4375,0],"texture":"#2"},"down":{"uv":[8.6875,0,7.0625,0.125],"texture":"#2"}}},{"from":[-13,5,2],"to":[13,9,30],"faces":{"north":{"uv":[1.75,3.8125,3.375,4.0625],"texture":"#2"},"east":{"uv":[0,3.8125,1.75,4.0625],"texture":"#2"},"south":{"uv":[5.125,3.8125,6.75,4.0625],"texture":"#2"},"west":{"uv":[3.375,3.8125,5.125,4.0625],"texture":"#2"},"up":{"uv":[3.375,3.8125,1.75,2.0625],"texture":"#2"},"down":{"uv":[5,2.0625,3.375,3.8125],"texture":"#2"}}},{"from":[-14,1,1],"to":[14,5,30],"rotation":{"angle":0,"axis":"y","origin":[0,3,0]},"faces":{"north":{"uv":[1.8125,1.8125,3.5625,2.0625],"texture":"#2"},"east":{"uv":[0,1.8125,1.8125,2.0625],"texture":"#2"},"south":{"uv":[5.375,1.8125,7.125,2.0625],"texture":"#2"},"west":{"uv":[3.5625,1.8125,5.375,2.0625],"texture":"#2"},"up":{"uv":[3.5625,1.8125,1.8125,0],"texture":"#2"},"down":{"uv":[5.3125,0,3.5625,1.8125],"texture":"#2"}}},{"from":[-15,26,2],"to":[-13,32,30],"rotation":{"angle":0,"axis":"y","origin":[0,3,0]},"faces":{"north":{"uv":[6.75,6.1875,6.875,6.5625],"texture":"#2"},"east":{"uv":[5,6.1875,6.75,6.5625],"texture":"#2"},"south":{"uv":[8.625,6.1875,8.75,6.5625],"texture":"#2"},"west":{"uv":[6.875,6.1875,8.625,6.5625],"texture":"#2"},"up":{"uv":[6.875,6.1875,6.75,4.4375],"texture":"#2"},"down":{"uv":[7,4.4375,6.875,6.1875],"texture":"#2"}}},{"from":[13,26,2],"to":[15,32,30],"rotation":{"angle":0,"axis":"y","origin":[0,3,0]},"faces":{"north":{"uv":[6.75,4.0625,6.875,4.4375],"texture":"#2"},"east":{"uv":[5,4.0625,6.75,4.4375],"texture":"#2"},"south":{"uv":[8.625,4.0625,8.75,4.4375],"texture":"#2"},"west":{"uv":[6.875,4.0625,8.625,4.4375],"texture":"#2"},"up":{"uv":[6.875,4.0625,6.75,2.3125],"texture":"#2"},"down":{"uv":[7,2.3125,6.875,4.0625],"texture":"#2"}}},{"from":[-13,26,0],"to":[13,32,2],"rotation":{"angle":0,"axis":"y","origin":[0,3,0]},"faces":{"north":{"uv":[7.125,2.0625,8.75,2.4375],"texture":"#2"},"east":{"uv":[7,2.0625,7.125,2.4375],"texture":"#2"},"south":{"uv":[8.875,2.0625,10.5,2.4375],"texture":"#2"},"west":{"uv":[8.75,2.0625,8.875,2.4375],"texture":"#2"},"up":{"uv":[8.75,2.0625,7.125,1.9375],"texture":"#2"},"down":{"uv":[10.375,1.9375,8.75,2.0625],"texture":"#2"}}},{"from":[-13,26,30],"to":[13,32,32],"rotation":{"angle":0,"axis":"y","origin":[0,3,0]},"faces":{"north":{"uv":[6.875,6.6875,8.5,7.0625],"texture":"#2"},"east":{"uv":[6.75,6.6875,6.875,7.0625],"texture":"#2"},"south":{"uv":[8.625,6.6875,10.25,7.0625],"texture":"#2"},"west":{"uv":[8.5,6.6875,8.625,7.0625],"texture":"#2"},"up":{"uv":[8.5,6.6875,6.875,6.5625],"texture":"#2"},"down":{"uv":[10.125,6.5625,8.5,6.6875],"texture":"#2"}}},{"from":[-13,30,2],"to":[13,31,30],"rotation":{"angle":0,"axis":"y","origin":[0,3,0]},"faces":{"north":{"uv":[1.75,5.8125,3.375,5.875],"texture":"#2"},"east":{"uv":[0,5.8125,1.75,5.875],"texture":"#2"},"south":{"uv":[5.125,5.8125,6.75,5.875],"texture":"#2"},"west":{"uv":[3.375,5.8125,5.125,5.875],"texture":"#2"},"up":{"uv":[3.375,5.8125,1.75,4.0625],"texture":"#2"},"down":{"uv":[5,4.0625,3.375,5.8125],"texture":"#2"}}},{"from":[-15,0,0],"to":[-13,32,2],"faces":{"north":{"uv":[7.375,7.1875,7.5,9.1875],"texture":"#2"},"east":{"uv":[7.25,7.1875,7.375,9.1875],"texture":"#2"},"south":{"uv":[7.625,7.1875,7.75,9.1875],"texture":"#2"},"west":{"uv":[7.5,7.1875,7.625,9.1875],"texture":"#2"},"up":{"uv":[7.5,7.1875,7.375,7.0625],"texture":"#2"},"down":{"uv":[7.625,7.0625,7.5,7.1875],"texture":"#2"}}},{"from":[13,0,0],"to":[15,32,2],"shade":false,"faces":{"north":{"uv":[7.5,7.1875,7.375,9.1875],"texture":"#2"},"east":{"uv":[7.625,7.1875,7.5,9.1875],"texture":"#2"},"south":{"uv":[7.75,7.1875,7.625,9.1875],"texture":"#2"},"west":{"uv":[7.375,7.1875,7.25,9.1875],"texture":"#2"},"up":{"uv":[7.375,7.1875,7.5,7.0625],"texture":"#2"},"down":{"uv":[7.5,7.0625,7.625,7.1875],"texture":"#2"}}},{"from":[-15,0,30],"to":[-13,32,32],"rotation":{"angle":0,"axis":"y","origin":[-8,0,0]},"faces":{"north":{"uv":[6.875,7.1875,7,9.1875],"texture":"#2"},"east":{"uv":[6.75,7.1875,6.875,9.1875],"texture":"#2"},"south":{"uv":[7.125,7.1875,7.25,9.1875],"texture":"#2"},"west":{"uv":[7,7.1875,7.125,9.1875],"texture":"#2"},"up":{"uv":[7,7.1875,6.875,7.0625],"texture":"#2"},"down":{"uv":[7.125,7.0625,7,7.1875],"texture":"#2"}}},{"from":[13,0,30],"to":[15,32,32],"shade":false,"rotation":{"angle":0,"axis":"y","origin":[8,0,0]},"faces":{"north":{"uv":[7,7.1875,6.875,9.1875],"texture":"#2"},"east":{"uv":[7.125,7.1875,7,9.1875],"texture":"#2"},"south":{"uv":[7.25,7.1875,7.125,9.1875],"texture":"#2"},"west":{"uv":[6.875,7.1875,6.75,9.1875],"texture":"#2"},"up":{"uv":[6.875,7.1875,7,7.0625],"texture":"#2"},"down":{"uv":[7,7.0625,7.125,7.1875],"texture":"#2"}}},{"from":[-13,1,0.9],"to":[13,26,0.9],"rotation":{"angle":0,"axis":"y","origin":[-8,0,0]},"faces":{"north":{"uv":[3.5,6.5625,5.125,8.125],"texture":"#2"},"east":{"uv":[3.5,6.5625,3.5,8.125],"texture":"#2"},"south":{"uv":[5.125,6.5625,6.75,8.125],"texture":"#2"},"west":{"uv":[5.125,6.5625,5.125,8.125],"texture":"#2"},"up":{"uv":[5.125,6.5625,3.5,6.5625],"texture":"#2"},"down":{"uv":[6.75,6.5625,5.125,6.5625],"texture":"#2"}}},{"from":[-14.1,1,2],"to":[-14.1,26,30],"rotation":{"angle":0,"axis":"y","origin":[-8,0,0]},"faces":{"north":{"uv":[1.75,5.875,1.75,7.4375],"texture":"#2"},"east":{"uv":[0,5.875,1.75,7.4375],"texture":"#2"},"south":{"uv":[3.5,5.875,3.5,7.4375],"texture":"#2"},"west":{"uv":[1.75,5.875,3.5,7.4375],"texture":"#2"},"up":{"uv":[1.75,5.875,1.75,4.125],"texture":"#2"},"down":{"uv":[1.75,4.125,1.75,5.875],"texture":"#2"}}},{"from":[14.1,1,2],"to":[14.1,26,30],"rotation":{"angle":0,"axis":"y","origin":[-8,0,0]},"faces":{"north":{"uv":[1.75,5.875,1.75,7.4375],"texture":"#2"},"east":{"uv":[0,5.875,1.75,7.4375],"texture":"#2"},"south":{"uv":[3.5,5.875,3.5,7.4375],"texture":"#2"},"west":{"uv":[1.75,5.875,3.5,7.4375],"texture":"#2"},"up":{"uv":[1.75,5.875,1.75,4.125],"texture":"#2"},"down":{"uv":[1.75,4.125,1.75,5.875],"texture":"#2"}}}],"display":{"thirdperson_righthand":{"rotation":[60,-160,0],"translation":[4.5,14,-8],"scale":[-0.6,0.6,-0.6]},"thirdperson_lefthand":{"rotation":[60,-160,0],"translation":[-4.25,11,-7],"scale":[-0.6,0.6,-0.6]},"firstperson_righthand":{"rotation":[0,-73,6],"translation":[0,-1,0],"scale":[-0.4,0.4,-0.4]},"firstperson_lefthand":{"rotation":[0,-73,6],"translation":[2.25,-1,2],"scale":[-0.4,0.4,-0.4]},"ground":{"translation":[3,1.5,-2.5],"scale":[0.35,0.35,0.35]},"gui":{"rotation":[30,-40,0],"translation":[-3.5,-2.5,0],"scale":[-0.32,0.32,-0.32]},"head":{"rotation":[0,-180,0],"translation":[0,-30.4,0],"scale":[1.6,1.6,1.6]},"fixed":{"rotation":[-90,0,0],"translation":[0,0,-15],"scale":[2,2,2]}}}