{"credit":"75769 / 291ZHRXB8B9QXO72X","texture_size":[64,64],"textures":{"1":"medievalroyalv2:furniture/medievalroyalv2/medievalroyal_chandelier"},"elements":[{"from":[7,0,7],"to":[9,2,9],"faces":{"north":{"uv":[5,3.75,5.5,4.25],"texture":"#1"},"east":{"uv":[4.5,3.75,5,4.25],"texture":"#1"},"south":{"uv":[6,3.75,6.5,4.25],"texture":"#1"},"west":{"uv":[5.5,3.75,6,4.25],"texture":"#1"},"up":{"uv":[5.5,3.75,5,3.25],"texture":"#1"},"down":{"uv":[6,3.25,5.5,3.75],"texture":"#1"}}},{"from":[7,14,7],"to":[9,16,9],"faces":{"north":{"uv":[3,4.25,3.5,4.75],"texture":"#1"},"east":{"uv":[2.5,4.25,3,4.75],"texture":"#1"},"south":{"uv":[4,4.25,4.5,4.75],"texture":"#1"},"west":{"uv":[3.5,4.25,4,4.75],"texture":"#1"},"up":{"uv":[3.5,4.25,3,3.75],"texture":"#1"},"down":{"uv":[4,3.75,3.5,4.25],"texture":"#1"}}},{"from":[7,11,7],"to":[9,12,9],"faces":{"north":{"uv":[0.5,4.75,1,5],"texture":"#1"},"east":{"uv":[0,4.75,0.5,5],"texture":"#1"},"south":{"uv":[1.5,4.75,2,5],"texture":"#1"},"west":{"uv":[1,4.75,1.5,5],"texture":"#1"},"up":{"uv":[1,4.75,0.5,4.25],"texture":"#1"},"down":{"uv":[1.5,4.25,1,4.75],"texture":"#1"}}},{"from":[8,-2,-2],"to":[8,14,18],"rotation":{"angle":0,"axis":"y","origin":[8,0,8]},"faces":{"north":{"uv":[5,5,5,9],"texture":"#1"},"east":{"uv":[0,5,5,9],"texture":"#1"},"south":{"uv":[10,5,10,9],"texture":"#1"},"west":{"uv":[5,5,10,9],"texture":"#1"},"up":{"uv":[5,5,5,0],"texture":"#1"},"down":{"uv":[5,0,5,5],"texture":"#1"}}},{"from":[6.5,3,-2.5],"to":[9.5,4,0.5],"rotation":{"angle":0,"axis":"y","origin":[8,0,8]},"faces":{"north":{"uv":[3.75,2,4.5,2.25],"texture":"#1"},"east":{"uv":[3,2,3.75,2.25],"texture":"#1"},"south":{"uv":[5.25,2,6,2.25],"texture":"#1"},"west":{"uv":[4.5,2,5.25,2.25],"texture":"#1"},"up":{"uv":[4.5,2,3.75,1.25],"texture":"#1"},"down":{"uv":[5.25,1.25,4.5,2],"texture":"#1"}}},{"from":[7,4,-2],"to":[9,8,0],"rotation":{"angle":0,"axis":"y","origin":[8,0,8]},"faces":{"north":{"uv":[3.5,2.75,4,3.75],"texture":"#1"},"east":{"uv":[3,2.75,3.5,3.75],"texture":"#1"},"south":{"uv":[4.5,2.75,5,3.75],"texture":"#1"},"west":{"uv":[4,2.75,4.5,3.75],"texture":"#1"},"up":{"uv":[4,2.75,3.5,2.25],"texture":"#1"},"down":{"uv":[4.5,2.25,4,2.75],"texture":"#1"}}},{"from":[7.5,8,-1],"to":[8.5,10,-1],"rotation":{"angle":0,"axis":"y","origin":[8,0,8]},"faces":{"north":{"uv":[3,2.25,3.25,2.75],"texture":"#1"},"east":{"uv":[3,2.25,3,2.75],"texture":"#1"},"south":{"uv":[3.25,2.25,3.5,2.75],"texture":"#1"},"west":{"uv":[3.25,2.25,3.25,2.75],"texture":"#1"},"up":{"uv":[3.25,2.25,3,2.25],"texture":"#1"},"down":{"uv":[3.5,2.25,3.25,2.25],"texture":"#1"}}},{"from":[8,8,-1.5],"to":[8,10,-0.5],"rotation":{"angle":0,"axis":"y","origin":[8,0,8]},"faces":{"north":{"uv":[3.25,1.25,3.25,1.75],"texture":"#1"},"east":{"uv":[3,1.25,3.25,1.75],"texture":"#1"},"south":{"uv":[3.5,1.25,3.5,1.75],"texture":"#1"},"west":{"uv":[3.25,1.25,3.5,1.75],"texture":"#1"},"up":{"uv":[3.25,1.25,3.25,1],"texture":"#1"},"down":{"uv":[3.25,1,3.25,1.25],"texture":"#1"}}},{"from":[-1,8,7.5],"to":[-1,10,8.5],"rotation":{"angle":0,"axis":"y","origin":[8,0,8]},"faces":{"north":{"uv":[3.25,1.25,3.25,1.75],"texture":"#1"},"east":{"uv":[3,1.25,3.25,1.75],"texture":"#1"},"south":{"uv":[3.5,1.25,3.5,1.75],"texture":"#1"},"west":{"uv":[3.25,1.25,3.5,1.75],"texture":"#1"},"up":{"uv":[3.25,1.25,3.25,1],"texture":"#1"},"down":{"uv":[3.25,1,3.25,1.25],"texture":"#1"}}},{"from":[-1.5,8,8],"to":[-0.5,10,8],"rotation":{"angle":0,"axis":"y","origin":[8,0,8]},"faces":{"north":{"uv":[3,2.25,3.25,2.75],"texture":"#1"},"east":{"uv":[3,2.25,3,2.75],"texture":"#1"},"south":{"uv":[3.25,2.25,3.5,2.75],"texture":"#1"},"west":{"uv":[3.25,2.25,3.25,2.75],"texture":"#1"},"up":{"uv":[3.25,2.25,3,2.25],"texture":"#1"},"down":{"uv":[3.5,2.25,3.25,2.25],"texture":"#1"}}},{"from":[17,8,7.5],"to":[17,10,8.5],"rotation":{"angle":0,"axis":"y","origin":[8,0,8]},"faces":{"north":{"uv":[3.25,1.25,3.25,1.75],"texture":"#1"},"east":{"uv":[3,1.25,3.25,1.75],"texture":"#1"},"south":{"uv":[3.5,1.25,3.5,1.75],"texture":"#1"},"west":{"uv":[3.25,1.25,3.5,1.75],"texture":"#1"},"up":{"uv":[3.25,1.25,3.25,1],"texture":"#1"},"down":{"uv":[3.25,1,3.25,1.25],"texture":"#1"}}},{"from":[16.5,8,8],"to":[17.5,10,8],"rotation":{"angle":0,"axis":"y","origin":[8,0,8]},"faces":{"north":{"uv":[3,2.25,3.25,2.75],"texture":"#1"},"east":{"uv":[3,2.25,3,2.75],"texture":"#1"},"south":{"uv":[3.25,2.25,3.5,2.75],"texture":"#1"},"west":{"uv":[3.25,2.25,3.25,2.75],"texture":"#1"},"up":{"uv":[3.25,2.25,3,2.25],"texture":"#1"},"down":{"uv":[3.5,2.25,3.25,2.25],"texture":"#1"}}},{"from":[8,8,16.5],"to":[8,10,17.5],"rotation":{"angle":0,"axis":"y","origin":[8,0,8]},"faces":{"north":{"uv":[3.25,1.25,3.25,1.75],"texture":"#1"},"east":{"uv":[3,1.25,3.25,1.75],"texture":"#1"},"south":{"uv":[3.5,1.25,3.5,1.75],"texture":"#1"},"west":{"uv":[3.25,1.25,3.5,1.75],"texture":"#1"},"up":{"uv":[3.25,1.25,3.25,1],"texture":"#1"},"down":{"uv":[3.25,1,3.25,1.25],"texture":"#1"}}},{"from":[7.5,8,17],"to":[8.5,10,17],"rotation":{"angle":0,"axis":"y","origin":[8,0,8]},"faces":{"north":{"uv":[3,2.25,3.25,2.75],"texture":"#1"},"east":{"uv":[3,2.25,3,2.75],"texture":"#1"},"south":{"uv":[3.25,2.25,3.5,2.75],"texture":"#1"},"west":{"uv":[3.25,2.25,3.25,2.75],"texture":"#1"},"up":{"uv":[3.25,2.25,3,2.25],"texture":"#1"},"down":{"uv":[3.5,2.25,3.25,2.25],"texture":"#1"}}},{"from":[7,4,16],"to":[9,8,18],"rotation":{"angle":0,"axis":"y","origin":[8,0,8]},"faces":{"north":{"uv":[3.5,2.75,4,3.75],"texture":"#1"},"east":{"uv":[3,2.75,3.5,3.75],"texture":"#1"},"south":{"uv":[4.5,2.75,5,3.75],"texture":"#1"},"west":{"uv":[4,2.75,4.5,3.75],"texture":"#1"},"up":{"uv":[4,2.75,3.5,2.25],"texture":"#1"},"down":{"uv":[4.5,2.25,4,2.75],"texture":"#1"}}},{"from":[6.5,3,15.5],"to":[9.5,4,18.5],"rotation":{"angle":0,"axis":"y","origin":[8,0,8]},"faces":{"north":{"uv":[3.75,2,4.5,2.25],"texture":"#1"},"east":{"uv":[3,2,3.75,2.25],"texture":"#1"},"south":{"uv":[5.25,2,6,2.25],"texture":"#1"},"west":{"uv":[4.5,2,5.25,2.25],"texture":"#1"},"up":{"uv":[4.5,2,3.75,1.25],"texture":"#1"},"down":{"uv":[5.25,1.25,4.5,2],"texture":"#1"}}},{"from":[8,-2,-2],"to":[8,14,18],"rotation":{"angle":45,"axis":"y","origin":[8,0,8]},"faces":{"north":{"uv":[5,5,5,9],"texture":"#1"},"east":{"uv":[0,5,5,9],"texture":"#1"},"south":{"uv":[10,5,10,9],"texture":"#1"},"west":{"uv":[5,5,10,9],"texture":"#1"},"up":{"uv":[5,5,5,0],"texture":"#1"},"down":{"uv":[5,0,5,5],"texture":"#1"}}},{"from":[6.5,3,-2.5],"to":[9.5,4,0.5],"rotation":{"angle":45,"axis":"y","origin":[8,0,8]},"faces":{"north":{"uv":[3.75,2,4.5,2.25],"texture":"#1"},"east":{"uv":[3,2,3.75,2.25],"texture":"#1"},"south":{"uv":[5.25,2,6,2.25],"texture":"#1"},"west":{"uv":[4.5,2,5.25,2.25],"texture":"#1"},"up":{"uv":[4.5,2,3.75,1.25],"texture":"#1"},"down":{"uv":[5.25,1.25,4.5,2],"texture":"#1"}}},{"from":[7,4,-2],"to":[9,8,0],"rotation":{"angle":45,"axis":"y","origin":[8,0,8]},"faces":{"north":{"uv":[3.5,2.75,4,3.75],"texture":"#1"},"east":{"uv":[3,2.75,3.5,3.75],"texture":"#1"},"south":{"uv":[4.5,2.75,5,3.75],"texture":"#1"},"west":{"uv":[4,2.75,4.5,3.75],"texture":"#1"},"up":{"uv":[4,2.75,3.5,2.25],"texture":"#1"},"down":{"uv":[4.5,2.25,4,2.75],"texture":"#1"}}},{"from":[7.5,8,-1],"to":[8.5,10,-1],"rotation":{"angle":45,"axis":"y","origin":[8,0,8]},"faces":{"north":{"uv":[3,2.25,3.25,2.75],"texture":"#1"},"east":{"uv":[3,2.25,3,2.75],"texture":"#1"},"south":{"uv":[3.25,2.25,3.5,2.75],"texture":"#1"},"west":{"uv":[3.25,2.25,3.25,2.75],"texture":"#1"},"up":{"uv":[3.25,2.25,3,2.25],"texture":"#1"},"down":{"uv":[3.5,2.25,3.25,2.25],"texture":"#1"}}},{"from":[8,8,-1.5],"to":[8,10,-0.5],"rotation":{"angle":45,"axis":"y","origin":[8,0,8]},"faces":{"north":{"uv":[3.25,1.25,3.25,1.75],"texture":"#1"},"east":{"uv":[3,1.25,3.25,1.75],"texture":"#1"},"south":{"uv":[3.5,1.25,3.5,1.75],"texture":"#1"},"west":{"uv":[3.25,1.25,3.5,1.75],"texture":"#1"},"up":{"uv":[3.25,1.25,3.25,1],"texture":"#1"},"down":{"uv":[3.25,1,3.25,1.25],"texture":"#1"}}},{"from":[8,8,16.5],"to":[8,10,17.5],"rotation":{"angle":45,"axis":"y","origin":[8,0,8]},"faces":{"north":{"uv":[3.25,1.25,3.25,1.75],"texture":"#1"},"east":{"uv":[3,1.25,3.25,1.75],"texture":"#1"},"south":{"uv":[3.5,1.25,3.5,1.75],"texture":"#1"},"west":{"uv":[3.25,1.25,3.5,1.75],"texture":"#1"},"up":{"uv":[3.25,1.25,3.25,1],"texture":"#1"},"down":{"uv":[3.25,1,3.25,1.25],"texture":"#1"}}},{"from":[7.5,8,17],"to":[8.5,10,17],"rotation":{"angle":45,"axis":"y","origin":[8,0,8]},"faces":{"north":{"uv":[3,2.25,3.25,2.75],"texture":"#1"},"east":{"uv":[3,2.25,3,2.75],"texture":"#1"},"south":{"uv":[3.25,2.25,3.5,2.75],"texture":"#1"},"west":{"uv":[3.25,2.25,3.25,2.75],"texture":"#1"},"up":{"uv":[3.25,2.25,3,2.25],"texture":"#1"},"down":{"uv":[3.5,2.25,3.25,2.25],"texture":"#1"}}},{"from":[7,4,16],"to":[9,8,18],"rotation":{"angle":45,"axis":"y","origin":[8,0,8]},"faces":{"north":{"uv":[3.5,2.75,4,3.75],"texture":"#1"},"east":{"uv":[3,2.75,3.5,3.75],"texture":"#1"},"south":{"uv":[4.5,2.75,5,3.75],"texture":"#1"},"west":{"uv":[4,2.75,4.5,3.75],"texture":"#1"},"up":{"uv":[4,2.75,3.5,2.25],"texture":"#1"},"down":{"uv":[4.5,2.25,4,2.75],"texture":"#1"}}},{"from":[6.5,3,15.5],"to":[9.5,4,18.5],"rotation":{"angle":45,"axis":"y","origin":[8,0,8]},"faces":{"north":{"uv":[3.75,2,4.5,2.25],"texture":"#1"},"east":{"uv":[3,2,3.75,2.25],"texture":"#1"},"south":{"uv":[5.25,2,6,2.25],"texture":"#1"},"west":{"uv":[4.5,2,5.25,2.25],"texture":"#1"},"up":{"uv":[4.5,2,3.75,1.25],"texture":"#1"},"down":{"uv":[5.25,1.25,4.5,2],"texture":"#1"}}},{"from":[8,-2,-2],"to":[8,14,18],"rotation":{"angle":-45,"axis":"y","origin":[8,0,8]},"faces":{"north":{"uv":[5,5,5,9],"texture":"#1"},"east":{"uv":[0,5,5,9],"texture":"#1"},"south":{"uv":[10,5,10,9],"texture":"#1"},"west":{"uv":[5,5,10,9],"texture":"#1"},"up":{"uv":[5,5,5,0],"texture":"#1"},"down":{"uv":[5,0,5,5],"texture":"#1"}}},{"from":[6.5,3,-2.5],"to":[9.5,4,0.5],"rotation":{"angle":-45,"axis":"y","origin":[8,0,8]},"faces":{"north":{"uv":[3.75,2,4.5,2.25],"texture":"#1"},"east":{"uv":[3,2,3.75,2.25],"texture":"#1"},"south":{"uv":[5.25,2,6,2.25],"texture":"#1"},"west":{"uv":[4.5,2,5.25,2.25],"texture":"#1"},"up":{"uv":[4.5,2,3.75,1.25],"texture":"#1"},"down":{"uv":[5.25,1.25,4.5,2],"texture":"#1"}}},{"from":[7,4,-2],"to":[9,8,0],"rotation":{"angle":-45,"axis":"y","origin":[8,0,8]},"faces":{"north":{"uv":[3.5,2.75,4,3.75],"texture":"#1"},"east":{"uv":[3,2.75,3.5,3.75],"texture":"#1"},"south":{"uv":[4.5,2.75,5,3.75],"texture":"#1"},"west":{"uv":[4,2.75,4.5,3.75],"texture":"#1"},"up":{"uv":[4,2.75,3.5,2.25],"texture":"#1"},"down":{"uv":[4.5,2.25,4,2.75],"texture":"#1"}}},{"from":[7.5,8,-1],"to":[8.5,10,-1],"rotation":{"angle":-45,"axis":"y","origin":[8,0,8]},"faces":{"north":{"uv":[3,2.25,3.25,2.75],"texture":"#1"},"east":{"uv":[3,2.25,3,2.75],"texture":"#1"},"south":{"uv":[3.25,2.25,3.5,2.75],"texture":"#1"},"west":{"uv":[3.25,2.25,3.25,2.75],"texture":"#1"},"up":{"uv":[3.25,2.25,3,2.25],"texture":"#1"},"down":{"uv":[3.5,2.25,3.25,2.25],"texture":"#1"}}},{"from":[8,8,-1.5],"to":[8,10,-0.5],"rotation":{"angle":-45,"axis":"y","origin":[8,0,8]},"faces":{"north":{"uv":[3.25,1.25,3.25,1.75],"texture":"#1"},"east":{"uv":[3,1.25,3.25,1.75],"texture":"#1"},"south":{"uv":[3.5,1.25,3.5,1.75],"texture":"#1"},"west":{"uv":[3.25,1.25,3.5,1.75],"texture":"#1"},"up":{"uv":[3.25,1.25,3.25,1],"texture":"#1"},"down":{"uv":[3.25,1,3.25,1.25],"texture":"#1"}}},{"from":[8,8,16.5],"to":[8,10,17.5],"rotation":{"angle":-45,"axis":"y","origin":[8,0,8]},"faces":{"north":{"uv":[3.25,1.25,3.25,1.75],"texture":"#1"},"east":{"uv":[3,1.25,3.25,1.75],"texture":"#1"},"south":{"uv":[3.5,1.25,3.5,1.75],"texture":"#1"},"west":{"uv":[3.25,1.25,3.5,1.75],"texture":"#1"},"up":{"uv":[3.25,1.25,3.25,1],"texture":"#1"},"down":{"uv":[3.25,1,3.25,1.25],"texture":"#1"}}},{"from":[7.5,8,17],"to":[8.5,10,17],"rotation":{"angle":-45,"axis":"y","origin":[8,0,8]},"faces":{"north":{"uv":[3,2.25,3.25,2.75],"texture":"#1"},"east":{"uv":[3,2.25,3,2.75],"texture":"#1"},"south":{"uv":[3.25,2.25,3.5,2.75],"texture":"#1"},"west":{"uv":[3.25,2.25,3.25,2.75],"texture":"#1"},"up":{"uv":[3.25,2.25,3,2.25],"texture":"#1"},"down":{"uv":[3.5,2.25,3.25,2.25],"texture":"#1"}}},{"from":[7,4,16],"to":[9,8,18],"rotation":{"angle":-45,"axis":"y","origin":[8,0,8]},"faces":{"north":{"uv":[3.5,2.75,4,3.75],"texture":"#1"},"east":{"uv":[3,2.75,3.5,3.75],"texture":"#1"},"south":{"uv":[4.5,2.75,5,3.75],"texture":"#1"},"west":{"uv":[4,2.75,4.5,3.75],"texture":"#1"},"up":{"uv":[4,2.75,3.5,2.25],"texture":"#1"},"down":{"uv":[4.5,2.25,4,2.75],"texture":"#1"}}},{"from":[6.5,3,15.5],"to":[9.5,4,18.5],"rotation":{"angle":-45,"axis":"y","origin":[8,0,8]},"faces":{"north":{"uv":[3.75,2,4.5,2.25],"texture":"#1"},"east":{"uv":[3,2,3.75,2.25],"texture":"#1"},"south":{"uv":[5.25,2,6,2.25],"texture":"#1"},"west":{"uv":[4.5,2,5.25,2.25],"texture":"#1"},"up":{"uv":[4.5,2,3.75,1.25],"texture":"#1"},"down":{"uv":[5.25,1.25,4.5,2],"texture":"#1"}}},{"from":[-3,-2,8],"to":[19,3,8],"faces":{"north":{"uv":[0,0,5.5,1.25],"texture":"#1"},"east":{"uv":[0,0,0,1.25],"texture":"#1"},"south":{"uv":[5.5,0,11,1.25],"texture":"#1"},"west":{"uv":[5.5,0,5.5,1.25],"texture":"#1"},"up":{"uv":[5.5,0,0,0],"texture":"#1"},"down":{"uv":[11,0,5.5,0],"texture":"#1"}}},{"from":[15.5,3,6.5],"to":[18.5,4,9.5],"rotation":{"angle":0,"axis":"y","origin":[8,0,8]},"faces":{"north":{"uv":[3.75,2,4.5,2.25],"texture":"#1"},"east":{"uv":[3,2,3.75,2.25],"texture":"#1"},"south":{"uv":[5.25,2,6,2.25],"texture":"#1"},"west":{"uv":[4.5,2,5.25,2.25],"texture":"#1"},"up":{"uv":[4.5,2,3.75,1.25],"texture":"#1"},"down":{"uv":[5.25,1.25,4.5,2],"texture":"#1"}}},{"from":[16,4,7],"to":[18,8,9],"rotation":{"angle":0,"axis":"y","origin":[8,0,8]},"faces":{"north":{"uv":[3.5,2.75,4,3.75],"texture":"#1"},"east":{"uv":[3,2.75,3.5,3.75],"texture":"#1"},"south":{"uv":[4.5,2.75,5,3.75],"texture":"#1"},"west":{"uv":[4,2.75,4.5,3.75],"texture":"#1"},"up":{"uv":[4,2.75,3.5,2.25],"texture":"#1"},"down":{"uv":[4.5,2.25,4,2.75],"texture":"#1"}}},{"from":[-2,4,7],"to":[0,8,9],"rotation":{"angle":0,"axis":"y","origin":[8,0,8]},"faces":{"north":{"uv":[3.5,2.75,4,3.75],"texture":"#1"},"east":{"uv":[3,2.75,3.5,3.75],"texture":"#1"},"south":{"uv":[4.5,2.75,5,3.75],"texture":"#1"},"west":{"uv":[4,2.75,4.5,3.75],"texture":"#1"},"up":{"uv":[4,2.75,3.5,2.25],"texture":"#1"},"down":{"uv":[4.5,2.25,4,2.75],"texture":"#1"}}},{"from":[-2.5,3,6.5],"to":[0.5,4,9.5],"rotation":{"angle":0,"axis":"y","origin":[8,0,8]},"faces":{"north":{"uv":[3.75,2,4.5,2.25],"texture":"#1"},"east":{"uv":[3,2,3.75,2.25],"texture":"#1"},"south":{"uv":[5.25,2,6,2.25],"texture":"#1"},"west":{"uv":[4.5,2,5.25,2.25],"texture":"#1"},"up":{"uv":[4.5,2,3.75,1.25],"texture":"#1"},"down":{"uv":[5.25,1.25,4.5,2],"texture":"#1"}}},{"from":[6.5,2,8],"to":[9.5,14,8],"rotation":{"angle":0,"axis":"y","origin":[8,0,8]},"faces":{"north":{"uv":[1.5,1.25,2.25,4.25],"texture":"#1"},"east":{"uv":[1.5,1.25,1.5,4.25],"texture":"#1"},"south":{"uv":[2.25,1.25,3,4.25],"texture":"#1"},"west":{"uv":[2.25,1.25,2.25,4.25],"texture":"#1"},"up":{"uv":[2.25,1.25,1.5,1.25],"texture":"#1"},"down":{"uv":[3,1.25,2.25,1.25],"texture":"#1"}}},{"from":[8,2,6.5],"to":[8,14,9.5],"rotation":{"angle":0,"axis":"y","origin":[8,0,8]},"faces":{"north":{"uv":[0.75,1.25,0.75,4.25],"texture":"#1"},"east":{"uv":[0,1.25,0.75,4.25],"texture":"#1"},"south":{"uv":[1.5,1.25,1.5,4.25],"texture":"#1"},"west":{"uv":[0.75,1.25,1.5,4.25],"texture":"#1"},"up":{"uv":[0.75,1.25,0.75,0.5],"texture":"#1"},"down":{"uv":[0.75,0.5,0.75,1.25],"texture":"#1"}}}],"display":{"thirdperson_righthand":{"rotation":[60,-160,0],"translation":[-1.5,7.5,1.25],"scale":[0.7,0.7,0.7]},"thirdperson_lefthand":{"rotation":[60,-160,0],"translation":[-1.5,7.5,1.25],"scale":[0.7,0.7,0.7]},"firstperson_righthand":{"rotation":[0,-73,6],"translation":[0,2.25,0],"scale":[0.4,0.4,0.4]},"firstperson_lefthand":{"rotation":[0,-73,6],"translation":[0,2.25,0],"scale":[0.4,0.4,0.4]},"ground":{"translation":[0,1.5,0],"scale":[0.35,0.35,0.35]},"gui":{"rotation":[30,-40,0],"translation":[0.25,1,0],"scale":[0.65,0.65,0.65]},"head":{"translation":[0,-30.4,0],"scale":[1.6,1.6,1.6]},"fixed":{"rotation":[90,0,0],"translation":[0,0,-15],"scale":[2,2,2]}}}