{
	"credit": "Made with Blockbench",
	"texture_size": [128, 128],
	"textures": {
		"0": "elitecreature:nightclub_furniture_v2/nightclub_dj_set",
		"particle": "elitecreature:nightclub_furniture_v2/nightclub_dj_set"
	},
	"elements": [
		{
			"from": [-6, 12, 8],
			"to": [12, 14, 15],
			"rotation": {"angle": 0, "axis": "y", "origin": [0, 0, 4]},
			"faces": {
				"north": {"uv": [6.5, 3.75, 4.25, 4], "texture": "#0"},
				"east": {"uv": [4.25, 4, 5.125, 4.25], "texture": "#0"},
				"south": {"uv": [4.25, 3.75, 6.5, 4], "texture": "#0"},
				"west": {"uv": [4.25, 4, 5.125, 4.25], "texture": "#0"},
				"up": {"uv": [6.5, 2.875, 4.25, 2], "texture": "#0"},
				"down": {"uv": [6.5, 2.875, 4.25, 3.75], "texture": "#0"}
			}
		},
		{
			"from": [15, 12, 7],
			"to": [22, 13, 14],
			"rotation": {"angle": -22.5, "axis": "y", "origin": [19.5, 14.25, 10]},
			"faces": {
				"north": {"uv": [5, 0.875, 5.875, 1], "texture": "#0"},
				"east": {"uv": [5, 0.875, 5.875, 1], "texture": "#0"},
				"south": {"uv": [5, 0.875, 5.875, 1], "texture": "#0"},
				"west": {"uv": [5, 0.875, 5.875, 1], "texture": "#0"},
				"up": {"uv": [5.875, 0.875, 5, 0], "texture": "#0"},
				"down": {"uv": [6.75, 0, 5.875, 0.875], "texture": "#0"}
			}
		},
		{
			"from": [15, 13, 7],
			"to": [22, 19, 8],
			"rotation": {"angle": -22.5, "axis": "y", "origin": [19.5, 14.25, 10]},
			"faces": {
				"north": {"uv": [4.875, 1, 5.75, 1.75], "texture": "#0"},
				"east": {"uv": [4, 1.75, 4.125, 2.5], "texture": "#0"},
				"south": {"uv": [4, 1, 4.875, 1.75], "texture": "#0"},
				"west": {"uv": [4, 1.75, 4.125, 2.5], "texture": "#0"},
				"up": {"uv": [5, 1.875, 4.125, 1.75], "texture": "#0"},
				"down": {"uv": [5, 1.75, 4.125, 1.875], "texture": "#0"}
			}
		},
		{
			"from": [-8, 0, 4],
			"to": [24, 2, 16],
			"rotation": {"angle": 0, "axis": "y", "origin": [0, 0, 4]},
			"faces": {
				"north": {"uv": [0, 3.5, 4, 3.75], "texture": "#0"},
				"east": {"uv": [0, 3.75, 1.5, 4], "texture": "#0"},
				"south": {"uv": [0, 3.5, 4, 3.75], "texture": "#0"},
				"west": {"uv": [0, 3.75, 1.5, 4], "texture": "#0"},
				"up": {"uv": [4, 3.5, 0, 2], "texture": "#0"},
				"down": {"uv": [4, 2, 0, 3.5], "texture": "#0"}
			}
		},
		{
			"from": [-7, 2, 5],
			"to": [23, 10, 15],
			"rotation": {"angle": 0, "axis": "y", "origin": [0, 0, 4]},
			"faces": {
				"north": {"uv": [0, 0, 3.75, 1], "texture": "#0"},
				"east": {"uv": [3.75, 0, 5, 1], "texture": "#0"},
				"south": {"uv": [0, 1, 3.75, 2], "texture": "#0"},
				"west": {"uv": [5, 0, 3.75, 1], "texture": "#0"}
			}
		},
		{
			"from": [-8, 10, 4],
			"to": [24, 12, 16],
			"rotation": {"angle": 0, "axis": "y", "origin": [0, 0, 4]},
			"faces": {
				"north": {"uv": [0, 5.5, 4, 5.75], "texture": "#0"},
				"east": {"uv": [0, 5.75, 1.5, 6], "texture": "#0"},
				"south": {"uv": [0, 5.5, 4, 5.75], "texture": "#0"},
				"west": {"uv": [0, 5.75, 1.5, 6], "texture": "#0"},
				"up": {"uv": [4, 5.5, 0, 4], "texture": "#0"},
				"down": {"uv": [4, 4, 0, 5.5], "texture": "#0"}
			}
		},
		{
			"from": [26, 0, 6],
			"to": [32, 14, 13],
			"rotation": {"angle": -22.5, "axis": "y", "origin": [29, 6, 9.5]},
			"faces": {
				"north": {"uv": [1.625, 6, 2.375, 7.75], "texture": "#0"},
				"east": {"uv": [0, 6, 0.875, 7.75], "texture": "#0"},
				"south": {"uv": [0.875, 6, 1.625, 7.75], "texture": "#0"},
				"west": {"uv": [0.875, 6, 0, 7.75], "texture": "#0"},
				"up": {"uv": [3.125, 6.875, 2.375, 6], "texture": "#0"},
				"down": {"uv": [3.125, 6, 2.375, 6.875], "texture": "#0"}
			}
		},
		{
			"from": [-16, 0, 6],
			"to": [-10, 14, 13],
			"rotation": {"angle": 22.5, "axis": "y", "origin": [-13, 6, 9.5]},
			"faces": {
				"north": {"uv": [2.375, 6, 1.625, 7.75], "texture": "#0"},
				"east": {"uv": [0, 6, 0.875, 7.75], "texture": "#0"},
				"south": {"uv": [1.625, 6, 0.875, 7.75], "texture": "#0"},
				"west": {"uv": [0.875, 6, 0, 7.75], "texture": "#0"},
				"up": {"uv": [2.375, 6.875, 3.125, 6], "texture": "#0"},
				"down": {"uv": [2.375, 6, 3.125, 6.875], "texture": "#0"}
			}
		}
	],
	"gui_light": "front",
	"display": {
		"thirdperson_righthand": {
			"scale": [0.25, 0.25, 0.25]
		},
		"thirdperson_lefthand": {
			"scale": [0.25, 0.25, 0.25]
		},
		"firstperson_righthand": {
			"translation": [-2, 2, 0],
			"scale": [0.25, 0.25, 0.25]
		},
		"firstperson_lefthand": {
			"translation": [-2, 2, 0],
			"scale": [0.25, 0.25, 0.25]
		},
		"ground": {
			"translation": [0, 2, 0],
			"scale": [0.5, 0.5, 0.5]
		},
		"gui": {
			"rotation": [30, 47, 0],
			"translation": [0, -0.25, 0],
			"scale": [0.28, 0.28, 0.28]
		},
		"head": {
			"translation": [0, -27, -4],
			"scale": [2, 2, 2]
		},
		"fixed": {
			"translation": [0, 0, -2.75],
			"scale": [0.34, 0.34, 0.34]
		}
	}
}