{"credit":"Made with Blockbench","texture_size":[128,128],"textures":{"0":"elitecreatures:aquatic_furniture_v2/aquariumcabinettexture","2":"elitecreatures:aquatic_furniture_v2/aquariumcabinetanimation02","3":"elitecreatures:aquatic_furniture_v2/aquariumcabinetanimation01","4":"elitecreatures:aquatic_furniture_v2/aquariumcabinetanimation03","particle":"elitecreatures:aquatic_furniture_v2/aquariumcabinettexture"},"elements":[{"from":[-16,-14,0],"to":[16,-1.5,16],"rotation":{"angle":0,"axis":"y","origin":[-8,0,0]},"faces":{"north":{"uv":[8,9.375,12,10.9375],"texture":"#0"},"east":{"uv":[7.75,11,9.75,12.5625],"texture":"#0"},"south":{"uv":[0,9.75,4,11.3125],"texture":"#0"},"west":{"uv":[9.75,11,7.75,12.5625],"texture":"#0"},"up":{"uv":[8,2,4,0],"texture":"#0"},"down":{"uv":[8,2,4,4],"texture":"#0"}}},{"from":[-16,-16,1],"to":[16,-14,16],"rotation":{"angle":0,"axis":"y","origin":[-8,0,0]},"faces":{"north":{"uv":[0,11.375,4,11.625],"texture":"#0"},"east":{"uv":[11.75,11.5,13.625,11.75],"texture":"#0"},"south":{"uv":[0,11.625,4,11.875],"texture":"#0"},"west":{"uv":[13.625,11.5,11.75,11.75],"texture":"#0"},"down":{"uv":[12,1.875,8,3.75],"texture":"#0"}}},{"from":[-16,-1,0],"to":[16,0,16],"rotation":{"angle":0,"axis":"y","origin":[-8,0,0]},"faces":{"north":{"uv":[11.75,11,15.75,11.125],"texture":"#0"},"east":{"uv":[0,11.875,2,12],"texture":"#0"},"south":{"uv":[11.75,11.125,15.75,11.25],"texture":"#0"},"west":{"uv":[2,11.875,0,12],"texture":"#0"},"up":{"uv":[8,6,4,4],"texture":"#0"},"down":{"uv":[4,5.75,0,7.75],"texture":"#0"}}},{"from":[-16,-1.5,1],"to":[16,-1,16],"rotation":{"angle":0,"axis":"y","origin":[-8,0,0]},"faces":{"north":{"uv":[0,12,4,12.0625],"texture":"#0"},"east":{"uv":[12,0.375,13.875,0.4375],"texture":"#0"},"south":{"uv":[12,0,16,0.0625],"texture":"#0"},"west":{"uv":[13.875,0.375,12,0.4375],"texture":"#0"}}},{"from":[-16,0,1],"to":[16,23,16],"rotation":{"angle":0,"axis":"y","origin":[-8,0,0]},"faces":{"north":{"uv":[0,0,4,2.875],"texture":"#0"},"east":{"uv":[5.875,9.875,7.75,12.75],"texture":"#0"},"south":{"uv":[0,0,4,2.875],"texture":"#0"},"west":{"uv":[5.875,9.875,7.75,12.75],"texture":"#0"}}},{"from":[-16,23,0],"to":[16,24,16],"rotation":{"angle":0,"axis":"y","origin":[-8,0,0]},"faces":{"north":{"uv":[11.75,11.25,15.75,11.375],"texture":"#0"},"east":{"uv":[12,0.125,14,0.25],"texture":"#0"},"south":{"uv":[11.75,11.375,15.75,11.5],"texture":"#0"},"west":{"uv":[12,0.25,14,0.375],"texture":"#0"},"up":{"uv":[8,8,4,6],"texture":"#0"},"down":{"uv":[4,7.75,0,9.75],"texture":"#0"}}},{"from":[-11,-14,6.5],"to":[-11,14,16.5],"rotation":{"angle":45,"axis":"y","origin":[-11,-10,11.5]},"faces":{"north":{"uv":[0,0,0,3.5],"texture":"#3"},"east":{"uv":[5,0,0,14],"texture":"#3"},"south":{"uv":[0,0,0,3.5],"texture":"#3"},"west":{"uv":[0,0,5,14],"texture":"#3"},"up":{"uv":[0,0,0,1.25],"rotation":180,"texture":"#3"},"down":{"uv":[0,0,0,1.25],"rotation":180,"texture":"#3"}}},{"from":[-16,-14,11.5],"to":[-6,14,11.5],"rotation":{"angle":45,"axis":"y","origin":[-11,-10,11.5]},"faces":{"north":{"uv":[5,0,0,14],"texture":"#3"},"east":{"uv":[0,0,0,3.5],"texture":"#3"},"south":{"uv":[0,0,5,14],"texture":"#3"},"west":{"uv":[0,0,0,3.5],"texture":"#3"},"up":{"uv":[0,0,0,1.25],"rotation":90,"texture":"#3"},"down":{"uv":[0,0,0,1.25],"rotation":270,"texture":"#3"}}},{"from":[11,-7,6.5],"to":[11,21,16.5],"rotation":{"angle":-45,"axis":"y","origin":[11,-3,11.5]},"faces":{"north":{"uv":[0,0,0,3.5],"texture":"#3"},"east":{"uv":[5,0,0,14],"texture":"#3"},"south":{"uv":[0,0,0,3.5],"texture":"#3"},"west":{"uv":[0,0,5,14],"texture":"#3"},"up":{"uv":[0,0,0,1.25],"rotation":180,"texture":"#3"},"down":{"uv":[0,0,0,1.25],"rotation":180,"texture":"#3"}}},{"from":[6,-7,11.5],"to":[16,21,11.5],"rotation":{"angle":-45,"axis":"y","origin":[11,-3,11.5]},"faces":{"north":{"uv":[0,0,5,14],"texture":"#3"},"east":{"uv":[0,0,0,3.5],"texture":"#3"},"south":{"uv":[5,0,0,14],"texture":"#3"},"west":{"uv":[0,0,0,3.5],"texture":"#3"},"up":{"uv":[0,1.25,0,0],"rotation":90,"texture":"#3"},"down":{"uv":[0,1.25,0,0],"rotation":270,"texture":"#3"}}},{"from":[-6,13.5,10.75],"to":[-3,15,11.75],"rotation":{"angle":0,"axis":"y","origin":[-6,13,10]},"faces":{"north":{"uv":[0,2.9375,0.375,3.125],"texture":"#0"},"east":{"uv":[0.375,2.9375,0.5,3.125],"texture":"#0"},"south":{"uv":[0.375,2.9375,0,3.125],"texture":"#0"},"west":{"uv":[0.5,2.9375,0.625,3.125],"texture":"#0"},"up":{"uv":[0,3.125,0.375,3.25],"texture":"#0"},"down":{"uv":[0.375,3.125,0.75,3.25],"texture":"#0"}}},{"from":[-6,15,11.25],"to":[-3.5,16.5,11.25],"rotation":{"angle":0,"axis":"y","origin":[-6,15,10]},"faces":{"north":{"uv":[0.3125,3.4375,0,3.625],"texture":"#0"},"south":{"uv":[0,3.4375,0.3125,3.625],"texture":"#0"}}},{"from":[-8.5,13.5,11.25],"to":[-6,15,11.25],"rotation":{"angle":0,"axis":"y","origin":[-8.5,13.5,10]},"faces":{"north":{"uv":[0.625,2.9375,0.9375,3.125],"texture":"#0"},"south":{"uv":[0.9375,2.9375,0.625,3.125],"texture":"#0"}}},{"from":[-4.5,13.5,9.75],"to":[-4.5,14.5,10.75],"rotation":{"angle":22.5,"axis":"y","origin":[-4.5,14,10.75]},"faces":{"east":{"uv":[0,2,4,6],"texture":"#2"},"west":{"uv":[4,2,0,6],"texture":"#2"}}},{"from":[-5.5,13.5,10.75],"to":[-4.5,14.5,10.75],"rotation":{"angle":-22.5,"axis":"y","origin":[-4.5,14,10.75]},"faces":{"north":{"uv":[12,2,16,6],"texture":"#2"},"south":{"uv":[16,2,12,6],"texture":"#2"}}},{"from":[-4.5,13.5,9.75],"to":[-4.5,14.5,10.75],"rotation":{"angle":45,"axis":"y","origin":[-4.5,14,10.75]},"faces":{"east":{"uv":[6,2,10,6],"texture":"#2"},"west":{"uv":[10,2,6,6],"texture":"#2"}}},{"from":[-4.5,13.5,11.75],"to":[-4.5,14.5,12.75],"rotation":{"angle":-22.5,"axis":"y","origin":[-4.5,14,11.75]},"faces":{"east":{"uv":[4,2,0,6],"texture":"#2"},"west":{"uv":[0,2,4,6],"texture":"#2"}}},{"from":[-5.5,13.5,11.75],"to":[-4.5,14.5,11.75],"rotation":{"angle":22.5,"axis":"y","origin":[-4.5,14,11.75]},"faces":{"north":{"uv":[12,2,16,6],"texture":"#2"},"south":{"uv":[16,2,12,6],"texture":"#2"}}},{"from":[-4.5,13.5,11.75],"to":[-4.5,14.5,12.75],"rotation":{"angle":-45,"axis":"y","origin":[-4.5,14,11.75]},"faces":{"east":{"uv":[10,2,6,6],"texture":"#2"},"west":{"uv":[6,2,10,6],"texture":"#2"}}},{"from":[-9,9.5,7.75],"to":[-6,11,8.75],"rotation":{"angle":0,"axis":"y","origin":[-9,9,7]},"faces":{"north":{"uv":[0,2.9375,0.375,3.125],"texture":"#0"},"east":{"uv":[0.375,2.9375,0.5,3.125],"texture":"#0"},"south":{"uv":[0.375,2.9375,0,3.125],"texture":"#0"},"west":{"uv":[0.5,2.9375,0.625,3.125],"texture":"#0"},"up":{"uv":[0,3.125,0.375,3.25],"texture":"#0"},"down":{"uv":[0.375,3.125,0.75,3.25],"texture":"#0"}}},{"from":[-9,11,8.25],"to":[-6.5,12.5,8.25],"rotation":{"angle":0,"axis":"y","origin":[-9,11,7]},"faces":{"north":{"uv":[0.3125,3.4375,0,3.625],"texture":"#0"},"south":{"uv":[0,3.4375,0.3125,3.625],"texture":"#0"}}},{"from":[-11.5,9.5,8.25],"to":[-9,11,8.25],"rotation":{"angle":0,"axis":"y","origin":[-11.5,9.5,7]},"faces":{"north":{"uv":[0.625,2.9375,0.9375,3.125],"texture":"#0"},"south":{"uv":[0.9375,2.9375,0.625,3.125],"texture":"#0"}}},{"from":[-7.5,9.5,6.75],"to":[-7.5,10.5,7.75],"rotation":{"angle":22.5,"axis":"y","origin":[-7.5,10,7.75]},"faces":{"east":{"uv":[0,8,4,12],"texture":"#2"},"west":{"uv":[4,8,0,12],"texture":"#2"}}},{"from":[-8.5,9.5,7.75],"to":[-7.5,10.5,7.75],"rotation":{"angle":-22.5,"axis":"y","origin":[-7.5,10,7.75]},"faces":{"north":{"uv":[12,8,16,12],"texture":"#2"},"south":{"uv":[16,8,12,12],"texture":"#2"}}},{"from":[-7.5,9.5,6.75],"to":[-7.5,10.5,7.75],"rotation":{"angle":45,"axis":"y","origin":[-7.5,10,7.75]},"faces":{"east":{"uv":[6,8,10,12],"texture":"#2"},"west":{"uv":[10,8,6,12],"texture":"#2"}}},{"from":[-7.5,9.5,8.75],"to":[-7.5,10.5,9.75],"rotation":{"angle":-22.5,"axis":"y","origin":[-7.5,10,8.75]},"faces":{"east":{"uv":[4,8,0,12],"texture":"#2"},"west":{"uv":[0,8,4,12],"texture":"#2"}}},{"from":[-8.5,9.5,8.75],"to":[-7.5,10.5,8.75],"rotation":{"angle":22.5,"axis":"y","origin":[-7.5,10,8.75]},"faces":{"north":{"uv":[12,8,16,12],"texture":"#2"},"south":{"uv":[16,8,12,12],"texture":"#2"}}},{"from":[-7.5,9.5,8.75],"to":[-7.5,10.5,9.75],"rotation":{"angle":-45,"axis":"y","origin":[-7.5,10,8.75]},"faces":{"east":{"uv":[10,8,6,12],"texture":"#2"},"west":{"uv":[6,8,10,12],"texture":"#2"}}},{"from":[0,5,9.5],"to":[3,8,10.5],"rotation":{"angle":0,"axis":"y","origin":[0,5,9]},"faces":{"north":{"uv":[0.9375,2.9375,1.3125,3.3125],"texture":"#0"},"east":{"uv":[1.4375,2.9375,1.5625,3.3125],"texture":"#0"},"south":{"uv":[1.3125,2.9375,0.9375,3.3125],"texture":"#0"},"west":{"uv":[1.3125,2.9375,1.4375,3.3125],"texture":"#0"},"up":{"uv":[0.9375,3.4375,1.3125,3.5625],"texture":"#0"},"down":{"uv":[0.9375,3.3125,1.3125,3.4375],"texture":"#0"}}},{"from":[0.5,8,10],"to":[3,9.5,10],"rotation":{"angle":0,"axis":"y","origin":[0,8,9]},"faces":{"north":{"uv":[1.625,2.9375,1.9375,3.125],"texture":"#0"},"south":{"uv":[1.9375,2.9375,1.625,3.125],"texture":"#0"}}},{"from":[0.5,3.5,10],"to":[3,5,10],"rotation":{"angle":0,"axis":"y","origin":[0,3.5,9]},"faces":{"north":{"uv":[1.625,3.1875,1.9375,3.375],"texture":"#0"},"south":{"uv":[1.9375,3.1875,1.625,3.375],"texture":"#0"}}},{"from":[1.5,5,8.5],"to":[1.5,6,9.5],"rotation":{"angle":-22.5,"axis":"y","origin":[1.5,5.5,9.5]},"faces":{"east":{"uv":[3,5,1,7],"texture":"#4"},"west":{"uv":[1,5,3,7],"texture":"#4"}}},{"from":[1.5,5,8.5],"to":[1.5,6,9.5],"rotation":{"angle":-45,"axis":"y","origin":[1.5,5.5,9.5]},"faces":{"east":{"uv":[6,5,4,7],"texture":"#4"},"west":{"uv":[4,5,6,7],"texture":"#4"}}},{"from":[1.5,5,9.5],"to":[2.5,6,9.5],"rotation":{"angle":22.5,"axis":"y","origin":[1.5,5.5,9.5]},"faces":{"north":{"uv":[7,5,9,7],"texture":"#4"},"south":{"uv":[9,5,7,7],"texture":"#4"}}},{"from":[3,5.5,10],"to":[5,7,10],"rotation":{"angle":0,"axis":"y","origin":[3,6.25,10]},"faces":{"north":{"uv":[6,1,10,4],"texture":"#4"},"south":{"uv":[10,1,6,4],"texture":"#4"}}},{"from":[3,5.5,10],"to":[5,7,10],"rotation":{"angle":22.5,"axis":"y","origin":[3,6.25,10]},"faces":{"north":{"uv":[11,1,15,4],"texture":"#4"},"south":{"uv":[15,1,11,4],"texture":"#4"}}},{"from":[3,5.5,10],"to":[5,7,10],"rotation":{"angle":-22.5,"axis":"y","origin":[3,6.25,10]},"faces":{"north":{"uv":[1,1,5,4],"texture":"#4"},"south":{"uv":[5,1,1,4],"texture":"#4"}}},{"from":[4,8,6.5],"to":[7,11,7.5],"rotation":{"angle":0,"axis":"y","origin":[4,8,6]},"faces":{"north":{"uv":[0.9375,2.9375,1.3125,3.3125],"texture":"#0"},"east":{"uv":[1.4375,2.9375,1.5625,3.3125],"texture":"#0"},"south":{"uv":[1.3125,2.9375,0.9375,3.3125],"texture":"#0"},"west":{"uv":[1.3125,2.9375,1.4375,3.3125],"texture":"#0"},"up":{"uv":[0.9375,3.4375,1.3125,3.5625],"texture":"#0"},"down":{"uv":[0.9375,3.3125,1.3125,3.4375],"texture":"#0"}}},{"from":[4.5,11,7],"to":[7,12.5,7],"rotation":{"angle":0,"axis":"y","origin":[4,11,6]},"faces":{"north":{"uv":[1.625,2.9375,1.9375,3.125],"texture":"#0"},"south":{"uv":[1.9375,2.9375,1.625,3.125],"texture":"#0"}}},{"from":[4.5,6.5,7],"to":[7,8,7],"rotation":{"angle":0,"axis":"y","origin":[4,6.5,6]},"faces":{"north":{"uv":[1.625,3.1875,1.9375,3.375],"texture":"#0"},"south":{"uv":[1.9375,3.1875,1.625,3.375],"texture":"#0"}}},{"from":[5.5,8,5.5],"to":[5.5,9,6.5],"rotation":{"angle":-22.5,"axis":"y","origin":[5.5,8.5,6.5]},"faces":{"east":{"uv":[3,5,1,7],"texture":"#4"},"west":{"uv":[1,5,3,7],"texture":"#4"}}},{"from":[5.5,8,5.5],"to":[5.5,9,6.5],"rotation":{"angle":-45,"axis":"y","origin":[5.5,8.5,6.5]},"faces":{"east":{"uv":[6,5,4,7],"texture":"#4"},"west":{"uv":[4,5,6,7],"texture":"#4"}}},{"from":[5.5,8,6.5],"to":[6.5,9,6.5],"rotation":{"angle":22.5,"axis":"y","origin":[5.5,8.5,6.5]},"faces":{"north":{"uv":[7,5,9,7],"texture":"#4"},"south":{"uv":[9,5,7,7],"texture":"#4"}}},{"from":[7,8.5,7],"to":[9,10,7],"rotation":{"angle":0,"axis":"y","origin":[7,9.25,7]},"faces":{"north":{"uv":[6,1,10,4],"texture":"#4"},"south":{"uv":[10,1,6,4],"texture":"#4"}}},{"from":[7,8.5,7],"to":[9,10,7],"rotation":{"angle":22.5,"axis":"y","origin":[7,9.25,7]},"faces":{"north":{"uv":[11,1,15,4],"texture":"#4"},"south":{"uv":[15,1,11,4],"texture":"#4"}}},{"from":[7,8.5,7],"to":[9,10,7],"rotation":{"angle":-22.5,"axis":"y","origin":[7,9.25,7]},"faces":{"north":{"uv":[1,1,5,4],"texture":"#4"},"south":{"uv":[5,1,1,4],"texture":"#4"}}}],"gui_light":"front","display":{"thirdperson_righthand":{"rotation":[67.5,0,0],"translation":[1.25,1.75,0.75],"scale":[0.16016,0.16016,0.16016]},"thirdperson_lefthand":{"rotation":[67.5,0,0],"translation":[-1.25,1.75,0.75],"scale":[0.16016,0.16016,0.16016]},"firstperson_righthand":{"translation":[3.5,5.75,0],"scale":[0.2207,0.2207,0.2207]},"firstperson_lefthand":{"translation":[0.25,5.75,0],"scale":[0.2207,0.2207,0.2207]},"ground":{"translation":[2.25,6,0],"scale":[0.3,0.3,0.3]},"gui":{"rotation":[30,135,0],"translation":[-1.5,1.75,0],"scale":[0.29688,0.29688,0.29688]},"head":{"rotation":[0,180,0],"translation":[0,-4.8,0],"scale":[1.6,1.6,1.6]},"fixed":{"rotation":[-90,0,0],"translation":[0,0,-48],"scale":[2,2,2]}}}