{"credit":"Made with Blockbench","texture_size":[64,64],"textures":{"0":"elitecreatures:aquatic_furniture_v2/barrelseattexture","particle":"elitecreatures:aquatic_furniture_v2/barrelseattexture"},"elements":[{"from":[2,0,2],"to":[14,10,14],"faces":{"north":{"uv":[3,0,6,2.5],"texture":"#0"},"east":{"uv":[3,0,6,2.5],"texture":"#0"},"south":{"uv":[3,0,6,2.5],"texture":"#0"},"west":{"uv":[3,0,6,2.5],"texture":"#0"},"up":{"uv":[3,3,0,0],"texture":"#0"},"down":{"uv":[3,3,0,6],"texture":"#0"}}}],"gui_light":"front","display":{"thirdperson_righthand":{"rotation":[67.5,0,0],"translation":[0,2,0.5],"scale":[0.2793,0.2793,0.2793]},"thirdperson_lefthand":{"rotation":[67.5,0,0],"translation":[0,2,0.5],"scale":[0.2793,0.2793,0.2793]},"firstperson_righthand":{"translation":[1.75,4.5,0],"scale":[0.4043,0.4043,0.4043]},"firstperson_lefthand":{"translation":[1.75,4.5,0],"scale":[0.4043,0.4043,0.4043]},"ground":{"translation":[0,6,0],"scale":[0.46211,0.46211,0.46211]},"gui":{"rotation":[30,135,0],"translation":[0,1.5,0],"scale":[0.7207,0.7207,0.7207]},"head":{"rotation":[0,180,0],"translation":[0,-30.4,0],"scale":[1.6,1.6,1.6]},"fixed":{"rotation":[-90,0,0],"translation":[0,0,-16],"scale":[2,2,2]}}}