{"credit":"Made with Blockbench","texture_size":[64,64],"textures":{"0":"elitecreatures:aquatic_furniture_v2/barreltabletexture","particle":"elitecreatures:aquatic_furniture_v2/barreltabletexture"},"elements":[{"from":[0,0,0],"to":[32,16,32],"faces":{"north":{"uv":[8,4,16,8],"texture":"#0"},"east":{"uv":[8,4,16,8],"texture":"#0"},"south":{"uv":[8,4,16,8],"texture":"#0"},"west":{"uv":[8,4,16,8],"texture":"#0"},"up":{"uv":[8,8,0,0],"texture":"#0"},"down":{"uv":[8,8,0,16],"texture":"#0"}}}],"gui_light":"front","display":{"thirdperson_righthand":{"rotation":[67.5,0,0],"translation":[-1.25,3.25,-1.25],"scale":[0.14648,0.14648,0.14648]},"thirdperson_lefthand":{"rotation":[67.5,0,0],"translation":[1.25,3.25,-1.25],"scale":[0.14648,0.14648,0.14648]},"firstperson_righthand":{"translation":[-2,4.25,0],"scale":[0.17578,0.17578,0.17578]},"firstperson_lefthand":{"translation":[0.75,4.25,0],"scale":[0.17578,0.17578,0.17578]},"ground":{"translation":[-2.5,6,-2.25],"scale":[0.3,0.3,0.3]},"gui":{"rotation":[30,135,0],"translation":[0,-2,0],"scale":[0.32227,0.32227,0.32227]},"head":{"rotation":[0,180,0],"translation":[0,-30.4,25.65],"scale":[1.6,1.6,1.6]},"fixed":{"rotation":[-90,0,0],"translation":[0,0,-16],"scale":[2,2,2]}}}