{"credit":"Made with Blockbench","texture_size":[64,64],"textures":{"1":"elitecreatures:aquatic_furniture_v2/bigsalmontexture","2":"elitecreatures:aquatic_furniture_v2/bigsalmonanimation01","particle":"elitecreatures:aquatic_furniture_v2/bigsalmontexture"},"elements":[{"from":[-5,0,0],"to":[21,0.5,16],"faces":{"north":{"uv":[1.5,9.25,8,9.375],"texture":"#1"},"east":{"uv":[1.5,9.75,5.5,9.875],"texture":"#1"},"south":{"uv":[1.5,9.5,8,9.625],"texture":"#1"},"west":{"uv":[1.5,10,5.5,10.125],"texture":"#1"},"up":{"uv":[6.5,4,0,0],"texture":"#1"},"down":{"uv":[6.5,4,0,8],"texture":"#1"}}},{"from":[-6,0,16],"to":[22,1,17],"faces":{"north":{"uv":[8.25,4.5,15.25,4.75],"texture":"#1"},"east":{"uv":[8,10,8.25,10.25],"texture":"#1"},"south":{"uv":[8.25,4.75,15.25,5],"texture":"#1"},"west":{"uv":[8.25,10,8.5,10.25],"texture":"#1"},"up":{"uv":[15.25,5.25,8.25,5],"texture":"#1"},"down":{"uv":[15.25,5,8.25,5.25],"texture":"#1"}}},{"from":[-6,0,-1],"to":[22,1,0],"faces":{"north":{"uv":[8.25,4.5,15.25,4.75],"texture":"#1"},"east":{"uv":[8,10,8.25,10.25],"texture":"#1"},"south":{"uv":[8.25,4.75,15.25,5],"texture":"#1"},"west":{"uv":[8.25,10,8.5,10.25],"texture":"#1"},"up":{"uv":[15.25,5.25,8.25,5],"texture":"#1"},"down":{"uv":[15.25,5,8.25,5.25],"texture":"#1"}}},{"from":[21,0,0],"to":[22,1,16],"rotation":{"angle":0,"axis":"y","origin":[16,0,0]},"faces":{"north":{"uv":[8,9.5,8.25,9.75],"texture":"#1"},"east":{"uv":[0.5,9,4.5,9.25],"texture":"#1"},"south":{"uv":[8.25,9.5,8.5,9.75],"texture":"#1"},"west":{"uv":[4.5,9,8.5,9.25],"texture":"#1"},"up":{"uv":[8.75,13,8.5,9],"texture":"#1"},"down":{"uv":[8.75,9,8.5,13],"texture":"#1"}}},{"from":[-6,0,0],"to":[-5,1,16],"faces":{"north":{"uv":[8.25,9.5,8,9.75],"texture":"#1"},"east":{"uv":[8.5,9,4.5,9.25],"texture":"#1"},"south":{"uv":[8.5,9.5,8.25,9.75],"texture":"#1"},"west":{"uv":[4.5,9,0.5,9.25],"texture":"#1"},"up":{"uv":[8.5,13,8.75,9],"texture":"#1"},"down":{"uv":[8.5,9,8.75,13],"texture":"#1"}}},{"from":[10,3,4.5],"to":[14,3,8.5],"rotation":{"angle":-22.5,"axis":"z","origin":[14,3,6.5]},"faces":{"north":{"uv":[0,0,1,0],"texture":"#1"},"east":{"uv":[0,0,1,0],"texture":"#1"},"south":{"uv":[0,0,1,0],"texture":"#1"},"west":{"uv":[0,0,1,0],"texture":"#1"},"up":{"uv":[1.5,10.25,0.5,9.25],"texture":"#1"},"down":{"uv":[1.5,9.25,0.5,10.25],"texture":"#1"}}},{"from":[0,0.5,4.5],"to":[16,3,11.5],"faces":{"north":{"uv":[6.5,7,10.5,7.625],"texture":"#1"},"east":{"uv":[8.25,5.5,10,6.125],"texture":"#1"},"south":{"uv":[6.5,7.75,10.5,8.375],"texture":"#1"},"west":{"uv":[8.25,6.25,10,6.875],"texture":"#1"},"up":{"uv":[10.5,1.75,6.5,0],"texture":"#1"},"down":{"uv":[10.5,0,6.5,1.75],"texture":"#1"}}},{"from":[16,1,6.5],"to":[21,2.5,10.5],"faces":{"north":{"uv":[5.5,9.75,6.75,10.125],"texture":"#1"},"east":{"uv":[10,5.5,11,5.875],"texture":"#1"},"south":{"uv":[6.75,9.75,8,10.125],"texture":"#1"},"west":{"uv":[10,6,11,6.375],"texture":"#1"},"up":{"uv":[4.75,9,3.5,8],"texture":"#1"},"down":{"uv":[4.75,8,3.5,9],"texture":"#1"}}},{"from":[16,1,5.5],"to":[20,2.5,6.5],"rotation":{"angle":0,"axis":"y","origin":[16,1.75,6.5]},"faces":{"north":{"uv":[8.5,12,12.5,13.5],"texture":"#2"},"east":{"uv":[6.5,16,7.5,14.5],"texture":"#2"},"south":{"uv":[8.5,13.5,12.5,15],"texture":"#2"},"west":{"uv":[8.5,14.5,7.5,16],"texture":"#2"},"up":{"uv":[12.5,16,8.5,15],"texture":"#2"},"down":{"uv":[12.5,15,8.5,16],"texture":"#2"}}},{"from":[16,1,5.5],"to":[20,2.5,6.5],"rotation":{"angle":22.5,"axis":"y","origin":[16,1.75,6.5]},"faces":{"north":{"uv":[2,12,6,13.5],"texture":"#2"},"east":{"uv":[0,16,1,14.5],"texture":"#2"},"south":{"uv":[2,13.5,6,15],"texture":"#2"},"west":{"uv":[2,14.5,1,16],"texture":"#2"},"up":{"uv":[6,16,2,15],"texture":"#2"},"down":{"uv":[6,15,2,16],"texture":"#2"}}},{"from":[-7,1.75,4.5],"to":[0,1.75,11.5],"faces":{"north":{"uv":[0,0,1.75,0],"texture":"#1"},"east":{"uv":[0,0,1.75,0],"texture":"#1"},"south":{"uv":[0,0,1.75,0],"texture":"#1"},"west":{"uv":[0,0,1.75,0],"texture":"#1"},"up":{"uv":[8.25,5.25,6.5,3.5],"texture":"#1"},"down":{"uv":[8.25,3.5,6.5,5.25],"texture":"#1"}}},{"from":[5,1.75,11.5],"to":[12,1.75,15.5],"faces":{"north":{"uv":[0,0,1.75,0],"texture":"#1"},"east":{"uv":[0,0,1,0],"texture":"#1"},"south":{"uv":[0,0,1.75,0],"texture":"#1"},"west":{"uv":[0,0,1,0],"texture":"#1"},"up":{"uv":[1.75,9,0,8],"texture":"#1"},"down":{"uv":[1.75,8,0,9],"texture":"#1"}}},{"from":[16,1.75,2],"to":[28,1.75,14],"faces":{"north":{"uv":[0,0,3,0],"texture":"#missing"},"east":{"uv":[0,0,3,0],"texture":"#missing"},"south":{"uv":[0,0,3,0],"texture":"#missing"},"west":{"uv":[0,0,3,0],"texture":"#missing"},"up":{"uv":[12,12,0,0],"texture":"#2"},"down":{"uv":[12,0,0,12],"texture":"#2"}}}],"gui_light":"front","display":{"thirdperson_righthand":{"rotation":[67.5,0,0],"translation":[0,3,1],"scale":[0.28125,0.28125,0.28125]},"thirdperson_lefthand":{"rotation":[67.5,0,0],"translation":[0,3,1],"scale":[0.28125,0.28125,0.28125]},"firstperson_righthand":{"translation":[0,5,1.25],"scale":[0.29688,0.29688,0.29688]},"firstperson_lefthand":{"translation":[0,5,1.25],"scale":[0.29688,0.29688,0.29688]},"ground":{"translation":[0,6,0],"scale":[0.55,0.55,0.55]},"gui":{"rotation":[30,135,0],"translation":[0,3,0],"scale":[0.47266,0.47266,0.47266]},"head":{"rotation":[90,180,0],"translation":[0,-30.4,0],"scale":[1.6,1.6,1.6]},"fixed":{"rotation":[-90,0,0],"translation":[0,0,-16],"scale":[2,2,2]}}}