{"credit":"Made with Blockbench","texture_size":[64,64],"textures":{"0":"elitecreatures:aquatic_furniture_v2/emptyracktexture","particle":"elitecreatures:aquatic_furniture_v2/emptyracktexture"},"elements":[{"from":[0,0,10],"to":[16,4,16],"faces":{"north":{"uv":[4,1.5,8,2.5],"texture":"#0"},"east":{"uv":[2.25,4.5,3.75,5.5],"texture":"#0"},"south":{"uv":[4,2.5,8,3.5],"texture":"#0"},"west":{"uv":[3.75,4.5,2.25,5.5],"texture":"#0"},"up":{"uv":[4,1.5,0,0],"texture":"#0"},"down":{"uv":[4,1.5,0,3],"texture":"#0"}}},{"from":[0,14.5,10],"to":[16,16,16],"faces":{"north":{"uv":[4.75,4.5,8.75,4.875],"texture":"#0"},"east":{"uv":[4.75,5.5,6.25,5.875],"texture":"#0"},"south":{"uv":[4.75,5,8.75,5.375],"texture":"#0"},"west":{"uv":[6.25,5.5,4.75,5.875],"texture":"#0"},"up":{"uv":[4,4.5,0,3],"texture":"#0"},"down":{"uv":[8,0,4,1.5],"texture":"#0"}}},{"from":[13,4,15],"to":[16,14.5,16],"faces":{"north":{"uv":[4,3.5,4.75,6.125],"texture":"#0"},"east":{"uv":[3.75,4.5,4,7.125],"texture":"#0"},"south":{"uv":[0,4.5,0.75,7.125],"texture":"#0"},"west":{"uv":[2.25,5.5,2.5,8.125],"texture":"#0"},"up":{"uv":[3.75,5.75,3,5.5],"texture":"#0"},"down":{"uv":[3.75,5.75,3,6],"texture":"#0"}}},{"from":[0,4,15],"to":[3,14.5,16],"rotation":{"angle":0,"axis":"y","origin":[16,0,0]},"faces":{"north":{"uv":[4.75,3.5,4,6.125],"texture":"#0"},"east":{"uv":[2.5,5.5,2.25,8.125],"texture":"#0"},"south":{"uv":[0.75,4.5,0,7.125],"texture":"#0"},"west":{"uv":[4,4.5,3.75,7.125],"texture":"#0"},"up":{"uv":[3,5.75,3.75,5.5],"texture":"#0"},"down":{"uv":[3,5.75,3.75,6],"texture":"#0"}}}],"gui_light":"front","display":{"thirdperson_righthand":{"rotation":[67.5,0,0],"translation":[0,2.25,0],"scale":[0.25781,0.25781,0.25781]},"thirdperson_lefthand":{"rotation":[67.5,0,0],"translation":[0,2.25,0],"scale":[0.25781,0.25781,0.25781]},"firstperson_righthand":{"translation":[0.75,4.5,0],"scale":[0.35156,0.35156,0.35156]},"firstperson_lefthand":{"translation":[0.75,4.5,0],"scale":[0.35156,0.35156,0.35156]},"ground":{"translation":[0,6,-3],"scale":[0.6,0.6,0.6]},"gui":{"rotation":[30,135,0],"translation":[-2.5,-1.25,0],"scale":[0.70703,0.70703,0.70703]},"head":{"rotation":[0,180,0],"translation":[0,-30.4,0],"scale":[1.6,1.6,1.6]},"fixed":{"translation":[0,0,-16],"scale":[2,2,2]}}}