{"credit":"Made with Blockbench","texture_size":[64,64],"textures":{"0":"elitecreatures:aquatic_furniture_v2/fishaquariumblock1texture","1":"elitecreatures:aquatic_furniture_v2/fishaquariumblock1animation01","particle":"elitecreatures:aquatic_furniture_v2/fishaquariumblock1texture"},"elements":[{"from":[0,16,0],"to":[16,16,16],"faces":{"north":{"uv":[0,0,4,4],"texture":"#0"},"east":{"uv":[0,0,4,4],"texture":"#0"},"south":{"uv":[0,0,4,4],"texture":"#0"},"west":{"uv":[0,0,4,4],"texture":"#0"},"up":{"uv":[0,0,4,4],"texture":"#0"},"down":{"uv":[0,0,4,4],"texture":"#0"}}},{"from":[16,0,0],"to":[16,16,16],"faces":{"north":{"uv":[0,0,4,4],"texture":"#0"},"east":{"uv":[0,0,4,4],"texture":"#0"},"south":{"uv":[0,0,4,4],"texture":"#0"},"west":{"uv":[0,0,4,4],"texture":"#0"},"up":{"uv":[0,0,4,4],"texture":"#0"},"down":{"uv":[0,0,4,4],"texture":"#0"}}},{"from":[0,0,0],"to":[0,16,16],"faces":{"north":{"uv":[0,0,4,4],"texture":"#0"},"east":{"uv":[0,0,4,4],"texture":"#0"},"south":{"uv":[0,0,4,4],"texture":"#0"},"west":{"uv":[0,0,4,4],"texture":"#0"},"up":{"uv":[0,0,4,4],"texture":"#0"},"down":{"uv":[0,0,4,4],"texture":"#0"}}},{"from":[0,0,16],"to":[16,16,16],"faces":{"north":{"uv":[0,0,4,4],"texture":"#0"},"east":{"uv":[0,0,4,4],"texture":"#0"},"south":{"uv":[0,0,4,4],"texture":"#0"},"west":{"uv":[0,0,4,4],"texture":"#0"},"up":{"uv":[0,0,4,4],"texture":"#0"},"down":{"uv":[0,0,4,4],"texture":"#0"}}},{"from":[0,0,0],"to":[16,16,0],"faces":{"north":{"uv":[0,0,4,4],"texture":"#0"},"east":{"uv":[0,0,4,4],"texture":"#0"},"south":{"uv":[0,0,4,4],"texture":"#0"},"west":{"uv":[0,0,4,4],"texture":"#0"},"up":{"uv":[0,0,4,4],"texture":"#0"},"down":{"uv":[0,0,4,4],"texture":"#0"}}},{"from":[0,0,0],"to":[16,0,16],"faces":{"north":{"uv":[0,0,4,4],"texture":"#0"},"east":{"uv":[0,0,4,4],"texture":"#0"},"south":{"uv":[0,0,4,4],"texture":"#0"},"west":{"uv":[0,0,4,4],"texture":"#0"},"up":{"uv":[0,0,4,4],"texture":"#0"},"down":{"uv":[0,0,4,4],"texture":"#0"}}},{"from":[3.5,6,6],"to":[9.5,12,10],"rotation":{"angle":-22.5,"axis":"z","origin":[6.5,9,8]},"faces":{"north":{"uv":[0,4,1.5,5.5],"texture":"#0"},"east":{"uv":[3,5.5,4,7],"texture":"#0"},"south":{"uv":[1.5,4,0,5.5],"texture":"#0"},"west":{"uv":[3,4.0125,4,5.5125],"texture":"#0"},"up":{"uv":[1.5,4,3,5],"texture":"#0"},"down":{"uv":[1.5,5,3,6],"texture":"#0"}}},{"from":[8.12359,5.08031,6.025],"to":[10.12359,8.08031,9.975],"rotation":{"angle":0,"axis":"y","origin":[6.12359,9.08031,8]},"faces":{"north":{"uv":[1,5.5,1.5,6.25],"texture":"#0"},"east":{"uv":[0,6.5,1,7.25],"texture":"#0"},"south":{"uv":[1.5,5.5,1,6.25],"texture":"#0"},"west":{"uv":[0,7.25,1,8],"texture":"#0"},"up":{"uv":[0,5.5,0.5,6.5],"texture":"#0"},"down":{"uv":[0.5,5.5,1,6.5],"texture":"#0"}}},{"from":[10.12359,5.33031,6.75],"to":[13.12359,8.33031,6.75],"rotation":{"angle":0,"axis":"y","origin":[6.12359,9.08031,7]},"faces":{"north":{"uv":[4,0,4.75,0.75],"texture":"#0"},"south":{"uv":[4,0,4.75,0.75],"texture":"#0"}}},{"from":[10.12359,5.33031,9.25],"to":[13.12359,8.33031,9.25],"rotation":{"angle":0,"axis":"y","origin":[6.12359,9.08031,7]},"faces":{"north":{"uv":[4,0,4.75,0.75],"texture":"#0"},"south":{"uv":[4,0,4.75,0.75],"texture":"#0"}}},{"from":[10.12359,5.33031,8],"to":[13.12359,8.33031,8],"rotation":{"angle":0,"axis":"y","origin":[6.12359,9.08031,7]},"faces":{"north":{"uv":[4,0,4.75,0.75],"texture":"#0"},"south":{"uv":[4,0,4.75,0.75],"texture":"#0"}}},{"from":[7.62359,6.58031,5.75],"to":[9.12359,8.08031,10.25],"rotation":{"angle":0,"axis":"y","origin":[-0.87641,0.08031,0.25]},"faces":{"north":{"uv":[6,0,0,6],"texture":"#1"},"east":{"uv":[2,0,0,6],"texture":"#1"},"south":{"uv":[6,0,0,6],"texture":"#1"},"west":{"uv":[2,0,0,6],"texture":"#1"},"up":{"uv":[6,0,0,2],"texture":"#1"},"down":{"uv":[6,4,0,6],"texture":"#1"}}}],"gui_light":"front","display":{"thirdperson_righthand":{"rotation":[67.5,0,0],"translation":[0,1.5,-0.5],"scale":[0.19727,0.19727,0.19727]},"thirdperson_lefthand":{"rotation":[67.5,0,0],"translation":[0,1.5,-0.5],"scale":[0.19727,0.19727,0.19727]},"firstperson_righthand":{"translation":[1,3.75,0],"scale":[0.31055,0.31055,0.31055]},"firstperson_lefthand":{"translation":[1,3.75,0],"scale":[0.31055,0.31055,0.31055]},"ground":{"translation":[0,6,0],"scale":[0.6,0.6,0.6]},"gui":{"rotation":[30,135,0],"scale":[0.59766,0.59766,0.59766]},"head":{"rotation":[0,180,0],"translation":[0,-30.4,0],"scale":[1.6,1.6,1.6]},"fixed":{"rotation":[-90,0,0],"translation":[0,0,-16],"scale":[2,2,2]}}}