{"credit":"Made with Blockbench","texture_size":[64,64],"textures":{"2":"elitecreatures:aquatic_furniture_v2/fishaquariumblock2animation01","3":"elitecreatures:aquatic_furniture_v2/fishaquariumblock2animation02","4":"elitecreatures:aquatic_furniture_v2/fishaquariumblock2texture"},"elements":[{"from":[0,16,0],"to":[16,16,16],"faces":{"north":{"uv":[0,0,4,0],"texture":"#4"},"east":{"uv":[0,0,4,0],"texture":"#4"},"south":{"uv":[0,0,4,0],"texture":"#4"},"west":{"uv":[0,0,4,0],"texture":"#4"},"up":{"uv":[4,4,0,0],"texture":"#4"},"down":{"uv":[4,4,0,8],"texture":"#4"}}},{"from":[16,0,0],"to":[16,16,16],"faces":{"north":{"uv":[0,0,0,4],"texture":"#4"},"east":{"uv":[4,0,8,4],"texture":"#4"},"south":{"uv":[0,0,0,4],"texture":"#4"},"west":{"uv":[4,4,8,8],"texture":"#4"},"up":{"uv":[0,4,0,0],"texture":"#4"},"down":{"uv":[0,0,0,4],"texture":"#4"}}},{"from":[0,0,0],"to":[0,16,16],"faces":{"north":{"uv":[0,0,0,4],"texture":"#4"},"east":{"uv":[0,8,4,12],"texture":"#4"},"south":{"uv":[0,0,0,4],"texture":"#4"},"west":{"uv":[8,0,12,4],"texture":"#4"},"up":{"uv":[0,4,0,0],"texture":"#4"},"down":{"uv":[0,0,0,4],"texture":"#4"}}},{"from":[0,0,16],"to":[16,16,16],"faces":{"north":{"uv":[4,8,8,12],"texture":"#4"},"east":{"uv":[0,0,0,4],"texture":"#4"},"south":{"uv":[8,4,12,8],"texture":"#4"},"west":{"uv":[0,0,0,4],"texture":"#4"},"up":{"uv":[4,0,0,0],"texture":"#4"},"down":{"uv":[4,0,0,0],"texture":"#4"}}},{"from":[0,0,0],"to":[16,16,0],"faces":{"north":{"uv":[8,8,12,12],"texture":"#4"},"east":{"uv":[0,0,0,4],"texture":"#4"},"south":{"uv":[0,12,4,16],"texture":"#4"},"west":{"uv":[0,0,0,4],"texture":"#4"},"up":{"uv":[4,0,0,0],"texture":"#4"},"down":{"uv":[4,0,0,0],"texture":"#4"}}},{"from":[0,0,0],"to":[16,0,16],"faces":{"north":{"uv":[0,0,4,0],"texture":"#4"},"east":{"uv":[0,0,4,0],"texture":"#4"},"south":{"uv":[0,0,4,0],"texture":"#4"},"west":{"uv":[0,0,4,0],"texture":"#4"},"up":{"uv":[16,4,12,0],"texture":"#4"},"down":{"uv":[8,12,4,16],"texture":"#4"}}},{"from":[4,6,7.25],"to":[12,9,8.75],"faces":{"north":{"uv":[12,4,14,4.75],"texture":"#4"},"east":{"uv":[12,8,12.375,8.75],"texture":"#4"},"south":{"uv":[12,4.75,14,5.5],"texture":"#4"},"west":{"uv":[12,8.75,12.375,9.5],"texture":"#4"},"up":{"uv":[14,7.875,12,7.5],"texture":"#4"},"down":{"uv":[10,12,8,12.375],"texture":"#4"}}},{"from":[3,6.5,7.25],"to":[4,9,8.75],"faces":{"north":{"uv":[12,10.25,12.25,10.875],"texture":"#4"},"east":{"uv":[12,9.5,12.375,10.125],"texture":"#4"},"south":{"uv":[10.5,12,10.75,12.625],"texture":"#4"},"west":{"uv":[10,12,10.375,12.625],"texture":"#4"},"up":{"uv":[11,12.375,10.75,12],"texture":"#4"},"down":{"uv":[11.25,12,11,12.375],"texture":"#4"}}},{"from":[5,9,8],"to":[12,11,8],"faces":{"north":{"uv":[12,5.5,13.75,6],"texture":"#4"},"east":{"uv":[0,0,0,0.5],"texture":"#4"},"south":{"uv":[12,6,13.75,6.5],"texture":"#4"},"west":{"uv":[0,0,0,0.5],"texture":"#4"},"up":{"uv":[1.75,0,0,0],"texture":"#4"},"down":{"uv":[1.75,0,0,0],"texture":"#4"}}},{"from":[5,4,8],"to":[12,6,8],"faces":{"north":{"uv":[12,6.5,13.75,7],"texture":"#4"},"east":{"uv":[0,0,0,0.5],"texture":"#4"},"south":{"uv":[12,7,13.75,7.5],"texture":"#4"},"west":{"uv":[0,0,0,0.5],"texture":"#4"},"up":{"uv":[1.75,0,0,0],"texture":"#4"},"down":{"uv":[1.75,0,0,0],"texture":"#4"}}},{"from":[12,6,8],"to":[14.5,9,8],"rotation":{"angle":0,"axis":"y","origin":[12,7.5,8]},"faces":{"north":{"uv":[10,1,15,7],"texture":"#3"},"east":{"uv":[0,0,0,3],"texture":"#missing"},"south":{"uv":[15,1,10,7],"texture":"#3"},"west":{"uv":[0,0,0,3],"texture":"#missing"},"up":{"uv":[2.5,0,0,0],"texture":"#missing"},"down":{"uv":[2.5,0,0,0],"texture":"#missing"}}},{"from":[12,6,8],"to":[14.5,9,8],"rotation":{"angle":-45,"axis":"y","origin":[12,7.5,8]},"faces":{"north":{"uv":[0,1,5,7],"texture":"#3"},"east":{"uv":[0,0,0,3],"texture":"#missing"},"south":{"uv":[5,1,0,7],"texture":"#3"},"west":{"uv":[0,0,0,3],"texture":"#missing"},"up":{"uv":[2.5,0,0,0],"texture":"#missing"},"down":{"uv":[2.5,0,0,0],"texture":"#missing"}}},{"from":[12,6,8],"to":[14.5,9,8],"rotation":{"angle":-22.5,"axis":"y","origin":[12,7.5,8]},"faces":{"north":{"uv":[5,1,10,7],"texture":"#3"},"east":{"uv":[0,0,0,3],"texture":"#missing"},"south":{"uv":[10,1,5,7],"texture":"#3"},"west":{"uv":[0,0,0,3],"texture":"#missing"},"up":{"uv":[2.5,0,0,0],"texture":"#missing"},"down":{"uv":[2.5,0,0,0],"texture":"#missing"}}},{"from":[12,6,8],"to":[14.5,9,8],"rotation":{"angle":22.5,"axis":"y","origin":[12,7.5,8]},"faces":{"north":{"uv":[0,8,5,14],"texture":"#3"},"east":{"uv":[0,0,0,3],"texture":"#missing"},"south":{"uv":[5,8,0,14],"texture":"#3"},"west":{"uv":[0,0,0,3],"texture":"#missing"},"up":{"uv":[2.5,0,0,0],"texture":"#missing"},"down":{"uv":[2.5,0,0,0],"texture":"#missing"}}},{"from":[12,6,8],"to":[14.5,9,8],"rotation":{"angle":45,"axis":"y","origin":[12,7.5,8]},"faces":{"north":{"uv":[5,8,10,14],"texture":"#3"},"east":{"uv":[0,0,0,3],"texture":"#missing"},"south":{"uv":[10,8,5,14],"texture":"#3"},"west":{"uv":[0,0,0,3],"texture":"#missing"},"up":{"uv":[2.5,0,0,0],"texture":"#missing"},"down":{"uv":[2.5,0,0,0],"texture":"#missing"}}},{"from":[7,6,7.25],"to":[9,7.5,7.25],"rotation":{"angle":22.5,"axis":"y","origin":[7,7,7.25]},"faces":{"north":{"uv":[0,0,8,6],"texture":"#2"},"south":{"uv":[8,0,0,6],"texture":"#2"}}},{"from":[7,6,7.25],"to":[9,7.5,7.25],"rotation":{"angle":45,"axis":"y","origin":[7,7,7.25]},"faces":{"north":{"uv":[8,0,16,6],"texture":"#2"},"south":{"uv":[16,0,8,6],"texture":"#2"}}},{"from":[7,6,5.25],"to":[7,7.5,7.25],"rotation":{"angle":-22.5,"axis":"y","origin":[7,7,7.25]},"faces":{"east":{"uv":[8,6,0,12],"texture":"#2"},"west":{"uv":[0,6,8,12],"texture":"#2"}}},{"from":[7,6,8.75],"to":[9,7.5,8.75],"rotation":{"angle":-22.5,"axis":"y","origin":[7,7,8.75]},"faces":{"north":{"uv":[0,0,8,6],"texture":"#2"},"south":{"uv":[8,0,0,6],"texture":"#2"}}},{"from":[7,6,8.75],"to":[9,7.5,8.75],"rotation":{"angle":-45,"axis":"y","origin":[7,7,8.75]},"faces":{"north":{"uv":[8,0,16,6],"texture":"#2"},"south":{"uv":[16,0,8,6],"texture":"#2"}}},{"from":[7,6,8.75],"to":[7,7.5,10.75],"rotation":{"angle":22.5,"axis":"y","origin":[7,7,8.75]},"faces":{"east":{"uv":[0,6,8,12],"texture":"#2"},"west":{"uv":[8,6,0,12],"texture":"#2"}}}],"gui_light":"front","display":{"thirdperson_righthand":{"rotation":[67.5,0,0],"translation":[0,1.5,-0.5],"scale":[0.19727,0.19727,0.19727]},"thirdperson_lefthand":{"rotation":[67.5,0,0],"translation":[0,1.5,-0.5],"scale":[0.19727,0.19727,0.19727]},"firstperson_righthand":{"translation":[1,3.75,0],"scale":[0.31055,0.31055,0.31055]},"firstperson_lefthand":{"translation":[1,3.75,0],"scale":[0.31055,0.31055,0.31055]},"ground":{"translation":[0,6,0],"scale":[0.6,0.6,0.6]},"gui":{"rotation":[30,135,0],"scale":[0.59766,0.59766,0.59766]},"head":{"rotation":[0,180,0],"translation":[0,-30.4,0],"scale":[1.6,1.6,1.6]},"fixed":{"rotation":[-90,0,0],"translation":[0,0,-16],"scale":[2,2,2]}}}