{"credit":"Made with Blockbench","texture_size":[64,64],"textures":{"0":"elitecreatures:aquatic_furniture_v2/guardianplushtexture","particle":"elitecreatures:aquatic_furniture_v2/guardianplushtexture"},"elements":[{"from":[3,0,1],"to":[13,12,11],"rotation":{"angle":0,"axis":"y","origin":[7,0,5]},"faces":{"north":{"uv":[0,0,2.5,3],"texture":"#0"},"east":{"uv":[2.5,0,5,3],"texture":"#0"},"south":{"uv":[0,3,2.5,6],"texture":"#0"},"west":{"uv":[2.5,3,5,6],"texture":"#0"},"up":{"uv":[7.5,2.5,5,0],"texture":"#0"},"down":{"uv":[7.5,2.5,5,5],"texture":"#0"}}},{"from":[2,1,1],"to":[3,11,11],"rotation":{"angle":0,"axis":"y","origin":[7,0,5]},"faces":{"north":{"uv":[5.5,10,5.75,12.5],"texture":"#0"},"east":{"uv":[5,5,7.5,7.5],"texture":"#0"},"south":{"uv":[5.75,10,6,12.5],"texture":"#0"},"west":{"uv":[0,6,2.5,8.5],"texture":"#0"},"up":{"uv":[6.25,12.5,6,10],"texture":"#0"},"down":{"uv":[6.5,10,6.25,12.5],"texture":"#0"}}},{"from":[1.75,10.75,5.25],"to":[3.25,14.75,6.75],"rotation":{"angle":45,"axis":"z","origin":[2.5,11.5,6]},"faces":{"north":{"uv":[3.5,10.5,3.875,11.5],"texture":"#0"},"east":{"uv":[10.5,6.5,10.875,7.5],"texture":"#0"},"south":{"uv":[10.5,7.5,10.875,8.5],"texture":"#0"},"west":{"uv":[4,10.75,4.375,11.75],"texture":"#0"},"up":{"uv":[0.375,11.375,0,11],"texture":"#0"},"down":{"uv":[11.375,0,11,0.375],"texture":"#0"}}},{"from":[12.75,10.75,5.25],"to":[14.25,14.75,6.75],"rotation":{"angle":-45,"axis":"z","origin":[13.5,11.5,6]},"faces":{"north":{"uv":[3.875,10.5,3.5,11.5],"texture":"#0"},"east":{"uv":[4.375,10.75,4,11.75],"texture":"#0"},"south":{"uv":[10.875,7.5,10.5,8.5],"texture":"#0"},"west":{"uv":[10.875,6.5,10.5,7.5],"texture":"#0"},"up":{"uv":[0,11.375,0.375,11],"texture":"#0"},"down":{"uv":[11,0,11.375,0.375],"texture":"#0"}}},{"from":[7.25,14.89797,9.76409],"to":[8.75,18.89797,11.26409],"rotation":{"angle":45,"axis":"x","origin":[8,12.38388,6]},"faces":{"north":{"uv":[10.875,6.5,10.5,7.5],"texture":"#0"},"east":{"uv":[3.875,10.5,3.5,11.5],"texture":"#0"},"south":{"uv":[4.375,10.75,4,11.75],"texture":"#0"},"west":{"uv":[10.875,7.5,10.5,8.5],"texture":"#0"},"up":{"uv":[0,11.375,0.375,11],"rotation":90,"texture":"#0"},"down":{"uv":[11,0,11.375,0.375],"rotation":270,"texture":"#0"}}},{"from":[7.25,14.89797,0.73591],"to":[8.75,18.89797,2.23591],"rotation":{"angle":-45,"axis":"x","origin":[8,12.38388,6]},"faces":{"north":{"uv":[4,10.75,4.375,11.75],"texture":"#0"},"east":{"uv":[3.5,10.5,3.875,11.5],"texture":"#0"},"south":{"uv":[10.5,6.5,10.875,7.5],"texture":"#0"},"west":{"uv":[10.5,7.5,10.875,8.5],"texture":"#0"},"up":{"uv":[0.375,11.375,0,11],"rotation":90,"texture":"#0"},"down":{"uv":[11.375,0,11,0.375],"rotation":270,"texture":"#0"}}},{"from":[7.25,-6.89797,0.73591],"to":[8.75,-2.89797,2.23591],"rotation":{"angle":45,"axis":"x","origin":[8,-0.38388,6]},"faces":{"north":{"uv":[4,11.75,4.375,10.75],"texture":"#0"},"east":{"uv":[3.5,11.5,3.875,10.5],"texture":"#0"},"south":{"uv":[10.5,7.5,10.875,6.5],"texture":"#0"},"west":{"uv":[10.5,8.5,10.875,7.5],"texture":"#0"},"up":{"uv":[11,0,11.375,0.375],"rotation":270,"texture":"#0"},"down":{"uv":[0,11.375,0.375,11],"rotation":90,"texture":"#0"}}},{"from":[1.75,-2.75,5.25],"to":[3.25,1.25,6.75],"rotation":{"angle":-45,"axis":"z","origin":[2.5,0.5,6]},"faces":{"north":{"uv":[3.5,11.5,3.875,10.5],"texture":"#0"},"east":{"uv":[10.5,7.5,10.875,6.5],"texture":"#0"},"south":{"uv":[10.5,8.5,10.875,7.5],"texture":"#0"},"west":{"uv":[4,11.75,4.375,10.75],"texture":"#0"},"up":{"uv":[11.375,0.375,11,0],"texture":"#0"},"down":{"uv":[0.375,11,0,11.375],"texture":"#0"}}},{"from":[12.75,-2.75,5.25],"to":[14.25,1.25,6.75],"rotation":{"angle":45,"axis":"z","origin":[13.5,0.5,6]},"faces":{"north":{"uv":[3.875,11.5,3.5,10.5],"texture":"#0"},"east":{"uv":[4.375,11.75,4,10.75],"texture":"#0"},"south":{"uv":[10.875,8.5,10.5,7.5],"texture":"#0"},"west":{"uv":[10.875,7.5,10.5,6.5],"texture":"#0"},"up":{"uv":[11,0.375,11.375,0],"texture":"#0"},"down":{"uv":[0,11,0.375,11.375],"texture":"#0"}}},{"from":[7.25,-6.89797,9.76409],"to":[8.75,-2.89797,11.26409],"rotation":{"angle":-45,"axis":"x","origin":[8,-0.38388,6]},"faces":{"north":{"uv":[10.875,7.5,10.5,6.5],"texture":"#0"},"east":{"uv":[3.875,11.5,3.5,10.5],"texture":"#0"},"south":{"uv":[4.375,11.75,4,10.75],"texture":"#0"},"west":{"uv":[10.875,8.5,10.5,7.5],"texture":"#0"},"up":{"uv":[11.375,0,11,0.375],"rotation":270,"texture":"#0"},"down":{"uv":[0.375,11.375,0,11],"rotation":90,"texture":"#0"}}},{"from":[13,1,1],"to":[14,11,11],"rotation":{"angle":0,"axis":"y","origin":[18,0,5]},"faces":{"north":{"uv":[6.5,10,6.75,12.5],"texture":"#0"},"east":{"uv":[2.5,6,0,8.5],"texture":"#0"},"south":{"uv":[10,6.5,10.25,9],"texture":"#0"},"west":{"uv":[7.5,0,10,2.5],"texture":"#0"},"up":{"uv":[7,12.5,6.75,10],"texture":"#0"},"down":{"uv":[7.25,10,7,12.5],"texture":"#0"}}},{"from":[3,1,11],"to":[13,11,12],"rotation":{"angle":0,"axis":"y","origin":[17,0,6]},"faces":{"north":{"uv":[7.5,2.5,10,5],"texture":"#0"},"east":{"uv":[7.25,10,7.5,12.5],"texture":"#0"},"south":{"uv":[5,7.5,7.5,10],"texture":"#0"},"west":{"uv":[7.5,10,7.75,12.5],"texture":"#0"},"up":{"uv":[10.25,10.25,7.75,10],"texture":"#0"},"down":{"uv":[12.5,9,10,9.25],"texture":"#0"}}},{"from":[6,4,12],"to":[10,8,17],"rotation":{"angle":0,"axis":"y","origin":[17,0,7]},"faces":{"north":{"uv":[10,2.5,11,3.5],"texture":"#0"},"east":{"uv":[3,8.5,4.25,9.5],"texture":"#0"},"south":{"uv":[10,3.5,11,4.5],"texture":"#0"},"west":{"uv":[4.25,8.5,3,9.5],"texture":"#0"},"up":{"uv":[11,1.25,10,0],"texture":"#0"},"down":{"uv":[11,1.25,10,2.5],"texture":"#0"}}},{"from":[6.5,4.5,17],"to":[9.5,7.5,22],"rotation":{"angle":0,"axis":"y","origin":[17,0,12]},"faces":{"north":{"uv":[8,10.25,8.75,11],"texture":"#0"},"east":{"uv":[11.25,4.5,10,5.25],"texture":"#0"},"south":{"uv":[8.75,10.25,9.5,11],"texture":"#0"},"west":{"uv":[10,4.5,11.25,5.25],"texture":"#0"},"up":{"uv":[5,9.75,4.25,8.5],"texture":"#0"},"down":{"uv":[10.75,5.25,10,6.5],"texture":"#0"}}},{"from":[7,5,22],"to":[9,7,25],"rotation":{"angle":0,"axis":"y","origin":[17,0,17]},"faces":{"north":{"uv":[10.75,10.25,11.25,10.75],"texture":"#0"},"east":{"uv":[9.5,10.25,10.25,10.75],"texture":"#0"},"south":{"uv":[10.75,10.75,11.25,11.25],"texture":"#0"},"west":{"uv":[10.25,10.25,9.5,10.75],"texture":"#0"},"up":{"uv":[10.75,11,10.25,10.25],"texture":"#0"},"down":{"uv":[3.5,10.5,3,11.25],"texture":"#0"}}},{"from":[8,1,24],"to":[8,11,30],"rotation":{"angle":0,"axis":"y","origin":[17,0,19]},"faces":{"north":{"uv":[0.5,0,0.5,2.5],"texture":"#0"},"east":{"uv":[3,8.5,1.5,11],"texture":"#0"},"south":{"uv":[0.5,0,0.5,2.5],"texture":"#0"},"west":{"uv":[1.5,8.5,3,11],"texture":"#0"},"up":{"uv":[0.5,1.5,0.5,0],"texture":"#0"},"down":{"uv":[0.5,0,0.5,1.5],"texture":"#0"}}},{"from":[3,1,0],"to":[13,11,1],"rotation":{"angle":0,"axis":"y","origin":[17,0,-5]},"faces":{"north":{"uv":[7.5,5,10,7.5],"texture":"#0"},"east":{"uv":[10.25,6.5,10.5,9],"texture":"#0"},"south":{"uv":[7.5,7.5,10,10],"texture":"#0"},"west":{"uv":[7.75,10.25,8,12.75],"texture":"#0"},"up":{"uv":[12.5,9.5,10,9.25],"texture":"#0"},"down":{"uv":[12.5,9.5,10,9.75],"texture":"#0"}}},{"from":[1.75,5.25,-2.75],"to":[3.25,6.75,1.25],"rotation":{"angle":45,"axis":"y","origin":[2.5,6,0.5]},"faces":{"north":{"uv":[0.5,11,0.875,11.375],"texture":"#0"},"east":{"uv":[10.5,8.5,11.5,8.875],"texture":"#0"},"south":{"uv":[11,0.5,11.375,0.875],"texture":"#0"},"west":{"uv":[4.5,10.75,5.5,11.125],"texture":"#0"},"up":{"uv":[11.125,6.25,10.75,5.25],"texture":"#0"},"down":{"uv":[9.875,10.75,9.5,11.75],"texture":"#0"}}},{"from":[12.75,5.25,-2.75],"to":[14.25,6.75,1.25],"rotation":{"angle":-45,"axis":"y","origin":[13.5,6,0.5]},"faces":{"north":{"uv":[0.875,11,0.5,11.375],"texture":"#0"},"east":{"uv":[5.5,10.75,4.5,11.125],"texture":"#0"},"south":{"uv":[11.375,0.5,11,0.875],"texture":"#0"},"west":{"uv":[11.5,8.5,10.5,8.875],"texture":"#0"},"up":{"uv":[10.75,6.25,11.125,5.25],"texture":"#0"},"down":{"uv":[9.5,10.75,9.875,11.75],"texture":"#0"}}},{"from":[12.75,5.25,10.75],"to":[14.25,6.75,14.75],"rotation":{"angle":45,"axis":"y","origin":[13.5,6,11.5]},"faces":{"north":{"uv":[11,0.5,11.375,0.875],"texture":"#0"},"east":{"uv":[4.5,10.75,5.5,11.125],"texture":"#0"},"south":{"uv":[0.5,11,0.875,11.375],"texture":"#0"},"west":{"uv":[10.5,8.5,11.5,8.875],"texture":"#0"},"up":{"uv":[10.75,5.25,11.125,6.25],"texture":"#0"},"down":{"uv":[9.5,11.75,9.875,10.75],"texture":"#0"}}},{"from":[1.75,5.25,10.75],"to":[3.25,6.75,14.75],"rotation":{"angle":-45,"axis":"y","origin":[2.5,6,11.5]},"faces":{"north":{"uv":[11.375,0.5,11,0.875],"texture":"#0"},"east":{"uv":[11.5,8.5,10.5,8.875],"texture":"#0"},"south":{"uv":[0.875,11,0.5,11.375],"texture":"#0"},"west":{"uv":[5.5,10.75,4.5,11.125],"texture":"#0"},"up":{"uv":[11.125,5.25,10.75,6.25],"texture":"#0"},"down":{"uv":[9.875,11.75,9.5,10.75],"texture":"#0"}}},{"from":[7,4.75,-0.5],"to":[9,6.75,0],"faces":{"north":{"uv":[15.5,0,16,0.5],"texture":"#0"},"east":{"uv":[15.375,0,15.5,0.5],"texture":"#0"},"west":{"uv":[15.25,0,15.375,0.5],"texture":"#0"},"up":{"uv":[15.5,0.5,16,0.625],"texture":"#0"},"down":{"uv":[15.5,0.625,16,0.75],"texture":"#0"}}}],"gui_light":"front","display":{"thirdperson_righthand":{"rotation":[67.5,0,0],"translation":[0,1.25,0],"scale":[0.28906,0.28906,0.28906]},"thirdperson_lefthand":{"rotation":[67.5,0,0],"translation":[0,1.25,0],"scale":[0.28906,0.28906,0.28906]},"firstperson_righthand":{"translation":[2.5,3.75,0.25],"scale":[0.38672,0.38672,0.38672]},"firstperson_lefthand":{"translation":[2.5,3.75,0.25],"scale":[0.38672,0.38672,0.38672]},"ground":{"translation":[0,6,0],"scale":[0.5,0.5,0.5]},"gui":{"rotation":[30,135,0],"translation":[-0.75,0.75,0],"scale":[0.53125,0.53125,0.53125]},"head":{"rotation":[0,180,0],"translation":[0,-30.4,25.65],"scale":[1.6,1.6,1.6]},"fixed":{"rotation":[-90,0,0],"translation":[0,0,-16],"scale":[2,2,2]}}}