{"credit":"Made with Blockbench","texture_size":[128,128],"textures":{"1":"elitecreatures:aquatic_furniture_v2/guardianaquariumanimation01","2":"elitecreatures:aquatic_furniture_v2/guardianaquariumtexture","3":"elitecreatures:aquatic_furniture_v2/guardianaquariumanimation02","particle":"elitecreatures:aquatic_furniture_v2/guardianaquariumanimation01"},"elements":[{"from":[-1,-3.23463,22.34776],"to":[-1,2.76537,27.84776],"rotation":{"angle":-22.5,"axis":"z","origin":[-1,2.26537,25.09776]},"faces":{"east":{"uv":[3.25,9.25,0.25,12],"rotation":270,"texture":"#3"},"west":{"uv":[3.25,9.25,0.25,12],"rotation":270,"texture":"#3"}}},{"from":[-1,-3.23463,22.34776],"to":[-1,2.76537,27.84776],"rotation":{"angle":-45,"axis":"z","origin":[-1,2.26537,25.09776]},"faces":{"east":{"uv":[3.25,12.25,0.25,15],"rotation":270,"texture":"#3"},"west":{"uv":[3.25,12.25,0.25,15],"rotation":270,"texture":"#3"}}},{"from":[-1,-3.23463,22.34776],"to":[-1,2.76537,27.84776],"rotation":{"angle":0,"axis":"y","origin":[-1,2.26537,25.09776]},"faces":{"east":{"uv":[3.25,6.25,0.25,9],"rotation":270,"texture":"#3"},"west":{"uv":[3.25,6.25,0.25,9],"rotation":270,"texture":"#3"}}},{"from":[-1,-3.23463,22.34776],"to":[-1,2.76537,27.84776],"rotation":{"angle":22.5,"axis":"z","origin":[-1,2.26537,25.09776]},"faces":{"east":{"uv":[3.25,3.25,0.25,6],"rotation":270,"texture":"#3"},"west":{"uv":[3.25,3.25,0.25,6],"rotation":270,"texture":"#3"}}},{"from":[-1,-3.23463,22.34776],"to":[-1,2.76537,27.84776],"rotation":{"angle":45,"axis":"z","origin":[-1,2.26537,25.09776]},"faces":{"east":{"uv":[3.25,0.25,0.25,3],"rotation":270,"texture":"#3"},"west":{"uv":[3.25,0.25,0.25,3],"rotation":270,"texture":"#3"}}},{"from":[-6,2,7],"to":[4,14,17],"rotation":{"angle":0,"axis":"y","origin":[-1,8,19.30806]},"faces":{"north":{"uv":[12.125,5.375,13.375,6.875],"texture":"#2"},"east":{"uv":[13.375,5.375,14.625,6.875],"texture":"#2"},"south":{"uv":[12.125,6.875,13.375,8.375],"texture":"#2"},"west":{"uv":[13.375,6.875,14.625,8.375],"texture":"#2"},"up":{"uv":[15.9375,6.875,14.6875,5.625],"texture":"#2"},"down":{"uv":[15.9375,6.875,14.6875,5.625],"texture":"#2"}}},{"from":[-7,3,7],"to":[-6,13,17],"rotation":{"angle":0,"axis":"y","origin":[-1,8,19.30806]},"faces":{"north":{"uv":[12.875,4.0625,13,5.3125],"texture":"#2"},"south":{"uv":[13,4.0625,12.875,5.3125],"texture":"#2"},"west":{"uv":[13.25,4.0625,14.5,5.3125],"texture":"#2"},"up":{"uv":[13.125,5.3125,13,4.0625],"texture":"#2"},"down":{"uv":[13.25,4.0625,13.125,5.3125],"texture":"#2"}}},{"from":[-6,3,17],"to":[4,13,18],"rotation":{"angle":0,"axis":"y","origin":[-1,8,19.30806]},"faces":{"east":{"uv":[12.6875,4.0625,12.8125,5.3125],"texture":"#2"},"south":{"uv":[11.4375,4.0625,12.6875,5.3125],"texture":"#2"},"west":{"uv":[12.6875,4.0625,12.8125,5.3125],"texture":"#2"},"up":{"uv":[12.25,3.875,11,3.75],"texture":"#2"},"down":{"uv":[12.25,3.875,11,4],"texture":"#2"}}},{"from":[-6,3,6],"to":[4,13,7],"rotation":{"angle":0,"axis":"y","origin":[-1,8,19.30806]},"faces":{"north":{"uv":[14.6875,4.0625,15.9375,5.3125],"texture":"#2"},"east":{"uv":[14.6875,4.0625,14.5625,5.3125],"texture":"#2"},"west":{"uv":[14.5625,4.0625,14.6875,5.3125],"texture":"#2"},"up":{"uv":[15.9375,5.4375,14.6875,5.3125],"texture":"#2"},"down":{"uv":[15.9375,5.4375,14.6875,5.5625],"texture":"#2"}}},{"from":[-3,6,18],"to":[1,10,23],"rotation":{"angle":0,"axis":"y","origin":[-1,8,19.30806]},"faces":{"north":{"uv":[10.375,4.6875,10.875,5.1875],"texture":"#2"},"east":{"uv":[9.75,4.0625,10.375,4.5625],"texture":"#2"},"south":{"uv":[10.875,4.6875,11.375,5.1875],"texture":"#2"},"west":{"uv":[10.375,4.0625,9.75,4.5625],"texture":"#2"},"up":{"uv":[10.875,4.6875,10.375,4.0625],"texture":"#2"},"down":{"uv":[10.875,4.0625,10.375,4.6875],"texture":"#2"}}},{"from":[-2.5,2.5,20],"to":[0.5,5.5,25],"rotation":{"angle":45,"axis":"x","origin":[-1,4,26.25]},"faces":{"north":{"uv":[10.625,6.25,11,5.875],"texture":"#2"},"east":{"uv":[10.625,5.625,10,5.25],"texture":"#2"},"south":{"uv":[11,6.25,11.375,5.875],"texture":"#2"},"west":{"uv":[10,5.625,10.625,5.25],"texture":"#2"},"up":{"uv":[11,5.875,11.375,5.25],"texture":"#2"},"down":{"uv":[11.375,5.25,11,5.875],"texture":"#2"}}},{"from":[-2,1.76537,24.09776],"to":[0,5.76537,26.09776],"rotation":{"angle":0,"axis":"y","origin":[-1,2.51537,25.09776]},"faces":{"north":{"uv":[11.125,6.3125,10.875,6.8125],"rotation":180,"texture":"#2"},"east":{"uv":[10.875,6.3125,10.375,6.5625],"rotation":90,"texture":"#2"},"south":{"uv":[11.375,6.8125,11.125,6.3125],"texture":"#2"},"west":{"uv":[10.375,6.3125,10.875,6.5625],"rotation":270,"texture":"#2"},"up":{"uv":[10.875,7.0625,11.125,6.8125],"rotation":180,"texture":"#2"},"down":{"uv":[11.125,7.0625,11.375,6.8125],"texture":"#2"}}},{"from":[-1.75,15.02817,11.25],"to":[-0.25,19.02817,12.75],"rotation":{"angle":45,"axis":"z","origin":[-1,8,19.30806]},"faces":{"north":{"uv":[11.8125,5.375,12,5.875],"texture":"#2"},"east":{"uv":[11.8125,5.375,12,5.875],"texture":"#2"},"south":{"uv":[11.8125,5.375,12,5.875],"texture":"#2"},"west":{"uv":[11.8125,5.375,12,5.875],"texture":"#2"},"up":{"uv":[11.75,5.5625,11.5625,5.375],"texture":"#2"},"down":{"uv":[11.75,5.625,11.5625,5.8125],"texture":"#2"}}},{"from":[-6.91758,7.25,3.11231],"to":[-5.41758,8.75,7.11231],"rotation":{"angle":-45,"axis":"y","origin":[-1,8,19.30806]},"faces":{"north":{"uv":[11.75,6.1875,11.5625,6.375],"texture":"#2"},"east":{"uv":[11.5,6.5,12,6.6875],"texture":"#2"},"south":{"uv":[11.75,5.9375,11.5625,6.125],"texture":"#2"},"west":{"uv":[12,6.5,11.5,6.6875],"texture":"#2"},"up":{"uv":[11.8125,6.4375,12,5.9375],"texture":"#2"},"down":{"uv":[11.8125,5.9375,12,6.4375],"texture":"#2"}}},{"from":[-1.53217,7.25,1.06205],"to":[-0.03217,8.75,5.06205],"rotation":{"angle":45,"axis":"y","origin":[-1,8,12.30806]},"faces":{"north":{"uv":[11.5625,6.1875,11.75,6.375],"texture":"#2"},"east":{"uv":[11.5,6.5,12,6.6875],"texture":"#2"},"south":{"uv":[11.5625,5.9375,11.75,6.125],"texture":"#2"},"west":{"uv":[12,6.5,11.5,6.6875],"texture":"#2"},"up":{"uv":[12,6.4375,11.8125,5.9375],"texture":"#2"},"down":{"uv":[12,5.9375,11.8125,6.4375],"texture":"#2"}}},{"from":[-1.53217,7.25,18.93795],"to":[-0.03217,8.75,22.93795],"rotation":{"angle":-45,"axis":"y","origin":[-1,8,11.69194]},"faces":{"north":{"uv":[11.75,5.9375,11.5625,6.125],"texture":"#2"},"east":{"uv":[12,6.5,11.5,6.6875],"texture":"#2"},"south":{"uv":[11.75,6.1875,11.5625,6.375],"texture":"#2"},"west":{"uv":[11.5,6.5,12,6.6875],"texture":"#2"},"up":{"uv":[12,5.9375,11.8125,6.4375],"texture":"#2"},"down":{"uv":[12,6.4375,11.8125,5.9375],"texture":"#2"}}},{"from":[-6.91758,7.25,16.88769],"to":[-5.41758,8.75,20.88769],"rotation":{"angle":45,"axis":"y","origin":[-1,8,4.69194]},"faces":{"north":{"uv":[11.5625,5.9375,11.75,6.125],"texture":"#2"},"east":{"uv":[12,6.5,11.5,6.6875],"texture":"#2"},"south":{"uv":[11.5625,6.1875,11.75,6.375],"texture":"#2"},"west":{"uv":[11.5,6.5,12,6.6875],"texture":"#2"},"up":{"uv":[11.8125,5.9375,12,6.4375],"texture":"#2"},"down":{"uv":[11.8125,6.4375,12,5.9375],"texture":"#2"}}},{"from":[4,3,7],"to":[5,13,17],"rotation":{"angle":0,"axis":"y","origin":[-1,8,19.30806]},"faces":{"north":{"uv":[13,4.0625,12.875,5.3125],"texture":"#2"},"east":{"uv":[14.5,4.0625,13.25,5.3125],"texture":"#2"},"south":{"uv":[12.875,4.0625,13,5.3125],"texture":"#2"},"up":{"uv":[13,5.3125,13.125,4.0625],"texture":"#2"},"down":{"uv":[13.125,4.0625,13.25,5.3125],"texture":"#2"}}},{"from":[-1.7,16.78553,7.05736],"to":[-0.2,20.78553,8.55736],"rotation":{"angle":-45,"axis":"x","origin":[-1,14,12.05]},"faces":{"north":{"uv":[11.8125,5.375,12,5.875],"texture":"#2"},"east":{"uv":[11.8125,5.375,12,5.875],"texture":"#2"},"south":{"uv":[11.8125,5.375,12,5.875],"texture":"#2"},"west":{"uv":[11.8125,5.375,12,5.875],"texture":"#2"},"up":{"uv":[11.75,5.5625,11.5625,5.375],"rotation":90,"texture":"#2"},"down":{"uv":[11.75,5.625,11.5625,5.8125],"rotation":270,"texture":"#2"}}},{"from":[-1.75,15.02817,11.35],"to":[-0.25,19.02817,12.85],"rotation":{"angle":-45,"axis":"z","origin":[-1,8,4.79194]},"faces":{"north":{"uv":[11.8125,5.375,12,5.875],"texture":"#2"},"east":{"uv":[11.8125,5.375,12,5.875],"texture":"#2"},"south":{"uv":[11.8125,5.375,12,5.875],"texture":"#2"},"west":{"uv":[11.8125,5.375,12,5.875],"texture":"#2"},"up":{"uv":[11.75,5.5625,11.5625,5.375],"rotation":180,"texture":"#2"},"down":{"uv":[11.75,5.625,11.5625,5.8125],"rotation":180,"texture":"#2"}}},{"from":[-1.8,16.78553,15.54264],"to":[-0.3,20.78553,17.04264],"rotation":{"angle":45,"axis":"x","origin":[-1,14,12.05]},"faces":{"north":{"uv":[11.8125,5.375,12,5.875],"texture":"#2"},"east":{"uv":[11.8125,5.375,12,5.875],"texture":"#2"},"south":{"uv":[11.8125,5.375,12,5.875],"texture":"#2"},"west":{"uv":[11.8125,5.375,12,5.875],"texture":"#2"},"up":{"uv":[11.75,5.5625,11.5625,5.375],"rotation":270,"texture":"#2"},"down":{"uv":[11.75,5.625,11.5625,5.8125],"rotation":90,"texture":"#2"}}},{"from":[-1.7,-4.78553,7.05736],"to":[-0.2,-0.78553,8.55736],"rotation":{"angle":45,"axis":"x","origin":[-1,2,12.05]},"faces":{"north":{"uv":[11.8125,5.875,12,5.375],"texture":"#2"},"east":{"uv":[11.8125,5.875,12,5.375],"texture":"#2"},"south":{"uv":[11.8125,5.875,12,5.375],"texture":"#2"},"west":{"uv":[11.8125,5.875,12,5.375],"texture":"#2"},"up":{"uv":[11.5625,5.625,11.75,5.8125],"rotation":270,"texture":"#2"},"down":{"uv":[11.5625,5.5625,11.75,5.375],"rotation":90,"texture":"#2"}}},{"from":[-1.75,-3.02817,11.25],"to":[-0.25,0.97183,12.75],"rotation":{"angle":-45,"axis":"z","origin":[-1,8,19.30806]},"faces":{"north":{"uv":[11.8125,5.875,12,5.375],"texture":"#2"},"east":{"uv":[11.8125,5.875,12,5.375],"texture":"#2"},"south":{"uv":[11.8125,5.875,12,5.375],"texture":"#2"},"west":{"uv":[11.8125,5.875,12,5.375],"texture":"#2"},"up":{"uv":[11.75,5.8125,11.5625,5.625],"texture":"#2"},"down":{"uv":[11.75,5.375,11.5625,5.5625],"texture":"#2"}}},{"from":[-1.75,-3.02817,11.35],"to":[-0.25,0.97183,12.85],"rotation":{"angle":45,"axis":"z","origin":[-1,8,4.79194]},"faces":{"north":{"uv":[11.8125,5.875,12,5.375],"texture":"#2"},"east":{"uv":[11.8125,5.875,12,5.375],"texture":"#2"},"south":{"uv":[11.8125,5.875,12,5.375],"texture":"#2"},"west":{"uv":[11.8125,5.875,12,5.375],"texture":"#2"},"up":{"uv":[11.75,5.8125,11.5625,5.625],"rotation":180,"texture":"#2"},"down":{"uv":[11.75,5.375,11.5625,5.5625],"rotation":180,"texture":"#2"}}},{"from":[-1.8,-4.78553,15.54264],"to":[-0.3,-0.78553,17.04264],"rotation":{"angle":-45,"axis":"x","origin":[-1,2,12.05]},"faces":{"north":{"uv":[11.8125,5.875,12,5.375],"texture":"#2"},"east":{"uv":[11.8125,5.875,12,5.375],"texture":"#2"},"south":{"uv":[11.8125,5.875,12,5.375],"texture":"#2"},"west":{"uv":[11.8125,5.875,12,5.375],"texture":"#2"},"up":{"uv":[11.5625,5.625,11.75,5.8125],"rotation":90,"texture":"#2"},"down":{"uv":[11.5625,5.5625,11.75,5.375],"rotation":270,"texture":"#2"}}},{"from":[-4,6.25,5.975],"to":[2,9.25,5.975],"rotation":{"angle":0,"axis":"y","origin":[-2,6.75,3.975]},"faces":{"north":{"uv":[0,0,12,6],"texture":"#1"},"east":{"uv":[8.0625,3.3125,8.0625,3.5625],"texture":"#missing"},"south":{"uv":[12,0,0,6],"texture":"#1"},"west":{"uv":[8.0625,3.3125,8.0625,3.5625],"texture":"#missing"},"up":{"uv":[8.0625,3.3125,8.8125,3.3125],"texture":"#missing"},"down":{"uv":[8.0625,3.3125,8.8125,3.3125],"texture":"#missing"}}},{"from":[-15.75,-6,1.25],"to":[13.75,26,30.75],"faces":{"north":{"uv":[12.3125,0,16,4],"texture":"#2"},"east":{"uv":[12.3125,0,16,4],"texture":"#2"},"south":{"uv":[12.3125,0,16,4],"texture":"#2"},"west":{"uv":[12.3125,0,16,4],"texture":"#2"}}},{"from":[-16,-16,0],"to":[16,-6,32],"rotation":{"angle":0,"axis":"y","origin":[-16,0,0]},"faces":{"north":{"uv":[8,0,12,1.25],"texture":"#2"},"east":{"uv":[8,1.25,12,2.5],"texture":"#2"},"south":{"uv":[8,0,12,1.25],"texture":"#2"},"west":{"uv":[8,1.25,12,2.5],"texture":"#2"},"up":{"uv":[8,4,4,0],"texture":"#2"},"down":{"uv":[8,4,4,8],"texture":"#2"}}},{"from":[-16,26,0],"to":[16,32,32],"rotation":{"angle":0,"axis":"y","origin":[-16,0,0]},"faces":{"north":{"uv":[8,2.5,12,3.25],"texture":"#2"},"east":{"uv":[8,2.5,12,3.25],"texture":"#2"},"south":{"uv":[8,2.5,12,3.25],"texture":"#2"},"west":{"uv":[8,2.5,12,3.25],"texture":"#2"},"up":{"uv":[4,4,0,0],"texture":"#2"},"down":{"uv":[4,4,0,8],"texture":"#2"}}}],"gui_light":"front","display":{"thirdperson_righthand":{"rotation":[67.5,0,0],"translation":[1,3,-0.25],"scale":[0.125,0.125,0.125]},"thirdperson_lefthand":{"rotation":[67.5,0,0],"translation":[-1,3,-0.25],"scale":[0.125,0.125,0.125]},"firstperson_righthand":{"translation":[1.5,5.5,0],"scale":[0.14258,0.14258,0.14258]},"firstperson_lefthand":{"translation":[-1.25,5.5,0],"scale":[0.14258,0.14258,0.14258]},"ground":{"translation":[2.25,11,-2.5],"scale":[0.3,0.3,0.3]},"gui":{"rotation":[30,135,0],"translation":[-2.75,0,0],"scale":[0.23828,0.23828,0.23828]},"head":{"rotation":[0,180,0],"translation":[0,-4.8,25.65],"scale":[1.6,1.6,1.6]},"fixed":{"rotation":[-90,0,0],"translation":[0,0,-48],"scale":[2,2,2]}}}