{"credit":"Made with Blockbench","texture_size":[32,32],"textures":{"1":"elitecreatures:aquatic_furniture_v2/jellyfishstringlightanimation01"},"elements":[{"from":[-16,0.05,0],"to":[16,0.05,16],"faces":{"north":{"uv":[0,0,16,0],"texture":"#missing"},"east":{"uv":[0,0,8,0],"texture":"#missing"},"south":{"uv":[0,0,16,0],"texture":"#missing"},"west":{"uv":[0,0,8,0],"texture":"#missing"},"up":{"uv":[16,8,0,0],"texture":"#1"},"down":{"uv":[16,0,0,8],"texture":"#1"}}}],"gui_light":"front","display":{"thirdperson_righthand":{"rotation":[-22.5,0,0],"translation":[2.25,1.75,-1.5],"scale":[0.26758,0.26758,0.26758]},"thirdperson_lefthand":{"rotation":[-22.5,0,0],"translation":[-2.25,1.75,-1.5],"scale":[0.26758,0.26758,0.26758]},"firstperson_righthand":{"rotation":[-90,0,0],"translation":[2,3.25,0],"scale":[0.3125,0.3125,0.3125]},"firstperson_lefthand":{"rotation":[-90,0,0],"translation":[-3,3.25,0],"scale":[0.3125,0.3125,0.3125]},"ground":{"translation":[5,6,-2.5],"scale":[0.6,0.6,0.6]},"gui":{"rotation":[30,135,0],"translation":[-6.25,4,0],"scale":[0.60742,0.60742,0.60742]},"head":{"rotation":[90,180,0],"translation":[0,-30.4,0],"scale":[1.6,1.6,1.6]},"fixed":{"rotation":[-90,0,0],"translation":[0,0,-16],"scale":[2,2,2]}}}