{"credit":"Made with Blockbench","texture_size":[32,32],"textures":{"0":"elitecreatures:aquatic_furniture_v2/kelpbulbtexture","1":"elitecreatures:aquatic_furniture_v2/kelpbulbanimation01","particle":"elitecreatures:aquatic_furniture_v2/kelpbulbtexture"},"elements":[{"from":[5,0.25,5],"to":[11,6.25,11],"faces":{"north":{"uv":[0,0,12,12],"texture":"#1"},"east":{"uv":[0,0,12,12],"texture":"#1"},"south":{"uv":[0,0,12,12],"texture":"#1"},"west":{"uv":[0,0,12,12],"texture":"#1"},"up":{"uv":[0,0,12,12],"texture":"#1"},"down":{"uv":[0,0,12,12],"texture":"#1"}}},{"from":[4.5,0,4.5],"to":[11.5,4,11.5],"faces":{"north":{"uv":[0,7,3.5,9],"texture":"#0"},"east":{"uv":[0,7,3.5,9],"texture":"#0"},"south":{"uv":[0,7,3.5,9],"texture":"#0"},"west":{"uv":[0,7,3.5,9],"texture":"#0"},"up":{"uv":[3.5,3.5,0,0],"texture":"#0"},"down":{"uv":[3.5,3.5,0,7],"texture":"#0"}}}],"gui_light":"front","display":{"thirdperson_righthand":{"rotation":[67.5,0,0],"translation":[0,3.25,2.75],"scale":[0.55273,0.55273,0.55273]},"thirdperson_lefthand":{"rotation":[67.5,0,0],"translation":[0,3.25,2.75],"scale":[0.55273,0.55273,0.55273]},"firstperson_righthand":{"translation":[1.5,6.25,0],"scale":[0.62305,0.62305,0.62305]},"firstperson_lefthand":{"translation":[1.5,6.25,0],"scale":[0.62305,0.62305,0.62305]},"ground":{"translation":[0,6,0],"scale":[0.8,0.8,0.8]},"gui":{"rotation":[30,135,0],"translation":[0,4.5,0],"scale":[1.05469,1.05469,1.05469]},"head":{"rotation":[0,180,0],"translation":[0,-30.4,0],"scale":[1.6,1.6,1.6]},"fixed":{"rotation":[-90,0,0],"translation":[0,0,-16],"scale":[2,2,2]}}}