{"credit":"Made with Blockbench","texture_size":[64,64],"textures":{"0":"elitecreatures:aquatic_furniture_v2/minitureruinedportaltexture","1":"elitecreatures:aquatic_furniture_v2/minitureruinedportalanimation01","particle":"elitecreatures:aquatic_furniture_v2/minitureruinedportaltexture"},"elements":[{"from":[2,0,2],"to":[14,12,14],"faces":{"north":{"uv":[0,0,3,3],"texture":"#0"},"east":{"uv":[0,0,3,3],"texture":"#0"},"south":{"uv":[0,0,3,3],"texture":"#0"},"west":{"uv":[0,0,3,3],"texture":"#0"},"up":{"uv":[3,0,6,3],"texture":"#0"},"down":{"uv":[0,0,3,3],"texture":"#0"}}},{"from":[4.75,12,4.75],"to":[11.25,13,11.25],"faces":{"north":{"uv":[7.5,6.75,9.125,7],"texture":"#0"},"east":{"uv":[7.5,6.75,9.125,7],"texture":"#0"},"south":{"uv":[7.5,6.75,9.125,7],"texture":"#0"},"west":{"uv":[7.5,6.75,9.125,7],"texture":"#0"},"up":{"uv":[4.625,7.625,3,6],"texture":"#0"},"down":{"uv":[7.625,3,6,4.625],"texture":"#0"}}},{"from":[4,0.05,5],"to":[11,1.05,11],"faces":{"north":{"uv":[7.5,6.25,9.25,6.5],"texture":"#0"},"east":{"uv":[3,7.75,4.5,8],"texture":"#0"},"south":{"uv":[7.5,6.5,9.25,6.75],"texture":"#0"},"west":{"uv":[7.75,3,9.25,3.25],"texture":"#0"},"up":{"uv":[6.5,7.5,4.75,6],"texture":"#0"},"down":{"uv":[8.25,4.75,6.5,6.25],"texture":"#0"}}},{"from":[5,0.05,4],"to":[9,1.05,5],"faces":{"north":{"uv":[7.5,8.25,8.5,8.5],"texture":"#0"},"east":{"uv":[2.25,9,2.5,9.25],"texture":"#0"},"south":{"uv":[3,8.5,4,8.75],"texture":"#0"},"west":{"uv":[9,2.25,9.25,2.5],"texture":"#0"},"up":{"uv":[7.5,8.75,6.5,8.5],"texture":"#0"},"down":{"uv":[8.5,8.5,7.5,8.75],"texture":"#0"}}},{"from":[11,0.05,6],"to":[13,1.05,10],"faces":{"north":{"uv":[6,8.75,6.5,9],"texture":"#0"},"east":{"uv":[8.25,6,9.25,6.25],"texture":"#0"},"south":{"uv":[6.5,8.75,7,9],"texture":"#0"},"west":{"uv":[6.5,8.25,7.5,8.5],"texture":"#0"},"up":{"uv":[6.5,5.75,6,4.75],"texture":"#0"},"down":{"uv":[5.25,7.5,4.75,8.5],"texture":"#0"}}},{"from":[3,0.05,6],"to":[4,1.05,10],"faces":{"north":{"uv":[0.75,9,1,9.25],"texture":"#0"},"east":{"uv":[8.25,5,9.25,5.25],"texture":"#0"},"south":{"uv":[9,0.75,9.25,1],"texture":"#0"},"west":{"uv":[8.25,5.25,9.25,5.5],"texture":"#0"},"up":{"uv":[6.25,8.75,6,7.75],"texture":"#0"},"down":{"uv":[6.5,7.75,6.25,8.75],"texture":"#0"}}},{"from":[5,0.05,11],"to":[10,1.05,12],"faces":{"north":{"uv":[5.25,7.5,6.5,7.75],"texture":"#0"},"east":{"uv":[1,9,1.25,9.25],"texture":"#0"},"south":{"uv":[7.75,3.25,9,3.5],"texture":"#0"},"west":{"uv":[9,1,9.25,1.25],"texture":"#0"},"up":{"uv":[9,3.75,7.75,3.5],"texture":"#0"},"down":{"uv":[9,3.75,7.75,4],"texture":"#0"}}},{"from":[6,1.05,6],"to":[10,2.05,10],"faces":{"north":{"uv":[3,8,4,8.25],"texture":"#0"},"east":{"uv":[7.5,8,8.5,8.25],"texture":"#0"},"south":{"uv":[3,8.25,4,8.5],"texture":"#0"},"west":{"uv":[8.25,4.75,9.25,5],"texture":"#0"},"up":{"uv":[7.5,7.25,6.5,6.25],"texture":"#0"},"down":{"uv":[7.5,7.25,6.5,8.25],"texture":"#0"}}},{"from":[9,2.05,7],"to":[10,3.05,8],"faces":{"north":{"uv":[1.25,9,1.5,9.25],"texture":"#0"},"east":{"uv":[9,1.25,9.25,1.5],"texture":"#0"},"south":{"uv":[1.5,9,1.75,9.25],"texture":"#0"},"west":{"uv":[9,1.5,9.25,1.75],"texture":"#0"},"up":{"uv":[2,9.25,1.75,9],"texture":"#0"},"down":{"uv":[9.25,1.75,9,2],"texture":"#0"}}},{"from":[10,1.05,7],"to":[12,2.05,9],"faces":{"north":{"uv":[8.75,4.25,9.25,4.5],"texture":"#0"},"east":{"uv":[8.75,4.5,9.25,4.75],"texture":"#0"},"south":{"uv":[8.75,5.5,9.25,5.75],"texture":"#0"},"west":{"uv":[8.75,5.75,9.25,6],"texture":"#0"},"up":{"uv":[4.5,8.5,4,8],"texture":"#0"},"down":{"uv":[8.75,5.5,8.25,6],"texture":"#0"}}},{"from":[6,2.05,8],"to":[10,3.05,9],"faces":{"north":{"uv":[7.75,4,8.75,4.25],"texture":"#0"},"east":{"uv":[7,8.75,7.25,9],"texture":"#0"},"south":{"uv":[7.75,4.25,8.75,4.5],"texture":"#0"},"west":{"uv":[7.25,8.75,7.5,9],"texture":"#0"},"up":{"uv":[8.75,4.75,7.75,4.5],"texture":"#0"},"down":{"uv":[8.5,7.75,7.5,8],"texture":"#0"}}},{"from":[9,3.05,8],"to":[10,6.05,9],"faces":{"north":{"uv":[4,8.5,4.25,9.25],"texture":"#0"},"east":{"uv":[4.25,8.5,4.5,9.25],"texture":"#0"},"south":{"uv":[4.75,8.5,5,9.25],"texture":"#0"},"west":{"uv":[5,8.5,5.25,9.25],"texture":"#0"},"up":{"uv":[7.75,9,7.5,8.75],"texture":"#0"},"down":{"uv":[8,8.75,7.75,9],"texture":"#0"}}},{"from":[7,6.05,8],"to":[10,7.05,9],"faces":{"north":{"uv":[8.5,7.75,9.25,8],"texture":"#0"},"east":{"uv":[0.25,9,0.5,9.25],"texture":"#0"},"south":{"uv":[8.5,8,9.25,8.25],"texture":"#0"},"west":{"uv":[9,0.25,9.25,0.5],"texture":"#0"},"up":{"uv":[9.25,8.5,8.5,8.25],"texture":"#0"},"down":{"uv":[9.25,8.5,8.5,8.75],"texture":"#0"}}},{"from":[8,7.05,8],"to":[10,8.05,9],"faces":{"north":{"uv":[6,5.75,6.5,6],"texture":"#0"},"east":{"uv":[0.5,9,0.75,9.25],"texture":"#0"},"south":{"uv":[3,8.75,3.5,9],"texture":"#0"},"west":{"uv":[9,0.5,9.25,0.75],"texture":"#0"},"up":{"uv":[4,9,3.5,8.75],"texture":"#0"},"down":{"uv":[9.25,4,8.75,4.25],"texture":"#0"}}},{"from":[6,3.05,8],"to":[7,4.05,9],"faces":{"north":{"uv":[8,8.75,8.25,9],"texture":"#0"},"east":{"uv":[8.25,8.75,8.5,9],"texture":"#0"},"south":{"uv":[8.5,8.75,8.75,9],"texture":"#0"},"west":{"uv":[8.75,8.75,9,9],"texture":"#0"},"up":{"uv":[0.25,9.25,0,9],"texture":"#0"},"down":{"uv":[9.25,0,9,0.25],"texture":"#0"}}},{"from":[5,1.05,8],"to":[6,6.05,9],"faces":{"north":{"uv":[4.5,7.75,4.75,9],"texture":"#0"},"east":{"uv":[5.25,7.75,5.5,9],"texture":"#0"},"south":{"uv":[5.5,7.75,5.75,9],"texture":"#0"},"west":{"uv":[5.75,7.75,6,9],"texture":"#0"},"up":{"uv":[2.25,9.25,2,9],"texture":"#0"},"down":{"uv":[9.25,2,9,2.25],"texture":"#0"}}},{"from":[11,2,7.5],"to":[12,10,7.5],"rotation":{"angle":-45,"axis":"y","origin":[11.5,3,7.5]},"faces":{"north":{"uv":[2,0,0,16],"texture":"#1"},"east":{"uv":[6.75,4.625,6.75,6.625],"texture":"#missing"},"south":{"uv":[0,0,2,16],"texture":"#1"},"west":{"uv":[6.75,4.625,6.75,6.625],"texture":"#missing"},"up":{"uv":[6.75,4.625,7,4.625],"texture":"#missing"},"down":{"uv":[6.75,4.625,7,4.625],"texture":"#missing"}}},{"from":[11,2,7.5],"to":[12,10,7.5],"rotation":{"angle":45,"axis":"y","origin":[11.5,3,7.5]},"faces":{"north":{"uv":[3,0,5,16],"texture":"#1"},"east":{"uv":[0,0,0,2],"texture":"#missing"},"south":{"uv":[5,0,3,16],"texture":"#1"},"west":{"uv":[0,0,0,2],"texture":"#missing"},"up":{"uv":[0,0,0.25,0],"texture":"#missing"},"down":{"uv":[0,0,0.25,0],"texture":"#missing"}}},{"from":[5,1,7.5],"to":[6,9,7.5],"rotation":{"angle":-45,"axis":"y","origin":[5.5,2,7.5]},"faces":{"north":{"uv":[2,0,0,16],"texture":"#1"},"east":{"uv":[6.75,4.625,6.75,6.625],"texture":"#missing"},"south":{"uv":[0,0,2,16],"texture":"#1"},"west":{"uv":[6.75,4.625,6.75,6.625],"texture":"#missing"},"up":{"uv":[6.75,4.625,7,4.625],"texture":"#missing"},"down":{"uv":[6.75,4.625,7,4.625],"texture":"#missing"}}},{"from":[5,1,7.5],"to":[6,9,7.5],"rotation":{"angle":45,"axis":"y","origin":[5.5,2,7.5]},"faces":{"north":{"uv":[3,0,5,16],"texture":"#1"},"east":{"uv":[0,0,0,2],"texture":"#missing"},"south":{"uv":[5,0,3,16],"texture":"#1"},"west":{"uv":[0,0,0,2],"texture":"#missing"},"up":{"uv":[0,0,0.25,0],"texture":"#missing"},"down":{"uv":[0,0,0.25,0],"texture":"#missing"}}},{"from":[9,3,10.5],"to":[10,11,10.5],"rotation":{"angle":-45,"axis":"y","origin":[9.5,4,10.5]},"faces":{"north":{"uv":[2,0,0,16],"texture":"#1"},"east":{"uv":[6.75,4.625,6.75,6.625],"texture":"#missing"},"south":{"uv":[0,0,2,16],"texture":"#1"},"west":{"uv":[6.75,4.625,6.75,6.625],"texture":"#missing"},"up":{"uv":[6.75,4.625,7,4.625],"texture":"#missing"},"down":{"uv":[6.75,4.625,7,4.625],"texture":"#missing"}}},{"from":[9,3,10.5],"to":[10,11,10.5],"rotation":{"angle":45,"axis":"y","origin":[9.5,4,10.5]},"faces":{"north":{"uv":[3,0,5,16],"texture":"#1"},"east":{"uv":[0,0,0,2],"texture":"#missing"},"south":{"uv":[5,0,3,16],"texture":"#1"},"west":{"uv":[0,0,0,2],"texture":"#missing"},"up":{"uv":[0,0,0.25,0],"texture":"#missing"},"down":{"uv":[0,0,0.25,0],"texture":"#missing"}}}],"gui_light":"front","display":{"thirdperson_righthand":{"rotation":[67.5,0,0],"translation":[0,1.75,0.25],"scale":[0.25977,0.25977,0.25977]},"thirdperson_lefthand":{"rotation":[67.5,0,0],"translation":[0,1.75,0.25],"scale":[0.25977,0.25977,0.25977]},"firstperson_righthand":{"translation":[1.25,4.5,0],"scale":[0.39063,0.39063,0.39063]},"firstperson_lefthand":{"translation":[1.25,4.5,0],"scale":[0.39063,0.39063,0.39063]},"ground":{"translation":[0,6,0],"scale":[0.6,0.6,0.6]},"gui":{"rotation":[30,135,0],"translation":[0,1.25,0],"scale":[0.80469,0.80469,0.80469]},"head":{"rotation":[0,180,0],"translation":[0,-30.4,0],"scale":[1.6,1.6,1.6]},"fixed":{"rotation":[-90,0,0],"translation":[0,0,-16],"scale":[2,2,2]}}}