{"credit":"Made with Blockbench","texture_size":[64,64],"textures":{"0":"elitecreatures:aquatic_furniture_v2/nautiluscarpettexture","particle":"elitecreatures:aquatic_furniture_v2/nautiluscarpettexture"},"elements":[{"from":[-8,0.075,-8],"to":[24,0.075,24],"faces":{"north":{"uv":[0,0,8,0],"texture":"#0"},"east":{"uv":[0,0,8,0],"texture":"#0"},"south":{"uv":[0,0,8,0],"texture":"#0"},"west":{"uv":[0,0,8,0],"texture":"#0"},"up":{"uv":[8,8,0,0],"texture":"#0"},"down":{"uv":[0,8,8,0],"texture":"#0"}}}],"display":{"thirdperson_righthand":{"rotation":[67.5,0,0],"translation":[0,3.5,0.75],"scale":[0.25,0.25,0.25]},"thirdperson_lefthand":{"rotation":[67.5,0,0],"translation":[0,3.5,0.75],"scale":[0.25,0.25,0.25]},"firstperson_righthand":{"translation":[0.75,6.25,0],"scale":[0.34961,0.34961,0.34961]},"firstperson_lefthand":{"translation":[0.75,6.25,0],"scale":[0.34961,0.34961,0.34961]},"ground":{"translation":[0,6,0],"scale":[0.6,0.6,0.6]},"gui":{"rotation":[30,135,0],"translation":[0.25,3,0],"scale":[0.45898,0.45898,0.45898]},"head":{"rotation":[0,180,0],"translation":[0,-30.4,0],"scale":[1.6,1.6,1.6]},"fixed":{"rotation":[-90,0,0],"translation":[0,0,-16],"scale":[2,2,2]}}}