{"credit":"Made with Blockbench","texture_size":[64,64],"textures":{"0":"elitecreatures:aquatic_furniture_v2/sandpedestaltexture","particle":"elitecreatures:aquatic_furniture_v2/sandpedestaltexture"},"elements":[{"from":[1,0,1],"to":[15,2,15],"faces":{"north":{"uv":[9,9,12.5,9.5],"texture":"#0"},"east":{"uv":[9,9,12.5,9.5],"texture":"#0"},"south":{"uv":[9,9,12.5,9.5],"texture":"#0"},"west":{"uv":[9,9,12.5,9.5],"texture":"#0"},"up":{"uv":[3.5,3.5,0,0],"texture":"#0"},"down":{"uv":[3.5,3.5,0,7],"texture":"#0"}}},{"from":[1,14,1],"to":[15,16,15],"faces":{"north":{"uv":[10,0.5,13.5,1],"texture":"#0"},"east":{"uv":[10,0.5,13.5,1],"texture":"#0"},"south":{"uv":[10,0.5,13.5,1],"texture":"#0"},"west":{"uv":[10,0.5,13.5,1],"texture":"#0"},"up":{"uv":[7,3.5,3.5,0],"texture":"#0"},"down":{"uv":[7,3.5,3.5,7],"texture":"#0"}}},{"from":[2,2,2],"to":[14,14,14],"faces":{"north":{"uv":[0,7,3,10],"texture":"#0"},"east":{"uv":[0,7,3,10],"texture":"#0"},"south":{"uv":[0,7,3,10],"texture":"#0"},"west":{"uv":[0,7,3,10],"texture":"#0"},"up":{"uv":[9,10,6,7],"texture":"#0"},"down":{"uv":[12,6,9,9],"texture":"#0"}}},{"from":[9,8,1.925],"to":[13.5,12.5,1.925],"rotation":{"angle":0,"axis":"y","origin":[11.25,10.25,1.925]},"faces":{"north":{"uv":[7,0,8.125,1.125],"texture":"#0"},"east":{"uv":[7,0,7,1.125],"texture":"#missing"},"south":{"uv":[7,0,8.125,1.125],"texture":"#missing"},"west":{"uv":[7,0,7,1.125],"texture":"#missing"},"up":{"uv":[7,0,8.125,0],"texture":"#missing"},"down":{"uv":[7,0,8.125,0],"texture":"#missing"}}},{"from":[2.5,4,14.075],"to":[7,8.5,14.075],"rotation":{"angle":0,"axis":"y","origin":[4.75,10.25,14.075]},"faces":{"north":{"uv":[7,0,8.125,1.125],"texture":"#missing"},"east":{"uv":[7,0,7,1.125],"texture":"#missing"},"south":{"uv":[7,0,8.125,1.125],"texture":"#0"},"west":{"uv":[7,0,7,1.125],"texture":"#missing"},"up":{"uv":[8.125,0,7,0],"texture":"#missing"},"down":{"uv":[8.125,0,7,0],"texture":"#missing"}}}],"display":{"thirdperson_righthand":{"rotation":[67.5,0,0],"translation":[0,1.75,-0.25],"scale":[0.28711,0.28711,0.28711]},"thirdperson_lefthand":{"rotation":[67.5,0,0],"translation":[0,1.75,-0.25],"scale":[0.28711,0.28711,0.28711]},"firstperson_righthand":{"translation":[1.25,3.75,0],"scale":[0.32031,0.32031,0.32031]},"firstperson_lefthand":{"translation":[1.25,3.75,0],"scale":[0.32031,0.32031,0.32031]},"ground":{"translation":[0,6,0],"scale":[0.55,0.55,0.55]},"gui":{"rotation":[30,135,0],"scale":[0.65039,0.65039,0.65039]},"head":{"rotation":[0,180,0],"translation":[0,-30.4,0],"scale":[1.6,1.6,1.6]},"fixed":{"rotation":[-90,0,0],"translation":[0,0,-16],"scale":[2,2,2]}}}