{"credit":"Made with Blockbench","texture_size":[64,64],"textures":{"0":"elitecreatures:aquatic_furniture_v2/thedeeppaintingtexture","particle":"elitecreatures:aquatic_furniture_v2/thedeeppaintingtexture"},"elements":[{"from":[-4,0,0],"to":[20,0.5,16],"faces":{"north":{"uv":[6,0,12,0.125],"texture":"#0"},"east":{"uv":[6,0.5,10,0.625],"texture":"#0"},"south":{"uv":[6,0.25,12,0.375],"texture":"#0"},"west":{"uv":[6,0.75,10,0.875],"texture":"#0"},"up":{"uv":[6,4,0,0],"texture":"#0"},"down":{"uv":[6,4,0,8],"texture":"#0"}}}],"display":{"thirdperson_righthand":{"rotation":[67.5,0,0],"translation":[0,2.5,1.25],"scale":[0.27148,0.27148,0.27148]},"thirdperson_lefthand":{"rotation":[67.5,0,0],"translation":[0,2.5,1.25],"scale":[0.27148,0.27148,0.27148]},"firstperson_righthand":{"translation":[0,5.25,0],"scale":[0.40039,0.40039,0.40039]},"firstperson_lefthand":{"translation":[0,5.25,0],"scale":[0.40039,0.40039,0.40039]},"ground":{"translation":[0,6,0],"scale":[0.55,0.55,0.55]},"gui":{"rotation":[30,135,0],"translation":[0,3.25,0],"scale":[0.53906,0.53906,0.53906]},"head":{"rotation":[90,180,0],"translation":[0,-30.4,0],"scale":[1.6,1.6,1.6]},"fixed":{"rotation":[-90,0,0],"translation":[0,0,-16],"scale":[2,2,2]}}}