{"credit":"Made with Blockbench","texture_size":[64,64],"textures":{"0":"elitecreatures:aquatic_furniture_v2/treasurechesttexture","1":"elitecreatures:aquatic_furniture_v2/treasurechestanimation01","particle":"elitecreatures:aquatic_furniture_v2/treasurechesttexture"},"elements":[{"from":[1,0,1],"to":[15,9,15],"faces":{"north":{"uv":[0,7,3.5,9.25],"texture":"#0"},"east":{"uv":[7,7,3.5,9.25],"texture":"#0"},"south":{"uv":[3.5,7,0,9.25],"texture":"#0"},"west":{"uv":[3.5,7,7,9.25],"texture":"#0"},"up":{"uv":[3.5,3.5,0,0],"texture":"#0"},"down":{"uv":[3.5,3.5,0,7],"texture":"#0"}}},{"from":[1.05,-0.5,14],"to":[15.05,13.5,19],"rotation":{"angle":-22.5,"axis":"x","origin":[8.05,10.25,15.25]},"faces":{"north":{"uv":[3.5,0,7,3.5],"texture":"#0"},"east":{"uv":[7,4.5,8.25,8],"texture":"#0"},"south":{"uv":[3.5,3.5,7,7],"texture":"#0"},"west":{"uv":[8.25,4.5,7,8],"texture":"#0"},"up":{"uv":[11.75,5.75,8.25,4.5],"texture":"#0"},"down":{"uv":[11.75,4.5,8.25,5.75],"texture":"#0"}}},{"from":[7.05,13.5,12],"to":[9.05,14.5,16],"rotation":{"angle":-22.5,"axis":"x","origin":[8.05,10.25,15.25]},"faces":{"north":{"uv":[8.25,9,8.75,9.25],"texture":"#0"},"east":{"uv":[4.25,9.25,3.25,9.5],"texture":"#0"},"south":{"uv":[6.5,9.25,7,9.5],"texture":"#0"},"west":{"uv":[3.25,9.25,4.25,9.5],"texture":"#0"},"up":{"uv":[8.75,8,8.25,7],"texture":"#0"},"down":{"uv":[8.75,8,8.25,9],"texture":"#0"}}},{"from":[11,9,10],"to":[13.5,10,12.5],"rotation":{"angle":-22.5,"axis":"y","origin":[12.25,9.5,11.25]},"faces":{"north":{"uv":[4.5,9.5,5.125,9.75],"texture":"#0"},"east":{"uv":[4.5,9.5,5.125,9.75],"texture":"#0"},"south":{"uv":[4.5,9.5,5.125,9.75],"texture":"#0"},"west":{"uv":[4.5,9.5,5.125,9.75],"texture":"#0"},"up":{"uv":[9.375,9.125,8.75,8.5],"texture":"#0"},"down":{"uv":[2.125,9.25,1.5,9.875],"texture":"#0"}}},{"from":[4.4205,9,11.2955],"to":[6.9205,10,13.7955],"rotation":{"angle":45,"axis":"y","origin":[4.875,9.75,11.75]},"faces":{"north":{"uv":[4.5,9.5,5.125,9.75],"texture":"#0"},"east":{"uv":[4.5,9.5,5.125,9.75],"texture":"#0"},"south":{"uv":[4.5,9.5,5.125,9.75],"texture":"#0"},"west":{"uv":[4.5,9.5,5.125,9.75],"texture":"#0"},"up":{"uv":[9.375,9.125,8.75,8.5],"texture":"#0"},"down":{"uv":[9.375,7.75,8.75,8.375],"texture":"#0"}}},{"from":[2.68131,9.91149,10.5],"to":[5.18131,10.91149,13],"rotation":{"angle":22.5,"axis":"z","origin":[4.875,9.75,11.75]},"faces":{"north":{"uv":[4.5,9.5,5.125,9.75],"texture":"#0"},"east":{"uv":[4.5,9.5,5.125,9.75],"texture":"#0"},"south":{"uv":[4.5,9.5,5.125,9.75],"texture":"#0"},"west":{"uv":[4.5,9.5,5.125,9.75],"texture":"#0"},"up":{"uv":[9.375,9.125,8.75,8.5],"texture":"#0"},"down":{"uv":[0.625,9.25,0,9.875],"texture":"#0"}}},{"from":[2,11,8],"to":[5.5,17.5,8],"rotation":{"angle":45,"axis":"y","origin":[3.5,14,8]},"faces":{"north":{"uv":[0,0,7,13],"texture":"#1"},"east":{"uv":[0,0,0,1.625],"texture":"#missing"},"south":{"uv":[7,0,0,13],"texture":"#1"},"west":{"uv":[0,0,0,1.625],"texture":"#missing"},"up":{"uv":[0,0,0.875,0],"texture":"#missing"},"down":{"uv":[0,0,0.875,0],"texture":"#missing"}}},{"from":[1.5,11,8],"to":[5,17.5,8],"rotation":{"angle":-45,"axis":"y","origin":[3.5,14,8]},"faces":{"north":{"uv":[7,0,0,13],"texture":"#1"},"east":{"uv":[0,0,0,1.625],"texture":"#missing"},"south":{"uv":[0,0,7,13],"texture":"#1"},"west":{"uv":[0,0,0,1.625],"texture":"#missing"},"up":{"uv":[0,0,0.875,0],"rotation":180,"texture":"#missing"},"down":{"uv":[0,0,0.875,0],"rotation":180,"texture":"#missing"}}},{"from":[12,11,9],"to":[15.5,17.5,9],"rotation":{"angle":45,"axis":"y","origin":[13.5,14,9]},"faces":{"north":{"uv":[8,0,15,13],"texture":"#1"},"east":{"uv":[0,0,0,1.625],"texture":"#missing"},"south":{"uv":[15,0,8,13],"texture":"#1"},"west":{"uv":[0,0,0,1.625],"texture":"#missing"},"up":{"uv":[0,0,0.875,0],"texture":"#missing"},"down":{"uv":[0,0,0.875,0],"texture":"#missing"}}},{"from":[11.5,11,9],"to":[15,17.5,9],"rotation":{"angle":-45,"axis":"y","origin":[13.5,14,9]},"faces":{"north":{"uv":[15,0,8,13],"texture":"#1"},"east":{"uv":[0,0,0,1.625],"texture":"#missing"},"south":{"uv":[8,0,15,13],"texture":"#1"},"west":{"uv":[0,0,0,1.625],"texture":"#missing"},"up":{"uv":[0,0,0.875,0],"rotation":180,"texture":"#missing"},"down":{"uv":[0,0,0.875,0],"rotation":180,"texture":"#missing"}}}],"display":{"thirdperson_righthand":{"rotation":[67.5,0,0],"translation":[0,2.5,0.25],"scale":[0.31445,0.31445,0.31445]},"thirdperson_lefthand":{"rotation":[67.5,0,0],"translation":[0,2.5,0.25],"scale":[0.31445,0.31445,0.31445]},"firstperson_righthand":{"translation":[0,4.5,1.75],"scale":[0.27734,0.27734,0.27734]},"firstperson_lefthand":{"translation":[0,4.5,1.75],"scale":[0.27734,0.27734,0.27734]},"ground":{"translation":[0,6,0],"scale":[0.55,0.55,0.55]},"gui":{"rotation":[30,135,0],"translation":[-1.5,0,0],"scale":[0.59766,0.59766,0.59766]},"head":{"rotation":[0,180,0],"translation":[0,-30.4,0],"scale":[1.6,1.6,1.6]},"fixed":{"rotation":[-90,0,0],"translation":[0,0,-16],"scale":[2,2,2]}}}