{"credit":"Made with Blockbench","texture_size":[64,64],"textures":{"0":"elitecreatures:aquatic_furniture_v2/tridentpedestaltexture","1":"elitecreatures:aquatic_furniture_v2/tridentpedestalanimation01","particle":"elitecreatures:aquatic_furniture_v2/tridentpedestaltexture"},"elements":[{"from":[1,-16,1],"to":[15,-14,15],"faces":{"north":{"uv":[3.125,7.75,6.625,8.25],"texture":"#0"},"east":{"uv":[3.125,7.75,6.625,8.25],"texture":"#0"},"south":{"uv":[3.125,7.75,6.625,8.25],"texture":"#0"},"west":{"uv":[3.125,7.75,6.625,8.25],"texture":"#0"},"up":{"uv":[3.5,3.5,0,0],"texture":"#0"},"down":{"uv":[3.5,3.5,0,7],"texture":"#0"}}},{"from":[1,-2,1],"to":[15,0,15],"faces":{"north":{"uv":[3.125,7.125,6.625,7.625],"texture":"#0"},"east":{"uv":[3.125,7.125,6.625,7.625],"texture":"#0"},"south":{"uv":[3.125,7.125,6.625,7.625],"texture":"#0"},"west":{"uv":[3.125,7.125,6.625,7.625],"texture":"#0"},"up":{"uv":[7,3.5,3.5,0],"texture":"#0"},"down":{"uv":[7,3.5,3.5,7],"texture":"#0"}}},{"from":[2,-14,2],"to":[14,-2,14],"faces":{"north":{"uv":[0,7,3,10],"texture":"#0"},"east":{"uv":[0,7,3,10],"texture":"#0"},"south":{"uv":[0,7,3,10],"texture":"#0"},"west":{"uv":[0,7,3,10],"texture":"#0"}}},{"from":[9,-8,1.925],"to":[13.5,-3.5,1.925],"rotation":{"angle":0,"axis":"y","origin":[11.25,10.25,1.925]},"faces":{"north":{"uv":[7,0,8.125,1.125],"texture":"#0"},"east":{"uv":[7,0,7,1.125],"texture":"#missing"},"south":{"uv":[7,0,8.125,1.125],"texture":"#missing"},"west":{"uv":[7,0,7,1.125],"texture":"#missing"},"up":{"uv":[7,0,8.125,0],"texture":"#missing"},"down":{"uv":[7,0,8.125,0],"texture":"#missing"}}},{"from":[2.5,-12,14.075],"to":[7,-7.5,14.075],"rotation":{"angle":0,"axis":"y","origin":[4.75,10.25,14.075]},"faces":{"north":{"uv":[7,0,8.125,1.125],"texture":"#missing"},"east":{"uv":[7,0,7,1.125],"texture":"#missing"},"south":{"uv":[7,0,8.125,1.125],"texture":"#0"},"west":{"uv":[7,0,7,1.125],"texture":"#missing"},"up":{"uv":[8.125,0,7,0],"texture":"#missing"},"down":{"uv":[8.125,0,7,0],"texture":"#missing"}}},{"from":[7.5,1,7.5],"to":[8.5,27,8.5],"rotation":{"angle":0,"axis":"y","origin":[8,19,8]},"faces":{"north":{"uv":[1,0.25,1.5,13.275],"texture":"#1"},"east":{"uv":[1,0.25,1.5,13.275],"texture":"#1"},"south":{"uv":[1,0.25,1.5,13.275],"texture":"#1"},"west":{"uv":[1,0.25,1.5,13.275],"texture":"#1"},"up":{"uv":[1,0.25,1.5,0.75],"rotation":180,"texture":"#1"},"down":{"uv":[1,12.75,1.5,13.25],"rotation":180,"texture":"#1"}}},{"from":[9.5,22,7.5],"to":[10.5,26,8.5],"rotation":{"angle":0,"axis":"y","origin":[8,19,8]},"faces":{"north":{"uv":[0.25,0.25,0.75,2.25],"texture":"#1"},"east":{"uv":[0.25,0.25,0.5,2.25],"texture":"#1"},"south":{"uv":[0.75,0.25,0.25,2.25],"texture":"#1"},"west":{"uv":[0.5,0.25,0.75,2.25],"texture":"#1"},"up":{"uv":[0.25,0.25,0.5,0.5],"rotation":180,"texture":"#1"},"down":{"uv":[0.75,2.25,0.5,1.75],"rotation":90,"texture":"#1"}}},{"from":[5.5,22,7.5],"to":[6.5,26,8.5],"rotation":{"angle":0,"axis":"y","origin":[8,19,8]},"faces":{"north":{"uv":[0.75,0.25,0.25,2.25],"texture":"#1"},"east":{"uv":[0.75,0.25,0.5,2.25],"texture":"#1"},"south":{"uv":[0.25,0.25,0.75,2.25],"texture":"#1"},"west":{"uv":[0.5,0.25,0.25,2.25],"texture":"#1"},"up":{"uv":[0.5,0.25,0.25,0.5],"rotation":180,"texture":"#1"},"down":{"uv":[0.75,1.75,0.5,2.25],"rotation":90,"texture":"#1"}}},{"from":[6.5,21,7.5],"to":[7.5,23,8.5],"rotation":{"angle":0,"axis":"y","origin":[8,19,8]},"faces":{"north":{"uv":[0.75,2.5,0.25,3.5],"texture":"#1"},"east":{"uv":[0.75,2.5,0.25,3.5],"texture":"#1"},"south":{"uv":[0.75,2.5,0.25,3.5],"texture":"#1"},"west":{"uv":[0.75,2.5,0.25,3.5],"texture":"#1"},"up":{"uv":[0.25,2.5,0.5,2.75],"rotation":180,"texture":"#1"},"down":{"uv":[0.25,2.75,0.5,3],"rotation":180,"texture":"#1"}}},{"from":[8.5,21,7.5],"to":[9.5,23,8.5],"rotation":{"angle":0,"axis":"y","origin":[8,19,8]},"faces":{"north":{"uv":[0.25,2.5,0.75,3.5],"texture":"#1"},"east":{"uv":[0.25,2.5,0.75,3.5],"texture":"#1"},"south":{"uv":[0.25,2.5,0.75,3.5],"texture":"#1"},"west":{"uv":[0.25,2.5,0.75,3.5],"texture":"#1"},"up":{"uv":[0.5,2.5,0.25,2.75],"rotation":180,"texture":"#1"},"down":{"uv":[0.5,2.75,0.25,3],"rotation":180,"texture":"#1"}}},{"from":[7.5,1,7.5],"to":[8.5,27,8.5],"rotation":{"angle":22.5,"axis":"y","origin":[8,19,8]},"faces":{"north":{"uv":[2.5,0.25,3,13.275],"texture":"#1"},"east":{"uv":[2.5,0.25,3,13.275],"texture":"#1"},"south":{"uv":[2.5,0.25,3,13.275],"texture":"#1"},"west":{"uv":[2.5,0.25,3,13.275],"texture":"#1"},"up":{"uv":[2.5,0.25,3,0.75],"rotation":180,"texture":"#1"},"down":{"uv":[2.5,12.75,3,13.25],"rotation":180,"texture":"#1"}}},{"from":[9.5,22,7.5],"to":[10.5,26,8.5],"rotation":{"angle":22.5,"axis":"y","origin":[8,19,8]},"faces":{"north":{"uv":[1.75,0.25,2.25,2.25],"texture":"#1"},"east":{"uv":[1.75,0.25,2,2.25],"texture":"#1"},"south":{"uv":[2.25,0.25,1.75,2.25],"texture":"#1"},"west":{"uv":[2,0.25,2.25,2.25],"texture":"#1"},"up":{"uv":[1.75,0.25,2,0.5],"rotation":180,"texture":"#1"},"down":{"uv":[2.25,2.25,2,1.75],"rotation":90,"texture":"#1"}}},{"from":[5.5,22,7.5],"to":[6.5,26,8.5],"rotation":{"angle":22.5,"axis":"y","origin":[8,19,8]},"faces":{"north":{"uv":[2.25,0.25,1.75,2.25],"texture":"#1"},"east":{"uv":[2.25,0.25,2,2.25],"texture":"#1"},"south":{"uv":[1.75,0.25,2.25,2.25],"texture":"#1"},"west":{"uv":[2,0.25,1.75,2.25],"texture":"#1"},"up":{"uv":[2,0.25,1.75,0.5],"rotation":180,"texture":"#1"},"down":{"uv":[2.25,1.75,2,2.25],"rotation":90,"texture":"#1"}}},{"from":[6.5,21,7.5],"to":[7.5,23,8.5],"rotation":{"angle":22.5,"axis":"y","origin":[8,19,8]},"faces":{"north":{"uv":[2.25,2.5,1.75,3.5],"texture":"#1"},"east":{"uv":[2.25,2.5,1.75,3.5],"texture":"#1"},"south":{"uv":[2.25,2.5,1.75,3.5],"texture":"#1"},"west":{"uv":[2.25,2.5,1.75,3.5],"texture":"#1"},"up":{"uv":[1.75,2.5,2,2.75],"rotation":180,"texture":"#1"},"down":{"uv":[1.75,2.75,2,3],"rotation":180,"texture":"#1"}}},{"from":[8.5,21,7.5],"to":[9.5,23,8.5],"rotation":{"angle":22.5,"axis":"y","origin":[8,19,8]},"faces":{"north":{"uv":[1.75,2.5,2.25,3.5],"texture":"#1"},"east":{"uv":[1.75,2.5,2.25,3.5],"texture":"#1"},"south":{"uv":[1.75,2.5,2.25,3.5],"texture":"#1"},"west":{"uv":[1.75,2.5,2.25,3.5],"texture":"#1"},"up":{"uv":[2,2.5,1.75,2.75],"rotation":180,"texture":"#1"},"down":{"uv":[2,2.75,1.75,3],"rotation":180,"texture":"#1"}}},{"from":[7.5,1,7.5],"to":[8.5,27,8.5],"rotation":{"angle":45,"axis":"y","origin":[8,19,8]},"faces":{"north":{"uv":[4,0.25,4.5,13.275],"texture":"#1"},"east":{"uv":[4,0.25,4.5,13.275],"texture":"#1"},"south":{"uv":[4,0.25,4.5,13.275],"texture":"#1"},"west":{"uv":[4,0.25,4.5,13.275],"texture":"#1"},"up":{"uv":[4,0.25,4.5,0.75],"rotation":180,"texture":"#1"},"down":{"uv":[4,12.75,4.5,13.25],"rotation":180,"texture":"#1"}}},{"from":[9.5,22,7.5],"to":[10.5,26,8.5],"rotation":{"angle":45,"axis":"y","origin":[8,19,8]},"faces":{"north":{"uv":[3.25,0.25,3.75,2.25],"texture":"#1"},"east":{"uv":[3.25,0.25,3.5,2.25],"texture":"#1"},"south":{"uv":[3.75,0.25,3.25,2.25],"texture":"#1"},"west":{"uv":[3.5,0.25,3.75,2.25],"texture":"#1"},"up":{"uv":[3.25,0.25,3.5,0.5],"rotation":180,"texture":"#1"},"down":{"uv":[3.75,2.25,3.5,1.75],"rotation":90,"texture":"#1"}}},{"from":[5.5,22,7.5],"to":[6.5,26,8.5],"rotation":{"angle":45,"axis":"y","origin":[8,19,8]},"faces":{"north":{"uv":[3.75,0.25,3.25,2.25],"texture":"#1"},"east":{"uv":[3.75,0.25,3.5,2.25],"texture":"#1"},"south":{"uv":[3.25,0.25,3.75,2.25],"texture":"#1"},"west":{"uv":[3.5,0.25,3.25,2.25],"texture":"#1"},"up":{"uv":[3.5,0.25,3.25,0.5],"rotation":180,"texture":"#1"},"down":{"uv":[3.75,1.75,3.5,2.25],"rotation":90,"texture":"#1"}}},{"from":[6.5,21,7.5],"to":[7.5,23,8.5],"rotation":{"angle":45,"axis":"y","origin":[8,19,8]},"faces":{"north":{"uv":[3.75,2.5,3.25,3.5],"texture":"#1"},"east":{"uv":[3.75,2.5,3.25,3.5],"texture":"#1"},"south":{"uv":[3.75,2.5,3.25,3.5],"texture":"#1"},"west":{"uv":[3.75,2.5,3.25,3.5],"texture":"#1"},"up":{"uv":[3.25,2.5,3.5,2.75],"rotation":180,"texture":"#1"},"down":{"uv":[3.25,2.75,3.5,3],"rotation":180,"texture":"#1"}}},{"from":[8.5,21,7.5],"to":[9.5,23,8.5],"rotation":{"angle":45,"axis":"y","origin":[8,19,8]},"faces":{"north":{"uv":[3.25,2.5,3.75,3.5],"texture":"#1"},"east":{"uv":[3.25,2.5,3.75,3.5],"texture":"#1"},"south":{"uv":[3.25,2.5,3.75,3.5],"texture":"#1"},"west":{"uv":[3.25,2.5,3.75,3.5],"texture":"#1"},"up":{"uv":[3.5,2.5,3.25,2.75],"rotation":180,"texture":"#1"},"down":{"uv":[3.5,2.75,3.25,3],"rotation":180,"texture":"#1"}}},{"from":[7.5,1,7.5],"to":[8.5,27,8.5],"rotation":{"angle":-22.5,"axis":"y","origin":[8,19,8]},"faces":{"north":{"uv":[5.5,0.25,6,13.275],"texture":"#1"},"east":{"uv":[5.5,0.25,6,13.275],"texture":"#1"},"south":{"uv":[5.5,0.25,6,13.275],"texture":"#1"},"west":{"uv":[5.5,0.25,6,13.275],"texture":"#1"},"up":{"uv":[5.5,0.25,6,0.75],"rotation":90,"texture":"#1"},"down":{"uv":[5.5,12.75,6,13.25],"rotation":270,"texture":"#1"}}},{"from":[7.5,22,5.5],"to":[8.5,26,6.5],"rotation":{"angle":-22.5,"axis":"y","origin":[8,19,8]},"faces":{"north":{"uv":[4.75,0.25,5,2.25],"texture":"#1"},"east":{"uv":[5.25,0.25,4.75,2.25],"texture":"#1"},"south":{"uv":[5,0.25,5.25,2.25],"texture":"#1"},"west":{"uv":[4.75,0.25,5.25,2.25],"texture":"#1"},"up":{"uv":[4.75,0.25,5,0.5],"rotation":90,"texture":"#1"},"down":{"uv":[5.25,2.25,5,1.75],"rotation":180,"texture":"#1"}}},{"from":[7.5,22,9.5],"to":[8.5,26,10.5],"rotation":{"angle":-22.5,"axis":"y","origin":[8,19,8]},"faces":{"north":{"uv":[5.25,0.25,5,2.25],"texture":"#1"},"east":{"uv":[4.75,0.25,5.25,2.25],"texture":"#1"},"south":{"uv":[5,0.25,4.75,2.25],"texture":"#1"},"west":{"uv":[5.25,0.25,4.75,2.25],"texture":"#1"},"up":{"uv":[5,0.25,4.75,0.5],"rotation":90,"texture":"#1"},"down":{"uv":[5.25,1.75,5,2.25],"rotation":180,"texture":"#1"}}},{"from":[7.5,21,8.5],"to":[8.5,23,9.5],"rotation":{"angle":-22.5,"axis":"y","origin":[8,19,8]},"faces":{"north":{"uv":[5.25,2.5,4.75,3.5],"texture":"#1"},"east":{"uv":[5.25,2.5,4.75,3.5],"texture":"#1"},"south":{"uv":[5.25,2.5,4.75,3.5],"texture":"#1"},"west":{"uv":[5.25,2.5,4.75,3.5],"texture":"#1"},"up":{"uv":[4.75,2.5,5,2.75],"rotation":90,"texture":"#1"},"down":{"uv":[4.75,2.75,5,3],"rotation":270,"texture":"#1"}}},{"from":[7.5,21,6.5],"to":[8.5,23,7.5],"rotation":{"angle":-22.5,"axis":"y","origin":[8,19,8]},"faces":{"north":{"uv":[4.75,2.5,5.25,3.5],"texture":"#1"},"east":{"uv":[4.75,2.5,5.25,3.5],"texture":"#1"},"south":{"uv":[4.75,2.5,5.25,3.5],"texture":"#1"},"west":{"uv":[4.75,2.5,5.25,3.5],"texture":"#1"},"up":{"uv":[5,2.5,4.75,2.75],"rotation":90,"texture":"#1"},"down":{"uv":[5,2.75,4.75,3],"rotation":270,"texture":"#1"}}},{"from":[7.5,1,7.5],"to":[8.5,27,8.5],"rotation":{"angle":0,"axis":"y","origin":[8,19,8]},"faces":{"north":{"uv":[7,0.25,7.5,13.275],"texture":"#1"},"east":{"uv":[7,0.25,7.5,13.275],"texture":"#1"},"south":{"uv":[7,0.25,7.5,13.275],"texture":"#1"},"west":{"uv":[7,0.25,7.5,13.275],"texture":"#1"},"up":{"uv":[7,0.25,7.5,0.75],"rotation":90,"texture":"#1"},"down":{"uv":[7,12.75,7.5,13.25],"rotation":270,"texture":"#1"}}},{"from":[7.5,22,5.5],"to":[8.5,26,6.5],"rotation":{"angle":0,"axis":"y","origin":[8,19,8]},"faces":{"north":{"uv":[6.25,0.25,6.5,2.25],"texture":"#1"},"east":{"uv":[6.75,0.25,6.25,2.25],"texture":"#1"},"south":{"uv":[6.5,0.25,6.75,2.25],"texture":"#1"},"west":{"uv":[6.25,0.25,6.75,2.25],"texture":"#1"},"up":{"uv":[6.25,0.25,6.5,0.5],"rotation":90,"texture":"#1"},"down":{"uv":[6.75,2.25,6.5,1.75],"rotation":180,"texture":"#1"}}},{"from":[7.5,22,9.5],"to":[8.5,26,10.5],"rotation":{"angle":0,"axis":"y","origin":[8,19,8]},"faces":{"north":{"uv":[6.75,0.25,6.5,2.25],"texture":"#1"},"east":{"uv":[6.25,0.25,6.75,2.25],"texture":"#1"},"south":{"uv":[6.5,0.25,6.25,2.25],"texture":"#1"},"west":{"uv":[6.75,0.25,6.25,2.25],"texture":"#1"},"up":{"uv":[6.5,0.25,6.25,0.5],"rotation":90,"texture":"#1"},"down":{"uv":[6.75,1.75,6.5,2.25],"rotation":180,"texture":"#1"}}},{"from":[7.5,21,8.5],"to":[8.5,23,9.5],"rotation":{"angle":0,"axis":"y","origin":[8,19,8]},"faces":{"north":{"uv":[6.75,2.5,6.25,3.5],"texture":"#1"},"east":{"uv":[6.75,2.5,6.25,3.5],"texture":"#1"},"south":{"uv":[6.75,2.5,6.25,3.5],"texture":"#1"},"west":{"uv":[6.75,2.5,6.25,3.5],"texture":"#1"},"up":{"uv":[6.25,2.5,6.5,2.75],"rotation":90,"texture":"#1"},"down":{"uv":[6.25,2.75,6.5,3],"rotation":270,"texture":"#1"}}},{"from":[7.5,21,6.5],"to":[8.5,23,7.5],"rotation":{"angle":0,"axis":"y","origin":[8,19,8]},"faces":{"north":{"uv":[6.25,2.5,6.75,3.5],"texture":"#1"},"east":{"uv":[6.25,2.5,6.75,3.5],"texture":"#1"},"south":{"uv":[6.25,2.5,6.75,3.5],"texture":"#1"},"west":{"uv":[6.25,2.5,6.75,3.5],"texture":"#1"},"up":{"uv":[6.5,2.5,6.25,2.75],"rotation":90,"texture":"#1"},"down":{"uv":[6.5,2.75,6.25,3],"rotation":270,"texture":"#1"}}},{"from":[7.5,1,7.5],"to":[8.5,27,8.5],"rotation":{"angle":22.5,"axis":"y","origin":[8,19,8]},"faces":{"north":{"uv":[8.5,0.25,9,13.275],"texture":"#1"},"east":{"uv":[8.5,0.25,9,13.275],"texture":"#1"},"south":{"uv":[8.5,0.25,9,13.275],"texture":"#1"},"west":{"uv":[8.5,0.25,9,13.275],"texture":"#1"},"up":{"uv":[8.5,0.25,9,0.75],"rotation":90,"texture":"#1"},"down":{"uv":[8.5,12.75,9,13.25],"rotation":270,"texture":"#1"}}},{"from":[7.5,22,5.5],"to":[8.5,26,6.5],"rotation":{"angle":22.5,"axis":"y","origin":[8,19,8]},"faces":{"north":{"uv":[7.75,0.25,8,2.25],"texture":"#1"},"east":{"uv":[8.25,0.25,7.75,2.25],"texture":"#1"},"south":{"uv":[8,0.25,8.25,2.25],"texture":"#1"},"west":{"uv":[7.75,0.25,8.25,2.25],"texture":"#1"},"up":{"uv":[7.75,0.25,8,0.5],"rotation":90,"texture":"#1"},"down":{"uv":[8.25,2.25,8,1.75],"rotation":180,"texture":"#1"}}},{"from":[7.5,22,9.5],"to":[8.5,26,10.5],"rotation":{"angle":22.5,"axis":"y","origin":[8,19,8]},"faces":{"north":{"uv":[8.25,0.25,8,2.25],"texture":"#1"},"east":{"uv":[7.75,0.25,8.25,2.25],"texture":"#1"},"south":{"uv":[8,0.25,7.75,2.25],"texture":"#1"},"west":{"uv":[8.25,0.25,7.75,2.25],"texture":"#1"},"up":{"uv":[8,0.25,7.75,0.5],"rotation":90,"texture":"#1"},"down":{"uv":[8.25,1.75,8,2.25],"rotation":180,"texture":"#1"}}},{"from":[7.5,21,8.5],"to":[8.5,23,9.5],"rotation":{"angle":22.5,"axis":"y","origin":[8,19,8]},"faces":{"north":{"uv":[8.25,2.5,7.75,3.5],"texture":"#1"},"east":{"uv":[8.25,2.5,7.75,3.5],"texture":"#1"},"south":{"uv":[8.25,2.5,7.75,3.5],"texture":"#1"},"west":{"uv":[8.25,2.5,7.75,3.5],"texture":"#1"},"up":{"uv":[7.75,2.5,8,2.75],"rotation":90,"texture":"#1"},"down":{"uv":[7.75,2.75,8,3],"rotation":270,"texture":"#1"}}},{"from":[7.5,21,6.5],"to":[8.5,23,7.5],"rotation":{"angle":22.5,"axis":"y","origin":[8,19,8]},"faces":{"north":{"uv":[7.75,2.5,8.25,3.5],"texture":"#1"},"east":{"uv":[7.75,2.5,8.25,3.5],"texture":"#1"},"south":{"uv":[7.75,2.5,8.25,3.5],"texture":"#1"},"west":{"uv":[7.75,2.5,8.25,3.5],"texture":"#1"},"up":{"uv":[8,2.5,7.75,2.75],"rotation":90,"texture":"#1"},"down":{"uv":[8,2.75,7.75,3],"rotation":270,"texture":"#1"}}},{"from":[7.5,1,7.5],"to":[8.5,27,8.5],"rotation":{"angle":45,"axis":"y","origin":[8,19,8]},"faces":{"north":{"uv":[10,0.25,10.5,13.275],"texture":"#1"},"east":{"uv":[10,0.25,10.5,13.275],"texture":"#1"},"south":{"uv":[10,0.25,10.5,13.275],"texture":"#1"},"west":{"uv":[10,0.25,10.5,13.275],"texture":"#1"},"up":{"uv":[10,0.25,10.5,0.75],"rotation":90,"texture":"#1"},"down":{"uv":[10,12.75,10.5,13.25],"rotation":270,"texture":"#1"}}},{"from":[7.5,22,5.5],"to":[8.5,26,6.5],"rotation":{"angle":45,"axis":"y","origin":[8,19,8]},"faces":{"north":{"uv":[9.25,0.25,9.5,2.25],"texture":"#1"},"east":{"uv":[9.75,0.25,9.25,2.25],"texture":"#1"},"south":{"uv":[9.5,0.25,9.75,2.25],"texture":"#1"},"west":{"uv":[9.25,0.25,9.75,2.25],"texture":"#1"},"up":{"uv":[9.25,0.25,9.5,0.5],"rotation":90,"texture":"#1"},"down":{"uv":[9.75,2.25,9.5,1.75],"rotation":180,"texture":"#1"}}},{"from":[7.5,22,9.5],"to":[8.5,26,10.5],"rotation":{"angle":45,"axis":"y","origin":[8,19,8]},"faces":{"north":{"uv":[9.75,0.25,9.5,2.25],"texture":"#1"},"east":{"uv":[9.25,0.25,9.75,2.25],"texture":"#1"},"south":{"uv":[9.5,0.25,9.25,2.25],"texture":"#1"},"west":{"uv":[9.75,0.25,9.25,2.25],"texture":"#1"},"up":{"uv":[9.5,0.25,9.25,0.5],"rotation":90,"texture":"#1"},"down":{"uv":[9.75,1.75,9.5,2.25],"rotation":180,"texture":"#1"}}},{"from":[7.5,21,8.5],"to":[8.5,23,9.5],"rotation":{"angle":45,"axis":"y","origin":[8,19,8]},"faces":{"north":{"uv":[9.75,2.5,9.25,3.5],"texture":"#1"},"east":{"uv":[9.75,2.5,9.25,3.5],"texture":"#1"},"south":{"uv":[9.75,2.5,9.25,3.5],"texture":"#1"},"west":{"uv":[9.75,2.5,9.25,3.5],"texture":"#1"},"up":{"uv":[9.25,2.5,9.5,2.75],"rotation":90,"texture":"#1"},"down":{"uv":[9.25,2.75,9.5,3],"rotation":270,"texture":"#1"}}},{"from":[7.5,21,6.5],"to":[8.5,23,7.5],"rotation":{"angle":45,"axis":"y","origin":[8,19,8]},"faces":{"north":{"uv":[9.25,2.5,9.75,3.5],"texture":"#1"},"east":{"uv":[9.25,2.5,9.75,3.5],"texture":"#1"},"south":{"uv":[9.25,2.5,9.75,3.5],"texture":"#1"},"west":{"uv":[9.25,2.5,9.75,3.5],"texture":"#1"},"up":{"uv":[9.5,2.5,9.25,2.75],"rotation":90,"texture":"#1"},"down":{"uv":[9.5,2.75,9.25,3],"rotation":270,"texture":"#1"}}},{"from":[7.5,1,7.5],"to":[8.5,27,8.5],"rotation":{"angle":-22.5,"axis":"y","origin":[8,19,8]},"faces":{"north":{"uv":[11.5,0.25,12,13.275],"texture":"#1"},"east":{"uv":[11.5,0.25,12,13.275],"texture":"#1"},"south":{"uv":[11.5,0.25,12,13.275],"texture":"#1"},"west":{"uv":[11.5,0.25,12,13.275],"texture":"#1"},"up":{"uv":[11.5,0.25,12,0.75],"texture":"#1"},"down":{"uv":[11.5,12.75,12,13.25],"texture":"#1"}}},{"from":[5.5,22,7.5],"to":[6.5,26,8.5],"rotation":{"angle":-22.5,"axis":"y","origin":[8,19,8]},"faces":{"north":{"uv":[11.25,0.25,10.75,2.25],"texture":"#1"},"east":{"uv":[11,0.25,11.25,2.25],"texture":"#1"},"south":{"uv":[10.75,0.25,11.25,2.25],"texture":"#1"},"west":{"uv":[10.75,0.25,11,2.25],"texture":"#1"},"up":{"uv":[10.75,0.25,11,0.5],"texture":"#1"},"down":{"uv":[11.25,2.25,11,1.75],"rotation":270,"texture":"#1"}}},{"from":[9.5,22,7.5],"to":[10.5,26,8.5],"rotation":{"angle":-22.5,"axis":"y","origin":[8,19,8]},"faces":{"north":{"uv":[10.75,0.25,11.25,2.25],"texture":"#1"},"east":{"uv":[11,0.25,10.75,2.25],"texture":"#1"},"south":{"uv":[11.25,0.25,10.75,2.25],"texture":"#1"},"west":{"uv":[11.25,0.25,11,2.25],"texture":"#1"},"up":{"uv":[11,0.25,10.75,0.5],"texture":"#1"},"down":{"uv":[11.25,1.75,11,2.25],"rotation":270,"texture":"#1"}}},{"from":[8.5,21,7.5],"to":[9.5,23,8.5],"rotation":{"angle":-22.5,"axis":"y","origin":[8,19,8]},"faces":{"north":{"uv":[11.25,2.5,10.75,3.5],"texture":"#1"},"east":{"uv":[11.25,2.5,10.75,3.5],"texture":"#1"},"south":{"uv":[11.25,2.5,10.75,3.5],"texture":"#1"},"west":{"uv":[11.25,2.5,10.75,3.5],"texture":"#1"},"up":{"uv":[10.75,2.5,11,2.75],"texture":"#1"},"down":{"uv":[10.75,2.75,11,3],"texture":"#1"}}},{"from":[6.5,21,7.5],"to":[7.5,23,8.5],"rotation":{"angle":-22.5,"axis":"y","origin":[8,19,8]},"faces":{"north":{"uv":[10.75,2.5,11.25,3.5],"texture":"#1"},"east":{"uv":[10.75,2.5,11.25,3.5],"texture":"#1"},"south":{"uv":[10.75,2.5,11.25,3.5],"texture":"#1"},"west":{"uv":[10.75,2.5,11.25,3.5],"texture":"#1"},"up":{"uv":[11,2.5,10.75,2.75],"texture":"#1"},"down":{"uv":[11,2.75,10.75,3],"texture":"#1"}}},{"from":[2.25,0,2.25],"to":[13.75,8,13.75],"faces":{"north":{"uv":[0,14,2.875,16],"texture":"#0"},"east":{"uv":[0,14,2.875,16],"texture":"#0"},"south":{"uv":[0,14,2.875,16],"texture":"#0"},"west":{"uv":[0,14,2.875,16],"texture":"#0"}}}],"gui_light":"front","display":{"thirdperson_righthand":{"rotation":[67.5,0,0],"translation":[0,3,3.25],"scale":[0.25195,0.25195,0.25195]},"thirdperson_lefthand":{"rotation":[67.5,0,0],"translation":[0,3,3.25],"scale":[0.25195,0.25195,0.25195]},"firstperson_righthand":{"translation":[2.5,7,0],"scale":[0.25,0.25,0.25]},"firstperson_lefthand":{"translation":[2.5,7,0],"scale":[0.25,0.25,0.25]},"ground":{"translation":[0,11,0],"scale":[0.45,0.45,0.45]},"gui":{"rotation":[30,135,0],"translation":[0,1.5,0],"scale":[0.35547,0.35547,0.35547]},"head":{"rotation":[0,180,0],"translation":[0,-4.8,0],"scale":[1.6,1.6,1.6]},"fixed":{"rotation":[-90,0,0],"translation":[0,0,-48],"scale":[2,2,2]}}}