{"credit":"Made with Blockbench","texture_size":[64,64],"textures":{"0":"elitecreatures:aquatic_furniture_v2/turtleplushtexture","particle":"elitecreatures:aquatic_furniture_v2/turtleplushtexture"},"elements":[{"from":[3.75,0,2],"to":[12.25,2,14],"rotation":{"angle":0,"axis":"y","origin":[7,0,7]},"faces":{"north":{"uv":[6.5,3,8.625,3.5],"texture":"#0"},"east":{"uv":[6.5,2,9.5,2.5],"texture":"#0"},"south":{"uv":[3.25,7.25,5.375,7.75],"texture":"#0"},"west":{"uv":[9.5,2,6.5,2.5],"texture":"#0"},"up":{"uv":[2.125,6.5,0,3.5],"texture":"#0"},"down":{"uv":[4.375,3.5,2.25,6.5],"texture":"#0"}}},{"from":[-3.25,0.5,3],"to":[4.75,2,6.5],"rotation":{"angle":22.5,"axis":"y","origin":[4.75,1.25,4.75]},"faces":{"north":{"uv":[7.75,6,9.75,6.375],"texture":"#0"},"east":{"uv":[3.25,6.5,4.125,6.875],"texture":"#0"},"south":{"uv":[7.75,6.5,9.75,6.875],"texture":"#0"},"west":{"uv":[8,4.5,8.875,4.875],"texture":"#0"},"up":{"uv":[8.5,0.875,6.5,0],"texture":"#0"},"down":{"uv":[8.5,1,6.5,1.875],"texture":"#0"}}},{"from":[11.25,0.5,3],"to":[19.25,2,6.5],"rotation":{"angle":-22.5,"axis":"y","origin":[11.25,1.25,4.75]},"faces":{"north":{"uv":[9.75,6,7.75,6.375],"texture":"#0"},"east":{"uv":[8.875,4.5,8,4.875],"texture":"#0"},"south":{"uv":[9.75,6.5,7.75,6.875],"texture":"#0"},"west":{"uv":[4.125,6.5,3.25,6.875],"texture":"#0"},"up":{"uv":[6.5,0.875,8.5,0],"texture":"#0"},"down":{"uv":[6.5,1,8.5,1.875],"texture":"#0"}}},{"from":[8.5,0.5,14],"to":[11.5,2,22],"rotation":{"angle":0,"axis":"y","origin":[8.5,0,19]},"faces":{"north":{"uv":[8.75,5,8,5.375],"texture":"#0"},"east":{"uv":[8,3.5,10,3.875],"texture":"#0"},"south":{"uv":[8.75,5.5,8,5.875],"texture":"#0"},"west":{"uv":[10,3.5,8,3.875],"texture":"#0"},"up":{"uv":[5.5,9.25,6.25,7.25],"texture":"#0"},"down":{"uv":[6.25,7.25,7,9.25],"texture":"#0"}}},{"from":[4.5,0.5,14],"to":[7.5,2,22],"rotation":{"angle":0,"axis":"y","origin":[7.5,0,19]},"faces":{"north":{"uv":[8,5,8.75,5.375],"texture":"#0"},"east":{"uv":[8,3.5,10,3.875],"texture":"#0"},"south":{"uv":[8,5.5,8.75,5.875],"texture":"#0"},"west":{"uv":[10,3.5,8,3.875],"texture":"#0"},"up":{"uv":[6.25,9.25,5.5,7.25],"texture":"#0"},"down":{"uv":[7,7.25,6.25,9.25],"texture":"#0"}}},{"from":[1.75,2,2],"to":[14.25,6.5,16],"rotation":{"angle":0,"axis":"y","origin":[7,2,7]},"faces":{"north":{"uv":[4.5,6,7.625,7.125],"texture":"#0"},"east":{"uv":[4.5,3.5,8,4.625],"texture":"#0"},"south":{"uv":[0,6.5,3.125,7.625],"texture":"#0"},"west":{"uv":[4.5,4.75,8,5.875],"texture":"#0"},"up":{"uv":[3.125,3.5,0,0],"texture":"#0"},"down":{"uv":[6.375,0,3.25,3.5],"texture":"#0"}}},{"from":[6,1,-2],"to":[10,5,2],"rotation":{"angle":0,"axis":"y","origin":[7,1,3]},"faces":{"north":{"uv":[7,7.25,8,8.25],"texture":"#0"},"east":{"uv":[3,7.75,2,8.75],"texture":"#0"},"south":{"uv":[1,7.75,2,8.75],"texture":"#0"},"west":{"uv":[2,7.75,3,8.75],"texture":"#0"},"up":{"uv":[4,8.75,3,7.75],"texture":"#0"},"down":{"uv":[5,7.75,4,8.75],"texture":"#0"}}},{"from":[5.5,1.5,-1],"to":[6,3.5,1],"rotation":{"angle":0,"axis":"y","origin":[0.75,0.5,-1]},"faces":{"north":{"uv":[4.25,6.5,4.375,7],"texture":"#0"},"east":{"uv":[5,7.75,5.5,8.25],"texture":"#0"},"south":{"uv":[8,7.5,8.125,8],"texture":"#0"},"west":{"uv":[8,7,8.5,7.5],"texture":"#0"},"up":{"uv":[8.125,8.5,8,8],"texture":"#0"},"down":{"uv":[5.125,8.25,5,8.75],"texture":"#0"}}},{"from":[10,1.5,-1],"to":[10.5,3.5,1],"rotation":{"angle":0,"axis":"y","origin":[15.25,0.5,-1]},"faces":{"north":{"uv":[4.375,6.5,4.25,7],"texture":"#0"},"east":{"uv":[8.5,7,8,7.5],"texture":"#0"},"south":{"uv":[8.125,7.5,8,8],"texture":"#0"},"west":{"uv":[5.5,7.75,5,8.25],"texture":"#0"},"up":{"uv":[8,8.5,8.125,8],"texture":"#0"},"down":{"uv":[5,8.25,5.125,8.75],"texture":"#0"}}}],"gui_light":"front","display":{"thirdperson_righthand":{"rotation":[67.5,0,0],"translation":[0,3.5,0.5],"scale":[0.38477,0.38477,0.38477]},"thirdperson_lefthand":{"rotation":[67.5,0,0],"translation":[0,3.5,0.5],"scale":[0.38477,0.38477,0.38477]},"firstperson_righthand":{"translation":[1.5,5,0],"scale":[0.42969,0.42969,0.42969]},"firstperson_lefthand":{"translation":[1.5,5,0],"scale":[0.42969,0.42969,0.42969]},"ground":{"translation":[0,6,0],"scale":[0.55,0.55,0.55]},"gui":{"rotation":[30,135,0],"translation":[-1,2.25,0],"scale":[0.65821,0.65821,0.65821]},"head":{"rotation":[0,180,0],"translation":[0,-30.4,0],"scale":[1.6,1.6,1.6]},"fixed":{"rotation":[-90,0,0],"translation":[0,0,-16],"scale":[2,2,2]}}}