{"credit":"Made with Blockbench","texture_size":[64,64],"textures":{"0":"elitecreatures:aquatic_furniture_v2/woodencabinettexture","particle":"elitecreatures:aquatic_furniture_v2/woodencabinettexture"},"elements":[{"from":[0,2,0],"to":[16,14.5,16],"faces":{"north":{"uv":[8,7.5,12,10.625],"texture":"#0"},"east":{"uv":[8,11.75,4,14.875],"texture":"#0"},"south":{"uv":[0,11.75,4,14.875],"texture":"#0"},"west":{"uv":[4,11.75,8,14.875],"texture":"#0"},"up":{"uv":[4,4,0,0],"texture":"#0"},"down":{"uv":[4,4,0,8],"texture":"#0"}}},{"from":[0,15,0],"to":[16,16,16],"faces":{"north":{"uv":[12,2,16,2.25],"texture":"#0"},"east":{"uv":[16,2.75,12,3],"texture":"#0"},"south":{"uv":[12,2.5,16,2.75],"texture":"#0"},"west":{"uv":[12,2.75,16,3],"texture":"#0"},"up":{"uv":[8,4,4,0],"texture":"#0"},"down":{"uv":[8,4,4,8],"texture":"#0"}}},{"from":[0,14.5,1],"to":[16,15,16],"faces":{"north":{"uv":[12,3,16,3.125],"texture":"#0"},"east":{"uv":[15.75,3.75,12,3.875],"texture":"#0"},"south":{"uv":[12,3.25,16,3.375],"texture":"#0"},"west":{"uv":[12,3.75,15.75,3.875],"texture":"#0"},"up":{"uv":[12,7.5,8,3.75],"texture":"#0"},"down":{"uv":[8,8,4,11.75],"texture":"#0"}}},{"from":[0,0,1],"to":[16,2,16],"faces":{"north":{"uv":[12,0,16,0.5],"texture":"#0"},"east":{"uv":[15.75,1.5,12,2],"texture":"#0"},"south":{"uv":[12,0.5,16,1],"texture":"#0"},"west":{"uv":[12,1.5,15.75,2],"texture":"#0"},"up":{"uv":[4,11.75,0,8],"texture":"#0"},"down":{"uv":[12,0,8,3.75],"texture":"#0"}}}],"gui_light":"front","display":{"thirdperson_righthand":{"rotation":[67.5,0,0],"translation":[0,1.75,-0.75],"scale":[0.23438,0.23438,0.23438]},"thirdperson_lefthand":{"rotation":[67.5,0,0],"translation":[0,1.75,-0.75],"scale":[0.23438,0.23438,0.23438]},"firstperson_righthand":{"translation":[1.5,3.75,0],"scale":[0.29688,0.29688,0.29688]},"firstperson_lefthand":{"translation":[1.5,3.75,0],"scale":[0.29688,0.29688,0.29688]},"ground":{"translation":[0,6,0],"scale":[0.45,0.45,0.45]},"gui":{"rotation":[30,135,0],"scale":[0.59375,0.59375,0.59375]},"head":{"rotation":[0,180,0],"translation":[0,-30.4,0],"scale":[1.6,1.6,1.6]},"fixed":{"rotation":[-90,0,0],"translation":[0,0,-16],"scale":[2,2,2]}}}