{"credit":"MadewithBlockbench","texture_size":[32,32],"textures":{"1":"elitecreatures:lab_furniture_v1/computertexturea","2":"elitecreatures:lab_furniture_v1/computertexture","particle":"elitecreatures:lab_furniture_v1/computertexturea"},"elements":[{"from":[0,3,9],"to":[16,14,11],"faces":{"north":{"uv":[0,0,8,5.5],"texture":"#1"},"east":{"uv":[8,0,9,5.5],"texture":"#1"},"south":{"uv":[0,7.5,8,13],"texture":"#1"},"west":{"uv":[8,7.5,9,13],"texture":"#1"},"up":{"uv":[8,6.5,0,5.5],"texture":"#1"},"down":{"uv":[8,6.5,0,7.5],"texture":"#1"}}},{"from":[3,5,11],"to":[13,12,13],"faces":{"north":{"uv":[13,0,15.5,1.75],"texture":"#2"},"east":{"uv":[12.5,0,13,1.75],"texture":"#2"},"south":{"uv":[9.5,0,12,1.75],"texture":"#2"},"west":{"uv":[12,0,12.5,1.75],"texture":"#2"},"up":{"uv":[13,1.75,15.5,2.25],"texture":"#2"},"down":{"uv":[9.5,1.75,12,2.25],"texture":"#2"}}},{"from":[6,1.5,11],"to":[10,5,13],"faces":{"north":{"uv":[4.5,0,5.5,0.875],"texture":"#2"},"east":{"uv":[7,0,7.5,0.875],"texture":"#2"},"south":{"uv":[5.5,0,6.5,0.875],"texture":"#2"},"west":{"uv":[6.5,0,7,0.875],"texture":"#2"},"up":{"uv":[4.5,1.375,5.5,1.875],"texture":"#2"},"down":{"uv":[4.5,0.875,5.5,1.375],"texture":"#2"}}},{"from":[4,0,9],"to":[12,1.5,15],"faces":{"north":{"uv":[7.5,0,9.5,0.375],"texture":"#2"},"east":{"uv":[7.5,1.125,9,1.5],"texture":"#2"},"south":{"uv":[7.5,0.375,9.5,0.75],"texture":"#2"},"west":{"uv":[7.5,0.75,9,1.125],"texture":"#2"},"up":{"uv":[5.5,2.375,7.5,3.875],"texture":"#2"},"down":{"uv":[5.5,0.875,7.5,2.375],"texture":"#2"}}},{"from":[0,0,0],"to":[16,1.5,6],"faces":{"north":{"uv":[0,9.875,4,10.25],"texture":"#2"},"east":{"uv":[4,2.75,5.5,3.125],"texture":"#2"},"south":{"uv":[0,9.5,4,9.875],"texture":"#2"},"west":{"uv":[4,3.125,5.5,3.5],"texture":"#2"},"up":{"uv":[0,6.5,4,8],"texture":"#2"},"down":{"uv":[0,8,4,9.5],"texture":"#2"}}},{"from":[-4.5,-0.5,2],"to":[-2,1,5.5],"faces":{"north":{"uv":[4.5,5.625,5.125,6],"texture":"#2"},"east":{"uv":[5.5,3.875,6.375,4.25],"texture":"#2"},"south":{"uv":[4.5,5.25,5.125,5.625],"texture":"#2"},"west":{"uv":[6.375,3.875,7.25,4.25],"texture":"#2"},"up":{"uv":[4.5,4.375,5.125,5.25],"texture":"#2"},"down":{"uv":[4.5,3.5,5.125,4.375],"texture":"#2"}}}],"gui_light":"front","display":{"thirdperson_righthand":{"rotation":[67.5,0,0],"translation":[0,1.75,0.25],"scale":[0.30312,0.30312,0.30312]},"thirdperson_lefthand":{"rotation":[67.5,0,0],"translation":[0,1.75,0.25],"scale":[0.30312,0.30312,0.30312]},"firstperson_righthand":{"translation":[1.25,5,0],"scale":[0.45523,0.45523,0.45523]},"firstperson_lefthand":{"translation":[1.25,5,0],"scale":[0.45523,0.45523,0.45523]},"ground":{"translation":[0,6,0],"scale":[0.53,0.53,0.53]},"gui":{"rotation":[30,135,0],"translation":[1,1.5,0],"scale":[0.65781,0.65781,0.65781]},"head":{"rotation":[0,180,0],"translation":[0,-30.4,0],"scale":[1.6,1.6,1.6]},"fixed":{"rotation":[-90,0,0],"translation":[0,0,-16],"scale":[2,2,2]}}}