{"credit":"MadewithBlockbench","texture_size":[64,64],"textures":{"0":"elitecreatures:lab_furniture_v1/cupboard04texture","particle":"elitecreatures:lab_furniture_v1/cupboard04texture"},"elements":[{"from":[-16,2,11],"to":[16,14,12],"rotation":{"angle":0,"axis":"y","origin":[0,0,16]},"faces":{"north":{"uv":[8,13,0,16],"texture":"#0"},"east":{"uv":[8.25,5,8,8],"texture":"#0"},"south":{"uv":[8,10,0,13],"texture":"#0"},"west":{"uv":[8.5,5,8.25,8],"texture":"#0"},"up":{"uv":[16,15.75,8,16],"texture":"#0"},"down":{"uv":[16,15.75,8,15.5],"texture":"#0"}}},{"from":[14,2,4],"to":[16,14,11],"rotation":{"angle":0,"axis":"y","origin":[16,0,16]},"faces":{"north":{"uv":[13,5,12.5,8],"texture":"#0"},"east":{"uv":[12,5,10.25,8],"texture":"#0"},"south":{"uv":[12.5,5,12,8],"texture":"#0"},"west":{"uv":[10.25,5,8.5,8],"texture":"#0"},"up":{"uv":[8.5,9.75,8,11.5],"texture":"#0"},"down":{"uv":[8.5,9.75,8,8],"texture":"#0"}}},{"from":[-16,14,4],"to":[16,16,12],"rotation":{"angle":0,"axis":"y","origin":[0,16,16]},"faces":{"north":{"uv":[14.5,4.5,6.5,5],"texture":"#0"},"east":{"uv":[3.5,3,1.5,3.5],"texture":"#0"},"south":{"uv":[14.5,4,6.5,4.5],"texture":"#0"},"west":{"uv":[3.5,3,1.5,3.5],"texture":"#0"},"up":{"uv":[14.5,0,6.5,2],"texture":"#0"},"down":{"uv":[14.5,4,6.5,2],"texture":"#0"}}},{"from":[-12,12,4],"to":[-2,14,5],"rotation":{"angle":0,"axis":"y","origin":[7,8,0.5]},"faces":{"north":{"uv":[6.5,0.5,4,1],"texture":"#0"},"east":{"uv":[1.75,2.5,1.5,3],"texture":"#0"},"south":{"uv":[6.5,1,4,1.5],"texture":"#0"},"west":{"uv":[2,2.5,1.75,3],"texture":"#0"},"up":{"uv":[6.5,0.25,4,0.5],"texture":"#0"},"down":{"uv":[6.5,0.25,4,0],"texture":"#0"}}},{"from":[-14,7,5],"to":[14,8.5,11],"rotation":{"angle":0,"axis":"y","origin":[0,0,16]},"faces":{"north":{"uv":[15.5,11.375,8.5,11.75],"texture":"#0"},"east":{"uv":[14.5,5.375,13,5.75],"texture":"#0"},"south":{"uv":[15.5,11,8.5,11.375],"texture":"#0"},"west":{"uv":[14.5,5,13,5.375],"texture":"#0"},"up":{"uv":[15.5,8,8.5,9.5],"texture":"#0"},"down":{"uv":[15.5,11,8.5,9.5],"texture":"#0"}}},{"from":[-12,4,4.5],"to":[-2,12,4.5],"rotation":{"angle":0,"axis":"y","origin":[7,8,0.5]},"faces":{"north":{"uv":[2.5,0,0,2],"texture":"#0"},"east":{"uv":[0,0,0,2],"texture":"#0"},"south":{"uv":[2.5,0,0,2],"texture":"#0"},"west":{"uv":[0,0,0,2],"texture":"#0"},"up":{"uv":[2.5,0,0,0],"texture":"#0"},"down":{"uv":[2.5,0,0,0],"texture":"#0"}}},{"from":[-14,2,4],"to":[-12,14,5],"rotation":{"angle":0,"axis":"y","origin":[0,0,16]},"faces":{"north":{"uv":[3,0,2.5,3],"texture":"#0"},"east":{"uv":[4,0,3.75,3],"texture":"#0"},"south":{"uv":[2.5,0,3,3],"texture":"#0"},"west":{"uv":[3.75,0,3.5,3],"texture":"#0"},"up":{"uv":[2.5,2,2,2.25],"texture":"#0"},"down":{"uv":[2.5,2.5,2,2.25],"texture":"#0"}}},{"from":[-12,2,4],"to":[-2,4,5],"rotation":{"angle":0,"axis":"y","origin":[7,8,0.5]},"faces":{"north":{"uv":[6.5,2,4,2.5],"texture":"#0"},"east":{"uv":[2.25,2.5,2,3],"texture":"#0"},"south":{"uv":[6.5,2.5,4,3],"texture":"#0"},"west":{"uv":[2.5,2.5,2.25,3],"texture":"#0"},"up":{"uv":[6.5,1.75,4,2],"texture":"#0"},"down":{"uv":[6.5,1.75,4,1.5],"texture":"#0"}}},{"from":[2,4,4.5],"to":[12,12,4.5],"rotation":{"angle":0,"axis":"y","origin":[9,8,0.5]},"faces":{"north":{"uv":[2.5,0,0,2],"texture":"#0"},"east":{"uv":[0,0,0,2],"texture":"#0"},"south":{"uv":[2.5,0,0,2],"texture":"#0"},"west":{"uv":[0,0,0,2],"texture":"#0"},"up":{"uv":[0,0,2.5,0],"texture":"#0"},"down":{"uv":[0,0,2.5,0],"texture":"#0"}}},{"from":[2,2,4],"to":[12,4,5],"rotation":{"angle":0,"axis":"y","origin":[9,8,0.5]},"faces":{"north":{"uv":[4,2,6.5,2.5],"texture":"#0"},"east":{"uv":[2.25,2.5,2.5,3],"texture":"#0"},"south":{"uv":[4,2.5,6.5,3],"texture":"#0"},"west":{"uv":[2,2.5,2.25,3],"texture":"#0"},"up":{"uv":[4,1.75,6.5,2],"texture":"#0"},"down":{"uv":[4,1.75,6.5,1.5],"texture":"#0"}}},{"from":[0,2,4],"to":[2,14,5],"rotation":{"angle":0,"axis":"y","origin":[16,0,16]},"faces":{"north":{"uv":[0,2,0.5,5],"texture":"#0"},"east":{"uv":[1,2,1.25,5],"texture":"#0"},"south":{"uv":[0.5,2,0,5],"texture":"#0"},"west":{"uv":[1.25,2,1.5,5],"texture":"#0"},"up":{"uv":[1.5,2,2,2.25],"texture":"#0"},"down":{"uv":[1.5,2.5,2,2.25],"texture":"#0"}}},{"from":[2,12,4],"to":[12,14,5],"rotation":{"angle":0,"axis":"y","origin":[9,8,0.5]},"faces":{"north":{"uv":[4,0.5,6.5,1],"texture":"#0"},"east":{"uv":[1.75,2.5,2,3],"texture":"#0"},"south":{"uv":[4,1,6.5,1.5],"texture":"#0"},"west":{"uv":[1.5,2.5,1.75,3],"texture":"#0"},"up":{"uv":[4,0.25,6.5,0.5],"texture":"#0"},"down":{"uv":[4,0.25,6.5,0],"texture":"#0"}}},{"from":[12,2,4],"to":[14,14,5],"rotation":{"angle":0,"axis":"y","origin":[16,0,16]},"faces":{"north":{"uv":[2.5,0,3,3],"texture":"#0"},"east":{"uv":[3.5,0,3.75,3],"texture":"#0"},"south":{"uv":[3,0,2.5,3],"texture":"#0"},"west":{"uv":[3.75,0,4,3],"texture":"#0"},"up":{"uv":[2,2,2.5,2.25],"texture":"#0"},"down":{"uv":[2,2.5,2.5,2.25],"texture":"#0"}}},{"from":[-16,0,4],"to":[16,2,12],"rotation":{"angle":0,"axis":"y","origin":[0,16,16]},"faces":{"north":{"uv":[8,9.5,0,10],"texture":"#0"},"east":{"uv":[3.5,4,1.5,4.5],"texture":"#0"},"south":{"uv":[8,9,0,9.5],"texture":"#0"},"west":{"uv":[3.5,4,1.5,4.5],"texture":"#0"},"up":{"uv":[8,5,0,7],"texture":"#0"},"down":{"uv":[8,9,0,7],"texture":"#0"}}},{"from":[-16,2,4],"to":[-14,14,11],"rotation":{"angle":0,"axis":"y","origin":[0,0,16]},"faces":{"north":{"uv":[12.5,5,13,8],"texture":"#0"},"east":{"uv":[8.5,5,10.25,8],"texture":"#0"},"south":{"uv":[12,5,12.5,8],"texture":"#0"},"west":{"uv":[10.25,5,12,8],"texture":"#0"},"up":{"uv":[8,9.75,8.5,11.5],"texture":"#0"},"down":{"uv":[8,9.75,8.5,8],"texture":"#0"}}},{"from":[-1.5,5,3],"to":[-0.5,11,3.5],"rotation":{"angle":0,"axis":"y","origin":[0,0,16]},"faces":{"north":{"uv":[3.75,3.25,3.5,4.75],"texture":"#0"},"east":{"uv":[4.25,3.25,4.125,4.75],"texture":"#0"},"south":{"uv":[4,3.25,3.75,4.75],"texture":"#0"},"west":{"uv":[4.125,3.25,4,4.75],"texture":"#0"},"up":{"uv":[4.375,3.125,4.125,3.25],"texture":"#0"},"down":{"uv":[4.375,3.125,4.125,3],"texture":"#0"}}},{"from":[-1.5,10.5,3.5],"to":[-0.5,11,4],"rotation":{"angle":0,"axis":"y","origin":[0,0,16]},"faces":{"north":{"uv":[3.75,3,3.5,3.125],"texture":"#0"},"east":{"uv":[3.875,3.125,3.75,3.25],"texture":"#0"},"south":{"uv":[3.75,3.125,3.5,3.25],"texture":"#0"},"west":{"uv":[3.875,3,3.75,3.125],"texture":"#0"},"up":{"uv":[4.125,3.125,3.875,3.25],"texture":"#0"},"down":{"uv":[4.125,3.125,3.875,3],"texture":"#0"}}},{"from":[-1.5,5,3.5],"to":[-0.5,5.5,4],"rotation":{"angle":0,"axis":"y","origin":[0,0,16]},"faces":{"north":{"uv":[3.75,3,3.5,3.125],"texture":"#0"},"east":{"uv":[3.875,3.125,3.75,3.25],"texture":"#0"},"south":{"uv":[3.75,3.125,3.5,3.25],"texture":"#0"},"west":{"uv":[3.875,3,3.75,3.125],"texture":"#0"},"up":{"uv":[4.125,3.125,3.875,3.25],"texture":"#0"},"down":{"uv":[4.125,3.125,3.875,3],"texture":"#0"}}},{"from":[0.5,5,3],"to":[1.5,11,3.5],"rotation":{"angle":0,"axis":"y","origin":[16,0,16]},"faces":{"north":{"uv":[3.5,3.25,3.75,4.75],"texture":"#0"},"east":{"uv":[4,3.25,4.125,4.75],"texture":"#0"},"south":{"uv":[3.75,3.25,4,4.75],"texture":"#0"},"west":{"uv":[4.125,3.25,4.25,4.75],"texture":"#0"},"up":{"uv":[4.125,3.125,4.375,3.25],"texture":"#0"},"down":{"uv":[4.125,3.125,4.375,3],"texture":"#0"}}},{"from":[0.5,5,3.5],"to":[1.5,5.5,4],"rotation":{"angle":0,"axis":"y","origin":[16,0,16]},"faces":{"north":{"uv":[3.5,3,3.75,3.125],"texture":"#0"},"east":{"uv":[3.75,3,3.875,3.125],"texture":"#0"},"south":{"uv":[3.5,3.125,3.75,3.25],"texture":"#0"},"west":{"uv":[3.75,3.125,3.875,3.25],"texture":"#0"},"up":{"uv":[3.875,3.125,4.125,3.25],"texture":"#0"},"down":{"uv":[3.875,3.125,4.125,3],"texture":"#0"}}},{"from":[0.5,10.5,3.5],"to":[1.5,11,4],"rotation":{"angle":0,"axis":"y","origin":[16,0,16]},"faces":{"north":{"uv":[3.5,3,3.75,3.125],"texture":"#0"},"east":{"uv":[3.75,3,3.875,3.125],"texture":"#0"},"south":{"uv":[3.5,3.125,3.75,3.25],"texture":"#0"},"west":{"uv":[3.75,3.125,3.875,3.25],"texture":"#0"},"up":{"uv":[3.875,3.125,4.125,3.25],"texture":"#0"},"down":{"uv":[3.875,3.125,4.125,3],"texture":"#0"}}},{"from":[-2,2,4],"to":[0,14,5],"rotation":{"angle":0,"axis":"y","origin":[0,0,16]},"faces":{"north":{"uv":[0.5,2,0,5],"texture":"#0"},"east":{"uv":[1.5,2,1.25,5],"texture":"#0"},"south":{"uv":[0,2,0.5,5],"texture":"#0"},"west":{"uv":[1.25,2,1,5],"texture":"#0"},"up":{"uv":[2,2,1.5,2.25],"texture":"#0"},"down":{"uv":[2,2.5,1.5,2.25],"texture":"#0"}}}],"gui_light":"front","display":{"thirdperson_righthand":{"rotation":[67.5,0,0],"translation":[2,1,-0.25],"scale":[0.25,0.25,0.25]},"thirdperson_lefthand":{"rotation":[67.5,0,0],"translation":[-2,1,-0.25],"scale":[0.25,0.25,0.25]},"firstperson_righthand":{"translation":[2.75,3,0],"scale":[0.32109,0.32109,0.32109]},"firstperson_lefthand":{"translation":[-1.25,3,0],"scale":[0.32109,0.32109,0.32109]},"ground":{"translation":[3.25,6,0],"scale":[0.41,0.41,0.41]},"gui":{"rotation":[30,135,0],"translation":[-3,1.5,0],"scale":[0.53102,0.53102,0.53102]},"head":{"rotation":[0,180,0],"translation":[0,-30.4,0],"scale":[1.6,1.6,1.6]},"fixed":{"rotation":[-90,0,0],"translation":[0,0,-16],"scale":[2,2,2]}}}