{"credit":"MadewithBlockbench","texture_size":[128,128],"textures":{"0":"elitecreatures:lab_furniture_v1/cupboard03texture","particle":"elitecreatures:lab_furniture_v1/cupboard03texture"},"elements":[{"from":[0,2,1],"to":[16,14,16],"faces":{"north":{"uv":[1.875,5.75,3.875,7.25],"texture":"#0"},"east":{"uv":[0,4.875,1.875,6.375],"texture":"#0"},"south":{"uv":[14,8.125,16,9.625],"texture":"#0"},"west":{"uv":[0,4.875,1.875,6.375],"texture":"#0"},"up":{"uv":[16,8.125,14,6.25],"texture":"#0"},"down":{"uv":[3.875,3.875,1.875,5.75],"texture":"#0"}}},{"from":[0,14,0],"to":[16,16,16],"faces":{"north":{"uv":[1.875,3.375,3.875,3.625],"texture":"#0"},"east":{"uv":[1.875,3.375,3.875,3.625],"texture":"#0"},"south":{"uv":[1.875,3.375,3.875,3.625],"texture":"#0"},"west":{"uv":[1.875,3.625,3.875,3.875],"texture":"#0"},"up":{"uv":[14,6.25,12,4.25],"texture":"#0"},"down":{"uv":[14,0,12,2],"texture":"#0"}}},{"from":[0,0,2],"to":[16,2,16],"faces":{"north":{"uv":[8,4,10,4.25],"texture":"#0"},"east":{"uv":[3.875,3.625,5.625,3.875],"texture":"#0"},"south":{"uv":[14,6,16,6.25],"texture":"#0"},"west":{"uv":[3.875,3.375,5.625,3.625],"texture":"#0"},"up":{"uv":[10,4,8,2.25],"texture":"#0"},"down":{"uv":[16,4.25,14,6],"texture":"#0"}}}],"gui_light":"front","display":{"thirdperson_righthand":{"rotation":[67.6,0,0],"translation":[0,2,-0.25],"scale":[0.24289,0.24289,0.24289]},"thirdperson_lefthand":{"rotation":[67.6,0,0],"translation":[0,2,-0.25],"scale":[0.24289,0.24289,0.24289]},"firstperson_righthand":{"translation":[0.75,3.75,0],"scale":[0.3043,0.3043,0.3043]},"firstperson_lefthand":{"translation":[0.75,3.75,0],"scale":[0.3043,0.3043,0.3043]},"ground":{"translation":[0,6,0],"scale":[0.45,0.45,0.45]},"gui":{"rotation":[30,135,0],"translation":[0,-0.25,0],"scale":[0.6357,0.6357,0.6357]},"head":{"rotation":[0,180,0],"translation":[0,-30.4,0],"scale":[1.6,1.6,1.6]},"fixed":{"rotation":[-90,0,0],"translation":[0,0,-16],"scale":[2,2,2]}}}