{"credit":"MadewithBlockbench","texture_size":[128,128],"textures":{"0":"elitecreatures:lab_furniture_v1/cupboard05texture","particle":"elitecreatures:lab_furniture_v1/cupboard05texture"},"elements":[{"from":[0,2,1],"to":[16,14,16],"faces":{"north":{"uv":[12,6.25,14,7.75],"texture":"#0"},"east":{"uv":[0,3.375,1.875,4.875],"texture":"#0"},"south":{"uv":[14,8.125,16,9.625],"texture":"#0"},"west":{"uv":[0,4.875,1.875,6.375],"texture":"#0"},"up":{"uv":[16,8.125,14,6.25],"texture":"#0"},"down":{"uv":[3.875,3.875,1.875,5.75],"texture":"#0"}}},{"from":[13,14,0],"to":[16,16,16],"faces":{"north":{"uv":[1.875,3.375,2.25,3.625],"texture":"#0"},"east":{"uv":[1.875,3.375,3.875,3.625],"texture":"#0"},"south":{"uv":[1.875,3.375,2.25,3.625],"texture":"#0"},"west":{"uv":[8.75,4.25,10.75,4.5],"texture":"#0"},"up":{"uv":[4.3125,5.875,3.9375,3.875],"texture":"#0"},"down":{"uv":[12.375,0,12,2],"texture":"#0"}}},{"from":[0,0,2],"to":[16,2,16],"faces":{"north":{"uv":[8,4,10,4.25],"texture":"#0"},"east":{"uv":[3.875,3.625,5.625,3.875],"texture":"#0"},"south":{"uv":[14,6,16,6.25],"texture":"#0"},"west":{"uv":[3.875,3.375,5.625,3.625],"texture":"#0"},"up":{"uv":[10,4,8,2.25],"texture":"#0"},"down":{"uv":[16,4.25,14,6],"texture":"#0"}}},{"from":[3,14,12],"to":[13,16,16],"rotation":{"angle":0,"axis":"y","origin":[16,0,16]},"faces":{"north":{"uv":[5.625,3.375,6.875,3.625],"texture":"#0"},"east":{"uv":[1.875,3.625,2.375,3.875],"texture":"#0"},"south":{"uv":[5.625,3.625,6.875,3.875],"texture":"#0"},"west":{"uv":[1.875,3.375,2.375,3.625],"texture":"#0"},"up":{"uv":[10.75,4.75,12,5.25],"texture":"#0"},"down":{"uv":[12,0.5,13.25,0],"texture":"#0"}}},{"from":[3,14,0],"to":[13,16,4],"rotation":{"angle":0,"axis":"y","origin":[16,0,0]},"faces":{"north":{"uv":[6.875,3.625,5.625,3.875],"texture":"#0"},"east":{"uv":[2.375,3.625,1.875,3.875],"texture":"#0"},"south":{"uv":[6.875,3.375,5.625,3.625],"texture":"#0"},"west":{"uv":[2.375,3.375,1.875,3.625],"texture":"#0"},"up":{"uv":[10.75,4.75,12,4.25],"texture":"#0"},"down":{"uv":[12,0,13.25,0.5],"texture":"#0"}}},{"from":[0,14,0],"to":[3,16,16],"rotation":{"angle":0,"axis":"y","origin":[16,0,0]},"faces":{"north":{"uv":[2.25,3.375,1.875,3.625],"texture":"#0"},"east":{"uv":[10.75,4.25,8.75,4.5],"texture":"#0"},"south":{"uv":[2.25,3.375,1.875,3.625],"texture":"#0"},"west":{"uv":[3.875,3.375,1.875,3.625],"texture":"#0"},"up":{"uv":[3.9375,5.875,4.3125,3.875],"texture":"#0"},"down":{"uv":[12,0,12.375,2],"texture":"#0"}}},{"from":[7.25,16,12.25],"to":[8.75,20,13.75],"faces":{"north":{"uv":[4.3125,5.25,4.5,5.75],"texture":"#0"},"east":{"uv":[4.5,3.875,4.6875,4.375],"texture":"#0"},"south":{"uv":[4.3125,4.75,4.5,5.25],"texture":"#0"},"west":{"uv":[4.3125,4.0625,4.5,4.5625],"texture":"#0"},"up":{"uv":[4.3125,4.5625,4.5,4.75],"texture":"#0"},"down":{"uv":[4.3125,3.875,4.5,4.0625],"texture":"#0"}}},{"from":[7.275,20,12.25],"to":[8.725,24,13.75],"rotation":{"angle":-45,"axis":"x","origin":[8,20,13.75]},"faces":{"north":{"uv":[4.5,4.375,4.6875,4.875],"texture":"#0"},"east":{"uv":[4.6875,4.375,4.875,4.875],"texture":"#0"},"south":{"uv":[4.6875,3.875,4.875,4.375],"texture":"#0"},"west":{"uv":[4.5,5.0625,4.6875,5.5625],"texture":"#0"},"up":{"uv":[4.5,5.5625,4.6875,5.75],"texture":"#0"},"down":{"uv":[4.5,4.875,4.6875,5.0625],"texture":"#0"}}},{"from":[7.25,21.3302,8.88677],"to":[8.75,22.8302,10.88677],"rotation":{"angle":0,"axis":"y","origin":[8,22.78731,10.90203]},"faces":{"north":{"uv":[4.875,4.3125,5.0625,4.5],"rotation":180,"texture":"#0"},"east":{"uv":[4.875,4.0625,5.0625,4.3125],"rotation":90,"texture":"#0"},"south":{"uv":[4.875,3.875,5.0625,4.0625],"texture":"#0"},"west":{"uv":[4.6875,5.375,4.875,5.625],"rotation":270,"texture":"#0"},"up":{"uv":[4.6875,5.125,4.875,5.375],"texture":"#0"},"down":{"uv":[4.6875,4.875,4.875,5.125],"rotation":180,"texture":"#0"}}},{"from":[9.25,16,12.75],"to":[10.75,18,14.25],"faces":{"north":{"uv":[5.0625,3.875,5.25,4.125],"texture":"#0"},"east":{"uv":[4.875,5.375,5.0625,5.625],"texture":"#0"},"south":{"uv":[4.875,5.125,5.0625,5.375],"texture":"#0"},"west":{"uv":[4.875,4.875,5.0625,5.125],"texture":"#0"},"up":{"uv":[4.875,4.6875,5.0625,4.875],"texture":"#0"},"down":{"uv":[4.875,4.5,5.0625,4.6875],"texture":"#0"}}},{"from":[5.25,16,12.75],"to":[6.75,18,14.25],"rotation":{"angle":0,"axis":"y","origin":[16,0,0]},"faces":{"north":{"uv":[5.25,3.875,5.0625,4.125],"texture":"#0"},"east":{"uv":[5.0625,4.875,4.875,5.125],"texture":"#0"},"south":{"uv":[5.0625,5.125,4.875,5.375],"texture":"#0"},"west":{"uv":[5.0625,5.375,4.875,5.625],"texture":"#0"},"up":{"uv":[5.0625,4.6875,4.875,4.875],"texture":"#0"},"down":{"uv":[5.0625,4.5,4.875,4.6875],"texture":"#0"}}},{"from":[7.5,20.8302,9.13677],"to":[8.5,21.3302,10.13677],"rotation":{"angle":0,"axis":"y","origin":[8,22.78731,10.90203]},"faces":{"north":{"uv":[5.0625,4.1875,5.1875,4.25],"rotation":180,"texture":"#0"},"east":{"uv":[5.1875,4.125,5.25,4.25],"rotation":90,"texture":"#0"},"south":{"uv":[5.0625,4.125,5.1875,4.1875],"texture":"#0"},"west":{"uv":[5.1875,4.25,5.25,4.375],"rotation":270,"texture":"#0"},"up":{"uv":[5.0625,4.375,5.1875,4.5],"texture":"#0"},"down":{"uv":[5.0625,4.25,5.1875,4.375],"rotation":180,"texture":"#0"}}}],"gui_light":"front","display":{"thirdperson_righthand":{"rotation":[67.6,0,0],"translation":[0,2,-0.25],"scale":[0.24289,0.24289,0.24289]},"thirdperson_lefthand":{"rotation":[67.6,0,0],"translation":[0,2,-0.25],"scale":[0.24289,0.24289,0.24289]},"firstperson_righthand":{"translation":[0.75,3.75,0],"scale":[0.3043,0.3043,0.3043]},"firstperson_lefthand":{"translation":[0.75,3.75,0],"scale":[0.3043,0.3043,0.3043]},"ground":{"translation":[0,6,0],"scale":[0.45,0.45,0.45]},"gui":{"rotation":[30,135,0],"translation":[0,-0.75,0],"scale":[0.60055,0.60055,0.60055]},"head":{"rotation":[0,180,0],"translation":[0,-30.4,0],"scale":[1.6,1.6,1.6]},"fixed":{"rotation":[-90,0,0],"translation":[0,0,-16],"scale":[2,2,2]}}}