{"credit":"MadewithBlockbench","texture_size":[128,128],"textures":{"0":"elitecreatures:lab_furniture_v1/cupboard01texture","particle":"elitecreatures:lab_furniture_v1/cupboard01texture"},"elements":[{"from":[-12,0,3.5],"to":[12,9,12.5],"faces":{"north":{"uv":[0,5.625,3,6.75],"texture":"#0"},"east":{"uv":[5.75,0,6.875,1.125],"rotation":90,"texture":"#0"},"south":{"uv":[3,5.625,6,6.75],"texture":"#0"},"west":{"uv":[5.75,0,6.875,1.125],"rotation":90,"texture":"#0"},"up":{"uv":[3,7.875,0,6.75],"texture":"#0"},"down":{"uv":[6,6.75,3,7.875],"texture":"#0"}}},{"from":[-12,9,11.5],"to":[12,30,12.5],"faces":{"north":{"uv":[0,2.875,3,5.5],"texture":"#0"},"east":{"uv":[6.125,2.875,6.25,5.5],"texture":"#0"},"south":{"uv":[3,2.875,6,5.5],"texture":"#0"},"west":{"uv":[6,2.875,6.125,5.5],"texture":"#0"},"up":{"uv":[6,5.5,3,5.625],"texture":"#0"},"down":{"uv":[3,5.5,0,5.625],"texture":"#0"}}},{"from":[-10,22,4.5],"to":[10,23,11.5],"rotation":{"angle":0,"axis":"y","origin":[8,15.5,12]},"faces":{"north":{"uv":[2,2.75,4.5,2.875],"texture":"#0"},"east":{"uv":[4.5,2.75,5.375,2.875],"texture":"#0"},"south":{"uv":[2,2.75,4.5,2.875],"texture":"#0"},"west":{"uv":[4.5,2.75,5.375,2.875],"texture":"#0"},"up":{"uv":[7.125,1.125,8,3.625],"rotation":90,"texture":"#0"},"down":{"uv":[6.25,1.125,7.125,3.625],"rotation":90,"texture":"#0"}}},{"from":[-10,15,4.5],"to":[10,16,11.5],"rotation":{"angle":0,"axis":"y","origin":[8,15.5,12]},"faces":{"north":{"uv":[2,2.75,4.5,2.875],"texture":"#0"},"east":{"uv":[4.5,2.75,5.375,2.875],"texture":"#0"},"south":{"uv":[2,2.75,4.5,2.875],"texture":"#0"},"west":{"uv":[4.5,2.75,5.375,2.875],"texture":"#0"},"up":{"uv":[7.125,1.125,8,3.625],"rotation":90,"texture":"#0"},"down":{"uv":[6.25,1.125,7.125,3.625],"rotation":90,"texture":"#0"}}},{"from":[10,9,3.5],"to":[12,30,11.5],"faces":{"north":{"uv":[2,0,2.25,2.625],"texture":"#0"},"east":{"uv":[1,0,2,2.625],"texture":"#0"},"south":{"uv":[2.25,0,2.5,2.625],"texture":"#0"},"west":{"uv":[0,0,1,2.625],"texture":"#0"},"up":{"uv":[2,2.875,1,2.625],"rotation":90,"texture":"#0"},"down":{"uv":[0,2.875,1,2.625],"rotation":90,"texture":"#0"}}},{"from":[8,9,3.5],"to":[10,30,4.5],"faces":{"north":{"uv":[6.5,3.625,6.75,6.25],"texture":"#0"},"east":{"uv":[6.375,3.625,6.5,6.25],"texture":"#0"},"south":{"uv":[6.75,3.625,6.5,6.25],"texture":"#0"},"west":{"uv":[6.25,3.625,6.375,6.25],"texture":"#0"},"up":{"uv":[6.25,5.75,6.125,5.5],"rotation":90,"texture":"#0"},"down":{"uv":[6,5.75,6.125,5.5],"rotation":90,"texture":"#0"}}},{"from":[0,9,3.5],"to":[2,30,4.5],"faces":{"north":{"uv":[7.25,3.625,7.5,6.25],"texture":"#0"},"east":{"uv":[7.125,3.625,7.25,6.25],"texture":"#0"},"south":{"uv":[7.5,3.625,7.25,6.25],"texture":"#0"},"west":{"uv":[7,3.625,7.125,6.25],"texture":"#0"},"up":{"uv":[6.25,6,6.125,5.75],"rotation":90,"texture":"#0"},"down":{"uv":[6,6,6.125,5.75],"rotation":90,"texture":"#0"}}},{"from":[-12,9,3.5],"to":[-10,30,11.5],"rotation":{"angle":0,"axis":"y","origin":[16,0,0]},"faces":{"north":{"uv":[2.25,0,2,2.625],"texture":"#0"},"east":{"uv":[1,0,0,2.625],"texture":"#0"},"south":{"uv":[2.5,0,2.25,2.625],"texture":"#0"},"west":{"uv":[2,0,1,2.625],"texture":"#0"},"up":{"uv":[2,2.625,1,2.875],"rotation":90,"texture":"#0"},"down":{"uv":[0,2.625,1,2.875],"rotation":90,"texture":"#0"}}},{"from":[-12,30,3.5],"to":[12,32,12.5],"faces":{"north":{"uv":[2.5,2.5,5.5,2.75],"texture":"#0"},"east":{"uv":[5.5,0,5.75,1.125],"rotation":90,"texture":"#0"},"south":{"uv":[2.5,2.25,5.5,2.5],"texture":"#0"},"west":{"uv":[5.5,0,5.75,1.125],"rotation":90,"texture":"#0"},"up":{"uv":[5.5,2.25,2.5,1.125],"texture":"#0"},"down":{"uv":[5.5,0,2.5,1.125],"texture":"#0"}}},{"from":[2,28,3.5],"to":[8,30,4.5],"faces":{"north":{"uv":[6.25,6.625,7,6.875],"texture":"#0"},"east":{"uv":[6,6.25,6.25,6.375],"rotation":90,"texture":"#0"},"south":{"uv":[6.25,6.625,7,6.875],"texture":"#0"},"west":{"uv":[6,6.375,6.25,6.5],"rotation":90,"texture":"#0"},"up":{"uv":[7,6.5,6.25,6.375],"texture":"#0"},"down":{"uv":[7,6.25,6.25,6.375],"texture":"#0"}}},{"from":[2,9,3.5],"to":[8,11,4.5],"faces":{"north":{"uv":[6.25,7.25,7,7.5],"texture":"#0"},"east":{"uv":[6,6.5,6.25,6.625],"rotation":90,"texture":"#0"},"south":{"uv":[6.25,7.25,7,7.5],"texture":"#0"},"west":{"uv":[6,6.625,6.25,6.75],"rotation":90,"texture":"#0"},"up":{"uv":[7,7.125,6.25,7],"texture":"#0"},"down":{"uv":[7,6.875,6.25,7],"texture":"#0"}}},{"from":[-8,28,3.5],"to":[-2,30,4.5],"rotation":{"angle":0,"axis":"y","origin":[16,0,0]},"faces":{"north":{"uv":[7,6.625,6.25,6.875],"texture":"#0"},"east":{"uv":[6,6.5,6.25,6.375],"rotation":90,"texture":"#0"},"south":{"uv":[7,6.625,6.25,6.875],"texture":"#0"},"west":{"uv":[6,6.375,6.25,6.25],"rotation":90,"texture":"#0"},"up":{"uv":[6.25,6.5,7,6.375],"texture":"#0"},"down":{"uv":[6.25,6.25,7,6.375],"texture":"#0"}}},{"from":[-2,9,3.5],"to":[0,30,4.5],"rotation":{"angle":0,"axis":"y","origin":[16,0,0]},"faces":{"north":{"uv":[7.5,3.625,7.25,6.25],"texture":"#0"},"east":{"uv":[7.125,3.625,7,6.25],"texture":"#0"},"south":{"uv":[7.25,3.625,7.5,6.25],"texture":"#0"},"west":{"uv":[7.25,3.625,7.125,6.25],"texture":"#0"},"up":{"uv":[6.25,5.75,6.125,6],"rotation":90,"texture":"#0"},"down":{"uv":[6,5.75,6.125,6],"rotation":90,"texture":"#0"}}},{"from":[-10,9,3.5],"to":[-8,30,4.5],"rotation":{"angle":0,"axis":"y","origin":[16,0,0]},"faces":{"north":{"uv":[6.75,3.625,6.5,6.25],"texture":"#0"},"east":{"uv":[6.375,3.625,6.25,6.25],"texture":"#0"},"south":{"uv":[6.5,3.625,6.75,6.25],"texture":"#0"},"west":{"uv":[6.5,3.625,6.375,6.25],"texture":"#0"},"up":{"uv":[6.25,5.5,6.125,5.75],"rotation":90,"texture":"#0"},"down":{"uv":[6,5.5,6.125,5.75],"rotation":90,"texture":"#0"}}},{"from":[-8,9,3.5],"to":[-2,11,4.5],"rotation":{"angle":0,"axis":"y","origin":[16,0,0]},"faces":{"north":{"uv":[7,7.25,6.25,7.5],"texture":"#0"},"east":{"uv":[6,6.75,6.25,6.625],"rotation":90,"texture":"#0"},"south":{"uv":[7,7.25,6.25,7.5],"texture":"#0"},"west":{"uv":[6,6.625,6.25,6.5],"rotation":90,"texture":"#0"},"up":{"uv":[6.25,7.125,7,7],"texture":"#0"},"down":{"uv":[6.25,6.875,7,7],"texture":"#0"}}},{"from":[-8,11,4],"to":[-2,28,4],"rotation":{"angle":0,"axis":"y","origin":[16,0,0]},"faces":{"north":{"uv":[8,0,8.75,2.125],"texture":"#0"},"east":{"uv":[8,0,8,2.125],"texture":"#0"},"south":{"uv":[8,0,8.75,2.125],"texture":"#0"},"west":{"uv":[8,0,8,2.125],"texture":"#0"},"up":{"uv":[8,1.625,8,2.375],"rotation":90,"texture":"#0"},"down":{"uv":[8,1.625,8,2.375],"rotation":90,"texture":"#0"}}},{"from":[2,11,4],"to":[8,28,4],"faces":{"north":{"uv":[8,0,8.75,2.125],"texture":"#0"},"east":{"uv":[8,0,8,2.125],"texture":"#0"},"south":{"uv":[8,0,8.75,2.125],"texture":"#0"},"west":{"uv":[8,0,8,2.125],"texture":"#0"},"up":{"uv":[8,2.375,8,1.625],"rotation":90,"texture":"#0"},"down":{"uv":[8,2.375,8,1.625],"rotation":90,"texture":"#0"}}},{"from":[0.5,16,2.5],"to":[1.5,22,3],"rotation":{"angle":0,"axis":"y","origin":[16,0,16]},"faces":{"north":{"uv":[5.75,1.25,5.875,2],"texture":"#0"},"east":{"uv":[6,1.25,6.0625,2],"texture":"#0"},"south":{"uv":[5.875,1.25,6,2],"texture":"#0"},"west":{"uv":[6.0625,1.25,6.125,2],"texture":"#0"},"up":{"uv":[6.0625,1.1875,6.1875,1.25],"texture":"#0"},"down":{"uv":[6.0625,1.1875,6.1875,1.125],"texture":"#0"}}},{"from":[0.5,16,3],"to":[1.5,16.5,3.5],"rotation":{"angle":0,"axis":"y","origin":[16,0,16]},"faces":{"north":{"uv":[5.75,1.125,5.875,1.1875],"texture":"#0"},"east":{"uv":[5.875,1.125,5.9375,1.1875],"texture":"#0"},"south":{"uv":[5.75,1.1875,5.875,1.25],"texture":"#0"},"west":{"uv":[5.875,1.1875,5.9375,1.25],"texture":"#0"},"up":{"uv":[5.9375,1.1875,6.0625,1.25],"texture":"#0"},"down":{"uv":[5.9375,1.1875,6.0625,1.125],"texture":"#0"}}},{"from":[0.5,21.5,3],"to":[1.5,22,3.5],"rotation":{"angle":0,"axis":"y","origin":[16,0,16]},"faces":{"north":{"uv":[5.75,1.125,5.875,1.1875],"texture":"#0"},"east":{"uv":[5.875,1.125,5.9375,1.1875],"texture":"#0"},"south":{"uv":[5.75,1.1875,5.875,1.25],"texture":"#0"},"west":{"uv":[5.875,1.1875,5.9375,1.25],"texture":"#0"},"up":{"uv":[5.9375,1.1875,6.0625,1.25],"texture":"#0"},"down":{"uv":[5.9375,1.1875,6.0625,1.125],"texture":"#0"}}},{"from":[-1.5,16,2.5],"to":[-0.5,22,3],"rotation":{"angle":0,"axis":"y","origin":[0,0,16]},"faces":{"north":{"uv":[5.875,1.25,5.75,2],"texture":"#0"},"east":{"uv":[6.125,1.25,6.0625,2],"texture":"#0"},"south":{"uv":[6,1.25,5.875,2],"texture":"#0"},"west":{"uv":[6.0625,1.25,6,2],"texture":"#0"},"up":{"uv":[6.1875,1.1875,6.0625,1.25],"texture":"#0"},"down":{"uv":[6.1875,1.1875,6.0625,1.125],"texture":"#0"}}},{"from":[-1.5,16,3],"to":[-0.5,16.5,3.5],"rotation":{"angle":0,"axis":"y","origin":[0,0,16]},"faces":{"north":{"uv":[5.875,1.125,5.75,1.1875],"texture":"#0"},"east":{"uv":[5.9375,1.1875,5.875,1.25],"texture":"#0"},"south":{"uv":[5.875,1.1875,5.75,1.25],"texture":"#0"},"west":{"uv":[5.9375,1.125,5.875,1.1875],"texture":"#0"},"up":{"uv":[6.0625,1.1875,5.9375,1.25],"texture":"#0"},"down":{"uv":[6.0625,1.1875,5.9375,1.125],"texture":"#0"}}},{"from":[-1.5,21.5,3],"to":[-0.5,22,3.5],"rotation":{"angle":0,"axis":"y","origin":[0,0,16]},"faces":{"north":{"uv":[5.875,1.125,5.75,1.1875],"texture":"#0"},"east":{"uv":[5.9375,1.1875,5.875,1.25],"texture":"#0"},"south":{"uv":[5.875,1.1875,5.75,1.25],"texture":"#0"},"west":{"uv":[5.9375,1.125,5.875,1.1875],"texture":"#0"},"up":{"uv":[6.0625,1.1875,5.9375,1.25],"texture":"#0"},"down":{"uv":[6.0625,1.1875,5.9375,1.125],"texture":"#0"}}}],"gui_light":"front","display":{"thirdperson_righthand":{"rotation":[67.5,0,0],"translation":[1.5,0.5,-1.25],"scale":[0.20195,0.20195,0.20195]},"thirdperson_lefthand":{"rotation":[67.5,0,0],"translation":[-1.5,0.5,-1.25],"scale":[0.20195,0.20195,0.20195]},"firstperson_righthand":{"translation":[4,2.25,0],"scale":[0.24969,0.24969,0.24969]},"firstperson_lefthand":{"translation":[0,2.25,0],"scale":[0.24969,0.24969,0.24969]},"ground":{"translation":[3.25,6,0],"scale":[0.4,0.4,0.4]},"gui":{"rotation":[30,135,0],"translation":[-2.25,-1.75,0],"scale":[0.39516,0.39516,0.39516]},"head":{"rotation":[0,180,0],"translation":[0,-30.4,0],"scale":[1.6,1.6,1.6]},"fixed":{"rotation":[-90,0,0],"translation":[0,0,-16],"scale":[2,2,2]}}}