{"credit":"MadewithBlockbench","texture_size":[128,128],"textures":{"0":"elitecreatures:lab_furniture_v1/cupboard02texture","particle":"elitecreatures:lab_furniture_v1/cupboard02texture"},"elements":[{"from":[-16,2,1],"to":[16,14,16],"faces":{"north":{"uv":[4,1.875,8,3.375],"texture":"#0"},"east":{"uv":[0,4.875,1.875,6.375],"texture":"#0"},"south":{"uv":[0,1.875,4,3.375],"texture":"#0"},"west":{"uv":[0,4.875,1.875,6.375],"texture":"#0"},"up":{"uv":[4,1.875,0,0],"texture":"#0"},"down":{"uv":[8,0,4,1.875],"texture":"#0"}}},{"from":[-16,14,0],"to":[16,16,16],"faces":{"north":{"uv":[8,2,12,2.25],"texture":"#0"},"east":{"uv":[1.875,3.375,3.875,3.625],"texture":"#0"},"south":{"uv":[12,2,16,2.25],"texture":"#0"},"west":{"uv":[1.875,3.625,3.875,3.875],"texture":"#0"},"up":{"uv":[12,2,8,0],"texture":"#0"},"down":{"uv":[16,0,12,2],"texture":"#0"}}},{"from":[-16,0,2],"to":[16,2,16],"faces":{"north":{"uv":[8,4,12,4.25],"texture":"#0"},"east":{"uv":[3.875,3.625,5.625,3.875],"texture":"#0"},"south":{"uv":[12,4,16,4.25],"texture":"#0"},"west":{"uv":[3.875,3.375,5.625,3.625],"texture":"#0"},"up":{"uv":[12,4,8,2.25],"texture":"#0"},"down":{"uv":[16,2.25,12,4],"texture":"#0"}}}],"gui_light":"front","display":{"thirdperson_righthand":{"rotation":[67.5,0,0],"translation":[1.5,1.5,-0.25],"scale":[0.1893,0.1893,0.1893]},"thirdperson_lefthand":{"rotation":[67.5,0,0],"translation":[-1.5,1.5,-0.25],"scale":[0.1893,0.1893,0.1893]},"firstperson_righthand":{"translation":[2.25,3.25,0],"scale":[0.26461,0.26461,0.26461]},"firstperson_lefthand":{"translation":[-1.5,3.25,0],"scale":[0.26461,0.26461,0.26461]},"ground":{"translation":[3.25,6,0],"scale":[0.4,0.4,0.4]},"gui":{"rotation":[30,135,0],"translation":[-2.5,1,0],"scale":[0.44125,0.44125,0.44125]},"head":{"rotation":[0,180,0],"translation":[0,-30.4,0],"scale":[1.6,1.6,1.6]},"fixed":{"rotation":[-90,0,0],"translation":[0,0,-16],"scale":[2,2,2]}}}