{"credit":"MadewithBlockbench","texture_size":[64,64],"textures":{"0":"elitecreatures:lab_furniture_v1/doortexture","particle":"elitecreatures:lab_furniture_v1/doortexture"},"elements":[{"from":[0,28,7.25],"to":[16,32,8.75],"faces":{"north":{"uv":[6.75,0,10.75,1],"texture":"#0"},"east":{"uv":[11.125,0,11.5,1],"texture":"#0"},"south":{"uv":[6.75,0,10.75,1],"texture":"#0"},"west":{"uv":[10.75,0,11.125,1],"texture":"#0"},"up":{"uv":[10.75,1.375,6.75,1],"texture":"#0"},"down":{"uv":[10.75,1.375,6.75,1.75],"texture":"#0"}}},{"from":[0,0,7.25],"to":[16,16,8.75],"faces":{"north":{"uv":[0,0,4,4],"texture":"#0"},"east":{"uv":[4.375,0,4.75,4],"texture":"#0"},"south":{"uv":[0,0,4,4],"texture":"#0"},"west":{"uv":[4,0,4.375,4],"texture":"#0"},"up":{"uv":[4,4.75,0,4.375],"texture":"#0"},"down":{"uv":[4,4,0,4.375],"texture":"#0"}}},{"from":[0,16,7.25],"to":[4,28,8.75],"rotation":{"angle":0,"axis":"y","origin":[16,0,0]},"faces":{"north":{"uv":[0,4.75,1,7.75],"texture":"#0"},"east":{"uv":[1.375,4.75,1.75,7.75],"texture":"#0"},"south":{"uv":[1,4.75,0,7.75],"texture":"#0"},"west":{"uv":[1,4.75,1.375,7.75],"texture":"#0"},"up":{"uv":[1,8.125,0,7.75],"texture":"#0"},"down":{"uv":[1,8.125,0,8.5],"texture":"#0"}}},{"from":[4,16,8],"to":[12,28,8],"faces":{"north":{"uv":[4.75,0,6.75,3],"texture":"#0"},"east":{"uv":[0,0,0,3],"texture":"#0"},"south":{"uv":[4.75,0,6.75,3],"texture":"#0"},"west":{"uv":[0,0,0,3],"texture":"#0"},"up":{"uv":[2,0,0,0],"texture":"#0"},"down":{"uv":[2,0,0,0],"texture":"#0"}}},{"from":[1.25,11.5,6.25],"to":[2.75,13,7.25],"rotation":{"angle":0,"axis":"y","origin":[16,16,0]},"faces":{"north":{"uv":[8.375,1.75,8.75,2.125],"texture":"#0"},"east":{"uv":[9,1.75,9.25,2.125],"texture":"#0"},"south":{"uv":[8,1.75,8.375,2.125],"texture":"#0"},"west":{"uv":[8.75,1.75,9,2.125],"texture":"#0"},"up":{"uv":[8.75,2.375,8.375,2.125],"texture":"#0"},"down":{"uv":[8.375,2.125,8,2.375],"texture":"#0"}}},{"from":[1.25,11.5,5.25],"to":[2.75,19.5,6.25],"rotation":{"angle":0,"axis":"y","origin":[16,0,0]},"faces":{"north":{"uv":[6.75,1.75,7.125,3.75],"texture":"#0"},"east":{"uv":[7.5,1.75,7.75,3.75],"texture":"#0"},"south":{"uv":[7.125,1.75,7.5,3.75],"texture":"#0"},"west":{"uv":[7.75,1.75,8,3.75],"texture":"#0"},"up":{"uv":[7.5,4,7.125,3.75],"texture":"#0"},"down":{"uv":[7.125,3.75,6.75,4],"texture":"#0"}}},{"from":[12,16,7.25],"to":[16,28,8.75],"faces":{"north":{"uv":[2.75,4.75,1.75,7.75],"texture":"#0"},"east":{"uv":[3.125,4.75,2.75,7.75],"texture":"#0"},"south":{"uv":[1.75,4.75,2.75,7.75],"texture":"#0"},"west":{"uv":[3.5,4.75,3.125,7.75],"texture":"#0"},"up":{"uv":[1.75,8.125,2.75,7.75],"texture":"#0"},"down":{"uv":[1.75,8.125,2.75,8.5],"texture":"#0"}}},{"from":[1.25,18,6.25],"to":[2.75,19.5,7.25],"rotation":{"angle":0,"axis":"y","origin":[16,16,0]},"faces":{"north":{"uv":[9.625,1.75,10,2.125],"texture":"#0"},"east":{"uv":[10.25,1.75,10.5,2.125],"texture":"#0"},"south":{"uv":[9.25,1.75,9.625,2.125],"texture":"#0"},"west":{"uv":[10,1.75,10.25,2.125],"texture":"#0"},"up":{"uv":[10,2.375,9.625,2.125],"texture":"#0"},"down":{"uv":[9.625,2.125,9.25,2.375],"texture":"#0"}}},{"from":[1.25,18,8.75],"to":[2.75,19.5,9.75],"rotation":{"angle":0,"axis":"y","origin":[16,16,16]},"faces":{"north":{"uv":[9.625,1.75,9.25,2.125],"texture":"#0"},"east":{"uv":[10.5,1.75,10.25,2.125],"texture":"#0"},"south":{"uv":[10,1.75,9.625,2.125],"texture":"#0"},"west":{"uv":[10.25,1.75,10,2.125],"texture":"#0"},"up":{"uv":[10,2.125,9.625,2.375],"texture":"#0"},"down":{"uv":[9.625,2.375,9.25,2.125],"texture":"#0"}}},{"from":[1.25,11.5,9.75],"to":[2.75,19.5,10.75],"rotation":{"angle":0,"axis":"y","origin":[16,0,16]},"faces":{"north":{"uv":[7.5,1.75,7.125,3.75],"texture":"#0"},"east":{"uv":[7.75,1.75,7.5,3.75],"texture":"#0"},"south":{"uv":[7.125,1.75,6.75,3.75],"texture":"#0"},"west":{"uv":[8,1.75,7.75,3.75],"texture":"#0"},"up":{"uv":[7.5,3.75,7.125,4],"texture":"#0"},"down":{"uv":[7.125,4,6.75,3.75],"texture":"#0"}}},{"from":[1.25,11.5,8.75],"to":[2.75,13,9.75],"rotation":{"angle":0,"axis":"y","origin":[16,16,16]},"faces":{"north":{"uv":[8.375,1.75,8,2.125],"texture":"#0"},"east":{"uv":[9.25,1.75,9,2.125],"texture":"#0"},"south":{"uv":[8.75,1.75,8.375,2.125],"texture":"#0"},"west":{"uv":[9,1.75,8.75,2.125],"texture":"#0"},"up":{"uv":[8.75,2.125,8.375,2.375],"texture":"#0"},"down":{"uv":[8.375,2.375,8,2.125],"texture":"#0"}}}],"gui_light":"front","display":{"thirdperson_righthand":{"rotation":[67.5,0,0],"translation":[0,0,-2],"scale":[0.26578,0.26578,0.26578]},"thirdperson_lefthand":{"rotation":[67.5,0,0],"translation":[0,0,-2],"scale":[0.26578,0.26578,0.26578]},"firstperson_righthand":{"translation":[3.25,1.75,0],"scale":[0.30484,0.30484,0.30484]},"firstperson_lefthand":{"translation":[3.25,1.75,0],"scale":[0.30484,0.30484,0.30484]},"ground":{"translation":[0,6,0],"scale":[0.4,0.4,0.4]},"gui":{"rotation":[30,135,0],"translation":[0,-3.25,0],"scale":[0.45539,0.45539,0.45539]},"head":{"rotation":[0,180,0],"translation":[0,-30.4,0],"scale":[1.6,1.6,1.6]},"fixed":{"rotation":[-90,0,0],"translation":[0,0,-16],"scale":[2,2,2]}}}