{"credit":"MadewithBlockbench","texture_size":[128,128],"textures":{"0":"elitecreatures:lab_furniture_v1/refrigeratortexture","particle":"elitecreatures:lab_furniture_v1/refrigeratortexture"},"elements":[{"from":[14,2,1],"to":[16,20,3],"faces":{"north":{"uv":[5.875,2.5,6.125,4.75],"texture":"#0"},"east":{"uv":[6.125,2.5,6.375,4.75],"texture":"#0"},"south":{"uv":[6.125,2.5,5.875,4.75],"texture":"#0"},"west":{"uv":[6.625,2.5,6.875,4.75],"texture":"#0"},"up":{"uv":[7.125,2.5,6.875,2.25],"texture":"#0"},"down":{"uv":[7.375,2.25,7.125,2.5],"texture":"#0"}}},{"from":[14.5,8,-0.5],"to":[15.5,16,0],"faces":{"north":{"uv":[2.5,4.5,2.625,5.5],"texture":"#0"},"east":{"uv":[2.75,4.5,2.8125,5.5],"texture":"#0"},"south":{"uv":[2.625,4.5,2.75,5.5],"texture":"#0"},"west":{"uv":[2.8125,4.5,2.875,5.5],"texture":"#0"},"up":{"uv":[7,2.8125,6.875,2.75],"texture":"#0"},"down":{"uv":[7,2.8125,6.875,2.875],"texture":"#0"}}},{"from":[14.5,8,0],"to":[15.5,8.5,1],"rotation":{"angle":0,"axis":"y","origin":[0,16,0]},"faces":{"north":{"uv":[6.875,3,7,3.0625],"texture":"#0"},"east":{"uv":[6.875,3.0625,7,3.125],"texture":"#0"},"south":{"uv":[6.875,3.125,7,3.1875],"texture":"#0"},"west":{"uv":[6.875,3.1875,7,3.25],"texture":"#0"},"up":{"uv":[7,3.375,6.875,3.25],"texture":"#0"},"down":{"uv":[7,2.875,6.875,3],"texture":"#0"}}},{"from":[2,2,1],"to":[14,4,3],"faces":{"north":{"uv":[7.375,1,8.875,1.25],"texture":"#0"},"east":{"uv":[6.875,2.5,7.125,2.75],"texture":"#0"},"south":{"uv":[7.375,1,8.875,1.25],"texture":"#0"},"west":{"uv":[7.125,2.5,7.375,2.75],"texture":"#0"},"up":{"uv":[8.875,1.75,7.375,1.5],"texture":"#0"},"down":{"uv":[8.875,1.75,7.375,2],"texture":"#0"}}},{"from":[2,4,2],"to":[14,18,2],"rotation":{"angle":0,"axis":"y","origin":[8,11,2]},"faces":{"north":{"uv":[8.875,0,10.375,1.75],"texture":"#0"},"east":{"uv":[0,0,0,1.75],"texture":"#0"},"south":{"uv":[8.875,0,10.375,1.75],"texture":"#0"},"west":{"uv":[0,0,0,1.75],"texture":"#0"},"up":{"uv":[1.5,0,0,0],"texture":"#0"},"down":{"uv":[1.5,0,0,0],"texture":"#0"}}},{"from":[2,18,1],"to":[14,20,3],"faces":{"north":{"uv":[7.375,0,8.875,0.25],"texture":"#0"},"east":{"uv":[6.875,2.5,7.125,2.75],"texture":"#0"},"south":{"uv":[7.375,0,8.875,0.25],"texture":"#0"},"west":{"uv":[7.125,2.5,7.375,2.75],"texture":"#0"},"up":{"uv":[8.875,0.75,7.375,0.5],"texture":"#0"},"down":{"uv":[8.875,0.75,7.375,1],"texture":"#0"}}},{"from":[14.5,15.5,0],"to":[15.5,16,1],"rotation":{"angle":0,"axis":"y","origin":[0,16,0]},"faces":{"north":{"uv":[6.875,3,7,3.0625],"texture":"#0"},"east":{"uv":[6.875,3.0625,7,3.125],"texture":"#0"},"south":{"uv":[6.875,3.125,7,3.1875],"texture":"#0"},"west":{"uv":[6.875,3.1875,7,3.25],"texture":"#0"},"up":{"uv":[7,3.375,6.875,3.25],"texture":"#0"},"down":{"uv":[7,2.875,6.875,3],"texture":"#0"}}},{"from":[0,2,1],"to":[2,20,3],"rotation":{"angle":0,"axis":"y","origin":[16,0,0]},"faces":{"north":{"uv":[6.125,2.5,5.875,4.75],"texture":"#0"},"east":{"uv":[6.875,2.5,6.625,4.75],"texture":"#0"},"south":{"uv":[5.875,2.5,6.125,4.75],"texture":"#0"},"west":{"uv":[6.375,2.5,6.125,4.75],"texture":"#0"},"up":{"uv":[6.875,2.5,7.125,2.25],"texture":"#0"},"down":{"uv":[7.125,2.25,7.375,2.5],"texture":"#0"}}},{"from":[2,2,14],"to":[14,20,16],"faces":{"north":{"uv":[5.375,0,6.875,2.25],"texture":"#0"},"east":{"uv":[6.875,0,7.125,2.25],"texture":"#0"},"south":{"uv":[3.875,0,5.375,2.25],"texture":"#0"},"west":{"uv":[7.125,0,7.375,2.25],"texture":"#0"},"up":{"uv":[5.375,2.5,3.875,2.25],"texture":"#0"},"down":{"uv":[6.875,2.25,5.375,2.5],"texture":"#0"}}},{"from":[0,20,0],"to":[16,24,16],"faces":{"north":{"uv":[0,4,2,4.5],"texture":"#0"},"east":{"uv":[0,5.5,2,6],"texture":"#0"},"south":{"uv":[0,5.5,2,6],"texture":"#0"},"west":{"uv":[0,5.5,2,6],"texture":"#0"},"up":{"uv":[2,2,0,0],"texture":"#0"},"down":{"uv":[2,2,0,4],"texture":"#0"}}},{"from":[14,2,3],"to":[16,20,16],"faces":{"north":{"uv":[3.625,0,3.875,2.25],"texture":"#0"},"east":{"uv":[2,0,3.625,2.25],"texture":"#0"},"south":{"uv":[3.625,4.5,3.875,6.75],"texture":"#0"},"west":{"uv":[2,2.25,3.625,4.5],"texture":"#0"},"up":{"uv":[2.25,6.125,2,4.5],"texture":"#0"},"down":{"uv":[2.5,4.5,2.25,6.125],"texture":"#0"}}},{"from":[0,2,3],"to":[2,20,16],"rotation":{"angle":0,"axis":"y","origin":[16,0,0]},"faces":{"north":{"uv":[3.875,0,3.625,2.25],"texture":"#0"},"east":{"uv":[3.625,2.25,2,4.5],"texture":"#0"},"south":{"uv":[3.875,2.25,3.625,4.5],"texture":"#0"},"west":{"uv":[3.625,0,2,2.25],"texture":"#0"},"up":{"uv":[2,6.125,2.25,4.5],"texture":"#0"},"down":{"uv":[2.25,4.5,2.5,6.125],"texture":"#0"}}},{"from":[0,0,3],"to":[16,2,16],"faces":{"north":{"uv":[3.875,5.75,5.875,6],"texture":"#0"},"east":{"uv":[0,6,1.625,6.25],"texture":"#0"},"south":{"uv":[3.875,6,5.875,6.25],"texture":"#0"},"west":{"uv":[0,6.25,1.625,6.5],"texture":"#0"},"up":{"uv":[5.875,4.125,3.875,2.5],"texture":"#0"},"down":{"uv":[5.875,4.125,3.875,5.75],"texture":"#0"}}},{"from":[2,8,3],"to":[14,8,15],"faces":{"north":{"uv":[3.875,5.75,5.375,5.75],"texture":"#0"},"east":{"uv":[0,6,1.5,6],"texture":"#0"},"south":{"uv":[0,6,1.5,6],"texture":"#0"},"west":{"uv":[0,6,1.5,6],"texture":"#0"},"up":{"uv":[1.5,8.125,0,6.625],"texture":"#0"},"down":{"uv":[1.5,6.625,0,8.125],"texture":"#0"}}},{"from":[2,13,3],"to":[14,13,15],"faces":{"north":{"uv":[3.875,5.75,5.375,5.75],"texture":"#0"},"east":{"uv":[0,6,1.5,6],"texture":"#0"},"south":{"uv":[0,6,1.5,6],"texture":"#0"},"west":{"uv":[0,6,1.5,6],"texture":"#0"},"up":{"uv":[1.5,8.125,0,6.625],"texture":"#0"},"down":{"uv":[1.5,6.625,0,8.125],"texture":"#0"}}}],"gui_light":"front","display":{"thirdperson_righthand":{"rotation":[67.5,0,0],"translation":[0,1.5,-0.75],"scale":[0.20758,0.20758,0.20758]},"thirdperson_lefthand":{"rotation":[67.5,0,0],"translation":[0,1.5,-0.75],"scale":[0.20758,0.20758,0.20758]},"firstperson_righthand":{"translation":[1.25,3.25,0],"scale":[0.27938,0.27938,0.27938]},"firstperson_lefthand":{"translation":[1.25,3.25,0],"scale":[0.27938,0.27938,0.27938]},"ground":{"translation":[0,6,0],"scale":[0.4,0.4,0.4]},"gui":{"rotation":[30,135,0],"translation":[0,-2,0],"scale":[0.50172,0.50172,0.50172]},"head":{"rotation":[0,180,0],"translation":[0,-30.4,0],"scale":[1.6,1.6,1.6]},"fixed":{"rotation":[-90,0,0],"translation":[0,0,-16],"scale":[2,2,2]}}}