{"credit":"MadewithBlockbench","texture_size":[128,128],"textures":{"0":"elitecreatures:lab_furniture_v1/scienceequipment01texture","particle":"elitecreatures:lab_furniture_v1/scienceequipment01texture"},"elements":[{"from":[0,0,0],"to":[16,3,16],"rotation":{"angle":0,"axis":"y","origin":[0,1,-0.5]},"faces":{"north":{"uv":[6.5,2.125,8.5,2.5],"texture":"#0"},"east":{"uv":[6.5,2.5,8.5,2.875],"texture":"#0"},"south":{"uv":[6.5,2.875,8.5,3.25],"texture":"#0"},"west":{"uv":[6.5,3.25,8.5,3.625],"texture":"#0"},"up":{"uv":[2,2,0,0],"texture":"#0"},"down":{"uv":[2,2,0,4],"texture":"#0"}}},{"from":[0,3,3.75],"to":[16,4.5,16],"rotation":{"angle":0,"axis":"y","origin":[0,0.5,-2.25]},"faces":{"north":{"uv":[7.25,0,9.25,0.1875],"texture":"#0"},"east":{"uv":[7.25,1,8.8125,1.1875],"texture":"#0"},"south":{"uv":[7.25,0.25,9.25,0.4375],"texture":"#0"},"west":{"uv":[7.25,1.25,8.8125,1.4375],"texture":"#0"},"up":{"uv":[2,5.5625,0,4],"texture":"#0"},"down":{"uv":[4,4.5,2,6.0625],"texture":"#0"}}},{"from":[0.05,2.5,-0.25],"to":[15.95,4.5,3.75],"rotation":{"angle":-22.5,"axis":"x","origin":[8,4.5,3.75]},"faces":{"north":{"uv":[6.5,3.625,8.5,3.875],"texture":"#0"},"east":{"uv":[5.25,3.875,5.75,4.125],"texture":"#0"},"south":{"uv":[7,6.125,9,6.375],"texture":"#0"},"west":{"uv":[5.25,4.125,5.75,4.375],"texture":"#0"},"up":{"uv":[7,6.625,5,6.125],"texture":"#0"},"down":{"uv":[8.5,1.625,6.5,2.125],"texture":"#0"}}},{"from":[3.25,5.375,5.875],"to":[12.75,6.375,13.875],"rotation":{"angle":0,"axis":"y","origin":[0,0.5,-2.25]},"faces":{"north":{"uv":[7.25,1.5,8.4375,1.625],"texture":"#0"},"east":{"uv":[7.5,4.375,8.5,4.5],"texture":"#0"},"south":{"uv":[5.75,7.375,6.9375,7.5],"texture":"#0"},"west":{"uv":[7.5,4.5,8.5,4.625],"texture":"#0"},"up":{"uv":[3.6875,7.125,2.5,6.125],"texture":"#0"},"down":{"uv":[4.9375,6.125,3.75,7.125],"texture":"#0"}}},{"from":[4.25,4.375,6.875],"to":[11.75,5.375,12.875],"rotation":{"angle":0,"axis":"y","origin":[0,0.5,-2.25]},"faces":{"north":{"uv":[7.5,4.625,8.4375,4.75],"texture":"#0"},"east":{"uv":[5.25,4.375,6,4.5],"texture":"#0"},"south":{"uv":[7.5,4.75,8.4375,4.875],"texture":"#0"},"west":{"uv":[1.25,5.625,2,5.75],"texture":"#0"},"up":{"uv":[5.9375,7.375,5,6.625],"texture":"#0"},"down":{"uv":[6.9375,6.625,6,7.375],"texture":"#0"}}},{"from":[14.5,4.5,3.75],"to":[16,22.5,5.25],"rotation":{"angle":0,"axis":"y","origin":[16,0.5,18.25]},"faces":{"north":{"uv":[7.25,6.375,7.4375,8.625],"texture":"#0"},"east":{"uv":[7.25,6.375,7.4375,8.625],"texture":"#0"},"south":{"uv":[7.25,6.375,7.4375,8.625],"texture":"#0"},"west":{"uv":[7.25,6.375,7.4375,8.625],"texture":"#0"},"up":{"uv":[7.6875,5.3125,7.5,5.125],"texture":"#0"},"down":{"uv":[7.6875,5.375,7.5,5.5625],"texture":"#0"}}},{"from":[0,22.5,3.75],"to":[16,24,16],"rotation":{"angle":0,"axis":"y","origin":[0,0.5,-2.25]},"faces":{"north":{"uv":[7.25,0.5,9.25,0.6875],"texture":"#0"},"east":{"uv":[7.5,3.875,9.0625,4.0625],"texture":"#0"},"south":{"uv":[7.25,0.75,9.25,0.9375],"texture":"#0"},"west":{"uv":[7.5,4.125,9.0625,4.3125],"texture":"#0"},"up":{"uv":[6,6.0625,4,4.5],"texture":"#0"},"down":{"uv":[7.25,0,5.25,1.5625],"texture":"#0"}}},{"from":[0.75,4.5,5.25],"to":[0.75,22.5,14.5],"rotation":{"angle":0,"axis":"y","origin":[0,0.5,-2.25]},"faces":{"north":{"uv":[0,0,0,2.25],"texture":"#0"},"east":{"uv":[1.1875,5.625,0,7.875],"texture":"#0"},"south":{"uv":[0,0,0,2.25],"texture":"#0"},"west":{"uv":[0,5.625,1.1875,7.875],"texture":"#0"},"up":{"uv":[0,1.1875,0,0],"texture":"#0"},"down":{"uv":[0,0,0,1.1875],"texture":"#0"}}},{"from":[1.5,4.5,4.5],"to":[14.5,22.5,4.5],"rotation":{"angle":0,"axis":"y","origin":[16,0.5,18.25]},"faces":{"north":{"uv":[3.625,0,5.25,2.25],"texture":"#0"},"east":{"uv":[0,0,0,2.25],"texture":"#0"},"south":{"uv":[5.25,0,3.625,2.25],"texture":"#0"},"west":{"uv":[0,0,0,2.25],"texture":"#0"},"up":{"uv":[1.625,0,0,0],"texture":"#0"},"down":{"uv":[1.625,0,0,0],"texture":"#0"}}},{"from":[15.25,4.5,5.25],"to":[15.25,22.5,14.5],"rotation":{"angle":0,"axis":"y","origin":[16,0.5,-2.25]},"faces":{"north":{"uv":[0,0,0,2.25],"texture":"#0"},"east":{"uv":[1.1875,5.625,0,7.875],"texture":"#0"},"south":{"uv":[0,0,0,2.25],"texture":"#0"},"west":{"uv":[0,5.625,1.1875,7.875],"texture":"#0"},"up":{"uv":[0,1.1875,0,0],"texture":"#0"},"down":{"uv":[0,0,0,1.1875],"texture":"#0"}}},{"from":[1.5,4.5,15.5],"to":[14.5,22.5,15.5],"rotation":{"angle":0,"axis":"y","origin":[16,0.5,-2.25]},"faces":{"north":{"uv":[3.625,0,5.25,2.25],"texture":"#0"},"east":{"uv":[0,0,0,2.25],"texture":"#0"},"south":{"uv":[5.25,0,3.625,2.25],"texture":"#0"},"west":{"uv":[0,0,0,2.25],"texture":"#0"},"up":{"uv":[1.625,0,0,0],"texture":"#0"},"down":{"uv":[1.625,0,0,0],"texture":"#0"}}},{"from":[14.5,4.5,14.5],"to":[16,22.5,16],"rotation":{"angle":0,"axis":"y","origin":[16,0.5,-2.25]},"faces":{"north":{"uv":[7.25,6.375,7.4375,8.625],"texture":"#0"},"east":{"uv":[7.25,6.375,7.4375,8.625],"texture":"#0"},"south":{"uv":[7.4375,6.375,7.25,8.625],"texture":"#0"},"west":{"uv":[7.25,6.375,7.4375,8.625],"texture":"#0"},"up":{"uv":[7.6875,5.125,7.5,5.3125],"texture":"#0"},"down":{"uv":[7.6875,5.5625,7.5,5.375],"texture":"#0"}}},{"from":[0,4.5,14.5],"to":[1.5,22.5,16],"rotation":{"angle":0,"axis":"y","origin":[0,0.5,-2.25]},"faces":{"north":{"uv":[7.4375,6.375,7.25,8.625],"texture":"#0"},"east":{"uv":[7.4375,6.375,7.25,8.625],"texture":"#0"},"south":{"uv":[7.25,6.375,7.4375,8.625],"texture":"#0"},"west":{"uv":[7.4375,6.375,7.25,8.625],"texture":"#0"},"up":{"uv":[7.5,5.125,7.6875,5.3125],"texture":"#0"},"down":{"uv":[7.5,5.5625,7.6875,5.375],"texture":"#0"}}},{"from":[0,4.5,3.75],"to":[1.5,22.5,5.25],"rotation":{"angle":0,"axis":"y","origin":[0,0.5,18.25]},"faces":{"north":{"uv":[7.4375,6.375,7.25,8.625],"texture":"#0"},"east":{"uv":[7.4375,6.375,7.25,8.625],"texture":"#0"},"south":{"uv":[7.4375,6.375,7.25,8.625],"texture":"#0"},"west":{"uv":[7.4375,6.375,7.25,8.625],"texture":"#0"},"up":{"uv":[7.5,5.3125,7.6875,5.125],"texture":"#0"},"down":{"uv":[7.5,5.375,7.6875,5.5625],"texture":"#0"}}}],"gui_light":"front","display":{"thirdperson_righthand":{"rotation":[67.5,0,0],"translation":[0,1.25,-0.5],"scale":[0.17352,0.17352,0.17352]},"thirdperson_lefthand":{"rotation":[67.5,0,0],"translation":[0,1.25,-0.5],"scale":[0.17352,0.17352,0.17352]},"firstperson_righthand":{"translation":[1.5,3.25,0],"scale":[0.26531,0.26531,0.26531]},"firstperson_lefthand":{"translation":[1.5,3.25,0],"scale":[0.26531,0.26531,0.26531]},"ground":{"translation":[0,6,0],"scale":[0.4,0.4,0.4]},"gui":{"rotation":[30,135,0],"translation":[0,-1.75,0],"scale":[0.48633,0.48633,0.48633]},"head":{"rotation":[0,180,0],"translation":[0,-30.4,0],"scale":[1.6,1.6,1.6]},"fixed":{"rotation":[-90,0,0],"translation":[0,0,-16],"scale":[2,2,2]}}}