{"credit":"MadewithBlockbench","texture_size":[128,128],"textures":{"0":"elitecreatures:lab_furniture_v1/tabletexture","particle":"elitecreatures:lab_furniture_v1/tabletexture"},"elements":[{"from":[-16,15.2,-0.05],"to":[16,16.15,15.95],"faces":{"north":{"uv":[0,4.625,4.5,4.75],"texture":"#0"},"east":{"uv":[4.5,0,4.625,2.25],"rotation":90,"texture":"#0"},"south":{"uv":[0,4.5,4.5,4.625],"texture":"#0"},"west":{"uv":[4.5,2.25,4.625,4.5],"rotation":90,"texture":"#0"},"up":{"uv":[4.5,4.5,0,2.25],"texture":"#0"},"down":{"uv":[4.5,0,0,2.25],"texture":"#0"}}},{"from":[14.35,2.85,0],"to":[15.3,14.25,15.2],"faces":{"north":{"uv":[12.125,2.25,12.25,3.75],"texture":"#0"},"east":{"uv":[10,2.25,12,3.75],"texture":"#0"},"south":{"uv":[12,2.25,12.125,3.75],"texture":"#0"},"west":{"uv":[8,2.25,10,3.75],"texture":"#0"},"up":{"uv":[16,2.25,14,2.125],"rotation":90,"texture":"#0"},"down":{"uv":[12,2.25,14,2.125],"rotation":90,"texture":"#0"}}},{"from":[-6.55,2.85,0],"to":[6.75,11.4,15.2],"faces":{"north":{"uv":[5.75,1.75,6.875,3.5],"rotation":90,"texture":"#0"},"east":{"uv":[6.875,2,8,4],"rotation":90,"texture":"#0"},"south":{"uv":[5.75,0,6.875,1.75],"rotation":90,"texture":"#0"},"west":{"uv":[6.875,2,8,4],"rotation":90,"texture":"#0"},"up":{"uv":[1.75,6.75,0,4.75],"texture":"#0"},"down":{"uv":[3.5,4.75,1.75,6.75],"texture":"#0"}}},{"from":[-15.1,1.9,0],"to":[15.3,2.85,15.2],"faces":{"north":{"uv":[8,2,12,2.125],"texture":"#0"},"east":{"uv":[10,2.125,12,2.25],"texture":"#0"},"south":{"uv":[12,2,16,2.125],"texture":"#0"},"west":{"uv":[8,2.125,10,2.25],"texture":"#0"},"up":{"uv":[12,2,8,0],"texture":"#0"},"down":{"uv":[16,0,12,2],"texture":"#0"}}},{"from":[5.8,11.4,0],"to":[6.75,14.25,15.2],"faces":{"north":{"uv":[14.25,2.625,14.375,3],"texture":"#0"},"east":{"uv":[12.25,2.25,14.25,2.625],"texture":"#0"},"south":{"uv":[14.25,2.25,14.375,2.625],"texture":"#0"},"west":{"uv":[12.25,2.625,14.25,3],"texture":"#0"},"up":{"uv":[14.25,3.25,12.25,3.125],"rotation":90,"texture":"#0"},"down":{"uv":[12.25,3.125,14.25,3],"rotation":90,"texture":"#0"}}},{"from":[-15.1,2.85,0],"to":[-14.15,14.25,15.2],"rotation":{"angle":0,"axis":"y","origin":[15.2,0,0]},"faces":{"north":{"uv":[12.25,2.25,12.125,3.75],"texture":"#0"},"east":{"uv":[10,2.25,8,3.75],"texture":"#0"},"south":{"uv":[12.125,2.25,12,3.75],"texture":"#0"},"west":{"uv":[10,2.25,12,3.75],"texture":"#0"},"up":{"uv":[16,2.125,14,2.25],"rotation":90,"texture":"#0"},"down":{"uv":[12,2.125,14,2.25],"rotation":90,"texture":"#0"}}},{"from":[-6.55,11.4,0],"to":[-5.6,14.25,15.2],"rotation":{"angle":0,"axis":"y","origin":[15.2,0,0]},"faces":{"north":{"uv":[14.375,2.625,14.25,3],"texture":"#0"},"east":{"uv":[14.25,2.625,12.25,3],"texture":"#0"},"south":{"uv":[14.375,2.25,14.25,2.625],"texture":"#0"},"west":{"uv":[14.25,2.25,12.25,2.625],"texture":"#0"},"up":{"uv":[14.25,3.125,12.25,3.25],"rotation":90,"texture":"#0"},"down":{"uv":[12.25,3,14.25,3.125],"rotation":90,"texture":"#0"}}},{"from":[-15.1,0,14.25],"to":[-14.15,1.9,15.2],"rotation":{"angle":0,"axis":"y","origin":[15.2,0,15.2]},"faces":{"north":{"uv":[4,4.75,4.125,5],"texture":"#0"},"east":{"uv":[4.25,4.75,4.375,5],"texture":"#0"},"south":{"uv":[3.875,4.75,4,5],"texture":"#0"},"west":{"uv":[4.125,4.75,4.25,5],"texture":"#0"},"up":{"uv":[3.875,4.875,3.75,4.75],"texture":"#0"},"down":{"uv":[3.875,4.875,3.75,5],"texture":"#0"}}},{"from":[14.35,0,14.25],"to":[15.3,1.9,15.2],"rotation":{"angle":0,"axis":"y","origin":[0,0,15.2]},"faces":{"north":{"uv":[4.125,4.75,4,5],"texture":"#0"},"east":{"uv":[4.25,4.75,4.125,5],"texture":"#0"},"south":{"uv":[4,4.75,3.875,5],"texture":"#0"},"west":{"uv":[4.375,4.75,4.25,5],"texture":"#0"},"up":{"uv":[3.75,4.875,3.875,4.75],"texture":"#0"},"down":{"uv":[3.75,4.875,3.875,5],"texture":"#0"}}},{"from":[-15.1,0,0],"to":[-14.15,1.9,0.95],"rotation":{"angle":0,"axis":"y","origin":[15.2,0,0]},"faces":{"north":{"uv":[4,4.75,3.875,5],"texture":"#0"},"east":{"uv":[4.375,4.75,4.25,5],"texture":"#0"},"south":{"uv":[4.125,4.75,4,5],"texture":"#0"},"west":{"uv":[4.25,4.75,4.125,5],"texture":"#0"},"up":{"uv":[3.875,4.75,3.75,4.875],"texture":"#0"},"down":{"uv":[3.875,5,3.75,4.875],"texture":"#0"}}},{"from":[14.35,0,0],"to":[15.3,1.9,0.95],"faces":{"north":{"uv":[3.875,4.75,4,5],"texture":"#0"},"east":{"uv":[4.125,4.75,4.25,5],"texture":"#0"},"south":{"uv":[4,4.75,4.125,5],"texture":"#0"},"west":{"uv":[4.25,4.75,4.375,5],"texture":"#0"},"up":{"uv":[3.75,4.75,3.875,4.875],"texture":"#0"},"down":{"uv":[3.75,5,3.875,4.875],"texture":"#0"}}},{"from":[-15.1,14.25,0],"to":[15.3,15.2,15.2],"faces":{"north":{"uv":[0,10.75,4,10.875],"texture":"#0"},"east":{"uv":[3.625,4.75,3.75,6.75],"rotation":90,"texture":"#0"},"south":{"uv":[0,10.875,4,11],"texture":"#0"},"west":{"uv":[3.5,4.75,3.625,6.75],"rotation":90,"texture":"#0"},"up":{"uv":[4,10.75,0,8.75],"texture":"#0"},"down":{"uv":[4,6.75,0,8.75],"texture":"#0"}}}],"gui_light":"front","display":{"thirdperson_righthand":{"rotation":[67.5,0,0],"translation":[1.25,1,-0.5],"scale":[0.15578,0.15578,0.15578]},"thirdperson_lefthand":{"rotation":[67.5,0,0],"translation":[-1.25,1,-0.5],"scale":[0.15578,0.15578,0.15578]},"firstperson_righthand":{"translation":[1.75,3.75,1.25],"scale":[0.2575,0.2575,0.2575]},"firstperson_lefthand":{"translation":[-2,3.75,1.25],"scale":[0.2575,0.2575,0.2575]},"ground":{"translation":[3,6,0],"scale":[0.35,0.35,0.35]},"gui":{"rotation":[30,135,0],"translation":[-2.5,1,0],"scale":[0.45031,0.45031,0.45031]},"head":{"rotation":[0,180,0],"translation":[0,-30.4,0],"scale":[1.6,1.6,1.6]},"fixed":{"rotation":[-90,0,0],"translation":[0,0,-16],"scale":[2,2,2]}}}