{"credit":"MadewithBlockbench","texture_size":[64,64],"textures":{"0":"elitecreatures:lab_furniture_v1/whiteboardtexture","particle":"elitecreatures:lab_furniture_v1/whiteboardtexture"},"elements":[{"from":[-13.50471,12.02523,6.79786],"to":[29.33517,32,9.05259],"rotation":{"angle":0,"axis":"y","origin":[-8.05046,0,0]},"faces":{"north":{"uv":[0,4,7.125,8],"texture":"#0"},"east":{"uv":[7.25,2,7.625,6],"texture":"#0"},"south":{"uv":[0,0,7.125,4],"texture":"#0"},"west":{"uv":[7.25,6,7.625,10],"texture":"#0"},"up":{"uv":[14.375,0.375,7.25,0],"texture":"#0"},"down":{"uv":[14.375,0.5,7.25,0.875],"texture":"#0"}}},{"from":[29.33517,4.50946,6.79786],"to":[31.5899,24.05046,9.05259],"rotation":{"angle":0,"axis":"y","origin":[-8.05046,0,0]},"faces":{"north":{"uv":[7.75,2,8.125,5.25],"texture":"#0"},"east":{"uv":[7.75,5.25,8.125,8.5],"texture":"#0"},"south":{"uv":[0,8,0.375,11.25],"texture":"#0"},"west":{"uv":[0.5,8,0.875,11.25],"texture":"#0"},"up":{"uv":[8.625,2.375,8.25,2],"texture":"#0"},"down":{"uv":[8.625,2.5,8.25,2.875],"texture":"#0"}}},{"from":[29.33517,2.25473,0.40946],"to":[31.5899,4.50946,15.441],"rotation":{"angle":0,"axis":"y","origin":[-8.05046,0,0]},"faces":{"north":{"uv":[8.25,3,8.625,3.375],"texture":"#0"},"east":{"uv":[1,8,3.5,8.375],"texture":"#0"},"south":{"uv":[8.25,3.5,8.625,3.875],"texture":"#0"},"west":{"uv":[3.5,8,6,8.375],"texture":"#0"},"up":{"uv":[6.375,10.5,6,8],"texture":"#0"},"down":{"uv":[6.875,8,6.5,10.5],"texture":"#0"}}},{"from":[29.71096,0,0.40946],"to":[31.21411,2.25473,2.66419],"rotation":{"angle":0,"axis":"y","origin":[-8.05046,0,0]},"faces":{"north":{"uv":[7,8,7.25,8.375],"texture":"#0"},"east":{"uv":[8.25,4,8.625,4.375],"texture":"#0"},"south":{"uv":[8.25,6,8.5,6.375],"texture":"#0"},"west":{"uv":[8.25,4.5,8.625,4.875],"texture":"#0"},"up":{"uv":[8.5,6.875,8.25,6.5],"texture":"#0"},"down":{"uv":[8.5,7,8.25,7.375],"texture":"#0"}}},{"from":[29.71096,0,13.18627],"to":[31.21411,2.25473,15.441],"rotation":{"angle":0,"axis":"y","origin":[-8.05046,0,24.05046]},"faces":{"north":{"uv":[8.25,7.5,8.5,7.875],"texture":"#0"},"east":{"uv":[8.25,5,8.625,5.375],"texture":"#0"},"south":{"uv":[8.25,8,8.5,8.375],"texture":"#0"},"west":{"uv":[8.25,5.5,8.625,5.875],"texture":"#0"},"up":{"uv":[1.25,8.875,1,8.5],"texture":"#0"},"down":{"uv":[1.5,8.5,1.25,8.875],"texture":"#0"}}},{"from":[-13.50471,7.13998,7.17365],"to":[29.33517,8.64313,8.67681],"rotation":{"angle":0,"axis":"y","origin":[-8.05046,0,0]},"faces":{"north":{"uv":[7.25,1,14.375,1.25],"texture":"#0"},"east":{"uv":[1.5,8.5,1.75,8.75],"texture":"#0"},"south":{"uv":[7.25,1.25,14.375,1.5],"texture":"#0"},"west":{"uv":[1.75,8.5,2,8.75],"texture":"#0"},"up":{"uv":[14.375,1.75,7.25,1.5],"texture":"#0"},"down":{"uv":[14.375,1.75,7.25,2],"texture":"#0"}}},{"from":[-15.38365,0,13.18627],"to":[-13.88049,2.25473,15.441],"rotation":{"angle":0,"axis":"y","origin":[16,0,24.05046]},"faces":{"north":{"uv":[8.5,7.5,8.25,7.875],"texture":"#0"},"east":{"uv":[8.625,5.5,8.25,5.875],"texture":"#0"},"south":{"uv":[8.5,8,8.25,8.375],"texture":"#0"},"west":{"uv":[8.625,5,8.25,5.375],"texture":"#0"},"up":{"uv":[1,8.875,1.25,8.5],"texture":"#0"},"down":{"uv":[1.25,8.5,1.5,8.875],"texture":"#0"}}},{"from":[-15.38365,0,0.40946],"to":[-13.88049,2.25473,2.66419],"rotation":{"angle":0,"axis":"y","origin":[16,0,0]},"faces":{"north":{"uv":[7.25,8,7,8.375],"texture":"#0"},"east":{"uv":[8.625,4.5,8.25,4.875],"texture":"#0"},"south":{"uv":[8.5,6,8.25,6.375],"texture":"#0"},"west":{"uv":[8.625,4,8.25,4.375],"texture":"#0"},"up":{"uv":[8.25,6.875,8.5,6.5],"texture":"#0"},"down":{"uv":[8.25,7,8.5,7.375],"texture":"#0"}}},{"from":[-15.55709,2.25473,0.40946],"to":[-13.50471,4.50946,15.441],"rotation":{"angle":0,"axis":"y","origin":[16,0,0]},"faces":{"north":{"uv":[8.625,3,8.25,3.375],"texture":"#0"},"east":{"uv":[6,8,3.5,8.375],"texture":"#0"},"south":{"uv":[8.625,3.5,8.25,3.875],"texture":"#0"},"west":{"uv":[3.5,8,1,8.375],"texture":"#0"},"up":{"uv":[6,10.5,6.375,8],"texture":"#0"},"down":{"uv":[6.5,8,6.875,10.5],"texture":"#0"}}},{"from":[-15.55709,4.50946,6.79786],"to":[-13.50471,24.05046,9.05259],"rotation":{"angle":0,"axis":"y","origin":[16,0,0]},"faces":{"north":{"uv":[8.125,2,7.75,5.25],"texture":"#0"},"east":{"uv":[0.875,8,0.5,11.25],"texture":"#0"},"south":{"uv":[0.375,8,0,11.25],"texture":"#0"},"west":{"uv":[8.125,5.25,7.75,8.5],"texture":"#0"},"up":{"uv":[8.25,2.375,8.625,2],"texture":"#0"},"down":{"uv":[8.25,2.5,8.625,2.875],"texture":"#0"}}}],"gui_light":"front","display":{"thirdperson_righthand":{"rotation":[67.5,0,0],"translation":[0,0,-0.25],"scale":[0.13328,0.13328,0.13328]},"thirdperson_lefthand":{"rotation":[67.5,0,0],"translation":[0,0,-0.25],"scale":[0.13328,0.13328,0.13328]},"firstperson_righthand":{"translation":[1.5,2.5,0],"scale":[0.23094,0.23094,0.23094]},"firstperson_lefthand":{"translation":[1.5,2.5,0],"scale":[0.23094,0.23094,0.23094]},"ground":{"translation":[0,6,0],"scale":[0.3,0.3,0.3]},"gui":{"rotation":[30,135,0],"translation":[-0.25,-1.75,0],"scale":[0.32578,0.32578,0.32578]},"head":{"rotation":[0,180,0],"translation":[0,-30.4,0],"scale":[1.6,1.6,1.6]},"fixed":{"rotation":[-90,0,0],"translation":[0,0,-16],"scale":[2,2,2]}}}