{
	"parent": "block/block",
	"textures": {
		"0": "furniture:item/food_machine/food_machine_side",
		"1": "furniture:item/food_machine/food_machine_top",
		"2": "furniture:item/food_machine/food_machine_down",
		"particle": "furniture:item/food_machine/food_machine_side"
	},
	"elements": [
		{
			"from": [0, 0, 0],
			"to": [16, 16, 16],
			"faces": {
				"north": {"uv": [0, 0, 16, 16], "texture": "#0"},
				"east": {"uv": [0, 0, 16, 16], "texture": "#0"},
				"south": {"uv": [0, 0, 16, 16], "texture": "#0"},
				"west": {"uv": [0, 0, 16, 16], "texture": "#0"},
				"up": {"uv": [0, 0, 16, 16], "rotation": 180, "texture": "#1"},
				"down": {"uv": [0, 0, 16, 16], "texture": "#2"}
			}
		}
	]
}