{
	"credit": "Made with Blockbench",
	"texture_size": [64, 64],
	"textures": {
		"1": "furniture:item/pc_off"
	},
	"elements": [
		{
			"from": [1, 6.1, 7.5],
			"to": [15, 17.1, 9.5],
			"rotation": {"angle": 0, "axis": "y", "origin": [0, 0.6, 0]},
			"faces": {
				"north": {"uv": [4.008, 0.008, 7.492, 2.742], "texture": "#1"},
				"east": {"uv": [2.008, 9.508, 2.492, 12.242], "texture": "#1"},
				"south": {"uv": [4.008, 2.758, 7.492, 5.492], "texture": "#1"},
				"west": {"uv": [10.008, 9.008, 10.492, 11.742], "texture": "#1"},
				"up": {"uv": [13.492, 1.992, 10.008, 1.508], "texture": "#1"},
				"down": {"uv": [13.492, 2.008, 10.008, 2.492], "texture": "#1"}
			}
		},
		{
			"from": [13, 6.1, 6.5],
			"to": [15, 17.1, 7.5],
			"rotation": {"angle": 0, "axis": "y", "origin": [0, 0.6, 0]},
			"faces": {
				"north": {"uv": [10.508, 2.508, 10.992, 5.242], "texture": "#1"},
				"east": {"uv": [8.508, 11.008, 8.742, 13.742], "texture": "#1"},
				"south": {"uv": [10.508, 9.008, 10.992, 11.742], "texture": "#1"},
				"west": {"uv": [8.758, 11.008, 8.992, 13.742], "texture": "#1"},
				"up": {"uv": [7.992, 4.242, 7.508, 4.008], "texture": "#1"},
				"down": {"uv": [7.992, 4.258, 7.508, 4.492], "texture": "#1"}
			}
		},
		{
			"from": [1, 6.1, 6.5],
			"to": [3, 17.1, 7.5],
			"rotation": {"angle": 0, "axis": "y", "origin": [0, 0.6, 0]},
			"faces": {
				"north": {"uv": [2.508, 10.758, 2.992, 13.492], "texture": "#1"},
				"east": {"uv": [9.008, 11.008, 9.242, 13.742], "texture": "#1"},
				"south": {"uv": [3.008, 10.758, 3.492, 13.492], "texture": "#1"},
				"west": {"uv": [9.258, 11.008, 9.492, 13.742], "texture": "#1"},
				"up": {"uv": [7.992, 4.742, 7.508, 4.508], "texture": "#1"},
				"down": {"uv": [7.992, 4.758, 7.508, 4.992], "texture": "#1"}
			}
		},
		{
			"from": [3, 6.1, 6.5],
			"to": [13, 8.1, 7.5],
			"rotation": {"angle": 0, "axis": "y", "origin": [0, 0.6, 0]},
			"faces": {
				"north": {"uv": [10.508, 5.258, 12.992, 5.742], "texture": "#1"},
				"east": {"uv": [7.508, 5.008, 7.742, 5.492], "texture": "#1"},
				"south": {"uv": [3.508, 10.758, 5.992, 11.242], "texture": "#1"},
				"west": {"uv": [7.758, 5.008, 7.992, 5.492], "texture": "#1"},
				"up": {"uv": [13.492, 10.242, 11.008, 10.008], "texture": "#1"},
				"down": {"uv": [13.492, 10.258, 11.008, 10.492], "texture": "#1"}
			}
		},
		{
			"from": [3, 15.1, 6.5],
			"to": [13, 17.1, 7.5],
			"rotation": {"angle": 0, "axis": "y", "origin": [0, 0.6, 0]},
			"faces": {
				"north": {"uv": [11.008, 2.508, 13.492, 2.992], "texture": "#1"},
				"east": {"uv": [10.008, 2.508, 10.242, 2.992], "texture": "#1"},
				"south": {"uv": [11.008, 3.008, 13.492, 3.492], "texture": "#1"},
				"west": {"uv": [10.008, 3.008, 10.242, 3.492], "texture": "#1"},
				"up": {"uv": [13.492, 10.742, 11.008, 10.508], "texture": "#1"},
				"down": {"uv": [13.492, 10.758, 11.008, 10.992], "texture": "#1"}
			}
		},
		{
			"from": [3, 15.1, 9.5],
			"to": [13, 17.1, 17.5],
			"rotation": {"angle": 22.5, "axis": "x", "origin": [8, 17.1, 9.5]},
			"faces": {
				"north": {"uv": [11.008, 3.508, 13.492, 3.992], "texture": "#1"},
				"east": {"uv": [11.008, 9.008, 12.992, 9.492], "texture": "#1"},
				"south": {"uv": [11.008, 4.008, 13.492, 4.492], "texture": "#1"},
				"west": {"uv": [11.008, 9.508, 12.992, 9.992], "texture": "#1"},
				"up": {"uv": [6.492, 8.992, 4.008, 7.008], "texture": "#1"},
				"down": {"uv": [8.992, 7.008, 6.508, 8.992], "texture": "#1"}
			}
		},
		{
			"from": [3.05, 6.03853, 9.39104],
			"to": [12.95, 14.03853, 16.89104],
			"rotation": {"angle": 0, "axis": "y", "origin": [8, 14.03853, 5.89104]},
			"faces": {
				"north": {"uv": [0.008, 7.508, 2.492, 9.492], "texture": "#1"},
				"east": {"uv": [8.008, 9.008, 9.992, 10.992], "texture": "#1"},
				"south": {"uv": [7.508, 0.008, 9.992, 1.992], "texture": "#1"},
				"west": {"uv": [0.008, 9.508, 1.992, 11.492], "texture": "#1"},
				"up": {"uv": [9.992, 3.992, 7.508, 2.008], "texture": "#1"},
				"down": {"uv": [10.492, 4.008, 8.008, 5.992], "texture": "#1"}
			}
		},
		{
			"from": [3.05, 14.03853, 9.39104],
			"to": [12.95, 15.53853, 12.39104],
			"rotation": {"angle": 0, "axis": "y", "origin": [8, 14.03853, 5.89104]},
			"faces": {
				"north": {"uv": [11.008, 4.508, 13.492, 4.992], "texture": "#1"},
				"east": {"uv": [2.508, 8.508, 3.242, 8.992], "texture": "#1"},
				"south": {"uv": [6.008, 11.008, 8.492, 11.492], "texture": "#1"},
				"west": {"uv": [3.258, 8.508, 3.992, 8.992], "texture": "#1"},
				"up": {"uv": [12.492, 0.742, 10.008, 0.008], "texture": "#1"},
				"down": {"uv": [12.492, 0.758, 10.008, 1.492], "texture": "#1"}
			}
		},
		{
			"from": [0, 0.6, 5.5],
			"to": [16, 6.1, 17.5],
			"rotation": {"angle": 0, "axis": "y", "origin": [0, 0.6, 0]},
			"faces": {
				"north": {"uv": [4.008, 5.508, 7.992, 6.992], "texture": "#1"},
				"east": {"uv": [9.008, 6.008, 11.992, 7.492], "texture": "#1"},
				"south": {"uv": [0.008, 6.008, 3.992, 7.492], "texture": "#1"},
				"west": {"uv": [9.008, 7.508, 11.992, 8.992], "texture": "#1"},
				"up": {"uv": [3.992, 2.992, 0.008, 0.008], "texture": "#1"},
				"down": {"uv": [3.992, 3.008, 0.008, 5.992], "texture": "#1"}
			}
		},
		{
			"from": [5, 0.6, -1],
			"to": [16, 1.6, 5.5],
			"rotation": {"angle": 0, "axis": "y", "origin": [0, 0.6, 0]},
			"faces": {
				"north": {"uv": [10.508, 5.758, 13.242, 5.992], "texture": "#1"},
				"east": {"uv": [6.008, 10.758, 7.742, 10.992], "texture": "#1"},
				"south": {"uv": [11.008, 5.008, 13.742, 5.242], "texture": "#1"},
				"west": {"uv": [11.008, 11.008, 12.742, 11.242], "texture": "#1"},
				"up": {"uv": [5.242, 10.742, 2.508, 9.008], "texture": "#1"},
				"down": {"uv": [7.992, 9.008, 5.258, 10.742], "texture": "#1"}
			}
		},
		{
			"from": [-0.5, 0.6, 0],
			"to": [2.5, 2.6, 4],
			"rotation": {"angle": 22.5, "axis": "y", "origin": [1, 1.6, 2]},
			"faces": {
				"north": {"uv": [3.508, 11.258, 4.242, 11.742], "texture": "#1"},
				"east": {"uv": [8.008, 6.008, 8.992, 6.492], "texture": "#1"},
				"south": {"uv": [4.258, 11.258, 4.992, 11.742], "texture": "#1"},
				"west": {"uv": [8.008, 6.508, 8.992, 6.992], "texture": "#1"},
				"up": {"uv": [3.242, 8.492, 2.508, 7.508], "texture": "#1"},
				"down": {"uv": [3.992, 7.508, 3.258, 8.492], "texture": "#1"}
			}
		}
	],
	"groups": [
		{
			"name": "group",
			"origin": [8, 13.43853, 5.89104],
			"color": 0,
			"children": [
				{
					"name": "group",
					"origin": [8, 13.43853, 5.89104],
					"color": 0,
					"children": [
						0,
						1,
						2,
						3,
						4,
						5,
						6,
						7,
						{
							"name": "group",
							"origin": [0, 0, 0],
							"color": 0,
							"children": [8, 9, 10]
						}
					]
				}
			]
		}
	]
}