{
	"credit": "Made with Blockbench",
	"texture_size": [64, 64],
	"textures": {
		"0": "furniture:item/trashcan",
		"particle": "furniture:item/trashcan"
	},
	"elements": [
		{
			"from": [3, 0, 3],
			"to": [13, 13, 13],
			"faces": {
				"north": {"uv": [2.5, 3.25, 5, 6.5], "texture": "#0"},
				"east": {"uv": [2.5, 3.25, 5, 6.5], "texture": "#0"},
				"south": {"uv": [2.5, 3.25, 5, 6.5], "texture": "#0"},
				"west": {"uv": [2.5, 3.25, 5, 6.5], "texture": "#0"},
				"up": {"uv": [7.5, 8, 5, 5.5], "texture": "#0"},
				"down": {"uv": [2.5, 6.5, 0, 9], "texture": "#0"}
			}
		},
		{
			"from": [2.5, 13, 2.5],
			"to": [13.5, 14.5, 13.5],
			"faces": {
				"north": {"uv": [7.5, 7, 10.25, 7.375], "texture": "#0"},
				"east": {"uv": [7.5, 7, 10.25, 7.375], "texture": "#0"},
				"south": {"uv": [7.5, 7, 10.25, 7.375], "texture": "#0"},
				"west": {"uv": [7.5, 7, 10.25, 7.375], "texture": "#0"},
				"up": {"uv": [7.75, 2.75, 5, 0], "texture": "#0"},
				"down": {"uv": [7.75, 2.75, 5, 5.5], "texture": "#0"}
			}
		},
		{
			"from": [7.25, 15.5, 5.5],
			"to": [8.75, 16, 10.5],
			"faces": {
				"north": {"uv": [7.75, 1.25, 8.125, 1.375], "texture": "#0"},
				"east": {"uv": [3.5, 6.5, 4.75, 6.625], "texture": "#0"},
				"south": {"uv": [7.75, 1.5, 8.125, 1.625], "texture": "#0"},
				"west": {"uv": [3.5, 6.75, 4.75, 6.875], "texture": "#0"},
				"up": {"uv": [2.875, 7.75, 2.5, 6.5], "texture": "#0"},
				"down": {"uv": [3.375, 6.5, 3, 7.75], "texture": "#0"}
			}
		},
		{
			"from": [7.25, 14.5, 5.5],
			"to": [8.75, 15.5, 7],
			"faces": {
				"north": {"uv": [7.75, 0.25, 8.125, 0.5], "texture": "#0"},
				"east": {"uv": [7.75, 0.5, 8.125, 0.75], "texture": "#0"},
				"south": {"uv": [7.75, 0.75, 8.125, 1], "texture": "#0"},
				"west": {"uv": [7.75, 1, 8.125, 1.25], "texture": "#0"},
				"up": {"uv": [4.875, 7.375, 4.5, 7], "texture": "#0"},
				"down": {"uv": [3.875, 7.5, 3.5, 7.875], "texture": "#0"}
			}
		},
		{
			"from": [7.25, 14.5, 9],
			"to": [8.75, 15.5, 10.5],
			"rotation": {"angle": 0, "axis": "y", "origin": [16, 0, 16]},
			"faces": {
				"north": {"uv": [7.75, 0.75, 8.125, 1], "texture": "#0"},
				"east": {"uv": [7.75, 1, 8.125, 1.25], "texture": "#0"},
				"south": {"uv": [7.75, 0.25, 8.125, 0.5], "texture": "#0"},
				"west": {"uv": [7.75, 0.5, 8.125, 0.75], "texture": "#0"},
				"up": {"uv": [4.5, 7, 4.875, 7.375], "texture": "#0"},
				"down": {"uv": [3.5, 7.875, 3.875, 7.5], "texture": "#0"}
			}
		}
	],
	"gui_light": "front",
	"display": {
		"thirdperson_righthand": {
			"rotation": [67.5, 0, 0],
			"translation": [0, 2, 0.25],
			"scale": [0.34766, 0.34766, 0.34766]
		},
		"thirdperson_lefthand": {
			"rotation": [67.5, 0, 0],
			"translation": [0, 2, 0.25],
			"scale": [0.34766, 0.34766, 0.34766]
		},
		"firstperson_righthand": {
			"translation": [1.75, 3.75, 0],
			"scale": [0.39844, 0.39844, 0.39844]
		},
		"firstperson_lefthand": {
			"translation": [1.75, 3.75, 0],
			"scale": [0.39844, 0.39844, 0.39844]
		},
		"ground": {
			"translation": [0, 6, 0],
			"scale": [0.6, 0.6, 0.6]
		},
		"gui": {
			"rotation": [30, 135, 0],
			"translation": [0, 0.25, 0],
			"scale": [0.75977, 0.75977, 0.75977]
		},
		"head": {
			"rotation": [0, 180, 0],
			"translation": [0, -30.4, 0],
			"scale": [1.6, 1.6, 1.6]
		},
		"fixed": {
			"rotation": [-90, 0, 0],
			"translation": [0, 0, -16],
			"scale": [2, 2, 2]
		}
	}
}