{"credit":"MadewithBlockbench","texture_size":[128,128],"textures":{"0":"elitecreatures:prison_furniture_v1/barbed_fence_1","particle":"elitecreatures:prison_furniture_v1/barbed_fence_1"},"elements":[{"from":[-16,-16,13],"to":[16,-8,16],"faces":{"north":{"uv":[4,0,8,1],"texture":"#0"},"east":{"uv":[4.25,1.375,4.625,2.375],"texture":"#0"},"south":{"uv":[4,0,8,1],"texture":"#0"},"west":{"uv":[4.25,1.375,4.625,2.375],"texture":"#0"},"up":{"uv":[8,1.375,4,1],"texture":"#0"},"down":{"uv":[8,1,4,1.375],"texture":"#0"}}},{"from":[14,-8,13.5],"to":[16,24,15.5],"faces":{"north":{"uv":[4,1.375,4.25,5.375],"texture":"#0"},"east":{"uv":[4,1.375,4.25,5.375],"texture":"#0"},"south":{"uv":[4,1.375,4.25,5.375],"texture":"#0"},"west":{"uv":[4,1.375,4.25,5.375],"texture":"#0"}}},{"from":[-16,-8,13.5],"to":[-14,24,15.5],"rotation":{"angle":0,"axis":"y","origin":[16,0,0]},"faces":{"north":{"uv":[4.25,1.375,4,5.375],"texture":"#0"},"east":{"uv":[4.25,1.375,4,5.375],"texture":"#0"},"south":{"uv":[4.25,1.375,4,5.375],"texture":"#0"},"west":{"uv":[4.25,1.375,4,5.375],"texture":"#0"}}},{"from":[-16,24,13.5],"to":[16,26,15.5],"faces":{"north":{"uv":[4.625,1.375,8.625,1.625],"texture":"#0"},"east":{"uv":[4.625,1.625,4.875,1.875],"texture":"#0"},"south":{"uv":[4.625,1.375,8.625,1.625],"texture":"#0"},"west":{"uv":[4.625,1.625,4.875,1.875],"texture":"#0"},"up":{"uv":[8.625,1.625,4.625,1.375],"texture":"#0"},"down":{"uv":[8.625,1.375,4.625,1.625],"texture":"#0"}}},{"from":[-16,-8,14.5],"to":[14,24,14.5],"rotation":{"angle":0,"axis":"y","origin":[-1,8,14.5]},"faces":{"north":{"uv":[0,0,3.75,4],"texture":"#0"},"south":{"uv":[3.75,0,0,4],"texture":"#0"}}},{"from":[-16,27.76706,6.23153],"to":[16,27.76706,14.23153],"rotation":{"angle":45,"axis":"x","origin":[8,27.76706,11.73153]},"faces":{"up":{"uv":[4,5,0,4],"texture":"#0"},"down":{"uv":[4,4,0,5],"texture":"#0"}}},{"from":[13,27.26706,6.23153],"to":[15,28.26706,15.23153],"rotation":{"angle":45,"axis":"x","origin":[8,27.76706,11.73153]},"faces":{"north":{"uv":[5.125,1.75,5.375,1.875],"texture":"#0"},"east":{"uv":[5.125,1.625,6.25,1.75],"texture":"#0"},"south":{"uv":[5.125,1.75,5.375,1.875],"texture":"#0"},"west":{"uv":[5.125,1.625,6.25,1.75],"texture":"#0"},"up":{"uv":[5.125,2.75,4.875,1.625],"texture":"#0"},"down":{"uv":[5.125,1.625,4.875,2.75],"texture":"#0"}}},{"from":[-15,27.26706,6.23153],"to":[-13,28.26706,15.23153],"rotation":{"angle":45,"axis":"x","origin":[8,27.76706,11.73153]},"faces":{"north":{"uv":[5.375,1.75,5.125,1.875],"texture":"#0"},"east":{"uv":[6.25,1.625,5.125,1.75],"texture":"#0"},"south":{"uv":[5.375,1.75,5.125,1.875],"texture":"#0"},"west":{"uv":[6.25,1.625,5.125,1.75],"texture":"#0"},"up":{"uv":[4.875,2.75,5.125,1.625],"texture":"#0"},"down":{"uv":[4.875,1.625,5.125,2.75],"texture":"#0"}}}],"gui_light":"front","display":{"thirdperson_righthand":{"rotation":[67.5,0,0],"translation":[1,1.25,0.75],"scale":[0.12695,0.12695,0.12695]},"thirdperson_lefthand":{"rotation":[67.5,0,0],"translation":[-1,1.25,0.75],"scale":[0.12695,0.12695,0.12695]},"firstperson_righthand":{"translation":[12.75,1,-9.75],"scale":[0.40781,0.40781,0.40781]},"firstperson_lefthand":{"translation":[6.75,1,-9.75],"scale":[0.40781,0.40781,0.40781]},"ground":{"translation":[2.25,9,-1],"scale":[0.3,0.3,0.3]},"gui":{"rotation":[30,135,0],"translation":[-3,0.5,0],"scale":[0.3043,0.3043,0.3043]},"head":{"rotation":[0,180,0],"translation":[0,-5.65,0],"scale":[1.6,1.6,1.6]},"fixed":{"rotation":[-90,0,0],"translation":[0,0,-48],"scale":[2,2,2]}}}