{"credit":"MadewithBlockbench","texture_size":[64,64],"textures":{"0":"elitecreatures:prison_furniture_v1/cage_2","particle":"elitecreatures:prison_furniture_v1/cage_2"},"elements":[{"from":[31,1,7],"to":[32,31,9],"rotation":{"angle":0,"axis":"y","origin":[7,0,7]},"faces":{"north":{"uv":[12,0,12.25,7.5],"texture":"#0"},"east":{"uv":[11.5,0,12,7.5],"texture":"#0"},"south":{"uv":[12,0,12.25,7.5],"texture":"#0"},"west":{"uv":[11.5,0,12,7.5],"texture":"#0"}}},{"from":[-16,1,7],"to":[-15,31,9],"rotation":{"angle":0,"axis":"y","origin":[9,0,7]},"faces":{"north":{"uv":[12.25,0,12,7.5],"texture":"#0"},"east":{"uv":[12,0,11.5,7.5],"texture":"#0"},"south":{"uv":[12.25,0,12,7.5],"texture":"#0"},"west":{"uv":[12,0,11.5,7.5],"texture":"#0"}}},{"from":[-15,1,8],"to":[31,31,8],"rotation":{"angle":0,"axis":"y","origin":[7,0,7]},"faces":{"north":{"uv":[0,0,11.5,7.5],"texture":"#0"},"south":{"uv":[11.5,0,0,7.5],"texture":"#0"}}},{"from":[-16,0,7],"to":[32,1,9],"rotation":{"angle":0,"axis":"y","origin":[7,0,7]},"faces":{"north":{"uv":[0,8,12,8.25],"texture":"#0"},"east":{"uv":[0,8.25,0.5,8.5],"texture":"#0"},"south":{"uv":[0,8,12,8.25],"texture":"#0"},"west":{"uv":[0,8.25,0.5,8.5],"texture":"#0"},"up":{"uv":[12,8,0,7.5],"texture":"#0"},"down":{"uv":[12,7.5,0,8],"texture":"#0"}}},{"from":[-16,31,7],"to":[32,32,9],"rotation":{"angle":0,"axis":"y","origin":[7,16,7]},"faces":{"north":{"uv":[0,8.25,12,8],"texture":"#0"},"east":{"uv":[0,8.5,0.5,8.25],"texture":"#0"},"south":{"uv":[0,8.25,12,8],"texture":"#0"},"west":{"uv":[0,8.5,0.5,8.25],"texture":"#0"},"up":{"uv":[12,8,0,7.5],"texture":"#0"},"down":{"uv":[12,7.5,0,8],"texture":"#0"}}}],"gui_light":"front","display":{"thirdperson_righthand":{"rotation":[67.5,0,0],"translation":[0,-0.25,-1],"scale":[0.17383,0.17383,0.17383]},"thirdperson_lefthand":{"rotation":[67.5,0,0],"translation":[0,-0.25,-1],"scale":[0.17383,0.17383,0.17383]},"firstperson_righthand":{"translation":[0.75,1.25,0],"scale":[0.24766,0.24766,0.24766]},"firstperson_lefthand":{"translation":[0.75,1.25,0],"scale":[0.24766,0.24766,0.24766]},"ground":{"translation":[-0.25,6,0],"scale":[0.45,0.45,0.45]},"gui":{"rotation":[30,135,0],"translation":[0,-2.5,0],"scale":[0.33359,0.33359,0.33359]},"head":{"rotation":[0,180,0],"translation":[0,-30.4,0],"scale":[1.6,1.6,1.6]},"fixed":{"rotation":[-90,0,0],"translation":[0,0,-16],"scale":[2,2,2]}}}