{"credit":"MadewithBlockbench","texture_size":[64,64],"textures":{"0":"elitecreatures:prison_furniture_v1/cage_1","particle":"elitecreatures:prison_furniture_v1/cage_1"},"elements":[{"from":[-16,0,7],"to":[16,1,9],"rotation":{"angle":0,"axis":"y","origin":[8,0,7]},"faces":{"north":{"uv":[0,8,8,8.25],"texture":"#0"},"east":{"uv":[0,8.25,0.5,8.5],"texture":"#0"},"south":{"uv":[0,8,8,8.25],"texture":"#0"},"west":{"uv":[0,8.25,0.5,8.5],"texture":"#0"},"up":{"uv":[8,8,0,7.5],"texture":"#0"},"down":{"uv":[8,7.5,0,8],"texture":"#0"}}},{"from":[-16,31,7],"to":[16,32,9],"rotation":{"angle":0,"axis":"y","origin":[8,16,7]},"faces":{"north":{"uv":[0,8.25,8,8],"texture":"#0"},"east":{"uv":[0,8.5,0.5,8.25],"texture":"#0"},"south":{"uv":[0,8.25,8,8],"texture":"#0"},"west":{"uv":[0,8.5,0.5,8.25],"texture":"#0"},"up":{"uv":[8,8,0,7.5],"texture":"#0"},"down":{"uv":[8,7.5,0,8],"texture":"#0"}}},{"from":[15,1,7],"to":[16,31,9],"rotation":{"angle":0,"axis":"y","origin":[8,0,7]},"faces":{"north":{"uv":[8,0,8.25,7.5],"texture":"#0"},"east":{"uv":[7.5,0,8,7.5],"texture":"#0"},"south":{"uv":[8,0,8.25,7.5],"texture":"#0"},"west":{"uv":[7.5,0,8,7.5],"texture":"#0"}}},{"from":[-16,1,7],"to":[-15,31,9],"rotation":{"angle":0,"axis":"y","origin":[10,0,7]},"faces":{"north":{"uv":[8.25,0,8,7.5],"texture":"#0"},"east":{"uv":[8,0,7.5,7.5],"texture":"#0"},"south":{"uv":[8.25,0,8,7.5],"texture":"#0"},"west":{"uv":[8,0,7.5,7.5],"texture":"#0"}}},{"from":[-15,1,8],"to":[15,31,8],"rotation":{"angle":0,"axis":"y","origin":[8,0,7]},"faces":{"north":{"uv":[0,0,7.5,7.5],"texture":"#0"},"south":{"uv":[7.5,0,0,7.5],"texture":"#0"}}}],"gui_light":"front","display":{"thirdperson_righthand":{"rotation":[67.5,0,0],"translation":[1.5,0,-0.5],"scale":[0.1875,0.1875,0.1875]},"thirdperson_lefthand":{"rotation":[67.5,0,0],"translation":[-1.5,0,-0.5],"scale":[0.1875,0.1875,0.1875]},"firstperson_righthand":{"translation":[3.75,1.5,0],"scale":[0.31602,0.31602,0.31602]},"firstperson_lefthand":{"translation":[-1.25,1.5,0],"scale":[0.31602,0.31602,0.31602]},"ground":{"translation":[3.5,6,0],"scale":[0.45,0.45,0.45]},"gui":{"rotation":[30,135,0],"translation":[-2,-1.75,0],"scale":[0.38047,0.38047,0.38047]},"head":{"rotation":[0,180,0],"translation":[0,-30.4,0],"scale":[1.6,1.6,1.6]},"fixed":{"rotation":[-90,0,0],"translation":[0,0,-16],"scale":[2,2,2]}}}