{"credit":"MadewithBlockbench","texture_size":[32,32],"textures":{"0":"elitecreatures:prison_furniture_v1/cctv_1","particle":"elitecreatures:prison_furniture_v1/cctv_1"},"elements":[{"from":[7,5,10],"to":[9,7,16],"rotation":{"angle":22.5,"axis":"x","origin":[8,6,15]},"faces":{"east":{"uv":[3,2,6,3],"texture":"#0"},"west":{"uv":[6,2,3,3],"texture":"#0"},"up":{"uv":[7,3,6,0],"texture":"#0"},"down":{"uv":[7,0,6,3],"texture":"#0"}}},{"from":[6.9,6.98954,9.99792],"to":[9.1,9.98954,11.99792],"rotation":{"angle":0,"axis":"y","origin":[0,0.98954,-1.00208]},"faces":{"north":{"uv":[0,4,1,5.5],"texture":"#0"},"east":{"uv":[0,4,1,5.5],"texture":"#0"},"south":{"uv":[0,4,1,5.5],"texture":"#0"},"west":{"uv":[0,4,1,5.5],"texture":"#0"},"down":{"uv":[1,5.5,0,6.5],"texture":"#0"}}},{"from":[6.5,9.48954,7.74792],"to":[9.5,12.48954,12.74792],"rotation":{"angle":-22.5,"axis":"x","origin":[8,9.98954,10.99792]},"faces":{"north":{"uv":[0,2.5,1.5,4],"texture":"#0"},"east":{"uv":[1.5,0,4,1.5],"texture":"#0"},"south":{"uv":[1.5,1.5,3,3],"texture":"#0"},"west":{"uv":[4,0,1.5,1.5],"texture":"#0"},"up":{"uv":[1.5,2.5,0,0],"texture":"#0"},"down":{"uv":[1.5,0,0,2.5],"texture":"#0"}}},{"from":[9.5,9.48954,6.74792],"to":[9.5,12.48954,7.74792],"rotation":{"angle":-22.5,"axis":"x","origin":[8,9.98954,10.99792]},"faces":{"east":{"uv":[1.5,3,2,4.5],"texture":"#0"},"west":{"uv":[2,3,1.5,4.5],"texture":"#0"}}},{"from":[6.5,9.48954,6.74792],"to":[6.5,12.48954,7.74792],"rotation":{"angle":-22.5,"axis":"x","origin":[8,9.98954,10.99792]},"faces":{"east":{"uv":[1.5,3,2,4.5],"texture":"#0"},"west":{"uv":[2,3,1.5,4.5],"texture":"#0"}}},{"from":[6.5,12.48954,6.74792],"to":[9.5,12.48954,7.74792],"rotation":{"angle":-22.5,"axis":"x","origin":[8,9.98954,10.99792]},"faces":{"up":{"uv":[3.5,3.5,2,3],"texture":"#0"},"down":{"uv":[3.5,3,2,3.5],"texture":"#0"}}},{"from":[6.5,4.5,15],"to":[9.5,7.5,16],"rotation":{"angle":0,"axis":"y","origin":[0,-1,0]},"faces":{"north":{"uv":[4,0,5.5,1.5],"texture":"#0"},"east":{"uv":[4,1.5,5.5,2],"rotation":270,"texture":"#0"},"south":{"uv":[4,0,5.5,1.5],"texture":"#0"},"west":{"uv":[4,1.5,5.5,2],"rotation":270,"texture":"#0"},"up":{"uv":[5.5,2,4,1.5],"texture":"#0"},"down":{"uv":[5.5,1.5,4,2],"texture":"#0"}}}],"gui_light":"front","display":{"thirdperson_righthand":{"rotation":[67.5,0,0],"translation":[0,3.5,-0.5],"scale":[0.43945,0.43945,0.43945]},"thirdperson_lefthand":{"rotation":[67.5,0,0],"translation":[0,3.5,-0.5],"scale":[0.43945,0.43945,0.43945]},"firstperson_righthand":{"translation":[-3,5.5,3.75],"scale":[0.37852,0.37852,0.37852]},"firstperson_lefthand":{"translation":[-3,5.5,3.75],"scale":[0.37852,0.37852,0.37852]},"ground":{"translation":[0,5,-1.75],"scale":[0.7,0.7,0.7]},"gui":{"rotation":[30,135,0],"translation":[-2.5,-2.25,0],"scale":[1.15781,1.15781,1.15781]},"head":{"rotation":[0,180,0],"translation":[0,-30.4,0],"scale":[1.6,1.6,1.6]},"fixed":{"translation":[0,0,-16],"scale":[2,2,2]}}}