{"credit":"MadewithBlockbench","texture_size":[32,32],"textures":{"0":"elitecreatures:prison_furniture_v1/shower_1","particle":"elitecreatures:prison_furniture_v1/shower_1"},"elements":[{"from":[7,28,12],"to":[9,30,15],"rotation":{"angle":0,"axis":"y","origin":[0,-1,0]},"faces":{"east":{"uv":[5.5,0,7,1],"texture":"#0"},"west":{"uv":[7,0,5.5,1],"texture":"#0"},"up":{"uv":[5.5,0,7,1],"rotation":270,"texture":"#0"},"down":{"uv":[7,1,5.5,0],"rotation":270,"texture":"#0"}}},{"from":[6,27,15],"to":[10,31,16],"rotation":{"angle":0,"axis":"y","origin":[0,-1,0]},"faces":{"north":{"uv":[2,1,4,3],"texture":"#0"},"east":{"uv":[4,0,4.5,2],"texture":"#0"},"south":{"uv":[2,1,4,3],"texture":"#0"},"west":{"uv":[4.5,0,4,2],"texture":"#0"},"up":{"uv":[4,3.5,2,3],"texture":"#0"},"down":{"uv":[4,3,2,3.5],"texture":"#0"}}},{"from":[6.75,27.75,12],"to":[9.25,30.25,13],"rotation":{"angle":0,"axis":"y","origin":[0,-1,0]},"faces":{"north":{"uv":[4.5,1.5,5.75,2.75],"texture":"#0"},"east":{"uv":[5.75,1.5,6.25,2.75],"texture":"#0"},"south":{"uv":[4.5,1.5,5.75,2.75],"texture":"#0"},"west":{"uv":[6.25,1.5,5.75,2.75],"texture":"#0"},"up":{"uv":[6.75,1.5,5.5,1],"texture":"#0"},"down":{"uv":[6.75,1,5.5,1.5],"texture":"#0"}}},{"from":[7,27.31075,5.53492],"to":[9,29.31075,12.53492],"rotation":{"angle":-22.5,"axis":"x","origin":[8,28.31075,10.53492]},"faces":{"east":{"uv":[7,0,10.5,1],"texture":"#0"},"west":{"uv":[10.5,0,7,1],"texture":"#0"},"up":{"uv":[7,0,10.5,1],"rotation":270,"texture":"#0"},"down":{"uv":[10.5,1,7,0],"rotation":270,"texture":"#0"}}},{"from":[6,25.01465,4.07404],"to":[10,27.01465,8.07404],"rotation":{"angle":22.5,"axis":"x","origin":[8,26.01465,6.07404]},"faces":{"north":{"uv":[2,0,4,1],"texture":"#0"},"east":{"uv":[2,0,4,1],"texture":"#0"},"south":{"uv":[2,0,4,1],"texture":"#0"},"west":{"uv":[2,0,4,1],"texture":"#0"},"up":{"uv":[2,2,0,0],"texture":"#0"},"down":{"uv":[2,2,0,4],"texture":"#0"}}},{"from":[7.5,9.5,14],"to":[8.5,10.5,15],"rotation":{"angle":0,"axis":"y","origin":[0,-1,0]},"faces":{"east":{"uv":[2,3.5,2.5,4],"texture":"#0"},"west":{"uv":[2,3.5,2.5,4],"texture":"#0"},"up":{"uv":[2.5,4,2,3.5],"texture":"#0"},"down":{"uv":[2.5,3.5,2,4],"texture":"#0"}}},{"from":[6,9,13.5],"to":[10,11,14.5],"rotation":{"angle":-22.5,"axis":"z","origin":[8,10,14]},"faces":{"north":{"uv":[0,4,2,5],"texture":"#0"},"east":{"uv":[2,4,2.5,5],"texture":"#0"},"south":{"uv":[0,4,2,5],"texture":"#0"},"west":{"uv":[2.5,4,2,5],"texture":"#0"},"up":{"uv":[2,5.5,0,5],"texture":"#0"},"down":{"uv":[2,5,0,5.5],"texture":"#0"}}},{"from":[7,9,15],"to":[9,11,16],"rotation":{"angle":0,"axis":"y","origin":[0,-1,0]},"faces":{"north":{"uv":[2.5,4,3.5,5],"texture":"#0"},"east":{"uv":[3.5,3.5,4,4.5],"texture":"#0"},"south":{"uv":[2.5,4,3.5,5],"texture":"#0"},"west":{"uv":[4,3.5,3.5,4.5],"texture":"#0"},"up":{"uv":[3.5,4,2.5,3.5],"texture":"#0"},"down":{"uv":[3.5,3.5,2.5,4],"texture":"#0"}}}],"gui_light":"front","display":{"thirdperson_righthand":{"rotation":[67.5,0,0],"translation":[0,1,-3.5],"scale":[0.28711,0.28711,0.28711]},"thirdperson_lefthand":{"rotation":[67.5,0,0],"translation":[0,1,-3.5],"scale":[0.28711,0.28711,0.28711]},"firstperson_righthand":{"translation":[2,1.25,0],"scale":[0.37461,0.37461,0.37461]},"firstperson_lefthand":{"translation":[2,1.25,0],"scale":[0.37461,0.37461,0.37461]},"ground":{"translation":[-0.25,0,-1],"scale":[0.55,0.55,0.55]},"gui":{"rotation":[30,135,0],"translation":[-1.75,-9.5,0],"scale":[0.72812,0.72812,0.72812]},"head":{"rotation":[0,180,0],"translation":[0,-30.4,0],"scale":[1.6,1.6,1.6]},"fixed":{"translation":[0,0,-16],"scale":[2,2,2]}}}