{"credit":"MadewithBlockbench","texture_size":[128,128],"textures":{"0":"elitecreatures:prison_furniture_v1/table_2","particle":"elitecreatures:prison_furniture_v1/table_2"},"elements":[{"from":[-16,14,-4],"to":[32,16,20],"faces":{"north":{"uv":[0,3,6,3.25],"texture":"#0"},"east":{"uv":[0,3.25,3,3.5],"texture":"#0"},"south":{"uv":[0,3,6,3.25],"texture":"#0"},"west":{"uv":[0,3.25,3,3.5],"texture":"#0"},"up":{"uv":[6,3,0,0],"texture":"#0"},"down":{"uv":[6,0,0,3],"texture":"#0"}}},{"from":[23,0,6],"to":[27,14,10],"faces":{"north":{"uv":[6,0,6.5,1.75],"texture":"#0"},"east":{"uv":[6,0,6.5,1.75],"texture":"#0"},"south":{"uv":[6,0,6.5,1.75],"texture":"#0"},"west":{"uv":[6,0,6.5,1.75],"texture":"#0"}}},{"from":[12,0,6],"to":[16,14,10],"faces":{"north":{"uv":[6,0,6.5,1.75],"texture":"#0"},"east":{"uv":[6,0,6.5,1.75],"texture":"#0"},"south":{"uv":[6,0,6.5,1.75],"texture":"#0"},"west":{"uv":[6,0,6.5,1.75],"texture":"#0"}}},{"from":[0,0,6],"to":[4,14,10],"faces":{"north":{"uv":[6,0,6.5,1.75],"texture":"#0"},"east":{"uv":[6,0,6.5,1.75],"texture":"#0"},"south":{"uv":[6,0,6.5,1.75],"texture":"#0"},"west":{"uv":[6,0,6.5,1.75],"texture":"#0"}}},{"from":[-11,0,6],"to":[-7,14,10],"faces":{"north":{"uv":[6,0,6.5,1.75],"texture":"#0"},"east":{"uv":[6,0,6.5,1.75],"texture":"#0"},"south":{"uv":[6,0,6.5,1.75],"texture":"#0"},"west":{"uv":[6,0,6.5,1.75],"texture":"#0"}}},{"from":[23.5,5,-9],"to":[26.5,7,25],"rotation":{"angle":0,"axis":"y","origin":[8,7,8]},"faces":{"north":{"uv":[0,4.125,0.375,4.375],"texture":"#0"},"east":{"uv":[0,3.875,4.25,4.125],"texture":"#0"},"south":{"uv":[0,4.125,0.375,4.375],"texture":"#0"},"west":{"uv":[0,3.875,4.25,4.125],"texture":"#0"},"up":{"uv":[4.25,3.875,0,3.5],"rotation":90,"texture":"#0"},"down":{"uv":[0,3.875,4.25,3.5],"rotation":90,"texture":"#0"}}},{"from":[20.5,7,-12],"to":[29.5,9,-3],"rotation":{"angle":0,"axis":"y","origin":[8,8,8]},"faces":{"north":{"uv":[6.5,1.125,7.625,1.375],"texture":"#0"},"east":{"uv":[6.5,1.125,7.625,1.375],"texture":"#0"},"south":{"uv":[6.5,1.125,7.625,1.375],"texture":"#0"},"west":{"uv":[6.5,1.125,7.625,1.375],"texture":"#0"},"up":{"uv":[7.625,1.125,6.5,0],"texture":"#0"},"down":{"uv":[7.625,0,6.5,1.125],"texture":"#0"}}},{"from":[20.5,7,19],"to":[29.5,9,28],"rotation":{"angle":0,"axis":"y","origin":[8,8,8]},"faces":{"north":{"uv":[7.625,1.125,6.5,1.375],"texture":"#0"},"east":{"uv":[7.625,1.125,6.5,1.375],"texture":"#0"},"south":{"uv":[7.625,1.125,6.5,1.375],"texture":"#0"},"west":{"uv":[7.625,1.125,6.5,1.375],"texture":"#0"},"up":{"uv":[7.625,0,6.5,1.125],"texture":"#0"},"down":{"uv":[7.625,1.125,6.5,0],"texture":"#0"}}},{"from":[-13.5,7,19],"to":[-4.5,9,28],"rotation":{"angle":0,"axis":"y","origin":[8,8,8]},"faces":{"north":{"uv":[6.5,1.125,7.625,1.375],"texture":"#0"},"east":{"uv":[6.5,1.125,7.625,1.375],"texture":"#0"},"south":{"uv":[6.5,1.125,7.625,1.375],"texture":"#0"},"west":{"uv":[6.5,1.125,7.625,1.375],"texture":"#0"},"up":{"uv":[6.5,0,7.625,1.125],"texture":"#0"},"down":{"uv":[6.5,1.125,7.625,0],"texture":"#0"}}},{"from":[-10.5,5,-9],"to":[-7.5,7,25],"rotation":{"angle":0,"axis":"y","origin":[8,7,8]},"faces":{"north":{"uv":[0.375,4.125,0,4.375],"texture":"#0"},"east":{"uv":[4.25,3.875,0,4.125],"texture":"#0"},"south":{"uv":[0.375,4.125,0,4.375],"texture":"#0"},"west":{"uv":[4.25,3.875,0,4.125],"texture":"#0"},"up":{"uv":[4.25,3.5,0,3.875],"rotation":90,"texture":"#0"},"down":{"uv":[0,3.5,4.25,3.875],"rotation":90,"texture":"#0"}}},{"from":[-13.5,7,-12],"to":[-4.5,9,-3],"rotation":{"angle":0,"axis":"y","origin":[8,8,8]},"faces":{"north":{"uv":[7.625,1.125,6.5,1.375],"texture":"#0"},"east":{"uv":[7.625,1.125,6.5,1.375],"texture":"#0"},"south":{"uv":[7.625,1.125,6.5,1.375],"texture":"#0"},"west":{"uv":[7.625,1.125,6.5,1.375],"texture":"#0"},"up":{"uv":[6.5,1.125,7.625,0],"texture":"#0"},"down":{"uv":[6.5,0,7.625,1.125],"texture":"#0"}}},{"from":[9.5,7,19],"to":[18.5,9,28],"rotation":{"angle":0,"axis":"y","origin":[8,8,8]},"faces":{"north":{"uv":[6.5,1.125,7.625,1.375],"texture":"#0"},"east":{"uv":[6.5,1.125,7.625,1.375],"texture":"#0"},"south":{"uv":[6.5,1.125,7.625,1.375],"texture":"#0"},"west":{"uv":[6.5,1.125,7.625,1.375],"texture":"#0"},"up":{"uv":[6.5,0,7.625,1.125],"texture":"#0"},"down":{"uv":[6.5,1.125,7.625,0],"texture":"#0"}}},{"from":[12.5,5,-9],"to":[15.5,7,25],"rotation":{"angle":0,"axis":"y","origin":[8,7,8]},"faces":{"north":{"uv":[0.375,4.125,0,4.375],"texture":"#0"},"east":{"uv":[4.25,3.875,0,4.125],"texture":"#0"},"south":{"uv":[0.375,4.125,0,4.375],"texture":"#0"},"west":{"uv":[4.25,3.875,0,4.125],"texture":"#0"},"up":{"uv":[4.25,3.5,0,3.875],"rotation":90,"texture":"#0"},"down":{"uv":[0,3.5,4.25,3.875],"rotation":90,"texture":"#0"}}},{"from":[9.5,7,-12],"to":[18.5,9,-3],"rotation":{"angle":0,"axis":"y","origin":[8,8,8]},"faces":{"north":{"uv":[7.625,1.125,6.5,1.375],"texture":"#0"},"east":{"uv":[7.625,1.125,6.5,1.375],"texture":"#0"},"south":{"uv":[7.625,1.125,6.5,1.375],"texture":"#0"},"west":{"uv":[7.625,1.125,6.5,1.375],"texture":"#0"},"up":{"uv":[6.5,1.125,7.625,0],"texture":"#0"},"down":{"uv":[6.5,0,7.625,1.125],"texture":"#0"}}},{"from":[-2.5,7,19],"to":[6.5,9,28],"rotation":{"angle":0,"axis":"y","origin":[8,8,8]},"faces":{"north":{"uv":[7.625,1.125,6.5,1.375],"texture":"#0"},"east":{"uv":[7.625,1.125,6.5,1.375],"texture":"#0"},"south":{"uv":[7.625,1.125,6.5,1.375],"texture":"#0"},"west":{"uv":[7.625,1.125,6.5,1.375],"texture":"#0"},"up":{"uv":[7.625,0,6.5,1.125],"texture":"#0"},"down":{"uv":[7.625,1.125,6.5,0],"texture":"#0"}}},{"from":[0.5,5,-9],"to":[3.5,7,25],"rotation":{"angle":0,"axis":"y","origin":[8,7,8]},"faces":{"north":{"uv":[0,4.125,0.375,4.375],"texture":"#0"},"east":{"uv":[0,3.875,4.25,4.125],"texture":"#0"},"south":{"uv":[0,4.125,0.375,4.375],"texture":"#0"},"west":{"uv":[0,3.875,4.25,4.125],"texture":"#0"},"up":{"uv":[4.25,3.875,0,3.5],"rotation":90,"texture":"#0"},"down":{"uv":[0,3.875,4.25,3.5],"rotation":90,"texture":"#0"}}},{"from":[-2.5,7,-12],"to":[6.5,9,-3],"rotation":{"angle":0,"axis":"y","origin":[8,8,8]},"faces":{"north":{"uv":[6.5,1.125,7.625,1.375],"texture":"#0"},"east":{"uv":[6.5,1.125,7.625,1.375],"texture":"#0"},"south":{"uv":[6.5,1.125,7.625,1.375],"texture":"#0"},"west":{"uv":[6.5,1.125,7.625,1.375],"texture":"#0"},"up":{"uv":[7.625,1.125,6.5,0],"texture":"#0"},"down":{"uv":[7.625,0,6.5,1.125],"texture":"#0"}}}],"gui_light":"front","display":{"thirdperson_righthand":{"rotation":[67.5,0,0],"translation":[0,0.5,0.5],"scale":[0.15703,0.15703,0.15703]},"thirdperson_lefthand":{"rotation":[67.5,0,0],"translation":[0,0.5,0.5],"scale":[0.15703,0.15703,0.15703]},"firstperson_righthand":{"translation":[4.5,0,-5.75],"scale":[0.30625,0.30625,0.30625]},"firstperson_lefthand":{"translation":[4.5,0,-5.75],"scale":[0.30625,0.30625,0.30625]},"ground":{"translation":[0,5,0],"scale":[0.4,0.4,0.4]},"gui":{"rotation":[30,135,0],"translation":[0,-0.5,0],"scale":[0.25547,0.25547,0.25547]},"head":{"rotation":[0,180,0],"translation":[0,-30.4,0],"scale":[1.6,1.6,1.6]},"fixed":{"rotation":[-90,0,0],"translation":[0,0,-16],"scale":[2,2,2]}}}