{"credit":"MadewithBlockbench","texture_size":[32,32],"textures":{"0":"elitecreatures:prison_furniture_v1/toilet_1","particle":"elitecreatures:prison_furniture_v1/toilet_1"},"elements":[{"from":[12,4,4],"to":[14,8,16],"faces":{"north":{"uv":[9,9,10,11],"texture":"#0"},"east":{"uv":[4,7,10,9],"texture":"#0"},"south":{"uv":[8,9,9,11],"texture":"#0"},"west":{"uv":[4,5,10,7],"texture":"#0"},"up":{"uv":[12,11,11,5],"texture":"#0"},"down":{"uv":[11,5,10,11],"texture":"#0"}}},{"from":[2,4,4],"to":[4,8,16],"rotation":{"angle":0,"axis":"y","origin":[16,0,0]},"faces":{"north":{"uv":[10,9,9,11],"texture":"#0"},"east":{"uv":[10,5,4,7],"texture":"#0"},"south":{"uv":[9,9,8,11],"texture":"#0"},"west":{"uv":[10,7,4,9],"texture":"#0"},"up":{"uv":[11,11,12,5],"texture":"#0"},"down":{"uv":[10,5,11,11],"texture":"#0"}}},{"from":[4,0,6],"to":[12,5,16],"faces":{"north":{"uv":[8,2.5,12,5],"texture":"#0"},"east":{"uv":[8,0,13,2.5],"texture":"#0"},"south":{"uv":[8,2.5,12,5],"texture":"#0"},"west":{"uv":[13,0,8,2.5],"texture":"#0"},"up":{"uv":[4,5,0,0],"texture":"#0"},"down":{"uv":[8.5,0.25,4.5,5.25],"texture":"#0"}}},{"from":[4,4,4],"to":[12,8,6],"faces":{"north":{"uv":[0,13.5,4,15.5],"texture":"#0"},"south":{"uv":[0,11.5,4,13.5],"texture":"#0"},"up":{"uv":[4,11.5,0,10.5],"texture":"#0"},"down":{"uv":[4,9.5,0,10.5],"texture":"#0"}}},{"from":[4,5,13],"to":[12,8,16],"faces":{"north":{"uv":[0,8,4,9.5],"texture":"#0"},"south":{"uv":[0,5,4,6.5],"texture":"#0"},"up":{"uv":[4,8,0,6.5],"texture":"#0"}}}],"gui_light":"front","display":{"thirdperson_righthand":{"rotation":[67.5,0,0],"translation":[0,3.25,0.25],"scale":[0.36523,0.36523,0.36523]},"thirdperson_lefthand":{"rotation":[67.5,0,0],"translation":[0,3.25,0.25],"scale":[0.36523,0.36523,0.36523]},"firstperson_righthand":{"translation":[0.5,4.25,0],"scale":[0.38438,0.38438,0.38438]},"firstperson_lefthand":{"translation":[0.5,4.25,0],"scale":[0.38438,0.38438,0.38438]},"ground":{"translation":[0,6,-1.25],"scale":[0.55,0.55,0.55]},"gui":{"rotation":[30,135,0],"translation":[-1,1.5,0],"scale":[0.79258,0.79258,0.79258]},"head":{"rotation":[0,180,0],"translation":[0,-30.4,0],"scale":[1.6,1.6,1.6]},"fixed":{"translation":[0,0,-16],"scale":[2,2,2]}}}