{"credit":"Made with Blockbench","texture_size":[64,64],"textures":{"0":"elitecreatures:nightclub_furniture_v2/nightclub_led_sing","1":"elitecreatures:nightclub_furniture_v2/nightclub_led_sing_animation","particle":"elitecreatures:nightclub_furniture_v2/nightclub_led_sing"},"elements":[{"from":[-16,0,15],"to":[16,16,16],"faces":{"north":{"uv":[0,0,8,4],"texture":"#0"},"east":{"uv":[8,0,8.25,4],"texture":"#0"},"south":{"uv":[0,8.625,8,12.625],"texture":"#0"},"west":{"uv":[8,0,8.25,4],"texture":"#0"},"up":{"uv":[8,4.25,0,4],"texture":"#0"},"down":{"uv":[8,4,0,4.25],"texture":"#0"}}},{"from":[-16,0,14.5],"to":[16,32,14.5],"faces":{"north":{"uv":[0,0.51613,16,16],"texture":"#1"},"south":{"uv":[16,0.51613,0,16],"texture":"#1"}}}],"gui_light":"front","display":{"thirdperson_righthand":{"rotation":[0,180,0],"translation":[-1.75,0,2.25],"scale":[0.25,0.25,0.25]},"thirdperson_lefthand":{"rotation":[0,180,0],"translation":[1.5,0,2.25],"scale":[0.25,0.25,0.25]},"firstperson_righthand":{"rotation":[2,180,23],"translation":[1.13,3.2,1.13],"scale":[0.67,0.67,0.67]},"firstperson_lefthand":{"rotation":[2,180,23],"translation":[12,-2,1.13],"scale":[0.67,0.67,0.67]},"ground":{"translation":[4,2,-4.25],"scale":[0.5,0.5,0.5]},"gui":{"rotation":[30,225,0],"translation":[0,-2.25,0],"scale":[0.42,0.42,0.42]},"head":{"translation":[12,-30.25,-12],"scale":[1.6,1.6,1.6]},"fixed":{"translation":[0,0,-16],"scale":[2,2,2]}}}