{"credit":"MadewithBlockbench","texture_size":[64,64],"textures":{"0":"elitecreatures:hospital_furniture_v1/hospital_sofa_single_brown_no_back_rest","particle":"elitecreatures:hospital_furniture_v1/hospital_sofa_single_brown_no_back_rest"},"elements":[{"from":[1,1,1],"to":[15,8,15],"faces":{"north":{"uv":[6.5,0,10,1.75],"texture":"#0"},"east":{"uv":[6.5,0,10,1.75],"texture":"#0"},"south":{"uv":[6.5,0,10,1.75],"texture":"#0"},"west":{"uv":[6.5,0,10,1.75],"texture":"#0"},"up":{"uv":[3.5,3.5,0,0],"texture":"#0"},"down":{"uv":[3.5,3.5,0,7],"texture":"#0"}}},{"from":[2,0,2],"to":[14,1,14],"faces":{"north":{"uv":[6.5,5.25,9.5,5.5],"texture":"#0"},"east":{"uv":[6.5,5.5,9.5,5.75],"texture":"#0"},"south":{"uv":[6.5,5.75,9.5,6],"texture":"#0"},"west":{"uv":[0,7,3,7.25],"texture":"#0"},"up":{"uv":[6.5,3,3.5,0],"texture":"#0"},"down":{"uv":[6.5,3,3.5,6],"texture":"#0"}}}],"gui_light":"front","display":{"thirdperson_righthand":{"rotation":[-5,0,0],"translation":[0.25,0.75,-0.5],"scale":[0.43,0.43,0.43]},"thirdperson_lefthand":{"rotation":[-5,0,0],"translation":[0.25,0.75,-0.5],"scale":[0.43,0.43,0.43]},"firstperson_righthand":{"rotation":[-5,0,0],"translation":[3,0,-3.25],"scale":[0.43,0.43,0.43]},"firstperson_lefthand":{"rotation":[-5,0,0],"translation":[3,0,-3.25],"scale":[0.43,0.43,0.43]},"ground":{"rotation":[-180,0,0],"translation":[0,-2.5,0.5],"scale":[0.43,0.43,0.43]},"gui":{"rotation":[31,141,1],"translation":[0.5,0.75,0],"scale":[0.49,0.49,0.49]},"head":{"translation":[0,-30.25,0],"scale":[1.6,1.6,1.6]},"fixed":{"rotation":[-180,0,0],"translation":[0,-2.5,-3.25],"scale":[0.79,0.79,0.79]}}}