{"credit":"MadewithBlockbench","texture_size":[64,64],"textures":{"0":"elitecreatures:hospital_furniture_v1/hospital_bedside_table","particle":"elitecreatures:hospital_furniture_v1/hospital_bedside_table"},"elements":[{"from":[-8,13,2],"to":[14,15,14],"faces":{"north":{"uv":[5.5,2,11,2.5],"texture":"#0"},"east":{"uv":[7.25,3,10.25,3.5],"texture":"#0"},"south":{"uv":[11,2,5.5,2.5],"texture":"#0"},"west":{"uv":[10.25,3,7.25,3.5],"texture":"#0"},"up":{"uv":[5.5,3,0,0],"texture":"#0"},"down":{"uv":[5.5,0,0,3],"texture":"#0"}}},{"from":[8,4,6.5],"to":[11,11,9.5],"faces":{"north":{"uv":[0,3,0.75,4.75],"texture":"#0"},"east":{"uv":[0,3,0.75,4.75],"texture":"#0"},"south":{"uv":[0,3,0.75,4.75],"texture":"#0"},"west":{"uv":[0,3,0.75,4.75],"texture":"#0"}}},{"from":[2,11,6],"to":[12,13,10],"faces":{"north":{"uv":[2.25,3.25,4.75,3.75],"texture":"#0"},"east":{"uv":[2.25,3.75,3.25,4.25],"texture":"#0"},"south":{"uv":[4.75,3.25,2.25,3.75],"texture":"#0"},"west":{"uv":[3.25,3.75,4.25,4.25],"texture":"#0"},"down":{"uv":[7.25,3,4.75,4],"texture":"#0"}}},{"from":[-5,3.5,6],"to":[15,4.5,10],"faces":{"north":{"uv":[2.25,4.25,7.25,4.5],"texture":"#0"},"east":{"uv":[6.25,4,7.25,4.25],"texture":"#0"},"south":{"uv":[7.25,4.25,2.25,4.5],"texture":"#0"},"west":{"uv":[6.25,4,7.25,4.25],"texture":"#0"},"up":{"uv":[10.5,1,5.5,0],"texture":"#0"},"down":{"uv":[10.5,1,5.5,2],"texture":"#0"}}},{"from":[13,2.5,3],"to":[15,3.5,13],"faces":{"north":{"uv":[1.25,3.25,1.75,3.5],"texture":"#0"},"east":{"uv":[2.25,3,4.75,3.25],"texture":"#0"},"south":{"uv":[1.25,3.25,1.75,3.5],"texture":"#0"},"west":{"uv":[2.25,3,4.75,3.25],"texture":"#0"},"up":{"uv":[2.25,5.5,1.75,3],"texture":"#0"},"down":{"uv":[2.25,3,1.75,5.5],"texture":"#0"}}},{"from":[13.75,2,11.5],"to":[14.75,3,12.5],"faces":{"north":{"uv":[1,3.5,1.25,3.75],"texture":"#0"},"east":{"uv":[1,3.5,1.25,3.75],"texture":"#0"},"south":{"uv":[1,3.5,1.25,3.75],"texture":"#0"},"west":{"uv":[1,3.5,1.25,3.75],"texture":"#0"}}},{"from":[13,0,11.5],"to":[15,2,12.5],"faces":{"north":{"uv":[0.75,3,1.25,3.5],"texture":"#0"},"east":{"uv":[1,3.5,0.75,4],"texture":"#0"},"south":{"uv":[0.75,3,1.25,3.5],"texture":"#0"},"west":{"uv":[0.75,3.5,1,4],"texture":"#0"},"up":{"uv":[1.75,3.25,1.25,3],"texture":"#0"},"down":{"uv":[1.75,3,1.25,3.25],"texture":"#0"}}},{"from":[13.75,2,3.5],"to":[14.75,3,4.5],"faces":{"north":{"uv":[1,3.5,1.25,3.75],"texture":"#0"},"east":{"uv":[1,3.5,1.25,3.75],"texture":"#0"},"south":{"uv":[1,3.5,1.25,3.75],"texture":"#0"},"west":{"uv":[1,3.5,1.25,3.75],"texture":"#0"}}},{"from":[13,0,3.5],"to":[15,2,4.5],"faces":{"north":{"uv":[0.75,3,1.25,3.5],"texture":"#0"},"east":{"uv":[1,3.5,0.75,4],"texture":"#0"},"south":{"uv":[0.75,3,1.25,3.5],"texture":"#0"},"west":{"uv":[0.75,3.5,1,4],"texture":"#0"},"up":{"uv":[1.75,3.25,1.25,3],"texture":"#0"},"down":{"uv":[1.75,3,1.25,3.25],"texture":"#0"}}},{"from":[-5,2.5,3],"to":[-3,3.5,13],"faces":{"north":{"uv":[1.25,3.25,1.75,3.5],"texture":"#0"},"east":{"uv":[2.25,3,4.75,3.25],"texture":"#0"},"south":{"uv":[1.25,3.25,1.75,3.5],"texture":"#0"},"west":{"uv":[2.25,3,4.75,3.25],"texture":"#0"},"up":{"uv":[2.25,5.5,1.75,3],"texture":"#0"},"down":{"uv":[2.25,3,1.75,5.5],"texture":"#0"}}},{"from":[-5,0,11.5],"to":[-3,2,12.5],"faces":{"north":{"uv":[0.75,3,1.25,3.5],"texture":"#0"},"east":{"uv":[1,3.5,0.75,4],"texture":"#0"},"south":{"uv":[0.75,3,1.25,3.5],"texture":"#0"},"west":{"uv":[0.75,3.5,1,4],"texture":"#0"},"up":{"uv":[1.75,3.25,1.25,3],"texture":"#0"},"down":{"uv":[1.75,3,1.25,3.25],"texture":"#0"}}},{"from":[-4.25,2,11.5],"to":[-3.25,3,12.5],"faces":{"north":{"uv":[1,3.5,1.25,3.75],"texture":"#0"},"east":{"uv":[1,3.5,1.25,3.75],"texture":"#0"},"south":{"uv":[1,3.5,1.25,3.75],"texture":"#0"},"west":{"uv":[1,3.5,1.25,3.75],"texture":"#0"}}},{"from":[-5,0,3.5],"to":[-3,2,4.5],"faces":{"north":{"uv":[0.75,3,1.25,3.5],"texture":"#0"},"east":{"uv":[1,3.5,0.75,4],"texture":"#0"},"south":{"uv":[0.75,3,1.25,3.5],"texture":"#0"},"west":{"uv":[0.75,3.5,1,4],"texture":"#0"},"up":{"uv":[1.75,3.25,1.25,3],"texture":"#0"},"down":{"uv":[1.75,3,1.25,3.25],"texture":"#0"}}},{"from":[-4.25,2,3.5],"to":[-3.25,3,4.5],"faces":{"north":{"uv":[1,3.5,1.25,3.75],"texture":"#0"},"east":{"uv":[1,3.5,1.25,3.75],"texture":"#0"},"south":{"uv":[1,3.5,1.25,3.75],"texture":"#0"},"west":{"uv":[1,3.5,1.25,3.75],"texture":"#0"}}}],"gui_light":"front","display":{"thirdperson_righthand":{"scale":[0.22,0.22,0.22]},"thirdperson_lefthand":{"scale":[0.22,0.22,0.22]},"firstperson_righthand":{"scale":[0.22,0.22,0.22]},"firstperson_lefthand":{"scale":[0.22,0.22,0.22]},"ground":{"scale":[0.37,0.37,0.37]},"gui":{"rotation":[31,141,1],"translation":[-0.75,0.25,0],"scale":[0.39,0.39,0.39]},"head":{"rotation":[0,-180,0],"translation":[1.25,-31,-1.25],"scale":[1.58,1.58,1.58]},"fixed":{"rotation":[-90,0,0],"translation":[1.75,0.5,-3.25],"scale":[0.43,0.43,0.43]}}}