{"credit":"MadewithBlockbench","texture_size":[64,64],"textures":{"0":"elitecreatures:hospital_furniture_v1/hospital_chair_white_with_back_rest","particle":"elitecreatures:hospital_furniture_v1/hospital_chair_white_with_back_rest"},"elements":[{"from":[2,6,2],"to":[14,9,14],"faces":{"north":{"uv":[0,6,3,6.75],"texture":"#0"},"east":{"uv":[6.25,0,9.25,0.75],"texture":"#0"},"south":{"uv":[6.25,0.75,9.25,1.5],"texture":"#0"},"west":{"uv":[6.25,1.5,9.25,2.25],"texture":"#0"},"up":{"uv":[3,3,0,0],"texture":"#0"},"down":{"uv":[3,3,0,6],"texture":"#0"}}},{"from":[13,13,5],"to":[16,14,15],"faces":{"north":{"uv":[1,6.75,1.75,7],"texture":"#0"},"east":{"uv":[7,5.5,9.5,5.75],"texture":"#0"},"south":{"uv":[1.75,6.75,2.5,7],"texture":"#0"},"west":{"uv":[7,5.75,9.5,6],"texture":"#0"},"up":{"uv":[7,6.25,6.25,3.75],"texture":"#0"},"down":{"uv":[7,6.25,6.25,8.75],"texture":"#0"}}},{"from":[14,7,6],"to":[15,13,8],"faces":{"north":{"uv":[6,7,6.25,8.5],"texture":"#0"},"east":{"uv":[4,7,4.5,8.5],"texture":"#0"},"south":{"uv":[7,6.75,7.25,8.25],"texture":"#0"},"west":{"uv":[7,4,7.5,5.5],"texture":"#0"},"up":{"uv":[3.25,8,3,7.5],"texture":"#0"},"down":{"uv":[3.5,7.5,3.25,8],"texture":"#0"}}},{"from":[1,7,6],"to":[2,13,8],"rotation":{"angle":0,"axis":"y","origin":[16,0,0]},"faces":{"north":{"uv":[6.25,7,6,8.5],"texture":"#0"},"east":{"uv":[7.5,4,7,5.5],"texture":"#0"},"south":{"uv":[7.25,6.75,7,8.25],"texture":"#0"},"west":{"uv":[4.5,7,4,8.5],"texture":"#0"},"up":{"uv":[3,8,3.25,7.5],"texture":"#0"},"down":{"uv":[3.25,7.5,3.5,8],"texture":"#0"}}},{"from":[0,13,5],"to":[3,14,15],"rotation":{"angle":0,"axis":"y","origin":[16,0,0]},"faces":{"north":{"uv":[1.75,6.75,1,7],"texture":"#0"},"east":{"uv":[9.5,5.75,7,6],"texture":"#0"},"south":{"uv":[2.5,6.75,1.75,7],"texture":"#0"},"west":{"uv":[9.5,5.5,7,5.75],"texture":"#0"},"up":{"uv":[6.25,6.25,7,3.75],"texture":"#0"},"down":{"uv":[6.25,6.25,7,8.75],"texture":"#0"}}},{"from":[13,13,5],"to":[16,14,15],"rotation":{"angle":0,"axis":"y","origin":[16,0,0]},"faces":{"north":{"uv":[1.75,6.75,1,7],"texture":"#0"},"east":{"uv":[9.5,5.75,7,6],"texture":"#0"},"south":{"uv":[2.5,6.75,1.75,7],"texture":"#0"},"west":{"uv":[9.5,5.5,7,5.75],"texture":"#0"},"up":{"uv":[6.25,6.25,7,3.75],"texture":"#0"},"down":{"uv":[6.25,6.25,7,8.75],"texture":"#0"}}},{"from":[3,7.68821,10.54016],"to":[13,21.68821,13.54016],"rotation":{"angle":22.5,"axis":"x","origin":[8,8.18821,12.04016]},"faces":{"north":{"uv":[3,0,5.5,3.5],"texture":"#0"},"east":{"uv":[5.5,0,6.25,3.5],"texture":"#0"},"south":{"uv":[3,3.5,5.5,7],"texture":"#0"},"west":{"uv":[6.25,0,5.5,3.5],"texture":"#0"},"up":{"uv":[8.75,3,6.25,2.25],"texture":"#0"},"down":{"uv":[8.75,3,6.25,3.75],"texture":"#0"}}},{"from":[7,3,7],"to":[9,6,9],"rotation":{"angle":0,"axis":"y","origin":[8,4.5,8]},"faces":{"north":{"uv":[4.5,7,5,7.75],"texture":"#0"},"east":{"uv":[4.5,7,5,7.75],"texture":"#0"},"south":{"uv":[5,7,4.5,7.75],"texture":"#0"},"west":{"uv":[4.5,7,5,7.75],"texture":"#0"},"up":{"uv":[1.5,7.75,1,7.25],"texture":"#0"},"down":{"uv":[2,7.25,1.5,7.75],"texture":"#0"}}},{"from":[7,2,2],"to":[9,3,14],"faces":{"north":{"uv":[2.5,6.75,3,7],"texture":"#0"},"east":{"uv":[1,7,4,7.25],"texture":"#0"},"south":{"uv":[3,7.25,3.5,7.5],"texture":"#0"},"west":{"uv":[7,3.75,10,4],"texture":"#0"},"up":{"uv":[0.5,9.75,0,6.75],"texture":"#0"},"down":{"uv":[1,6.75,0.5,9.75],"texture":"#0"}}},{"from":[7.5,0,2.5],"to":[8.5,2,4.5],"faces":{"north":{"uv":[2.5,7.25,2.75,7.75],"texture":"#0"},"east":{"uv":[2,7.25,2.5,7.75],"texture":"#0"},"south":{"uv":[2.75,7.25,2.5,7.75],"texture":"#0"},"west":{"uv":[2,7.25,2.5,7.75],"texture":"#0"},"up":{"uv":[2.75,7.75,2.5,7.25],"texture":"#0"},"down":{"uv":[2.75,7.25,2.5,7.75],"texture":"#0"}}},{"from":[7.5,0,11.5],"to":[8.5,2,13.5],"rotation":{"angle":0,"axis":"y","origin":[0,0,16]},"faces":{"north":{"uv":[2.5,7.25,2.75,7.75],"texture":"#0"},"east":{"uv":[2.5,7.25,2,7.75],"texture":"#0"},"south":{"uv":[2.75,7.25,2.5,7.75],"texture":"#0"},"west":{"uv":[2.5,7.25,2,7.75],"texture":"#0"},"up":{"uv":[2.75,7.25,2.5,7.75],"texture":"#0"},"down":{"uv":[2.75,7.75,2.5,7.25],"texture":"#0"}}},{"from":[2.5,0,7.5],"to":[4.5,2,8.5],"rotation":{"angle":0,"axis":"y","origin":[3.5,1,8]},"faces":{"north":{"uv":[2.5,7.25,2,7.75],"texture":"#0"},"east":{"uv":[2.5,7.25,2.75,7.75],"texture":"#0"},"south":{"uv":[2.5,7.25,2,7.75],"texture":"#0"},"west":{"uv":[2.75,7.25,2.5,7.75],"texture":"#0"},"up":{"uv":[2.75,7.25,2.5,7.75],"rotation":90,"texture":"#0"},"down":{"uv":[2.75,7.75,2.5,7.25],"rotation":270,"texture":"#0"}}},{"from":[2,2,7],"to":[14,3,9],"rotation":{"angle":0,"axis":"y","origin":[8,1.75,8]},"faces":{"north":{"uv":[7,3.75,10,4],"texture":"#0"},"east":{"uv":[2.5,6.75,3,7],"texture":"#0"},"south":{"uv":[1,7,4,7.25],"texture":"#0"},"west":{"uv":[3,7.25,3.5,7.5],"texture":"#0"},"up":{"uv":[0.5,9.75,0,6.75],"rotation":90,"texture":"#0"},"down":{"uv":[1,6.75,0.5,9.75],"rotation":270,"texture":"#0"}}},{"from":[11.5,0,7.5],"to":[13.5,2,8.5],"rotation":{"angle":0,"axis":"y","origin":[12.5,1,8]},"faces":{"north":{"uv":[2,7.25,2.5,7.75],"texture":"#0"},"east":{"uv":[2.5,7.25,2.75,7.75],"texture":"#0"},"south":{"uv":[2,7.25,2.5,7.75],"texture":"#0"},"west":{"uv":[2.75,7.25,2.5,7.75],"texture":"#0"},"up":{"uv":[2.75,7.75,2.5,7.25],"rotation":90,"texture":"#0"},"down":{"uv":[2.75,7.25,2.5,7.75],"rotation":270,"texture":"#0"}}}],"gui_light":"front","display":{"thirdperson_righthand":{"scale":[0.22,0.22,0.22]},"thirdperson_lefthand":{"scale":[0.22,0.22,0.22]},"firstperson_righthand":{"scale":[0.39,0.39,0.39]},"firstperson_lefthand":{"scale":[0.39,0.39,0.39]},"ground":{"translation":[0,1.75,0],"scale":[0.57,0.57,0.57]},"gui":{"rotation":[24,137,0],"translation":[0,-1.75,0],"scale":[0.46,0.46,0.46]},"head":{"rotation":[0,-180,0],"translation":[0,-30.25,0],"scale":[1.6,1.6,1.6]},"fixed":{"translation":[0,-1,-6.5],"scale":[0.54,0.54,0.54]}}}