{"credit":"MadewithBlockbench","texture_size":[128,128],"textures":{"0":"elitecreatures:hospital_furniture_v1/hospital_ambulance_bed","particle":"elitecreatures:hospital_furniture_v1/hospital_ambulance_bed"},"elements":[{"from":[0,10,-4],"to":[16,13,13],"rotation":{"angle":0,"axis":"y","origin":[0,-1,0]},"faces":{"north":{"uv":[5.75,0.75,7.75,1.125],"texture":"#0"},"east":{"uv":[5.75,0,7.875,0.375],"texture":"#0"},"south":{"uv":[5.75,1.125,7.75,1.5],"texture":"#0"},"west":{"uv":[5.75,0.375,7.875,0.75],"texture":"#0"},"up":{"uv":[2,2.125,0,0],"texture":"#0"},"down":{"uv":[4,0,2,2.125],"texture":"#0"}}},{"from":[4,6,-4],"to":[12,10,13],"rotation":{"angle":0,"axis":"y","origin":[0,-1,0]},"faces":{"north":{"uv":[1,7.375,2,6.875],"texture":"#0"},"east":{"uv":[5.25,5,7.375,4.5],"texture":"#0"},"south":{"uv":[1,7.375,2,6.875],"texture":"#0"},"west":{"uv":[5.25,5,7.375,4.5],"texture":"#0"},"up":{"uv":[5.25,5.125,4.25,3],"texture":"#0"},"down":{"uv":[1,5,0,7.125],"texture":"#0"}}},{"from":[5,2,-3],"to":[11,6,12],"rotation":{"angle":0,"axis":"y","origin":[0,-1,0]},"faces":{"north":{"uv":[6.5,7.75,7.25,7.25],"texture":"#0"},"east":{"uv":[5.5,5.5,7.375,5],"texture":"#0"},"south":{"uv":[6.5,7.75,7.25,7.25],"texture":"#0"},"west":{"uv":[5.5,5.5,7.375,5],"texture":"#0"},"up":{"uv":[1.75,6.875,1,5],"texture":"#0"},"down":{"uv":[2.5,5,1.75,6.875],"texture":"#0"}}},{"from":[3,0,-7],"to":[13,2,16],"rotation":{"angle":0,"axis":"y","origin":[0,-1,0]},"faces":{"north":{"uv":[6.5,4,7.75,3.75],"texture":"#0"},"east":{"uv":[5.5,6.25,8.375,6],"texture":"#0"},"south":{"uv":[6.5,4,7.75,3.75],"texture":"#0"},"west":{"uv":[5.5,6.25,8.375,6],"texture":"#0"},"up":{"uv":[1.25,5,0,2.125],"texture":"#0"},"down":{"uv":[2.5,2.125,1.25,5],"texture":"#0"}}},{"from":[16,10,2],"to":[17,16,5],"rotation":{"angle":0,"axis":"y","origin":[0,-1,0]},"faces":{"north":{"uv":[2.375,6.875,2.5,7.625],"texture":"#0"},"east":{"uv":[7.25,7.25,7.625,8],"texture":"#0"},"south":{"uv":[3.875,7.125,4,7.875],"texture":"#0"},"west":{"uv":[0.75,7.375,1.125,8.125],"texture":"#0"},"up":{"uv":[4.125,1.875,4,1.5],"texture":"#0"},"down":{"uv":[4.25,1.5,4.125,1.875],"texture":"#0"}}},{"from":[16,16,-1],"to":[19,17,12],"rotation":{"angle":0,"axis":"y","origin":[0,-1,0]},"faces":{"north":{"uv":[7.375,4.875,7.75,5],"texture":"#0"},"east":{"uv":[7.375,4.25,9,4.375],"texture":"#0"},"south":{"uv":[7.375,4.875,7.75,5],"texture":"#0"},"west":{"uv":[7.375,4.25,9,4.375],"texture":"#0"},"up":{"uv":[4.375,8.125,4,6.5],"texture":"#0"},"down":{"uv":[4.375,8.125,4,6.5],"texture":"#0"}}},{"from":[-3,16,-1],"to":[0,17,12],"rotation":{"angle":0,"axis":"y","origin":[0,-1,0]},"faces":{"north":{"uv":[7.375,4.875,7.75,5],"texture":"#0"},"east":{"uv":[7.375,4.25,9,4.375],"texture":"#0"},"south":{"uv":[7.375,4.875,7.75,5],"texture":"#0"},"west":{"uv":[7.375,4.25,9,4.375],"texture":"#0"},"up":{"uv":[4.375,8.125,4,6.5],"texture":"#0"},"down":{"uv":[4.375,8.125,4,6.5],"texture":"#0"}}},{"from":[-1,10,2],"to":[0,16,5],"rotation":{"angle":0,"axis":"y","origin":[16,-1,0]},"faces":{"north":{"uv":[2.5,6.875,2.375,7.625],"texture":"#0"},"east":{"uv":[1.125,7.375,0.75,8.125],"texture":"#0"},"south":{"uv":[4,7.125,3.875,7.875],"texture":"#0"},"west":{"uv":[7.625,7.25,7.25,8],"texture":"#0"},"up":{"uv":[4,1.875,4.125,1.5],"texture":"#0"},"down":{"uv":[4.125,1.5,4.25,1.875],"texture":"#0"}}},{"from":[6,8.38791,-16],"to":[10,9.38791,-4.07716],"rotation":{"angle":-22.5,"axis":"x","origin":[9,12.88791,-5.57716]},"faces":{"north":{"uv":[2.875,7.375,3.375,7.5],"texture":"#0"},"east":{"uv":[4,6.125,5.5,6.25],"texture":"#0"},"south":{"uv":[7.375,4.625,7.875,4.75],"texture":"#0"},"west":{"uv":[5.5,6.125,4,6.25],"texture":"#0"},"up":{"uv":[4,7.125,3.5,5.625],"texture":"#0"},"down":{"uv":[6.5,1.5,6,3],"texture":"#0"}}},{"from":[1,9.38791,-16],"to":[15,12.38791,-4.07716],"rotation":{"angle":-22.5,"axis":"x","origin":[9,12.88791,-5.57716]},"faces":{"north":{"uv":[6.5,3,8.25,3.375],"texture":"#0"},"east":{"uv":[4.75,6.5,6.25,6.875],"texture":"#0"},"south":{"uv":[6.5,3.375,8.25,3.75],"texture":"#0"},"west":{"uv":[6.25,6.5,7.75,6.875],"texture":"#0"},"up":{"uv":[5.75,1.5,4,0],"texture":"#0"},"down":{"uv":[6,1.5,4.25,3],"texture":"#0"}}},{"from":[1,12.60162,13.07924],"to":[15,15.60162,27.07924],"rotation":{"angle":-22.5,"axis":"x","origin":[4,11.10162,19.57924]},"faces":{"north":{"uv":[6.5,1.5,8.25,1.875],"texture":"#0"},"east":{"uv":[6.5,1.875,8.25,2.25],"texture":"#0"},"south":{"uv":[6.5,2.25,8.25,2.625],"texture":"#0"},"west":{"uv":[8.25,1.875,6.5,2.25],"texture":"#0"},"up":{"uv":[4.25,3.875,2.5,2.125],"texture":"#0"},"down":{"uv":[4.25,3.875,2.5,5.625],"texture":"#0"}}},{"from":[6,11.5255,12.69656],"to":[10,12.5255,26.69656],"rotation":{"angle":-22.5,"axis":"x","origin":[4,11.0255,19.19656]},"faces":{"north":{"uv":[4.75,7.375,5.25,7.5],"texture":"#0"},"east":{"uv":[7.375,4,9.125,4.125],"texture":"#0"},"south":{"uv":[7.375,4.75,7.875,4.875],"texture":"#0"},"west":{"uv":[7.375,4.125,9.125,4.25],"texture":"#0"},"up":{"uv":[3,7.375,2.5,5.625],"texture":"#0"},"down":{"uv":[3.5,5.625,3,7.375],"texture":"#0"}}},{"from":[3,19.78143,27.0534],"to":[13,27.78143,30.0534],"rotation":{"angle":22.5,"axis":"x","origin":[8,21.78143,26.3034]},"faces":{"north":{"uv":[4.25,5.125,5.5,6.125],"texture":"#0"},"east":{"uv":[2,6.875,2.375,7.875],"texture":"#0"},"south":{"uv":[5.25,3,6.5,4],"texture":"#0"},"west":{"uv":[2.375,6.875,2,7.875],"texture":"#0"},"up":{"uv":[7,7.25,5.75,6.875],"texture":"#0"},"down":{"uv":[8.25,6.875,7,7.25],"texture":"#0"}}},{"from":[6.5,14.60021,27.34853],"to":[9.5,22.60021,29.34853],"rotation":{"angle":45,"axis":"x","origin":[7.5,18.60021,27.34853]},"faces":{"north":{"uv":[3.5,7.125,3.875,8.125],"texture":"#0"},"east":{"uv":[1.125,7.375,1.375,8.375],"texture":"#0"},"south":{"uv":[3.5,7.125,3.875,8.125],"texture":"#0"},"west":{"uv":[1.125,7.375,1.375,8.375],"texture":"#0"},"up":{"uv":[2,7.625,1.625,7.375],"texture":"#0"},"down":{"uv":[2,7.625,1.625,7.375],"texture":"#0"}}}],"gui_light":"front","display":{"thirdperson_righthand":{"scale":[0.22,0.22,0.22]},"thirdperson_lefthand":{"scale":[0.22,0.22,0.22]},"firstperson_righthand":{"scale":[0.22,0.22,0.22]},"firstperson_lefthand":{"scale":[0.22,0.22,0.22]},"ground":{"translation":[0,2.75,0],"scale":[0.43,0.43,0.43]},"gui":{"rotation":[-146.25,47,-180],"translation":[0,-1.25,0],"scale":[0.24,0.24,0.24]},"head":{"rotation":[0,-180,0],"translation":[0,-31.25,-6.75],"scale":[1.5,1.5,1.5]},"fixed":{"rotation":[-90,0,0],"translation":[0,0,-0.25],"scale":[0.42,0.42,0.42]}}}