{"credit":"MadewithBlockbench","texture_size":[64,64],"textures":{"0":"elitecreatures:hospital_furniture_v1/hospital_chair_white_with_back_rest_2","particle":"elitecreatures:hospital_furniture_v1/hospital_chair_white_with_back_rest_2"},"elements":[{"from":[1,6.25,1],"to":[13,8.25,13],"rotation":{"angle":0,"axis":"y","origin":[-1,0,0]},"faces":{"north":{"uv":[6,2,9,2.5],"texture":"#0"},"east":{"uv":[6,2.5,9,3],"texture":"#0"},"south":{"uv":[6,3,9,3.5],"texture":"#0"},"west":{"uv":[6,3.5,9,4],"texture":"#0"},"up":{"uv":[3,6.75,0,3.75],"texture":"#0"},"down":{"uv":[3,3.75,0,6.75],"texture":"#0"}}},{"from":[-15,6,11],"to":[15,8,13],"faces":{"north":{"uv":[6,0,13.5,0.5],"texture":"#0"},"east":{"uv":[7.5,6.25,8,6.75],"texture":"#0"},"south":{"uv":[6,0.5,13.5,1],"texture":"#0"},"west":{"uv":[7.5,6.25,8,6.75],"texture":"#0"},"up":{"uv":[13.5,1.5,6,1],"texture":"#0"},"down":{"uv":[13.5,1.5,6,1],"texture":"#0"}}},{"from":[13,1,5],"to":[15,3,16],"rotation":{"angle":0,"axis":"y","origin":[14,2.5,12]},"faces":{"north":{"uv":[0.5,7.75,1,8.25],"texture":"#0"},"east":{"uv":[0,6.75,2.75,7.25],"texture":"#0"},"south":{"uv":[0.5,7.75,1,8.25],"texture":"#0"},"west":{"uv":[2.75,6.75,0,7.25],"texture":"#0"},"up":{"uv":[6,9.5,5.5,6.75],"texture":"#0"},"down":{"uv":[7.5,5,7,7.75],"texture":"#0"}}},{"from":[13.5,3,11],"to":[14.5,6,13],"rotation":{"angle":0,"axis":"y","origin":[14,2.5,12]},"faces":{"north":{"uv":[2.5,7.75,2.75,8.5],"texture":"#0"},"east":{"uv":[5,7.25,5.5,8],"texture":"#0"},"south":{"uv":[2.5,7.75,2.75,8.5],"texture":"#0"},"west":{"uv":[5.5,7.25,5,8],"texture":"#0"},"up":{"uv":[5.25,8.5,5,8],"texture":"#0"},"down":{"uv":[5.5,8,5.25,8.5],"texture":"#0"}}},{"from":[13,0,5],"to":[15,1,7],"rotation":{"angle":0,"axis":"y","origin":[14,2.5,12]},"faces":{"north":{"uv":[3.5,7.75,4,8],"texture":"#0"},"east":{"uv":[7,7.75,7.5,8],"texture":"#0"},"south":{"uv":[7.5,7.75,8,8],"texture":"#0"},"west":{"uv":[3.5,8,4,8.25],"texture":"#0"},"up":{"uv":[2,8.25,1.5,7.75],"texture":"#0"},"down":{"uv":[2.5,7.75,2,8.25],"texture":"#0"}}},{"from":[13,0,14],"to":[15,1,16],"rotation":{"angle":0,"axis":"y","origin":[14,2.5,4]},"faces":{"north":{"uv":[8,7.75,7.5,8],"texture":"#0"},"east":{"uv":[7.5,7.75,7,8],"texture":"#0"},"south":{"uv":[4,7.75,3.5,8],"texture":"#0"},"west":{"uv":[4,8,3.5,8.25],"texture":"#0"},"up":{"uv":[2,7.75,1.5,8.25],"texture":"#0"},"down":{"uv":[2.5,8.25,2,7.75],"texture":"#0"}}},{"from":[-15,3,11],"to":[-14,6,13],"rotation":{"angle":0,"axis":"y","origin":[14,2.5,12]},"faces":{"north":{"uv":[2.5,7.75,2.75,8.5],"texture":"#0"},"east":{"uv":[5,7.25,5.5,8],"texture":"#0"},"south":{"uv":[2.5,7.75,2.75,8.5],"texture":"#0"},"west":{"uv":[5.5,7.25,5,8],"texture":"#0"},"up":{"uv":[5.25,8.5,5,8],"texture":"#0"},"down":{"uv":[5.5,8,5.25,8.5],"texture":"#0"}}},{"from":[-15.5,1,5],"to":[-13.5,3,16],"rotation":{"angle":0,"axis":"y","origin":[14,2.5,12]},"faces":{"north":{"uv":[0.5,7.75,1,8.25],"texture":"#0"},"east":{"uv":[0,6.75,2.75,7.25],"texture":"#0"},"south":{"uv":[0.5,7.75,1,8.25],"texture":"#0"},"west":{"uv":[2.75,6.75,0,7.25],"texture":"#0"},"up":{"uv":[6,9.5,5.5,6.75],"texture":"#0"},"down":{"uv":[7.5,5,7,7.75],"texture":"#0"}}},{"from":[-15.5,0,5],"to":[-13.5,1,7],"rotation":{"angle":0,"axis":"y","origin":[14,2.5,12]},"faces":{"north":{"uv":[3.5,7.75,4,8],"texture":"#0"},"east":{"uv":[7,7.75,7.5,8],"texture":"#0"},"south":{"uv":[7.5,7.75,8,8],"texture":"#0"},"west":{"uv":[3.5,8,4,8.25],"texture":"#0"},"up":{"uv":[2,8.25,1.5,7.75],"texture":"#0"},"down":{"uv":[2.5,7.75,2,8.25],"texture":"#0"}}},{"from":[-15.5,0,14],"to":[-13.5,1,16],"rotation":{"angle":0,"axis":"y","origin":[14,2.5,4]},"faces":{"north":{"uv":[8,7.75,7.5,8],"texture":"#0"},"east":{"uv":[7.5,7.75,7,8],"texture":"#0"},"south":{"uv":[4,7.75,3.5,8],"texture":"#0"},"west":{"uv":[4,8,3.5,8.25],"texture":"#0"},"up":{"uv":[2,7.75,1.5,8.25],"texture":"#0"},"down":{"uv":[2.5,8.25,2,7.75],"texture":"#0"}}},{"from":[13,11,4],"to":[15,13,16],"faces":{"north":{"uv":[7.5,7.25,8,7.75],"texture":"#0"},"east":{"uv":[6,4,9,4.5],"texture":"#0"},"south":{"uv":[0,7.75,0.5,8.25],"texture":"#0"},"west":{"uv":[6,4.5,9,5],"texture":"#0"},"up":{"uv":[6.5,8,6,5],"texture":"#0"},"down":{"uv":[7,5,6.5,8],"texture":"#0"}}},{"from":[13.5,8.53553,4.87868],"to":[14.5,10.53553,12.87868],"rotation":{"angle":45,"axis":"x","origin":[14,9.53553,8.87868]},"faces":{"north":{"uv":[3,7.75,3.25,8.25],"texture":"#0"},"east":{"uv":[0,7.25,2,7.75],"texture":"#0"},"south":{"uv":[3.25,7.75,3.5,8.25],"texture":"#0"},"west":{"uv":[2,7.25,4,7.75],"texture":"#0"},"up":{"uv":[4.75,9.25,4.5,7.25],"texture":"#0"},"down":{"uv":[5,7.25,4.75,9.25],"texture":"#0"}}},{"from":[-14.5,8.53553,4.87868],"to":[-13.5,10.53553,12.87868],"rotation":{"angle":45,"axis":"x","origin":[-14,9.53553,8.87868]},"faces":{"north":{"uv":[3.25,7.75,3,8.25],"texture":"#0"},"east":{"uv":[4,7.25,2,7.75],"texture":"#0"},"south":{"uv":[3.5,7.75,3.25,8.25],"texture":"#0"},"west":{"uv":[2,7.25,0,7.75],"texture":"#0"},"up":{"uv":[4.5,9.25,4.75,7.25],"texture":"#0"},"down":{"uv":[4.75,7.25,5,9.25],"texture":"#0"}}},{"from":[-15,11,4],"to":[-13,13,16],"faces":{"north":{"uv":[8,7.25,7.5,7.75],"texture":"#0"},"east":{"uv":[9,4.5,6,5],"texture":"#0"},"south":{"uv":[0.5,7.75,0,8.25],"texture":"#0"},"west":{"uv":[9,4,6,4.5],"texture":"#0"},"up":{"uv":[6,8,6.5,5],"texture":"#0"},"down":{"uv":[6.5,5,7,8],"texture":"#0"}}},{"from":[1,6.30656,12.4588],"to":[13,21.30656,13.4588],"rotation":{"angle":22.5,"axis":"x","origin":[-1,7.30656,12.4588]},"faces":{"north":{"uv":[0,0,3,3.75],"texture":"#0"},"east":{"uv":[4,7.25,4.25,11],"texture":"#0"},"south":{"uv":[3,0,0,3.75],"texture":"#0"},"west":{"uv":[4.25,7.25,4.5,11],"texture":"#0"},"up":{"uv":[10.5,5.25,7.5,5],"texture":"#0"},"down":{"uv":[10.5,5.25,7.5,5.5],"texture":"#0"}}},{"from":[-13,6.30656,12.4588],"to":[-1,21.30656,13.4588],"rotation":{"angle":22.5,"axis":"x","origin":[-15,7.30656,12.4588]},"faces":{"north":{"uv":[0,0,3,3.75],"texture":"#0"},"east":{"uv":[4,7.25,4.25,11],"texture":"#0"},"south":{"uv":[3,0,0,3.75],"texture":"#0"},"west":{"uv":[4.25,7.25,4.5,11],"texture":"#0"},"up":{"uv":[10.5,5.25,7.5,5],"texture":"#0"},"down":{"uv":[10.5,5.25,7.5,5.5],"texture":"#0"}}},{"from":[-13,6.25,1],"to":[-1,8.25,13],"rotation":{"angle":0,"axis":"y","origin":[-15,0,0]},"faces":{"north":{"uv":[6,2,9,2.5],"texture":"#0"},"east":{"uv":[6,2.5,9,3],"texture":"#0"},"south":{"uv":[6,3,9,3.5],"texture":"#0"},"west":{"uv":[6,3.5,9,4],"texture":"#0"},"up":{"uv":[3,6.75,0,3.75],"texture":"#0"},"down":{"uv":[3,3.75,0,6.75],"texture":"#0"}}}],"gui_light":"front","display":{"thirdperson_righthand":{"translation":[1.75,0,0],"scale":[0.22,0.22,0.22]},"thirdperson_lefthand":{"translation":[-1.75,0,0],"scale":[0.22,0.22,0.22]},"firstperson_righthand":{"translation":[-0.25,0,0],"scale":[0.3,0.3,0.3]},"firstperson_lefthand":{"translation":[-5,0,0],"scale":[0.3,0.3,0.3]},"ground":{"translation":[4.5,0,-1],"scale":[0.41,0.41,0.41]},"gui":{"rotation":[24,137,0],"translation":[-2.5,0,0],"scale":[0.34,0.34,0.34]},"head":{"rotation":[0,-180,0],"translation":[-26.5,-30.5,4.75],"scale":[1.6,1.6,1.6]},"fixed":{"translation":[4.5,0,-6.75],"scale":[0.55,0.55,0.55]}}}