{"credit":"MadewithBlockbench","texture_size":[128,128],"textures":{"0":"elitecreatures:hospital_furniture_v1/hospital_sofa_third_white","particle":"elitecreatures:hospital_furniture_v1/hospital_sofa_third_white"},"elements":[{"from":[-13,0,0],"to":[29,8,16],"faces":{"north":{"uv":[5.25,1.375,10.5,2.375],"texture":"#0"},"east":{"uv":[0,6.375,2,7.375],"texture":"#0"},"south":{"uv":[5.25,2.375,10.5,3.375],"texture":"#0"},"west":{"uv":[2,6.375,4,7.375],"texture":"#0"},"up":{"uv":[5.25,2,0,0],"texture":"#0"},"down":{"uv":[5.25,2,0,4],"texture":"#0"}}},{"from":[29,0,0],"to":[32,14,16],"faces":{"north":{"uv":[5.75,6.875,6.125,8.625],"texture":"#0"},"east":{"uv":[5.25,3.375,7.25,5.125],"texture":"#0"},"south":{"uv":[6.125,6.875,6.5,8.625],"texture":"#0"},"west":{"uv":[5.25,5.125,7.25,6.875],"texture":"#0"},"up":{"uv":[4.375,8.375,4,6.375],"texture":"#0"},"down":{"uv":[4.75,6.375,4.375,8.375],"texture":"#0"}}},{"from":[-16,0,0],"to":[-13,14,16],"rotation":{"angle":0,"axis":"y","origin":[16,0,0]},"faces":{"north":{"uv":[6.125,6.875,5.75,8.625],"texture":"#0"},"east":{"uv":[7.25,5.125,5.25,6.875],"texture":"#0"},"south":{"uv":[6.5,6.875,6.125,8.625],"texture":"#0"},"west":{"uv":[7.25,3.375,5.25,5.125],"texture":"#0"},"up":{"uv":[4,8.375,4.375,6.375],"texture":"#0"},"down":{"uv":[4.375,6.375,4.75,8.375],"texture":"#0"}}},{"from":[-13,8,12],"to":[29,19,16],"faces":{"north":{"uv":[0,4,5.25,5.375],"texture":"#0"},"east":{"uv":[4.75,6.375,5.25,7.75],"texture":"#0"},"south":{"uv":[5.25,0,10.5,1.375],"texture":"#0"},"west":{"uv":[4.75,6.375,5.25,7.75],"texture":"#0"},"up":{"uv":[5.25,5.875,0,5.375],"texture":"#0"},"down":{"uv":[5.25,5.875,0,6.375],"texture":"#0"}}}],"gui_light":"front","display":{"thirdperson_righthand":{"translation":[0,1,0],"scale":[0.28,0.28,0.28]},"thirdperson_lefthand":{"translation":[0,1,0],"scale":[0.28,0.28,0.28]},"firstperson_righthand":{"translation":[-0.5,1,0],"scale":[0.17,0.17,0.17]},"firstperson_lefthand":{"translation":[-0.5,1,0],"scale":[0.17,0.17,0.17]},"ground":{"translation":[0,2,0],"scale":[0.35,0.35,0.35]},"gui":{"rotation":[31,142,0],"scale":[0.25,0.25,0.25]},"head":{"rotation":[0,-180,0],"translation":[0,-30.25,0],"scale":[1.6,1.6,1.6]},"fixed":{"translation":[0,0,-3.5],"scale":[0.46,0.46,0.46]}}}