{"credit":"MadewithBlockbench","texture_size":[64,64],"textures":{"0":"elitecreatures:hospital_furniture_v1/hospital_wheelchair","particle":"elitecreatures:hospital_furniture_v1/hospital_wheelchair"},"elements":[{"from":[2,6,3],"to":[14,8,13],"faces":{"north":{"uv":[4.5,3,7.5,3.5],"texture":"#0"},"east":{"uv":[4.5,3,7.5,3.5],"texture":"#0"},"south":{"uv":[4.5,3,7.5,3.5],"texture":"#0"},"west":{"uv":[4.5,3,7.5,3.5],"texture":"#0"},"up":{"uv":[3,2.5,0,0],"texture":"#0"},"down":{"uv":[0,0,3,2.5],"texture":"#0"}}},{"from":[13.75,11,1],"to":[15.75,12,11],"faces":{"north":{"uv":[6,1.5,6.5,1.75],"texture":"#0"},"east":{"uv":[3,2.25,5.5,2.5],"texture":"#0"},"south":{"uv":[6,1.5,6.5,1.75],"texture":"#0"},"west":{"uv":[5.5,2.25,3,2.5],"texture":"#0"},"up":{"uv":[7.25,2.5,6.75,0],"texture":"#0"},"down":{"uv":[7.25,0,6.75,2.5],"texture":"#0"}}},{"from":[14,5,2],"to":[15,11,4],"faces":{"north":{"uv":[6.5,0,6.75,1.5],"texture":"#0"},"east":{"uv":[6,0,6.5,1.5],"texture":"#0"},"south":{"uv":[6.5,0,6.75,1.5],"texture":"#0"},"west":{"uv":[6.5,0,6,1.5],"texture":"#0"}}},{"from":[13.75,1,2],"to":[14.75,6,3],"rotation":{"angle":45,"axis":"x","origin":[14.5,5,1.5]},"faces":{"north":{"uv":[7.25,1.25,7.5,2.5],"texture":"#0"},"east":{"uv":[7.25,1.25,7.5,2.5],"texture":"#0"},"south":{"uv":[7.25,1.25,7.5,2.5],"texture":"#0"},"west":{"uv":[7.25,1.25,7.5,2.5],"texture":"#0"},"up":{"uv":[7.5,1.25,7.25,1],"texture":"#0"},"down":{"uv":[7.5,1,7.25,1.25],"texture":"#0"}}},{"from":[8.5,1,-2],"to":[14.5,2,1],"faces":{"north":{"uv":[7.5,0.5,9,0.75],"texture":"#0"},"east":{"uv":[7.5,1.5,8.25,1.75],"texture":"#0"},"south":{"uv":[7.5,0.5,9,0.75],"texture":"#0"},"west":{"uv":[7.5,1.5,8.25,1.75],"texture":"#0"},"up":{"uv":[9,1.5,7.5,0.75],"texture":"#0"},"down":{"uv":[9,0.75,7.5,1.5],"texture":"#0"}}},{"from":[14,3,2],"to":[15,5,11],"faces":{"north":{"uv":[7.25,0.5,7.5,1],"texture":"#0"},"east":{"uv":[7.25,0,9.5,0.5],"texture":"#0"},"south":{"uv":[7.25,0.5,7.5,1],"texture":"#0"},"west":{"uv":[9.5,0,7.25,0.5],"texture":"#0"},"up":{"uv":[10,2.25,9.75,0],"texture":"#0"},"down":{"uv":[10,0,9.75,2.25],"texture":"#0"}}},{"from":[14,2,2.25],"to":[15,3,3.25],"faces":{"north":{"uv":[6.5,1.5,6.75,1.75],"texture":"#0"},"east":{"uv":[6.5,1.5,6.75,1.75],"texture":"#0"},"south":{"uv":[6.5,1.5,6.75,1.75],"texture":"#0"},"west":{"uv":[6.5,1.5,6.75,1.75],"texture":"#0"},"up":{"uv":[6.5,1.5,6.75,1.75],"texture":"#0"},"down":{"uv":[6.5,1.5,6.75,1.75],"texture":"#0"}}},{"from":[14,0,2],"to":[15,2,4],"faces":{"north":{"uv":[8,1.75,8.25,2.25],"texture":"#0"},"east":{"uv":[7.5,1.75,8,2.25],"texture":"#0"},"south":{"uv":[8.25,1.75,8,2.25],"texture":"#0"},"west":{"uv":[7.5,1.75,8,2.25],"texture":"#0"},"up":{"uv":[8.25,2.25,8,1.75],"texture":"#0"},"down":{"uv":[8.25,1.75,8,2.25],"texture":"#0"}}},{"from":[15.25,-0.75,6.25],"to":[15.25,10.25,17.25],"rotation":{"angle":0,"axis":"y","origin":[15.5,4,12]},"faces":{"east":{"uv":[0,2.5,2.25,4.75],"texture":"#0"},"west":{"uv":[2.25,2.5,0,4.75],"texture":"#0"}}},{"from":[15.5,0.25,7.25],"to":[15.5,9.25,16.25],"rotation":{"angle":0,"axis":"y","origin":[15.5,4,12]},"faces":{"east":{"uv":[2.25,2.5,4,4.25],"texture":"#0"},"west":{"uv":[4,2.5,2.25,4.25],"texture":"#0"}}},{"from":[0.75,-0.75,6.25],"to":[0.75,10.25,17.25],"rotation":{"angle":0,"axis":"y","origin":[0.5,4,12]},"faces":{"east":{"uv":[0,2.5,2.25,4.75],"texture":"#0"},"west":{"uv":[2.25,2.5,0,4.75],"texture":"#0"}}},{"from":[0.5,0.25,7.25],"to":[0.5,9.25,16.25],"rotation":{"angle":0,"axis":"y","origin":[0.5,4,12]},"faces":{"east":{"uv":[2.25,2.5,4,4.25],"texture":"#0"},"west":{"uv":[4,2.5,2.25,4.25],"texture":"#0"}}},{"from":[0,3.5,11],"to":[16,5.5,13],"faces":{"north":{"uv":[4,2.5,8,3],"texture":"#0"},"east":{"uv":[4,3,4.5,3.5],"texture":"#0"},"south":{"uv":[4,2.5,8,3],"texture":"#0"},"west":{"uv":[4,3,4.5,3.5],"texture":"#0"},"up":{"uv":[4,3,8,2.5],"texture":"#0"},"down":{"uv":[4,3,8,2.5],"texture":"#0"}}},{"from":[14,5.5,11],"to":[15,17,13],"faces":{"north":{"uv":[9,0.5,9.25,3.5],"texture":"#0"},"east":{"uv":[9.75,0.5,9.25,3.5],"texture":"#0"},"south":{"uv":[9,0.5,9.25,3.375],"texture":"#0"},"west":{"uv":[9.25,0.5,9.75,3.5],"texture":"#0"},"up":{"uv":[9.75,0.5,9.5,0],"texture":"#0"},"down":{"uv":[9.75,0,9.5,0.5],"texture":"#0"}}},{"from":[14,15,13],"to":[15,17,17],"faces":{"north":{"uv":[0.25,5.25,0.5,5.75],"texture":"#0"},"east":{"uv":[0.25,4.75,1.25,5.25],"texture":"#0"},"south":{"uv":[0.25,5.25,0.5,5.75],"texture":"#0"},"west":{"uv":[1.25,4.75,0.25,5.25],"texture":"#0"},"up":{"uv":[0.25,5.75,0,4.75],"texture":"#0"},"down":{"uv":[0.25,4.75,0,5.75],"texture":"#0"}}},{"from":[1,3,2],"to":[2,5,11],"rotation":{"angle":0,"axis":"y","origin":[16,0,0]},"faces":{"north":{"uv":[7.5,0.5,7.25,1],"texture":"#0"},"east":{"uv":[7.25,0,9.5,0.5],"texture":"#0"},"south":{"uv":[7.5,0.5,7.25,1],"texture":"#0"},"west":{"uv":[9.5,0,7.25,0.5],"texture":"#0"},"up":{"uv":[9.75,2.25,10,0],"texture":"#0"},"down":{"uv":[9.75,0,10,2.25],"texture":"#0"}}},{"from":[1,5.5,11],"to":[2,17,13],"rotation":{"angle":0,"axis":"y","origin":[16,0,0]},"faces":{"north":{"uv":[9.25,0.5,9,3.5],"texture":"#0"},"east":{"uv":[9.75,0.5,9.25,3.5],"texture":"#0"},"south":{"uv":[9.25,0.5,9,3.375],"texture":"#0"},"west":{"uv":[9.25,0.5,9.75,3.5],"texture":"#0"},"up":{"uv":[9.5,0.5,9.75,0],"texture":"#0"},"down":{"uv":[9.5,0,9.75,0.5],"texture":"#0"}}},{"from":[0.25,11,1],"to":[2.25,12,11],"rotation":{"angle":0,"axis":"y","origin":[16,0,0]},"faces":{"north":{"uv":[6.5,1.5,6,1.75],"texture":"#0"},"east":{"uv":[3,2.25,5.5,2.5],"texture":"#0"},"south":{"uv":[6.5,1.5,6,1.75],"texture":"#0"},"west":{"uv":[5.5,2.25,3,2.5],"texture":"#0"},"up":{"uv":[6.75,2.5,7.25,0],"texture":"#0"},"down":{"uv":[6.75,0,7.25,2.5],"texture":"#0"}}},{"from":[1,5,2],"to":[2,11,4],"rotation":{"angle":0,"axis":"y","origin":[16,0,0]},"faces":{"north":{"uv":[6.75,0,6.5,1.5],"texture":"#0"},"east":{"uv":[6,0,6.5,1.5],"texture":"#0"},"south":{"uv":[6.75,0,6.5,1.5],"texture":"#0"},"west":{"uv":[6.5,0,6,1.5],"texture":"#0"}}},{"from":[1.25,1,2],"to":[2.25,6,3],"rotation":{"angle":45,"axis":"x","origin":[1.5,5,1.5]},"faces":{"north":{"uv":[7.5,1.25,7.25,2.5],"texture":"#0"},"east":{"uv":[7.5,1.25,7.25,2.5],"texture":"#0"},"south":{"uv":[7.5,1.25,7.25,2.5],"texture":"#0"},"west":{"uv":[7.5,1.25,7.25,2.5],"texture":"#0"},"up":{"uv":[7.25,1.25,7.5,1],"texture":"#0"},"down":{"uv":[7.25,1,7.5,1.25],"texture":"#0"}}},{"from":[1.5,1,-2],"to":[7.5,2,1],"rotation":{"angle":0,"axis":"y","origin":[16,0,0]},"faces":{"north":{"uv":[9,0.5,7.5,0.75],"texture":"#0"},"east":{"uv":[8.25,1.5,7.5,1.75],"texture":"#0"},"south":{"uv":[9,0.5,7.5,0.75],"texture":"#0"},"west":{"uv":[8.25,1.5,7.5,1.75],"texture":"#0"},"up":{"uv":[7.5,1.5,9,0.75],"texture":"#0"},"down":{"uv":[7.5,0.75,9,1.5],"texture":"#0"}}},{"from":[1,2,2.25],"to":[2,3,3.25],"rotation":{"angle":0,"axis":"y","origin":[16,0,0]},"faces":{"north":{"uv":[6.75,1.5,6.5,1.75],"texture":"#0"},"east":{"uv":[6.75,1.5,6.5,1.75],"texture":"#0"},"south":{"uv":[6.75,1.5,6.5,1.75],"texture":"#0"},"west":{"uv":[6.75,1.5,6.5,1.75],"texture":"#0"},"up":{"uv":[6.75,1.5,6.5,1.75],"texture":"#0"},"down":{"uv":[6.75,1.5,6.5,1.75],"texture":"#0"}}},{"from":[1,0,2],"to":[2,2,4],"rotation":{"angle":0,"axis":"y","origin":[16,0,0]},"faces":{"north":{"uv":[8.25,1.75,8,2.25],"texture":"#0"},"east":{"uv":[8,1.75,7.5,2.25],"texture":"#0"},"south":{"uv":[8,1.75,8.25,2.25],"texture":"#0"},"west":{"uv":[8,1.75,7.5,2.25],"texture":"#0"},"up":{"uv":[8,2.25,8.25,1.75],"texture":"#0"},"down":{"uv":[8,1.75,8.25,2.25],"texture":"#0"}}},{"from":[1,15,13],"to":[2,17,17],"rotation":{"angle":0,"axis":"y","origin":[16,0,0]},"faces":{"north":{"uv":[0.5,5.25,0.25,5.75],"texture":"#0"},"east":{"uv":[0.25,4.75,1.25,5.25],"texture":"#0"},"south":{"uv":[0.5,5.25,0.25,5.75],"texture":"#0"},"west":{"uv":[1.25,4.75,0.25,5.25],"texture":"#0"},"up":{"uv":[0,5.75,0.25,4.75],"texture":"#0"},"down":{"uv":[0,4.75,0.25,5.75],"texture":"#0"}}},{"from":[2,8,12],"to":[14,17,12],"faces":{"north":{"uv":[3,0,6,2.25],"texture":"#0"},"south":{"uv":[6,0,3,2.25],"texture":"#0"}}}],"gui_light":"front","display":{"thirdperson_righthand":{"translation":[-0.75,1.75,1.25],"scale":[0.39,0.39,0.39]},"thirdperson_lefthand":{"translation":[-0.75,1.75,1.25],"scale":[0.39,0.39,0.39]},"firstperson_righthand":{"translation":[-0.75,1.75,1.25],"scale":[0.39,0.39,0.39]},"firstperson_lefthand":{"translation":[-0.75,1.75,1.25],"scale":[0.39,0.39,0.39]},"ground":{"translation":[0,3,0],"scale":[0.58,0.58,0.58]},"gui":{"rotation":[35,145,0],"scale":[0.45,0.45,0.45]},"head":{"rotation":[0,-180,0],"translation":[0,-30.25,0],"scale":[1.6,1.6,1.6]},"fixed":{"translation":[0,-1.5,-7.25],"scale":[0.68,0.68,0.68]}}}