{"credit":"MadewithBlockbench","texture_size":[128,128],"textures":{"0":"elitecreatures:hospital_furniture_v1/hospital_bed_with_barrier","particle":"elitecreatures:hospital_furniture_v1/hospital_bed_with_barrier"},"elements":[{"from":[-1,9,-12],"to":[17,12,27],"faces":{"north":{"uv":[4.25,0.375,6.5,0.75],"texture":"#0"},"east":{"uv":[4.25,0,9.125,0.375],"texture":"#0"},"south":{"uv":[6.5,0.375,4.25,0.75],"texture":"#0"},"west":{"uv":[9.125,0,4.25,0.375],"texture":"#0"},"up":{"uv":[2.25,4.875,0,0],"texture":"#0"},"down":{"uv":[2.25,0,0,4.875],"texture":"#0"}}},{"from":[2,12,19],"to":[14,14,25],"faces":{"north":{"uv":[4.25,1.5,5.75,1.75],"texture":"#0"},"east":{"uv":[4.25,1.75,5,2],"texture":"#0"},"south":{"uv":[4.25,1.5,5.75,1.75],"texture":"#0"},"west":{"uv":[4.25,1.75,5,2],"texture":"#0"},"up":{"uv":[5.75,1.5,4.25,0.75],"texture":"#0"},"down":{"uv":[5.75,0.75,4.25,1.5],"texture":"#0"}}},{"from":[16,9,-13],"to":[18,16,-12],"faces":{"north":{"uv":[4.25,2,4.5,2.875],"texture":"#0"},"east":{"uv":[4.5,2,4.625,2.875],"texture":"#0"},"south":{"uv":[4.25,2,4.5,2.875],"texture":"#0"},"west":{"uv":[4.5,2,4.625,2.875],"texture":"#0"},"up":{"uv":[4.5,3,4.25,2.875],"texture":"#0"},"down":{"uv":[4.5,2.875,4.25,3],"texture":"#0"}}},{"from":[16,9,27],"to":[18,22,28],"faces":{"north":{"uv":[5,1.75,5.25,3.375],"texture":"#0"},"east":{"uv":[5.25,1.75,5.375,3.375],"texture":"#0"},"south":{"uv":[5,1.75,5.25,3.375],"texture":"#0"},"west":{"uv":[5.25,1.75,5.375,3.375],"texture":"#0"},"up":{"uv":[5.25,3.5,5,3.375],"texture":"#0"}}},{"from":[-2,9,27],"to":[0,22,28],"rotation":{"angle":0,"axis":"y","origin":[16,0,0]},"faces":{"north":{"uv":[5.25,1.75,5,3.375],"texture":"#0"},"east":{"uv":[5.375,1.75,5.25,3.375],"texture":"#0"},"south":{"uv":[5.25,1.75,5,3.375],"texture":"#0"},"west":{"uv":[5.375,1.75,5.25,3.375],"texture":"#0"},"up":{"uv":[5,3.5,5.25,3.375],"texture":"#0"}}},{"from":[0,20,27],"to":[16,22,28],"faces":{"north":{"uv":[5.75,0.875,7.75,1.125],"texture":"#0"},"south":{"uv":[5.75,0.875,7.75,1.125],"texture":"#0"},"up":{"uv":[7.75,0.875,5.75,0.75],"texture":"#0"},"down":{"uv":[7.75,0.75,5.75,0.875],"texture":"#0"}}},{"from":[0,7,27],"to":[16,9,28],"faces":{"north":{"uv":[5.75,0.875,7.75,1.125],"texture":"#0"},"south":{"uv":[5.75,0.875,7.75,1.125],"texture":"#0"},"up":{"uv":[7.75,0.875,5.75,0.75],"texture":"#0"},"down":{"uv":[7.75,0.75,5.75,0.875],"texture":"#0"}}},{"from":[16,3,-13],"to":[18,7,-11],"faces":{"north":{"uv":[8.5,0.375,8.75,0.875],"texture":"#0"},"east":{"uv":[8.5,0.375,8.75,0.875],"texture":"#0"},"south":{"uv":[8.5,0.375,8.75,0.875],"texture":"#0"},"west":{"uv":[8.5,0.375,8.75,0.875],"texture":"#0"}}},{"from":[0,9,27.5],"to":[16,20,27.5],"faces":{"north":{"uv":[0,4.875,2,6.25],"texture":"#0"},"south":{"uv":[2,4.875,0,6.25],"texture":"#0"}}},{"from":[0,14,-13],"to":[16,16,-12],"faces":{"north":{"uv":[5.75,1.125,7.75,1.375],"texture":"#0"},"south":{"uv":[5.75,1.125,7.75,1.375],"texture":"#0"},"up":{"uv":[7.75,1.5,5.75,1.375],"texture":"#0"},"down":{"uv":[7.75,1.375,5.75,1.5],"texture":"#0"}}},{"from":[0,7,-13],"to":[16,9,-12],"faces":{"north":{"uv":[5.75,1.125,7.75,1.375],"texture":"#0"},"south":{"uv":[5.75,1.125,7.75,1.375],"texture":"#0"},"up":{"uv":[7.75,1.5,5.75,1.375],"texture":"#0"},"down":{"uv":[7.75,1.375,5.75,1.5],"texture":"#0"}}},{"from":[16.5,0,-13],"to":[17.5,2,-11],"faces":{"north":{"uv":[7.75,0.75,7.875,1],"texture":"#0"},"east":{"uv":[7.875,0.75,8.125,1],"texture":"#0"},"south":{"uv":[7.875,0.75,7.75,1],"texture":"#0"},"west":{"uv":[7.875,0.75,8.125,1],"texture":"#0"},"up":{"uv":[7.875,1,7.75,0.75],"texture":"#0"},"down":{"uv":[7.875,0.75,7.75,1],"texture":"#0"}}},{"from":[16.5,2,-12.25],"to":[17.5,3,-11.25],"faces":{"north":{"uv":[9.125,0,9.25,0.125],"texture":"#0"},"east":{"uv":[9.125,0,9.25,0.125],"texture":"#0"},"south":{"uv":[9.125,0,9.25,0.125],"texture":"#0"},"west":{"uv":[9.125,0,9.25,0.125],"texture":"#0"}}},{"from":[15.5,2.5,-13.5],"to":[18.5,3.5,-10.5],"faces":{"north":{"uv":[8.75,0.375,9.125,0.5],"texture":"#0"},"east":{"uv":[8.75,0.375,9.125,0.5],"texture":"#0"},"south":{"uv":[8.75,0.375,9.125,0.5],"texture":"#0"},"west":{"uv":[8.75,0.375,9.125,0.5],"texture":"#0"},"up":{"uv":[9.125,0.875,8.75,0.5],"texture":"#0"},"down":{"uv":[9.125,0.5,8.75,0.875],"texture":"#0"}}},{"from":[0,9,-12.25],"to":[16,14,-12.25],"faces":{"north":{"uv":[2,4.875,4,5.5],"texture":"#0"},"south":{"uv":[4,4.875,2,5.5],"texture":"#0"}}},{"from":[16,7,-13],"to":[18,9,28],"faces":{"north":{"uv":[4.125,5.125,4.375,5.375],"texture":"#0"},"east":{"uv":[4.375,5.125,9.5,5.375],"texture":"#0"},"south":{"uv":[4.125,5.125,4.375,5.375],"texture":"#0"},"west":{"uv":[4.375,5.125,9.5,5.375],"texture":"#0"},"up":{"uv":[9.5,5.125,9.25,0],"texture":"#0"},"down":{"uv":[9.5,0,9.25,5.125],"texture":"#0"}}},{"from":[-2,9,-13],"to":[0,16,-12],"rotation":{"angle":0,"axis":"y","origin":[16,0,0]},"faces":{"north":{"uv":[4.5,2,4.25,2.875],"texture":"#0"},"east":{"uv":[4.625,2,4.5,2.875],"texture":"#0"},"south":{"uv":[4.5,2,4.25,2.875],"texture":"#0"},"west":{"uv":[4.625,2,4.5,2.875],"texture":"#0"},"up":{"uv":[4.25,3,4.5,2.875],"texture":"#0"},"down":{"uv":[4.25,2.875,4.5,3],"texture":"#0"}}},{"from":[-2,7,-13],"to":[0,9,28],"rotation":{"angle":0,"axis":"y","origin":[16,0,0]},"faces":{"north":{"uv":[4.375,5.125,4.125,5.375],"texture":"#0"},"east":{"uv":[9.5,5.125,4.375,5.375],"texture":"#0"},"south":{"uv":[4.375,5.125,4.125,5.375],"texture":"#0"},"west":{"uv":[9.5,5.125,4.375,5.375],"texture":"#0"},"up":{"uv":[9.25,5.125,9.5,0],"texture":"#0"},"down":{"uv":[9.25,0,9.5,5.125],"texture":"#0"}}},{"from":[-2,3,-13],"to":[0,7,-11],"rotation":{"angle":0,"axis":"y","origin":[16,0,0]},"faces":{"north":{"uv":[8.75,0.375,8.5,0.875],"texture":"#0"},"east":{"uv":[8.75,0.375,8.5,0.875],"texture":"#0"},"south":{"uv":[8.75,0.375,8.5,0.875],"texture":"#0"},"west":{"uv":[8.75,0.375,8.5,0.875],"texture":"#0"}}},{"from":[-2.5,2.5,-13.5],"to":[0.5,3.5,-10.5],"rotation":{"angle":0,"axis":"y","origin":[16,0,0]},"faces":{"north":{"uv":[9.125,0.375,8.75,0.5],"texture":"#0"},"east":{"uv":[9.125,0.375,8.75,0.5],"texture":"#0"},"south":{"uv":[9.125,0.375,8.75,0.5],"texture":"#0"},"west":{"uv":[9.125,0.375,8.75,0.5],"texture":"#0"},"up":{"uv":[8.75,0.875,9.125,0.5],"texture":"#0"},"down":{"uv":[8.75,0.5,9.125,0.875],"texture":"#0"}}},{"from":[-1.5,2,-12.25],"to":[-0.5,3,-11.25],"rotation":{"angle":0,"axis":"y","origin":[16,0,0]},"faces":{"north":{"uv":[9.25,0,9.125,0.125],"texture":"#0"},"east":{"uv":[9.25,0,9.125,0.125],"texture":"#0"},"south":{"uv":[9.25,0,9.125,0.125],"texture":"#0"},"west":{"uv":[9.25,0,9.125,0.125],"texture":"#0"}}},{"from":[-1.5,0,-13],"to":[-0.5,2,-11],"rotation":{"angle":0,"axis":"y","origin":[16,0,0]},"faces":{"north":{"uv":[7.875,0.75,7.75,1],"texture":"#0"},"east":{"uv":[8.125,0.75,7.875,1],"texture":"#0"},"south":{"uv":[7.75,0.75,7.875,1],"texture":"#0"},"west":{"uv":[8.125,0.75,7.875,1],"texture":"#0"},"up":{"uv":[7.75,1,7.875,0.75],"texture":"#0"},"down":{"uv":[7.75,0.75,7.875,1],"texture":"#0"}}},{"from":[16,3,26],"to":[18,7,28],"faces":{"north":{"uv":[8.5,0.375,8.75,0.875],"texture":"#0"},"east":{"uv":[8.5,0.375,8.75,0.875],"texture":"#0"},"south":{"uv":[8.5,0.375,8.75,0.875],"texture":"#0"},"west":{"uv":[8.5,0.375,8.75,0.875],"texture":"#0"}}},{"from":[15.5,2.5,25.5],"to":[18.5,3.5,28.5],"faces":{"north":{"uv":[8.75,0.375,9.125,0.5],"texture":"#0"},"east":{"uv":[8.75,0.375,9.125,0.5],"texture":"#0"},"south":{"uv":[8.75,0.375,9.125,0.5],"texture":"#0"},"west":{"uv":[8.75,0.375,9.125,0.5],"texture":"#0"},"up":{"uv":[9.125,0.875,8.75,0.5],"texture":"#0"},"down":{"uv":[9.125,0.5,8.75,0.875],"texture":"#0"}}},{"from":[16.5,2,26.75],"to":[17.5,3,27.75],"faces":{"north":{"uv":[9.125,0,9.25,0.125],"texture":"#0"},"east":{"uv":[9.125,0,9.25,0.125],"texture":"#0"},"south":{"uv":[9.125,0,9.25,0.125],"texture":"#0"},"west":{"uv":[9.125,0,9.25,0.125],"texture":"#0"}}},{"from":[16.5,0,26],"to":[17.5,2,28],"faces":{"north":{"uv":[7.75,0.75,7.875,1],"texture":"#0"},"east":{"uv":[7.875,0.75,8.125,1],"texture":"#0"},"south":{"uv":[7.875,0.75,7.75,1],"texture":"#0"},"west":{"uv":[7.875,0.75,8.125,1],"texture":"#0"},"up":{"uv":[7.875,1,7.75,0.75],"texture":"#0"},"down":{"uv":[7.875,0.75,7.75,1],"texture":"#0"}}},{"from":[-2,3,26],"to":[0,7,28],"rotation":{"angle":0,"axis":"y","origin":[16,0,0]},"faces":{"north":{"uv":[8.75,0.375,8.5,0.875],"texture":"#0"},"east":{"uv":[8.75,0.375,8.5,0.875],"texture":"#0"},"south":{"uv":[8.75,0.375,8.5,0.875],"texture":"#0"},"west":{"uv":[8.75,0.375,8.5,0.875],"texture":"#0"}}},{"from":[-2.5,2.5,25.5],"to":[0.5,3.5,28.5],"rotation":{"angle":0,"axis":"y","origin":[16,0,0]},"faces":{"north":{"uv":[9.125,0.375,8.75,0.5],"texture":"#0"},"east":{"uv":[9.125,0.375,8.75,0.5],"texture":"#0"},"south":{"uv":[9.125,0.375,8.75,0.5],"texture":"#0"},"west":{"uv":[9.125,0.375,8.75,0.5],"texture":"#0"},"up":{"uv":[8.75,0.875,9.125,0.5],"texture":"#0"},"down":{"uv":[8.75,0.5,9.125,0.875],"texture":"#0"}}},{"from":[-1.5,2,26.75],"to":[-0.5,3,27.75],"rotation":{"angle":0,"axis":"y","origin":[16,0,0]},"faces":{"north":{"uv":[9.25,0,9.125,0.125],"texture":"#0"},"east":{"uv":[9.25,0,9.125,0.125],"texture":"#0"},"south":{"uv":[9.25,0,9.125,0.125],"texture":"#0"},"west":{"uv":[9.25,0,9.125,0.125],"texture":"#0"}}},{"from":[-1.5,0,26],"to":[-0.5,2,28],"rotation":{"angle":0,"axis":"y","origin":[16,0,0]},"faces":{"north":{"uv":[7.875,0.75,7.75,1],"texture":"#0"},"east":{"uv":[8.125,0.75,7.875,1],"texture":"#0"},"south":{"uv":[7.75,0.75,7.875,1],"texture":"#0"},"west":{"uv":[8.125,0.75,7.875,1],"texture":"#0"},"up":{"uv":[7.75,1,7.875,0.75],"texture":"#0"},"down":{"uv":[7.75,0.75,7.875,1],"texture":"#0"}}},{"from":[17.5,9,-10],"to":[17.5,15,14],"faces":{"east":{"uv":[5.375,1.75,8.375,2.5],"texture":"#0"},"west":{"uv":[5.375,1.75,8.375,2.5],"texture":"#0"}}},{"from":[-1.5,9,-10],"to":[-1.5,15,14],"faces":{"east":{"uv":[5.375,1.75,8.375,2.5],"texture":"#0"},"west":{"uv":[5.375,1.75,8.375,2.5],"texture":"#0"}}},{"from":[16,5,-11],"to":[18,6,26],"faces":{"east":{"uv":[4.625,5,9.25,5.125],"texture":"#0"},"west":{"uv":[9.25,5,4.625,5.125],"texture":"#0"},"up":{"uv":[9.75,4.625,9.5,0],"texture":"#0"},"down":{"uv":[9.5,0,9.75,4.625],"texture":"#0"}}},{"from":[-2,5,-11],"to":[0,6,26],"rotation":{"angle":0,"axis":"y","origin":[16,0,0]},"faces":{"east":{"uv":[4.625,5,9.25,5.125],"texture":"#0"},"west":{"uv":[9.25,5,4.625,5.125],"texture":"#0"},"up":{"uv":[9.5,4.625,9.75,0],"texture":"#0"},"down":{"uv":[9.75,0,9.5,4.625],"texture":"#0"}}},{"from":[0,5,-13],"to":[16,6,-11],"faces":{"north":{"uv":[6.5,0.375,8.5,0.5],"texture":"#0"},"south":{"uv":[6.5,0.375,8.5,0.5],"texture":"#0"},"up":{"uv":[8.5,0.75,6.5,0.5],"texture":"#0"},"down":{"uv":[8.5,0.5,6.5,0.75],"texture":"#0"}}},{"from":[0,5,26],"to":[16,6,28],"rotation":{"angle":0,"axis":"y","origin":[0,0,16]},"faces":{"north":{"uv":[8.5,0.375,6.5,0.5],"texture":"#0"},"south":{"uv":[8.5,0.375,6.5,0.5],"texture":"#0"},"up":{"uv":[8.5,0.5,6.5,0.75],"texture":"#0"},"down":{"uv":[8.5,0.75,6.5,0.5],"texture":"#0"}}},{"from":[0,8,-11],"to":[16,8,26],"faces":{"north":{"uv":[0,0,2,0],"texture":"#0"},"east":{"uv":[0,0,4.625,0],"texture":"#0"},"south":{"uv":[0,0,2,0],"texture":"#0"},"west":{"uv":[0,0,4.625,0],"texture":"#0"},"up":{"uv":[2.25,4.625,4.25,0],"texture":"#0"},"down":{"uv":[4.25,0,2.25,4.625],"texture":"#0"}}}],"gui_light":"front","display":{"thirdperson_righthand":{"scale":[0.22,0.22,0.22]},"thirdperson_lefthand":{"scale":[0.22,0.22,0.22]},"firstperson_righthand":{"scale":[0.22,0.22,0.22]},"firstperson_lefthand":{"scale":[0.22,0.22,0.22]},"ground":{"scale":[0.22,0.22,0.22]},"gui":{"rotation":[31,141,1],"translation":[0.5,-0.5,0],"scale":[0.3,0.3,0.3]},"head":{"rotation":[0,-180,0],"translation":[0,-31,-1.25],"scale":[1.45,1.45,1.45]},"fixed":{"rotation":[-90,0,0],"translation":[0,0,-3.25],"scale":[0.43,0.43,0.43]}}}