{"credit":"MadewithBlockbench","texture_size":[64,64],"textures":{"0":"elitecreatures:hospital_furniture_v1/hospital_bed_blue_with_single_barrier","particle":"elitecreatures:hospital_furniture_v1/hospital_bed_blue_with_single_barrier"},"elements":[{"from":[-1,7,-3],"to":[17,11,19],"faces":{"north":{"uv":[9,8.25,13.5,9.25],"texture":"#0"},"east":{"uv":[9,4,14.5,5],"texture":"#0"},"south":{"uv":[9,9.25,13.5,10.25],"texture":"#0"},"west":{"uv":[14.5,4,9,5],"texture":"#0"},"up":{"uv":[4.5,5.5,0,0],"texture":"#0"},"down":{"uv":[9,0,4.5,5.5],"texture":"#0"}}},{"from":[17.1,6,-3],"to":[17.1,13,22],"faces":{"north":{"uv":[0,0,0,1.75],"texture":"#0"},"east":{"uv":[0,5.5,6.25,7.25],"texture":"#0"},"south":{"uv":[0,0,0,1.75],"texture":"#0"},"west":{"uv":[6.25,5.5,0,7.25],"texture":"#0"},"up":{"uv":[0,6.25,0,0],"texture":"#0"},"down":{"uv":[0,0,0,6.25],"texture":"#0"}}},{"from":[-1.1,6,-3],"to":[-1.1,13,22],"rotation":{"angle":0,"axis":"y","origin":[16,0,0]},"faces":{"north":{"uv":[0,0,0,1.75],"texture":"#0"},"east":{"uv":[0,5.5,6.25,7.25],"texture":"#0"},"south":{"uv":[0,0,0,1.75],"texture":"#0"},"west":{"uv":[6.25,5.5,0,7.25],"texture":"#0"},"up":{"uv":[0,6.25,0,0],"texture":"#0"},"down":{"uv":[0,0,0,6.25],"texture":"#0"}}},{"from":[-1,8,-11],"to":[17,11,-3],"faces":{"north":{"uv":[0,10.75,4.5,11.5],"texture":"#0"},"east":{"uv":[3,9.25,5,10],"texture":"#0"},"south":{"uv":[4.5,10.75,9,11.5],"texture":"#0"},"west":{"uv":[5,9.25,3,10],"texture":"#0"},"up":{"uv":[9,0,13.5,2],"texture":"#0"},"down":{"uv":[9,7.25,4.5,9.25],"texture":"#0"}}},{"from":[-1,8,19],"to":[17,11,27],"faces":{"north":{"uv":[0,11.5,4.5,12.25],"texture":"#0"},"east":{"uv":[5,9.25,7,10],"texture":"#0"},"south":{"uv":[0,10.75,4.5,11.5],"texture":"#0"},"west":{"uv":[7,9.25,5,10],"texture":"#0"},"up":{"uv":[13.5,2,9,0],"texture":"#0"},"down":{"uv":[13.5,2,9,4],"texture":"#0"}}},{"from":[0,10,-16],"to":[16,10,-11],"faces":{"north":{"uv":[0,0,4,0],"texture":"#0"},"east":{"uv":[0,0,1.25,0],"texture":"#0"},"south":{"uv":[0,0,4,0],"texture":"#0"},"west":{"uv":[0,0,1.25,0],"texture":"#0"},"up":{"uv":[10.25,6.75,6.25,5.5],"texture":"#0"},"down":{"uv":[6.25,5.5,10.25,6.75],"texture":"#0"}}},{"from":[0,10,27],"to":[16,10,32],"rotation":{"angle":0,"axis":"y","origin":[0,0,16]},"faces":{"north":{"uv":[4,0,0,0],"texture":"#0"},"east":{"uv":[1.25,0,0,0],"texture":"#0"},"south":{"uv":[4,0,0,0],"texture":"#0"},"west":{"uv":[1.25,0,0,0],"texture":"#0"},"up":{"uv":[10.25,5.5,6.25,6.75],"texture":"#0"},"down":{"uv":[6.25,6.75,10.25,5.5],"texture":"#0"}}},{"from":[14,3,-4],"to":[16,8,-2],"faces":{"north":{"uv":[11,5.5,11.5,6.75],"texture":"#0"},"east":{"uv":[11,5.5,11.5,6.75],"texture":"#0"},"south":{"uv":[11,5.5,11.5,6.75],"texture":"#0"},"west":{"uv":[11,5.5,11.5,6.75],"texture":"#0"}}},{"from":[14.5,0,-4],"to":[15.5,2,-2],"faces":{"north":{"uv":[10.75,6.5,11,7],"texture":"#0"},"east":{"uv":[10.25,6.5,10.75,7],"texture":"#0"},"south":{"uv":[11,6.5,10.75,7],"texture":"#0"},"west":{"uv":[10.25,6.5,10.75,7],"texture":"#0"},"up":{"uv":[11,7,10.75,6.5],"texture":"#0"},"down":{"uv":[11,6.5,10.75,7],"texture":"#0"}}},{"from":[14.5,2,-3.25],"to":[15.5,3,-2.25],"faces":{"north":{"uv":[10,6.75,10.25,7],"texture":"#0"},"east":{"uv":[10,6.75,10.25,7],"texture":"#0"},"south":{"uv":[10,6.75,10.25,7],"texture":"#0"},"west":{"uv":[10,6.75,10.25,7],"texture":"#0"},"up":{"uv":[10.25,7,10,6.75],"texture":"#0"},"down":{"uv":[10.25,6.75,10,7],"texture":"#0"}}},{"from":[13.5,2.5,-4.5],"to":[16.5,3.5,-1.5],"faces":{"north":{"uv":[10.25,5.5,11,5.75],"texture":"#0"},"east":{"uv":[10.25,5.5,11,5.75],"texture":"#0"},"south":{"uv":[10.25,5.5,11,5.75],"texture":"#0"},"west":{"uv":[10.25,5.5,11,5.75],"texture":"#0"},"up":{"uv":[11,6.5,10.25,5.75],"texture":"#0"},"down":{"uv":[11,5.75,10.25,6.5],"texture":"#0"}}},{"from":[0,3,-4],"to":[2,8,-2],"rotation":{"angle":0,"axis":"y","origin":[16,0,0]},"faces":{"north":{"uv":[11.5,5.5,11,6.75],"texture":"#0"},"east":{"uv":[11.5,5.5,11,6.75],"texture":"#0"},"south":{"uv":[11.5,5.5,11,6.75],"texture":"#0"},"west":{"uv":[11.5,5.5,11,6.75],"texture":"#0"}}},{"from":[-0.5,2.5,-4.5],"to":[2.5,3.5,-1.5],"rotation":{"angle":0,"axis":"y","origin":[16,0,0]},"faces":{"north":{"uv":[11,5.5,10.25,5.75],"texture":"#0"},"east":{"uv":[11,5.5,10.25,5.75],"texture":"#0"},"south":{"uv":[11,5.5,10.25,5.75],"texture":"#0"},"west":{"uv":[11,5.5,10.25,5.75],"texture":"#0"},"up":{"uv":[10.25,6.5,11,5.75],"texture":"#0"},"down":{"uv":[10.25,5.75,11,6.5],"texture":"#0"}}},{"from":[0.5,2,-3.25],"to":[1.5,3,-2.25],"rotation":{"angle":0,"axis":"y","origin":[16,0,0]},"faces":{"north":{"uv":[10.25,6.75,10,7],"texture":"#0"},"east":{"uv":[10.25,6.75,10,7],"texture":"#0"},"south":{"uv":[10.25,6.75,10,7],"texture":"#0"},"west":{"uv":[10.25,6.75,10,7],"texture":"#0"},"up":{"uv":[10,7,10.25,6.75],"texture":"#0"},"down":{"uv":[10,6.75,10.25,7],"texture":"#0"}}},{"from":[0.5,0,-4],"to":[1.5,2,-2],"rotation":{"angle":0,"axis":"y","origin":[16,0,0]},"faces":{"north":{"uv":[11,6.5,10.75,7],"texture":"#0"},"east":{"uv":[10.75,6.5,10.25,7],"texture":"#0"},"south":{"uv":[10.75,6.5,11,7],"texture":"#0"},"west":{"uv":[10.75,6.5,10.25,7],"texture":"#0"},"up":{"uv":[10.75,7,11,6.5],"texture":"#0"},"down":{"uv":[10.75,6.5,11,7],"texture":"#0"}}},{"from":[0,3,18],"to":[2,8,20],"rotation":{"angle":0,"axis":"y","origin":[16,0,16]},"faces":{"north":{"uv":[11,5.5,11.5,6.75],"texture":"#0"},"east":{"uv":[11,5.5,11.5,6.75],"texture":"#0"},"south":{"uv":[11,5.5,11.5,6.75],"texture":"#0"},"west":{"uv":[11,5.5,11.5,6.75],"texture":"#0"}}},{"from":[-0.5,2.5,17.5],"to":[2.5,3.5,20.5],"rotation":{"angle":0,"axis":"y","origin":[16,0,16]},"faces":{"north":{"uv":[10.25,5.5,11,5.75],"texture":"#0"},"east":{"uv":[10.25,5.5,11,5.75],"texture":"#0"},"south":{"uv":[10.25,5.5,11,5.75],"texture":"#0"},"west":{"uv":[10.25,5.5,11,5.75],"texture":"#0"},"up":{"uv":[10.25,5.75,11,6.5],"texture":"#0"},"down":{"uv":[10.25,6.5,11,5.75],"texture":"#0"}}},{"from":[0.5,2,18.75],"to":[1.5,3,19.75],"rotation":{"angle":0,"axis":"y","origin":[16,0,16]},"faces":{"north":{"uv":[10,6.75,10.25,7],"texture":"#0"},"east":{"uv":[10,6.75,10.25,7],"texture":"#0"},"south":{"uv":[10,6.75,10.25,7],"texture":"#0"},"west":{"uv":[10,6.75,10.25,7],"texture":"#0"},"up":{"uv":[10,6.75,10.25,7],"texture":"#0"},"down":{"uv":[10,7,10.25,6.75],"texture":"#0"}}},{"from":[0.5,0,18],"to":[1.5,2,20],"rotation":{"angle":0,"axis":"y","origin":[16,0,16]},"faces":{"north":{"uv":[10.75,6.5,11,7],"texture":"#0"},"east":{"uv":[10.25,6.5,10.75,7],"texture":"#0"},"south":{"uv":[11,6.5,10.75,7],"texture":"#0"},"west":{"uv":[10.25,6.5,10.75,7],"texture":"#0"},"up":{"uv":[10.75,6.5,11,7],"texture":"#0"},"down":{"uv":[10.75,7,11,6.5],"texture":"#0"}}},{"from":[14,3,18],"to":[16,8,20],"rotation":{"angle":0,"axis":"y","origin":[0,0,16]},"faces":{"north":{"uv":[11.5,5.5,11,6.75],"texture":"#0"},"east":{"uv":[11.5,5.5,11,6.75],"texture":"#0"},"south":{"uv":[11.5,5.5,11,6.75],"texture":"#0"},"west":{"uv":[11.5,5.5,11,6.75],"texture":"#0"}}},{"from":[13.5,2.5,17.5],"to":[16.5,3.5,20.5],"rotation":{"angle":0,"axis":"y","origin":[0,0,16]},"faces":{"north":{"uv":[11,5.5,10.25,5.75],"texture":"#0"},"east":{"uv":[11,5.5,10.25,5.75],"texture":"#0"},"south":{"uv":[11,5.5,10.25,5.75],"texture":"#0"},"west":{"uv":[11,5.5,10.25,5.75],"texture":"#0"},"up":{"uv":[11,5.75,10.25,6.5],"texture":"#0"},"down":{"uv":[11,6.5,10.25,5.75],"texture":"#0"}}},{"from":[14.5,2,18.75],"to":[15.5,3,19.75],"rotation":{"angle":0,"axis":"y","origin":[0,0,16]},"faces":{"north":{"uv":[10.25,6.75,10,7],"texture":"#0"},"east":{"uv":[10.25,6.75,10,7],"texture":"#0"},"south":{"uv":[10.25,6.75,10,7],"texture":"#0"},"west":{"uv":[10.25,6.75,10,7],"texture":"#0"},"up":{"uv":[10.25,6.75,10,7],"texture":"#0"},"down":{"uv":[10.25,7,10,6.75],"texture":"#0"}}},{"from":[14.5,0,18],"to":[15.5,2,20],"rotation":{"angle":0,"axis":"y","origin":[0,0,16]},"faces":{"north":{"uv":[11,6.5,10.75,7],"texture":"#0"},"east":{"uv":[10.75,6.5,10.25,7],"texture":"#0"},"south":{"uv":[10.75,6.5,11,7],"texture":"#0"},"west":{"uv":[10.75,6.5,10.25,7],"texture":"#0"},"up":{"uv":[11,6.5,10.75,7],"texture":"#0"},"down":{"uv":[11,7,10.75,6.5],"texture":"#0"}}}],"gui_light":"front","display":{"thirdperson_righthand":{"scale":[0.22,0.22,0.22]},"thirdperson_lefthand":{"scale":[0.22,0.22,0.22]},"firstperson_righthand":{"scale":[0.22,0.22,0.22]},"firstperson_lefthand":{"scale":[0.22,0.22,0.22]},"ground":{"scale":[0.41,0.41,0.41]},"gui":{"rotation":[31,141,1],"translation":[0.5,-0.5,0],"scale":[0.3,0.3,0.3]},"head":{"rotation":[0,-180,0],"translation":[0,-31.5,0.75],"scale":[1.45,1.45,1.45]},"fixed":{"rotation":[-90,0,0],"translation":[0,0,-3.25],"scale":[0.43,0.43,0.43]}}}