{"credit":"MadewithBlockbench","texture_size":[64,64],"textures":{"0":"elitecreatures:hospital_furniture_v1/hospital_curtain","particle":"elitecreatures:hospital_furniture_v1/hospital_curtain"},"elements":[{"from":[14,-1,7],"to":[16,31,9],"faces":{"north":{"uv":[3,0,3.5,8],"texture":"#0"},"east":{"uv":[3.5,0,3,8],"texture":"#0"},"south":{"uv":[3,0,3.5,8],"texture":"#0"},"west":{"uv":[3,0,3.5,8],"texture":"#0"},"up":{"uv":[4.75,0.5,4.25,0],"texture":"#0"},"down":{"uv":[4.75,0,4.25,0.5],"texture":"#0"}}},{"from":[13.5,-2,6.5],"to":[16.5,-1,9.5],"faces":{"north":{"uv":[3.5,0,4.25,0.25],"texture":"#0"},"east":{"uv":[3.5,0,4.25,0.25],"texture":"#0"},"south":{"uv":[3.5,0,4.25,0.25],"texture":"#0"},"west":{"uv":[3.5,0,4.25,0.25],"texture":"#0"},"up":{"uv":[4.25,1,3.5,0.25],"texture":"#0"},"down":{"uv":[4.25,0.25,3.5,1],"texture":"#0"}}},{"from":[2,3,8],"to":[14,28,8],"faces":{"north":{"uv":[0,0,3,6.25],"texture":"#0"},"east":{"uv":[0,0,0,6.25],"texture":"#0"},"south":{"uv":[3,0,0,6.25],"texture":"#0"},"west":{"uv":[0,0,0,6.25],"texture":"#0"},"up":{"uv":[3,0,0,0],"texture":"#0"},"down":{"uv":[3,0,0,0],"texture":"#0"}}},{"from":[14,-4,7.5],"to":[16,-2,8.5],"faces":{"north":{"uv":[3.5,1.25,4,1.75],"texture":"#0"},"east":{"uv":[3.5,1.75,3.75,2.25],"texture":"#0"},"south":{"uv":[3.5,1.25,4,1.75],"texture":"#0"},"west":{"uv":[3.75,1.75,3.5,2.25],"texture":"#0"},"up":{"uv":[4,1.25,3.5,1],"texture":"#0"},"down":{"uv":[4,1,3.5,1.25],"texture":"#0"}}},{"from":[0,-1,7],"to":[2,31,9],"rotation":{"angle":0,"axis":"y","origin":[16,0,0]},"faces":{"north":{"uv":[3.5,0,3,8],"texture":"#0"},"east":{"uv":[3.5,0,3,8],"texture":"#0"},"south":{"uv":[3.5,0,3,8],"texture":"#0"},"west":{"uv":[3,0,3.5,8],"texture":"#0"},"up":{"uv":[4.25,0.5,4.75,0],"texture":"#0"},"down":{"uv":[4.25,0,4.75,0.5],"texture":"#0"}}},{"from":[-0.5,-2,6.5],"to":[2.5,-1,9.5],"rotation":{"angle":0,"axis":"y","origin":[16,0,0]},"faces":{"north":{"uv":[4.25,0,3.5,0.25],"texture":"#0"},"east":{"uv":[4.25,0,3.5,0.25],"texture":"#0"},"south":{"uv":[4.25,0,3.5,0.25],"texture":"#0"},"west":{"uv":[4.25,0,3.5,0.25],"texture":"#0"},"up":{"uv":[3.5,1,4.25,0.25],"texture":"#0"},"down":{"uv":[3.5,0.25,4.25,1],"texture":"#0"}}},{"from":[0,-4,7.5],"to":[2,-2,8.5],"rotation":{"angle":0,"axis":"y","origin":[16,0,0]},"faces":{"north":{"uv":[4,1.25,3.5,1.75],"texture":"#0"},"east":{"uv":[3.5,1.75,3.75,2.25],"texture":"#0"},"south":{"uv":[4,1.25,3.5,1.75],"texture":"#0"},"west":{"uv":[3.75,1.75,3.5,2.25],"texture":"#0"},"up":{"uv":[3.5,1.25,4,1],"texture":"#0"},"down":{"uv":[3.5,1,4,1.25],"texture":"#0"}}},{"from":[2,29,7],"to":[14,31,9],"faces":{"north":{"uv":[4.75,0,7.75,0.5],"texture":"#0"},"east":{"uv":[4.25,0.5,4.75,1],"texture":"#0"},"south":{"uv":[4.75,0,7.75,0.5],"texture":"#0"},"west":{"uv":[4.25,0.5,4.75,1],"texture":"#0"},"up":{"uv":[4.75,0,7.75,0.5],"texture":"#0"},"down":{"uv":[4.75,0,7.75,0.5],"texture":"#0"}}},{"from":[2,0,7],"to":[14,2,9],"faces":{"north":{"uv":[4.75,0,7.75,0.5],"texture":"#0"},"east":{"uv":[4.25,0.5,4.75,1],"texture":"#0"},"south":{"uv":[4.75,0,7.75,0.5],"texture":"#0"},"west":{"uv":[4.25,0.5,4.75,1],"texture":"#0"},"up":{"uv":[4.75,0,7.75,0.5],"texture":"#0"},"down":{"uv":[4.75,0,7.75,0.5],"texture":"#0"}}}],"gui_light":"front","display":{"thirdperson_righthand":{"rotation":[24,137,0],"translation":[0,-1.5,0],"scale":[0.26,0.26,0.26]},"thirdperson_lefthand":{"rotation":[24,137,0],"translation":[0,-1.5,0],"scale":[0.26,0.26,0.26]},"firstperson_righthand":{"rotation":[24,137,0],"translation":[0,-1.5,0],"scale":[0.26,0.26,0.26]},"firstperson_lefthand":{"rotation":[24,137,0],"translation":[0,-1.5,0],"scale":[0.26,0.26,0.26]},"ground":{"translation":[0,3.75,0],"scale":[0.46,0.46,0.46]},"gui":{"rotation":[19,-46,0],"translation":[0,-1.75,0],"scale":[0.32,0.32,0.32]},"head":{"translation":[0,-19.25,0],"scale":[1.8291,2,2]},"fixed":{"translation":[0,-3.25,-0.75],"scale":[0.55,0.55,0.55]}}}