{"credit":"MadewithBlockbench","texture_size":[64,64],"textures":{"0":"elitecreatures:hospital_furniture_v1/hospital_cupboard","particle":"elitecreatures:hospital_furniture_v1/hospital_cupboard"},"elements":[{"from":[0,0,0],"to":[16,14,16],"faces":{"north":{"uv":[0,7.75,4,11.25],"texture":"#0"},"east":{"uv":[0,4.25,4,7.75],"texture":"#0"},"south":{"uv":[4.125,4.25,8.125,7.75],"texture":"#0"},"west":{"uv":[4,4.25,0,7.75],"texture":"#0"},"down":{"uv":[4,11.25,0,15.25],"texture":"#0"}}},{"from":[0,14,-1],"to":[16,16,16],"faces":{"north":{"uv":[4,11.75,8,12.25],"texture":"#0"},"east":{"uv":[4,11.25,8.25,11.75],"texture":"#0"},"south":{"uv":[4,11.75,8,12.25],"texture":"#0"},"west":{"uv":[4,11.25,8.25,11.75],"texture":"#0"},"up":{"uv":[4,4.25,0,0],"texture":"#0"},"down":{"uv":[4,0,0,4.25],"texture":"#0"}}}],"gui_light":"front","display":{"thirdperson_righthand":{"scale":[0.22,0.22,0.22]},"thirdperson_lefthand":{"scale":[0.22,0.22,0.22]},"firstperson_righthand":{"scale":[0.45,0.45,0.45]},"firstperson_lefthand":{"scale":[0.45,0.45,0.45]},"ground":{"translation":[0,2.25,0],"scale":[0.54,0.54,0.54]},"gui":{"rotation":[24,137,0],"scale":[0.41,0.41,0.41]},"head":{"rotation":[0,-180,0],"translation":[0,-31,0],"scale":[1.5,1.5,1.5]}}}