{"credit":"MadewithBlockbench","texture_size":[64,64],"textures":{"0":"elitecreatures:hospital_furniture_v1/hospital_chair_white_no_back_rest","particle":"elitecreatures:hospital_furniture_v1/hospital_chair_white_no_back_rest"},"elements":[{"from":[2,6,2],"to":[14,9,14],"faces":{"north":{"uv":[3,5.5,6,6.25],"texture":"#0"},"east":{"uv":[0,6,3,6.75],"texture":"#0"},"south":{"uv":[6,5,9,5.75],"texture":"#0"},"west":{"uv":[6,5.75,9,6.5],"texture":"#0"},"up":{"uv":[3,3,0,0],"texture":"#0"},"down":{"uv":[3,3,0,6],"texture":"#0"}}},{"from":[7,3,7],"to":[9,6,9],"rotation":{"angle":0,"axis":"y","origin":[8,4.5,8]},"faces":{"north":{"uv":[6.5,2.75,7,3.5],"texture":"#0"},"east":{"uv":[6.5,3.5,7,4.25],"texture":"#0"},"south":{"uv":[6.5,4.25,7,5],"texture":"#0"},"west":{"uv":[6.5,6.5,7,7.25],"texture":"#0"},"up":{"uv":[6,5.5,5.5,5],"texture":"#0"},"down":{"uv":[3,6.75,2.5,7.25],"texture":"#0"}}},{"from":[9.03818,4.80304,7.25],"to":[9.03818,6.80304,8.25],"rotation":{"angle":22.5,"axis":"z","origin":[11.03818,6.30304,7.5]},"faces":{"north":{"uv":[0,0,0,0.5],"texture":"#0"},"east":{"uv":[2.75,7.25,3,7.75],"texture":"#0"},"south":{"uv":[0,0,0,0.5],"texture":"#0"},"west":{"uv":[3,7.25,2.75,7.75],"texture":"#0"},"up":{"uv":[0,0.25,0,0],"texture":"#0"},"down":{"uv":[0,0,0,0.25],"texture":"#0"}}},{"from":[7,2,2],"to":[9,3,14],"faces":{"north":{"uv":[7,3.75,7.5,4],"texture":"#0"},"east":{"uv":[6.5,2.25,9.5,2.5],"texture":"#0"},"south":{"uv":[7,4,7.5,4.25],"texture":"#0"},"west":{"uv":[6.5,2.5,9.5,2.75],"texture":"#0"},"up":{"uv":[3.5,9.25,3,6.25],"texture":"#0"},"down":{"uv":[4,6.25,3.5,9.25],"texture":"#0"}}},{"from":[7.5,0,2.5],"to":[8.5,2,4.5],"faces":{"north":{"uv":[2.5,7.25,2.75,7.75],"texture":"#0"},"east":{"uv":[2,7,2.5,7.5],"texture":"#0"},"south":{"uv":[2.75,7.25,2.5,7.75],"texture":"#0"},"west":{"uv":[2,7,2.5,7.5],"texture":"#0"},"up":{"uv":[2.75,7.75,2.5,7.25],"texture":"#0"},"down":{"uv":[2.75,7.25,2.5,7.75],"texture":"#0"}}},{"from":[7.5,0,11.5],"to":[8.5,2,13.5],"rotation":{"angle":0,"axis":"y","origin":[0,0,16]},"faces":{"north":{"uv":[2.5,7.25,2.75,7.75],"texture":"#0"},"east":{"uv":[2.5,7,2,7.5],"texture":"#0"},"south":{"uv":[2.75,7.25,2.5,7.75],"texture":"#0"},"west":{"uv":[2.5,7,2,7.5],"texture":"#0"},"up":{"uv":[2.75,7.25,2.5,7.75],"texture":"#0"},"down":{"uv":[2.75,7.75,2.5,7.25],"texture":"#0"}}},{"from":[2.5,0,7.5],"to":[4.5,2,8.5],"rotation":{"angle":0,"axis":"y","origin":[8,1.75,8]},"faces":{"north":{"uv":[2.5,7,2,7.5],"texture":"#0"},"east":{"uv":[2.5,7.25,2.75,7.75],"texture":"#0"},"south":{"uv":[2.5,7,2,7.5],"texture":"#0"},"west":{"uv":[2.75,7.25,2.5,7.75],"texture":"#0"},"up":{"uv":[2.75,7.25,2.5,7.75],"rotation":90,"texture":"#0"},"down":{"uv":[2.75,7.75,2.5,7.25],"rotation":270,"texture":"#0"}}},{"from":[2,2,7],"to":[14,3,9],"rotation":{"angle":0,"axis":"y","origin":[8,1.75,8]},"faces":{"north":{"uv":[6.5,2.5,9.5,2.75],"texture":"#0"},"east":{"uv":[7,3.75,7.5,4],"texture":"#0"},"south":{"uv":[6.5,2.25,9.5,2.5],"texture":"#0"},"west":{"uv":[7,4,7.5,4.25],"texture":"#0"},"up":{"uv":[3.5,9.25,3,6.25],"rotation":90,"texture":"#0"},"down":{"uv":[4,6.25,3.5,9.25],"rotation":270,"texture":"#0"}}},{"from":[11.5,0,7.5],"to":[13.5,2,8.5],"rotation":{"angle":0,"axis":"y","origin":[12.5,1,8]},"faces":{"north":{"uv":[2,7,2.5,7.5],"texture":"#0"},"east":{"uv":[2.5,7.25,2.75,7.75],"texture":"#0"},"south":{"uv":[2,7,2.5,7.5],"texture":"#0"},"west":{"uv":[2.75,7.25,2.5,7.75],"texture":"#0"},"up":{"uv":[2.75,7.75,2.5,7.25],"rotation":90,"texture":"#0"},"down":{"uv":[2.75,7.25,2.5,7.75],"rotation":270,"texture":"#0"}}}],"gui_light":"front","display":{"thirdperson_righthand":{"scale":[0.22,0.22,0.22]},"thirdperson_lefthand":{"scale":[0.22,0.22,0.22]},"firstperson_righthand":{"scale":[0.53,0.53,0.53]},"firstperson_lefthand":{"scale":[0.53,0.53,0.53]},"ground":{"translation":[0,1.25,0],"scale":[0.57,0.57,0.57]},"gui":{"rotation":[24,137,0],"translation":[0,0.75,0],"scale":[0.56,0.56,0.56]},"head":{"rotation":[0,-180,0],"translation":[0,-30.25,0],"scale":[1.6,1.6,1.6]},"fixed":{"translation":[0,1.75,0],"scale":[0.78,0.78,0.78]}}}