{"credit":"MadewithBlockbench","texture_size":[128,128],"textures":{"0":"elitecreatures:hospital_furniture_v1/hospital_bed","particle":"elitecreatures:hospital_furniture_v1/hospital_bed"},"elements":[{"from":[-1,8,-11],"to":[17,12,26],"faces":{"north":{"uv":[0,5.125,2.25,5.625],"texture":"#0"},"east":{"uv":[0,4.625,4.625,5.125],"texture":"#0"},"south":{"uv":[2.25,5.125,0,5.625],"texture":"#0"},"west":{"uv":[4.625,4.625,0,5.125],"texture":"#0"},"up":{"uv":[2.25,4.625,0,0],"texture":"#0"},"down":{"uv":[2.25,0,0,4.625],"texture":"#0"}}},{"from":[-2,6,-11],"to":[0,8,26],"faces":{"east":{"uv":[0,6.5,4.625,6.75],"texture":"#0"},"west":{"uv":[0,6.5,4.625,6.75],"texture":"#0"},"up":{"uv":[4.5,4.625,4.25,0],"texture":"#0"},"down":{"uv":[4.5,0,4.25,4.625],"texture":"#0"}}},{"from":[16,6,-11],"to":[18,8,26],"rotation":{"angle":0,"axis":"y","origin":[16,0,0]},"faces":{"east":{"uv":[4.625,6.5,0,6.75],"texture":"#0"},"west":{"uv":[4.625,6.5,0,6.75],"texture":"#0"},"up":{"uv":[4.25,4.625,4.5,0],"texture":"#0"},"down":{"uv":[4.25,0,4.5,4.625],"texture":"#0"}}},{"from":[0,6.5,-11],"to":[16,6.5,26],"faces":{"north":{"uv":[0,0,2,0],"texture":"#0"},"east":{"uv":[0,0,4.625,0],"texture":"#0"},"south":{"uv":[0,0,2,0],"texture":"#0"},"west":{"uv":[0,0,4.625,0],"texture":"#0"},"up":{"uv":[2.25,4.625,4.25,0],"texture":"#0"},"down":{"uv":[4.25,0,2.25,4.625],"texture":"#0"}}},{"from":[0,11,-13],"to":[16,13,-11],"faces":{"north":{"uv":[3,6.125,5,6.375],"texture":"#0"},"south":{"uv":[3,6.125,5,6.375],"texture":"#0"},"up":{"uv":[5,6.375,3,6.125],"texture":"#0"},"down":{"uv":[5,6.125,3,6.375],"texture":"#0"}}},{"from":[0,6,-13],"to":[16,8,-11],"faces":{"north":{"uv":[3,6.125,5,6.375],"texture":"#0"},"south":{"uv":[3,6.125,5,6.375],"texture":"#0"},"up":{"uv":[5,6.375,3,6.125],"texture":"#0"},"down":{"uv":[5,6.125,3,6.375],"texture":"#0"}}},{"from":[0,8,-12.25],"to":[16,11,-12.25],"faces":{"north":{"uv":[0,6.75,2,7.125],"texture":"#0"},"south":{"uv":[2,6.75,0,7.125],"texture":"#0"}}},{"from":[0,8,27.5],"to":[16,11,27.5],"faces":{"north":{"uv":[2,6.75,0,7.125],"texture":"#0"},"south":{"uv":[0,6.75,2,7.125],"texture":"#0"}}},{"from":[16,3,26],"to":[18,22,28],"faces":{"north":{"uv":[4.5,0.25,4.75,2.625],"texture":"#0"},"east":{"uv":[4.5,0.25,4.75,2.625],"texture":"#0"},"south":{"uv":[4.75,0.25,4.5,2.625],"texture":"#0"},"west":{"uv":[4.5,0.25,4.75,2.625],"texture":"#0"},"up":{"uv":[4.75,0.25,4.5,0],"texture":"#0"},"down":{"uv":[4.75,0,4.5,0.25],"texture":"#0"}}},{"from":[-2,3,26],"to":[0,22,28],"rotation":{"angle":0,"axis":"y","origin":[16,0,0]},"faces":{"north":{"uv":[4.75,0.25,4.5,2.625],"texture":"#0"},"east":{"uv":[4.75,0.25,4.5,2.625],"texture":"#0"},"south":{"uv":[4.5,0.25,4.75,2.625],"texture":"#0"},"west":{"uv":[4.75,0.25,4.5,2.625],"texture":"#0"},"up":{"uv":[4.5,0.25,4.75,0],"texture":"#0"},"down":{"uv":[4.5,0,4.75,0.25],"texture":"#0"}}},{"from":[16,3,-13],"to":[18,13,-11],"faces":{"north":{"uv":[4.5,2.875,4.75,4.125],"texture":"#0"},"east":{"uv":[4.5,2.875,4.75,4.125],"texture":"#0"},"south":{"uv":[4.75,2.875,4.5,4.125],"texture":"#0"},"west":{"uv":[4.5,2.875,4.75,4.125],"texture":"#0"},"up":{"uv":[4.75,2.875,4.5,2.625],"texture":"#0"},"down":{"uv":[4.75,2.625,4.5,2.875],"texture":"#0"}}},{"from":[15.5,2.5,-13.5],"to":[18.5,3.5,-10.5],"faces":{"north":{"uv":[4.125,5.125,4.5,5.25],"texture":"#0"},"east":{"uv":[4.125,5.125,4.5,5.25],"texture":"#0"},"south":{"uv":[4.125,5.125,4.5,5.25],"texture":"#0"},"west":{"uv":[4.125,5.125,4.5,5.25],"texture":"#0"},"up":{"uv":[4.5,5.625,4.125,5.25],"texture":"#0"},"down":{"uv":[4.5,5.25,4.125,5.625],"texture":"#0"}}},{"from":[16.5,0,-13],"to":[17.5,2,-11],"faces":{"north":{"uv":[4,5.125,4.125,5.375],"texture":"#0"},"east":{"uv":[3.75,5.125,4,5.375],"texture":"#0"},"south":{"uv":[4.125,5.125,4,5.375],"texture":"#0"},"west":{"uv":[4,5.125,3.75,5.375],"texture":"#0"},"up":{"uv":[4.125,5.375,4,5.125],"texture":"#0"},"down":{"uv":[4.125,5.125,4,5.375],"texture":"#0"}}},{"from":[16.5,2,-12.25],"to":[17.5,3,-11.25],"faces":{"north":{"uv":[3.75,5.375,3.875,5.5],"texture":"#0"},"east":{"uv":[3.75,5.375,3.875,5.5],"texture":"#0"},"south":{"uv":[3.75,5.375,3.875,5.5],"texture":"#0"},"west":{"uv":[3.75,5.375,3.875,5.5],"texture":"#0"}}},{"from":[-2,3,-13],"to":[0,13,-11],"rotation":{"angle":0,"axis":"y","origin":[16,0,0]},"faces":{"north":{"uv":[4.75,2.875,4.5,4.125],"texture":"#0"},"east":{"uv":[4.75,2.875,4.5,4.125],"texture":"#0"},"south":{"uv":[4.5,2.875,4.75,4.125],"texture":"#0"},"west":{"uv":[4.75,2.875,4.5,4.125],"texture":"#0"},"up":{"uv":[4.5,2.875,4.75,2.625],"texture":"#0"},"down":{"uv":[4.5,2.625,4.75,2.875],"texture":"#0"}}},{"from":[-2.5,2.5,-13.5],"to":[0.5,3.5,-10.5],"rotation":{"angle":0,"axis":"y","origin":[16,0,0]},"faces":{"north":{"uv":[4.5,5.125,4.125,5.25],"texture":"#0"},"east":{"uv":[4.5,5.125,4.125,5.25],"texture":"#0"},"south":{"uv":[4.5,5.125,4.125,5.25],"texture":"#0"},"west":{"uv":[4.5,5.125,4.125,5.25],"texture":"#0"},"up":{"uv":[4.125,5.625,4.5,5.25],"texture":"#0"},"down":{"uv":[4.125,5.25,4.5,5.625],"texture":"#0"}}},{"from":[-1.5,2,-12.25],"to":[-0.5,3,-11.25],"rotation":{"angle":0,"axis":"y","origin":[16,0,0]},"faces":{"north":{"uv":[3.875,5.375,3.75,5.5],"texture":"#0"},"east":{"uv":[3.875,5.375,3.75,5.5],"texture":"#0"},"south":{"uv":[3.875,5.375,3.75,5.5],"texture":"#0"},"west":{"uv":[3.875,5.375,3.75,5.5],"texture":"#0"}}},{"from":[-1.5,0,-13],"to":[-0.5,2,-11],"rotation":{"angle":0,"axis":"y","origin":[16,0,0]},"faces":{"north":{"uv":[4.125,5.125,4,5.375],"texture":"#0"},"east":{"uv":[3.75,5.125,4,5.375],"texture":"#0"},"south":{"uv":[4,5.125,4.125,5.375],"texture":"#0"},"west":{"uv":[4,5.125,3.75,5.375],"texture":"#0"},"up":{"uv":[4,5.375,4.125,5.125],"texture":"#0"},"down":{"uv":[4,5.125,4.125,5.375],"texture":"#0"}}},{"from":[16.5,0,26],"to":[17.5,2,28],"faces":{"north":{"uv":[4,5.125,4.125,5.375],"texture":"#0"},"east":{"uv":[3.75,5.125,4,5.375],"texture":"#0"},"south":{"uv":[4.125,5.125,4,5.375],"texture":"#0"},"west":{"uv":[4,5.125,3.75,5.375],"texture":"#0"},"up":{"uv":[4.125,5.375,4,5.125],"texture":"#0"},"down":{"uv":[4.125,5.125,4,5.375],"texture":"#0"}}},{"from":[16.5,2,26.75],"to":[17.5,3,27.75],"faces":{"north":{"uv":[3.75,5.375,3.875,5.5],"texture":"#0"},"east":{"uv":[3.75,5.375,3.875,5.5],"texture":"#0"},"south":{"uv":[3.75,5.375,3.875,5.5],"texture":"#0"},"west":{"uv":[3.75,5.375,3.875,5.5],"texture":"#0"}}},{"from":[15.5,2.5,25.5],"to":[18.5,3.5,28.5],"faces":{"north":{"uv":[4.125,5.125,4.5,5.25],"texture":"#0"},"east":{"uv":[4.125,5.125,4.5,5.25],"texture":"#0"},"south":{"uv":[4.125,5.125,4.5,5.25],"texture":"#0"},"west":{"uv":[4.125,5.125,4.5,5.25],"texture":"#0"},"up":{"uv":[4.5,5.625,4.125,5.25],"texture":"#0"},"down":{"uv":[4.5,5.25,4.125,5.625],"texture":"#0"}}},{"from":[-1.5,0,26],"to":[-0.5,2,28],"rotation":{"angle":0,"axis":"y","origin":[16,0,0]},"faces":{"north":{"uv":[4.125,5.125,4,5.375],"texture":"#0"},"east":{"uv":[3.75,5.125,4,5.375],"texture":"#0"},"south":{"uv":[4,5.125,4.125,5.375],"texture":"#0"},"west":{"uv":[4,5.125,3.75,5.375],"texture":"#0"},"up":{"uv":[4,5.375,4.125,5.125],"texture":"#0"},"down":{"uv":[4,5.125,4.125,5.375],"texture":"#0"}}},{"from":[-1.5,2,26.75],"to":[-0.5,3,27.75],"rotation":{"angle":0,"axis":"y","origin":[16,0,0]},"faces":{"north":{"uv":[3.875,5.375,3.75,5.5],"texture":"#0"},"east":{"uv":[3.875,5.375,3.75,5.5],"texture":"#0"},"south":{"uv":[3.875,5.375,3.75,5.5],"texture":"#0"},"west":{"uv":[3.875,5.375,3.75,5.5],"texture":"#0"}}},{"from":[-2.5,2.5,25.5],"to":[0.5,3.5,28.5],"rotation":{"angle":0,"axis":"y","origin":[16,0,0]},"faces":{"north":{"uv":[4.5,5.125,4.125,5.25],"texture":"#0"},"east":{"uv":[4.5,5.125,4.125,5.25],"texture":"#0"},"south":{"uv":[4.5,5.125,4.125,5.25],"texture":"#0"},"west":{"uv":[4.5,5.125,4.125,5.25],"texture":"#0"},"up":{"uv":[4.125,5.625,4.5,5.25],"texture":"#0"},"down":{"uv":[4.125,5.25,4.5,5.625],"texture":"#0"}}},{"from":[0,20,26],"to":[16,22,28],"faces":{"north":{"uv":[0,7.125,2,7.375],"texture":"#0"},"south":{"uv":[0,7.125,2,7.375],"texture":"#0"},"up":{"uv":[2,7.375,0,7.125],"texture":"#0"},"down":{"uv":[2,7.125,0,7.375],"texture":"#0"}}},{"from":[0,11,26],"to":[16,13,28],"faces":{"north":{"uv":[0,7.125,2,7.375],"texture":"#0"},"south":{"uv":[0,7.125,2,7.375],"texture":"#0"},"up":{"uv":[2,7.375,0,7.125],"texture":"#0"},"down":{"uv":[2,7.125,0,7.375],"texture":"#0"}}},{"from":[0,6,26],"to":[16,8,28],"faces":{"north":{"uv":[0,7.125,2,7.375],"texture":"#0"},"south":{"uv":[0,7.125,2,7.375],"texture":"#0"},"up":{"uv":[2,7.375,0,7.125],"texture":"#0"},"down":{"uv":[2,7.125,0,7.375],"texture":"#0"}}},{"from":[0,13,27.25],"to":[16,20,27.25],"faces":{"north":{"uv":[2,5.625,0,6.5],"texture":"#0"},"south":{"uv":[0,5.625,2,6.5],"texture":"#0"}}},{"from":[2,12,19],"to":[14,14,25],"rotation":{"angle":0,"axis":"y","origin":[8,13,22]},"faces":{"north":{"uv":[2.25,5.875,3.75,6.125],"texture":"#0"},"east":{"uv":[2.25,6.125,3,6.375],"texture":"#0"},"south":{"uv":[2.25,5.875,3.75,6.125],"texture":"#0"},"west":{"uv":[2.25,6.125,3,6.375],"texture":"#0"},"up":{"uv":[3.75,5.875,2.25,5.125],"texture":"#0"}}}],"gui_light":"front","display":{"thirdperson_righthand":{"scale":[0.22,0.22,0.22]},"thirdperson_lefthand":{"scale":[0.22,0.22,0.22]},"firstperson_righthand":{"scale":[0.22,0.22,0.22]},"firstperson_lefthand":{"scale":[0.22,0.22,0.22]},"ground":{"translation":[0,1,0],"scale":[0.31,0.31,0.31]},"gui":{"rotation":[31,141,1],"translation":[0.5,-0.5,0],"scale":[0.3,0.3,0.3]},"head":{"rotation":[0,-180,0],"translation":[0,-31,-1.25],"scale":[1.45,1.45,1.45]},"fixed":{"rotation":[-90,0,0],"translation":[0,0,-3.25],"scale":[0.43,0.43,0.43]}}}