{"credit":"MadewithBlockbench","texture_size":[64,64],"textures":{"0":"elitecreatures:hospital_furniture_v1/hospital_curtain_2","particle":"elitecreatures:hospital_furniture_v1/hospital_curtain_2"},"elements":[{"from":[0,3,8],"to":[12,28,8],"faces":{"north":{"uv":[0,0,3,6.25],"texture":"#0"},"east":{"uv":[0,0,0,6.25],"texture":"#0"},"south":{"uv":[3,0,0,6.25],"texture":"#0"},"west":{"uv":[0,0,0,6.25],"texture":"#0"},"up":{"uv":[3,0,0,0],"texture":"#0"},"down":{"uv":[3,0,0,0],"texture":"#0"}}},{"from":[12,-1,7],"to":[14,31,9],"faces":{"north":{"uv":[3,0,3.5,8],"texture":"#0"},"east":{"uv":[3,0,3.5,8],"texture":"#0"},"south":{"uv":[3,0,3.5,8],"texture":"#0"},"west":{"uv":[3,0,3.5,8],"texture":"#0"},"up":{"uv":[4.75,0.5,4.25,0],"texture":"#0"},"down":{"uv":[4.75,0,4.25,0.5],"texture":"#0"}}},{"from":[0,29,7],"to":[12,31,9],"faces":{"north":{"uv":[4.75,0,7.75,0.5],"texture":"#0"},"east":{"uv":[4.25,0.5,4.75,1],"texture":"#0"},"south":{"uv":[7.75,0,4.75,0.5],"texture":"#0"},"west":{"uv":[4.25,0.5,4.75,1],"texture":"#0"},"up":{"uv":[7.75,0,4.75,0.5],"texture":"#0"},"down":{"uv":[4.75,0,7.75,0.5],"texture":"#0"}}},{"from":[11.5,-2,3.5],"to":[14.5,-1,12.5],"faces":{"north":{"uv":[4.75,0.75,5.5,1],"texture":"#0"},"east":{"uv":[4.75,0.5,7,0.75],"texture":"#0"},"south":{"uv":[4.75,0.75,5.5,1],"texture":"#0"},"west":{"uv":[4.75,0.5,7,0.75],"texture":"#0"},"up":{"uv":[4.75,3.25,4,1],"texture":"#0"},"down":{"uv":[4.75,1,4,3.25],"texture":"#0"}}},{"from":[12,-4,4.5],"to":[14,-2,5.5],"faces":{"north":{"uv":[3.5,1.25,4,1.75],"texture":"#0"},"east":{"uv":[3.5,1.75,3.75,2.25],"texture":"#0"},"south":{"uv":[3.5,1.25,4,1.75],"texture":"#0"},"west":{"uv":[3.75,1.75,3.5,2.25],"texture":"#0"},"up":{"uv":[4,1.25,3.5,1],"texture":"#0"},"down":{"uv":[4,1,3.5,1.25],"texture":"#0"}}},{"from":[12,-4,10.5],"to":[14,-2,11.5],"faces":{"north":{"uv":[3.5,1.25,4,1.75],"texture":"#0"},"east":{"uv":[3.5,1.75,3.75,2.25],"texture":"#0"},"south":{"uv":[3.5,1.25,4,1.75],"texture":"#0"},"west":{"uv":[3.75,1.75,3.5,2.25],"texture":"#0"},"up":{"uv":[4,1.25,3.5,1],"texture":"#0"},"down":{"uv":[4,1,3.5,1.25],"texture":"#0"}}},{"from":[0,0,7],"to":[12,2,9],"faces":{"north":{"uv":[4.75,0,7.75,0.5],"texture":"#0"},"east":{"uv":[4.25,0.5,4.75,1],"texture":"#0"},"south":{"uv":[4.75,0,7.75,0.5],"texture":"#0"},"west":{"uv":[4.25,0.5,4.75,1],"texture":"#0"},"up":{"uv":[4.75,0,7.75,0.5],"texture":"#0"},"down":{"uv":[4.75,0,7.75,0.5],"texture":"#0"}}},{"from":[-12,3,8],"to":[0,28,8],"rotation":{"angle":0,"axis":"y","origin":[16,0,0]},"faces":{"north":{"uv":[0,0,3,6.25],"texture":"#0"},"east":{"uv":[0,0,0,6.25],"texture":"#0"},"south":{"uv":[3,0,0,6.25],"texture":"#0"},"west":{"uv":[0,0,0,6.25],"texture":"#0"},"up":{"uv":[0,0,3,0],"texture":"#0"},"down":{"uv":[0,0,3,0],"texture":"#0"}}},{"from":[-14,-1,7],"to":[-12,31,9],"rotation":{"angle":0,"axis":"y","origin":[16,0,0]},"faces":{"north":{"uv":[3.5,0,3,8],"texture":"#0"},"east":{"uv":[3.5,0,3,8],"texture":"#0"},"south":{"uv":[3.5,0,3,8],"texture":"#0"},"west":{"uv":[3.5,0,3,8],"texture":"#0"},"up":{"uv":[4.25,0.5,4.75,0],"texture":"#0"},"down":{"uv":[4.25,0,4.75,0.5],"texture":"#0"}}},{"from":[-12,29,7],"to":[0,31,9],"rotation":{"angle":0,"axis":"y","origin":[16,0,0]},"faces":{"north":{"uv":[7.75,0,4.75,0.5],"texture":"#0"},"east":{"uv":[4.75,0.5,4.25,1],"texture":"#0"},"south":{"uv":[4.75,0,7.75,0.5],"texture":"#0"},"west":{"uv":[4.75,0.5,4.25,1],"texture":"#0"},"up":{"uv":[4.75,0,7.75,0.5],"texture":"#0"},"down":{"uv":[7.75,0,4.75,0.5],"texture":"#0"}}},{"from":[-14.5,-2,3.5],"to":[-11.5,-1,12.5],"rotation":{"angle":0,"axis":"y","origin":[16,0,0]},"faces":{"north":{"uv":[5.5,0.75,4.75,1],"texture":"#0"},"east":{"uv":[7,0.5,4.75,0.75],"texture":"#0"},"south":{"uv":[5.5,0.75,4.75,1],"texture":"#0"},"west":{"uv":[7,0.5,4.75,0.75],"texture":"#0"},"up":{"uv":[4,3.25,4.75,1],"texture":"#0"},"down":{"uv":[4,1,4.75,3.25],"texture":"#0"}}},{"from":[-14,-4,4.5],"to":[-12,-2,5.5],"rotation":{"angle":0,"axis":"y","origin":[16,0,0]},"faces":{"north":{"uv":[4,1.25,3.5,1.75],"texture":"#0"},"east":{"uv":[3.5,1.75,3.75,2.25],"texture":"#0"},"south":{"uv":[4,1.25,3.5,1.75],"texture":"#0"},"west":{"uv":[3.75,1.75,3.5,2.25],"texture":"#0"},"up":{"uv":[3.5,1.25,4,1],"texture":"#0"},"down":{"uv":[3.5,1,4,1.25],"texture":"#0"}}},{"from":[-14,-4,10.5],"to":[-12,-2,11.5],"rotation":{"angle":0,"axis":"y","origin":[16,0,0]},"faces":{"north":{"uv":[4,1.25,3.5,1.75],"texture":"#0"},"east":{"uv":[3.5,1.75,3.75,2.25],"texture":"#0"},"south":{"uv":[4,1.25,3.5,1.75],"texture":"#0"},"west":{"uv":[3.75,1.75,3.5,2.25],"texture":"#0"},"up":{"uv":[3.5,1.25,4,1],"texture":"#0"},"down":{"uv":[3.5,1,4,1.25],"texture":"#0"}}},{"from":[-12,0,7],"to":[0,2,9],"rotation":{"angle":0,"axis":"y","origin":[16,0,0]},"faces":{"north":{"uv":[7.75,0,4.75,0.5],"texture":"#0"},"east":{"uv":[4.75,0.5,4.25,1],"texture":"#0"},"south":{"uv":[7.75,0,4.75,0.5],"texture":"#0"},"west":{"uv":[4.75,0.5,4.25,1],"texture":"#0"},"up":{"uv":[7.75,0,4.75,0.5],"texture":"#0"},"down":{"uv":[7.75,0,4.75,0.5],"texture":"#0"}}}],"gui_light":"front","display":{"thirdperson_righthand":{"rotation":[24,137,0],"translation":[0,-1.5,0],"scale":[0.26,0.26,0.26]},"thirdperson_lefthand":{"rotation":[24,137,0],"translation":[0,-1.5,0],"scale":[0.26,0.26,0.26]},"firstperson_righthand":{"rotation":[24,137,0],"translation":[0,-1.5,0],"scale":[0.26,0.26,0.26]},"firstperson_lefthand":{"rotation":[24,137,0],"translation":[0,-1.5,0],"scale":[0.26,0.26,0.26]},"ground":{"translation":[5,1.5,-0.25],"scale":[0.55,0.55,0.55]},"gui":{"rotation":[19,-46,0],"translation":[2,-2.25,0],"scale":[0.32,0.32,0.32]},"head":{"translation":[0,-19.25,0],"scale":[1.8291,2,2]},"fixed":{"translation":[4.5,-3.25,-0.75],"scale":[0.55,0.55,0.55]}}}