{"credit":"MadewithBlockbench","texture_size":[32,32],"textures":{"0":"elitecreatures:hospital_furniture_v1/hospital_sitfix","particle":"elitecreatures:hospital_furniture_v1/hospital_sitfix"},"elements":[{"from":[0,0,0],"to":[16,1,16],"faces":{"north":{"uv":[8,0,16,0.5],"texture":"#0"},"east":{"uv":[8,0.5,16,1],"texture":"#0"},"south":{"uv":[8,1,16,1.5],"texture":"#0"},"west":{"uv":[8,1.5,16,2],"texture":"#0"},"up":{"uv":[8,8,0,0],"texture":"#0"},"down":{"uv":[8,8,0,16],"texture":"#0"}}}],"gui_light":"front","display":{"thirdperson_righthand":{"translation":[-0.75,3.25,1.25],"scale":[0.35,0.35,0.35]},"thirdperson_lefthand":{"translation":[-0.75,3.25,1.25],"scale":[0.35,0.35,0.35]},"firstperson_righthand":{"rotation":[0,89,0],"translation":[-0.75,4.25,1.25],"scale":[0.39,0.39,0.39]},"firstperson_lefthand":{"rotation":[0,89,0],"translation":[-0.75,4.25,1.25],"scale":[0.39,0.39,0.39]},"ground":{"translation":[0,3,0],"scale":[0.58,0.58,0.58]},"gui":{"rotation":[35,145,0],"translation":[0,3.75,0],"scale":[0.68,0.68,0.68]},"head":{"rotation":[0,-180,0],"translation":[0,-30.25,0],"scale":[0,0,0]},"fixed":{"translation":[0,-1.5,-7.25],"scale":[0.68,0.68,0.68]}}}