{"credit":"MadewithBlockbench","texture_size":[64,64],"textures":{"0":"elitecreatures:hospital_furniture_v1/hospital_stand","particle":"elitecreatures:hospital_furniture_v1/hospital_stand"},"elements":[{"from":[0,2.5,7],"to":[16,3.5,9],"rotation":{"angle":0,"axis":"y","origin":[8,3,8]},"faces":{"north":{"uv":[1.25,1.5,5.25,1.25],"texture":"#0"},"east":{"uv":[0.75,0.25,1.25,0.5],"texture":"#0"},"south":{"uv":[1.25,1.5,5.25,1.25],"texture":"#0"},"west":{"uv":[0.75,0.25,1.25,0.5],"texture":"#0"},"up":{"uv":[5.25,1.25,1.25,0.75],"texture":"#0"},"down":{"uv":[5.25,0.75,1.25,1.25],"texture":"#0"}}},{"from":[13.5,0,7.5],"to":[15.5,2,8.5],"rotation":{"angle":0,"axis":"y","origin":[8,3,8]},"faces":{"north":{"uv":[0.75,0.5,1.25,1],"texture":"#0"},"east":{"uv":[0.75,1.25,1,1.75],"texture":"#0"},"south":{"uv":[1.25,0.5,0.75,1],"texture":"#0"},"west":{"uv":[0.75,1.25,1,1.75],"texture":"#0"},"up":{"uv":[1.25,1.25,0.75,1],"texture":"#0"},"down":{"uv":[1.25,1,0.75,1.25],"texture":"#0"}}},{"from":[0.5,0,7.5],"to":[2.5,2,8.5],"rotation":{"angle":0,"axis":"y","origin":[8,3,8]},"faces":{"north":{"uv":[0.75,0.5,1.25,1],"texture":"#0"},"east":{"uv":[0.75,1.25,1,1.75],"texture":"#0"},"south":{"uv":[1.25,0.5,0.75,1],"texture":"#0"},"west":{"uv":[0.75,1.25,1,1.75],"texture":"#0"},"up":{"uv":[1.25,1.25,0.75,1],"texture":"#0"},"down":{"uv":[1.25,1,0.75,1.25],"texture":"#0"}}},{"from":[0,1.5,8],"to":[16,2.5,8],"rotation":{"angle":0,"axis":"y","origin":[8,3,8]},"faces":{"north":{"uv":[1.25,1.5,5.25,1.75],"texture":"#0"},"south":{"uv":[5.25,1.5,1.25,1.75],"texture":"#0"}}},{"from":[8,1.5,0],"to":[8,2.5,16],"rotation":{"angle":0,"axis":"y","origin":[8,3,8]},"faces":{"east":{"uv":[1.25,1.5,5.25,1.75],"texture":"#0"},"west":{"uv":[5.25,1.5,1.25,1.75],"texture":"#0"}}},{"from":[7,2.5,0],"to":[9,3.5,16],"rotation":{"angle":0,"axis":"y","origin":[8,3,8]},"faces":{"north":{"uv":[0.75,0.25,1.25,0.5],"texture":"#0"},"east":{"uv":[1.25,1.5,5.25,1.25],"texture":"#0"},"south":{"uv":[0.75,0.25,1.25,0.5],"texture":"#0"},"west":{"uv":[1.25,1.5,5.25,1.25],"texture":"#0"},"up":{"uv":[5.25,1.25,1.25,0.75],"rotation":90,"texture":"#0"},"down":{"uv":[5.25,0.75,1.25,1.25],"rotation":270,"texture":"#0"}}},{"from":[7.5,0,13.5],"to":[8.5,2,15.5],"rotation":{"angle":0,"axis":"y","origin":[8,3,8]},"faces":{"north":{"uv":[0.75,1.25,1,1.75],"texture":"#0"},"east":{"uv":[0.75,0.5,1.25,1],"texture":"#0"},"south":{"uv":[0.75,1.25,1,1.75],"texture":"#0"},"west":{"uv":[1.25,0.5,0.75,1],"texture":"#0"},"up":{"uv":[1.25,1.25,0.75,1],"rotation":90,"texture":"#0"},"down":{"uv":[1.25,1,0.75,1.25],"rotation":270,"texture":"#0"}}},{"from":[7.5,0,0.5],"to":[8.5,2,2.5],"rotation":{"angle":0,"axis":"y","origin":[8,3,8]},"faces":{"north":{"uv":[0.75,1.25,1,1.75],"texture":"#0"},"east":{"uv":[0.75,0.5,1.25,1],"texture":"#0"},"south":{"uv":[1,1.25,0.75,1.75],"texture":"#0"},"west":{"uv":[1.25,0.5,0.75,1],"texture":"#0"},"up":{"uv":[1.25,1.25,0.75,1],"rotation":90,"texture":"#0"},"down":{"uv":[1.25,1,0.75,1.25],"rotation":270,"texture":"#0"}}},{"from":[7,3,7.5],"to":[9,29,8.5],"rotation":{"angle":0,"axis":"y","origin":[8,3,8]},"faces":{"north":{"uv":[0,0,0.5,6.5],"texture":"#0"},"east":{"uv":[0.5,0,0.75,6.5],"texture":"#0"},"south":{"uv":[0,0,0.5,6.5],"texture":"#0"},"west":{"uv":[0.5,0,0.75,6.5],"texture":"#0"},"up":{"uv":[1.25,0.25,0.75,0],"texture":"#0"},"down":{"uv":[1.25,0,0.75,0.25],"texture":"#0"}}},{"from":[6,14,6],"to":[10,19,8],"rotation":{"angle":0,"axis":"y","origin":[8,3,8]},"faces":{"north":{"uv":[2.25,1.75,3.25,3],"texture":"#0"},"east":{"uv":[0.75,1.75,1.25,3],"texture":"#0"},"south":{"uv":[1.25,1.75,2.25,3],"texture":"#0"},"west":{"uv":[1.25,1.75,0.75,3],"texture":"#0"},"up":{"uv":[1.75,3.5,0.75,3],"texture":"#0"},"down":{"uv":[1.75,3,0.75,3.5],"texture":"#0"}}},{"from":[0,24,8],"to":[16,27,8],"rotation":{"angle":0,"axis":"y","origin":[8,3,8]},"faces":{"north":{"uv":[1.25,0,5.25,0.75],"texture":"#0"},"east":{"uv":[0,0,0,0.75],"texture":"#0"},"south":{"uv":[5.25,0,1.25,0.75],"texture":"#0"},"west":{"uv":[0,0,0,0.75],"texture":"#0"},"up":{"uv":[4,0,0,0],"texture":"#0"},"down":{"uv":[4,0,0,0],"texture":"#0"}}},{"from":[8,24,0],"to":[8,27,16],"rotation":{"angle":0,"axis":"y","origin":[8,3,8]},"faces":{"north":{"uv":[0,0,0,0.75],"texture":"#0"},"east":{"uv":[1.25,0,5.25,0.75],"texture":"#0"},"south":{"uv":[0,0,0,0.75],"texture":"#0"},"west":{"uv":[5.25,0,1.25,0.75],"texture":"#0"},"up":{"uv":[4,0,0,0],"rotation":90,"texture":"#0"},"down":{"uv":[4,0,0,0],"rotation":270,"texture":"#0"}}},{"from":[1,18.75,7.9],"to":[5,24.75,7.9],"rotation":{"angle":0,"axis":"y","origin":[8,3,8]},"faces":{"north":{"uv":[3.25,1.75,4.25,3.25],"texture":"#0"},"east":{"uv":[0,0,0,1.5],"texture":"#0"},"south":{"uv":[4.25,1.75,3.25,3.25],"texture":"#0"},"west":{"uv":[0,0,0,1.5],"texture":"#0"},"up":{"uv":[1,0,0,0],"texture":"#0"},"down":{"uv":[1,0,0,0],"texture":"#0"}}}],"gui_light":"front","display":{"thirdperson_righthand":{"translation":[0.25,-2,1.25],"scale":[0.53,0.53,0.53]},"thirdperson_lefthand":{"translation":[0.25,-2,1.25],"scale":[0.53,0.53,0.53]},"firstperson_righthand":{"translation":[-0.75,1.75,1.25],"scale":[0.39,0.39,0.39]},"firstperson_lefthand":{"translation":[-0.75,1.75,1.25],"scale":[0.39,0.39,0.39]},"ground":{"translation":[0,-0.75,0],"scale":[0.61,0.61,0.61]},"gui":{"rotation":[39,43,0],"translation":[0.25,-1.75,0],"scale":[0.42,0.42,0.42]},"head":{"rotation":[0,-180,0],"translation":[0,-30.25,0],"scale":[1.6,1.6,1.6]},"fixed":{"translation":[0,-3.75,-1.5],"scale":[0.6,0.6,0.6]}}}