{"credit":"MadewithBlockbench","texture_size":[64,64],"textures":{"0":"elitecreatures:hospital_furniture_v1/hospital_trash","particle":"elitecreatures:hospital_furniture_v1/hospital_trash"},"elements":[{"from":[3,0,3],"to":[13,12,13],"faces":{"north":{"uv":[5.5,0,8,3],"texture":"#0"},"east":{"uv":[3,0,5.5,3],"texture":"#0"},"south":{"uv":[3,0,5.5,3],"texture":"#0"},"west":{"uv":[3,0,5.5,3],"texture":"#0"},"down":{"uv":[5.5,3.5,3,6],"texture":"#0"}}},{"from":[2,12,2],"to":[14,14,14],"faces":{"north":{"uv":[3,3,6,3.5],"texture":"#0"},"east":{"uv":[3,3,6,3.5],"texture":"#0"},"south":{"uv":[3,3,6,3.5],"texture":"#0"},"west":{"uv":[3,3,6,3.5],"texture":"#0"},"up":{"uv":[3,3,0,0],"texture":"#0"},"down":{"uv":[3,3,0,6],"texture":"#0"}}}],"gui_light":"front","display":{"gui":{"rotation":[37,135,0],"translation":[0.25,0.25,0],"scale":[0.54,0.54,0.54]},"head":{"rotation":[0,-180,0],"translation":[0,-30.25,0],"scale":[1.6,1.6,1.6]}}}