{"credit":"MadewithBlockbench","texture_size":[64,64],"textures":{"0":"elitecreatures:hospital_furniture_v1/hospital_sofa_single_brown","particle":"elitecreatures:hospital_furniture_v1/hospital_sofa_single_brown"},"elements":[{"from":[0,0,0],"to":[16,8,16],"faces":{"north":{"uv":[4,5.5,8,7.5],"texture":"#0"},"east":{"uv":[4,7.5,8,9.5],"texture":"#0"},"south":{"uv":[0,8,4,10],"texture":"#0"},"west":{"uv":[8,0,12,2],"texture":"#0"},"up":{"uv":[4,4,0,0],"texture":"#0"},"down":{"uv":[4,4,0,8],"texture":"#0"}}},{"from":[0,8,10.5],"to":[16,19,15.5],"faces":{"north":{"uv":[4,0,8,2.75],"texture":"#0"},"east":{"uv":[8,4.5,9.25,7.25],"texture":"#0"},"south":{"uv":[4,2.75,8,5.5],"texture":"#0"},"west":{"uv":[8,7.25,9.25,10],"texture":"#0"},"up":{"uv":[12,3.25,8,2],"texture":"#0"},"down":{"uv":[12,3.25,8,4.5],"texture":"#0"}}}],"gui_light":"front","display":{"thirdperson_righthand":{"translation":[0,1,0],"scale":[0.28,0.28,0.28]},"thirdperson_lefthand":{"translation":[0,1,0],"scale":[0.28,0.28,0.28]},"firstperson_righthand":{"translation":[0,1,0],"scale":[0.28,0.28,0.28]},"firstperson_lefthand":{"translation":[0,1,0],"scale":[0.28,0.28,0.28]},"ground":{"scale":[0.52,0.52,0.52]},"gui":{"rotation":[34,139,0],"translation":[-0.25,-0.5,0],"scale":[0.39,0.39,0.39]},"head":{"rotation":[0,-180,0],"translation":[0,-30.25,0],"scale":[1.6,1.6,1.6]},"fixed":{"translation":[0,-0.75,-5.25],"scale":[0.75,0.75,0.75]}}}