{"credit":"MadewithBlockbench","texture_size":[64,64],"textures":{"0":"elitecreatures:hospital_furniture_v1/hospital_shelf_with_handle","particle":"elitecreatures:hospital_furniture_v1/hospital_shelf_with_handle"},"elements":[{"from":[-1,7,2],"to":[17,8,14],"faces":{"north":{"uv":[1,4.75,5.5,5],"texture":"#0"},"east":{"uv":[1,3.5,4,3.75],"texture":"#0"},"south":{"uv":[1,4.75,5.5,5],"texture":"#0"},"west":{"uv":[1,3.5,4,3.75],"texture":"#0"},"up":{"uv":[9,3,4.5,0],"texture":"#0"},"down":{"uv":[9,0,4.5,3],"texture":"#0"}}},{"from":[-1,13,1],"to":[17,14,15],"faces":{"north":{"uv":[1,5,5.5,5.25],"texture":"#0"},"east":{"uv":[1,3.75,4.5,4],"texture":"#0"},"south":{"uv":[1,5,5.5,5.25],"texture":"#0"},"west":{"uv":[1,3.75,4.5,4],"texture":"#0"},"up":{"uv":[4.5,3.5,0,0],"texture":"#0"},"down":{"uv":[4.5,0,0,3.5],"texture":"#0"}}},{"from":[16,13,2],"to":[20,14,3],"rotation":{"angle":22.5,"axis":"z","origin":[16,13.5,8]},"faces":{"north":{"uv":[5,4,6,4.25],"texture":"#0"},"east":{"uv":[6,4,6.25,4.25],"texture":"#0"},"south":{"uv":[6,4,5,4.25],"texture":"#0"},"west":{"uv":[6,4,6.25,4.25],"texture":"#0"},"up":{"uv":[6,4.25,5,4],"texture":"#0"},"down":{"uv":[6,4,5,4.25],"texture":"#0"}}},{"from":[16,13,13],"to":[20,14,14],"rotation":{"angle":22.5,"axis":"z","origin":[16,13.5,8]},"faces":{"north":{"uv":[5,4,6,4.25],"texture":"#0"},"east":{"uv":[6.25,4,6,4.25],"texture":"#0"},"south":{"uv":[6,4,5,4.25],"texture":"#0"},"west":{"uv":[6.25,4,6,4.25],"texture":"#0"},"up":{"uv":[6,4,5,4.25],"texture":"#0"},"down":{"uv":[6,4.25,5,4],"texture":"#0"}}},{"from":[-4,13,13],"to":[0,14,14],"rotation":{"angle":-22.5,"axis":"z","origin":[0,13.5,8]},"faces":{"north":{"uv":[6,4,5,4.25],"texture":"#0"},"east":{"uv":[6,4,6.25,4.25],"texture":"#0"},"south":{"uv":[5,4,6,4.25],"texture":"#0"},"west":{"uv":[6,4,6.25,4.25],"texture":"#0"},"up":{"uv":[5,4,6,4.25],"texture":"#0"},"down":{"uv":[5,4.25,6,4],"texture":"#0"}}},{"from":[-4,13,2],"to":[0,14,3],"rotation":{"angle":-22.5,"axis":"z","origin":[0,13.5,8]},"faces":{"north":{"uv":[6,4,5,4.25],"texture":"#0"},"east":{"uv":[6.25,4,6,4.25],"texture":"#0"},"south":{"uv":[5,4,6,4.25],"texture":"#0"},"west":{"uv":[6.25,4,6,4.25],"texture":"#0"},"up":{"uv":[5,4.25,6,4],"texture":"#0"},"down":{"uv":[5,4,6,4.25],"texture":"#0"}}},{"from":[-4.5,12.5,1.5],"to":[-2.5,14.5,14.5],"rotation":{"angle":-22.5,"axis":"z","origin":[0,13.5,8]},"faces":{"north":{"uv":[5.75,4.25,5.25,4.75],"texture":"#0"},"east":{"uv":[0.5,3.5,0,6.75],"rotation":90,"texture":"#0"},"south":{"uv":[5.75,4.25,5.25,4.75],"texture":"#0"},"west":{"uv":[0,3.5,0.5,6.75],"rotation":90,"texture":"#0"},"up":{"uv":[0,6.75,0.5,3.5],"texture":"#0"},"down":{"uv":[0.5,6.75,0,3.5],"texture":"#0"}}},{"from":[18.5,12.5,1.5],"to":[20.5,14.5,14.5],"rotation":{"angle":22.5,"axis":"z","origin":[16,13.5,8]},"faces":{"north":{"uv":[5.25,4.25,5.75,4.75],"texture":"#0"},"east":{"uv":[0,6.75,0.5,3.5],"rotation":90,"texture":"#0"},"south":{"uv":[5.25,4.25,5.75,4.75],"texture":"#0"},"west":{"uv":[0.5,6.75,0,3.5],"rotation":90,"texture":"#0"},"up":{"uv":[0.5,6.75,0,3.5],"texture":"#0"},"down":{"uv":[0,6.75,0.5,3.5],"texture":"#0"}}},{"from":[16,3,1],"to":[17,13,2],"faces":{"north":{"uv":[6.75,4,7,6.5],"texture":"#0"},"east":{"uv":[6.75,4,7,6.5],"texture":"#0"},"south":{"uv":[7,4,6.75,6.5],"texture":"#0"},"west":{"uv":[6.75,4,7,6.5],"texture":"#0"}}},{"from":[15.5,0,1],"to":[17.5,2,2],"faces":{"north":{"uv":[4.75,4.25,5.25,4.75],"texture":"#0"},"east":{"uv":[4.5,4.25,4.75,4.75],"texture":"#0"},"south":{"uv":[4.75,4.25,5.25,4.75],"texture":"#0"},"west":{"uv":[4.75,4.25,4.5,4.75],"texture":"#0"},"up":{"uv":[5,4.25,4.5,4],"texture":"#0"},"down":{"uv":[5,4,4.5,4.25],"texture":"#0"}}},{"from":[15.5,2,0.5],"to":[17.5,3,2.5],"faces":{"north":{"uv":[6.25,4.5,6.75,4.75],"texture":"#0"},"east":{"uv":[6.25,4.5,6.75,4.75],"texture":"#0"},"south":{"uv":[6.25,4.5,6.75,4.75],"texture":"#0"},"west":{"uv":[6.25,4.5,6.75,4.75],"texture":"#0"},"up":{"uv":[6.75,4.5,6.25,4],"texture":"#0"},"down":{"uv":[6.75,4,6.25,4.5],"texture":"#0"}}},{"from":[16,3,14],"to":[17,13,15],"rotation":{"angle":0,"axis":"y","origin":[0,0,16]},"faces":{"north":{"uv":[6.75,4,7,6.5],"texture":"#0"},"east":{"uv":[7,4,6.75,6.5],"texture":"#0"},"south":{"uv":[7,4,6.75,6.5],"texture":"#0"},"west":{"uv":[7,4,6.75,6.5],"texture":"#0"}}},{"from":[15.5,2,13.5],"to":[17.5,3,15.5],"rotation":{"angle":0,"axis":"y","origin":[0,0,16]},"faces":{"north":{"uv":[6.75,4.5,6.25,4.75],"texture":"#0"},"east":{"uv":[6.75,4.5,6.25,4.75],"texture":"#0"},"south":{"uv":[6.75,4.5,6.25,4.75],"texture":"#0"},"west":{"uv":[6.75,4.5,6.25,4.75],"texture":"#0"},"up":{"uv":[6.75,4,6.25,4.5],"texture":"#0"},"down":{"uv":[6.75,4.5,6.25,4],"texture":"#0"}}},{"from":[15.5,0,14],"to":[17.5,2,15],"rotation":{"angle":0,"axis":"y","origin":[0,0,16]},"faces":{"north":{"uv":[5.25,4.25,4.75,4.75],"texture":"#0"},"east":{"uv":[4.75,4.25,4.5,4.75],"texture":"#0"},"south":{"uv":[5.25,4.25,4.75,4.75],"texture":"#0"},"west":{"uv":[4.5,4.25,4.75,4.75],"texture":"#0"},"up":{"uv":[5,4,4.5,4.25],"texture":"#0"},"down":{"uv":[5,4.25,4.5,4],"texture":"#0"}}},{"from":[-1,3,14],"to":[0,13,15],"rotation":{"angle":0,"axis":"y","origin":[16,0,16]},"faces":{"north":{"uv":[7,4,6.75,6.5],"texture":"#0"},"east":{"uv":[6.75,4,7,6.5],"texture":"#0"},"south":{"uv":[6.75,4,7,6.5],"texture":"#0"},"west":{"uv":[6.75,4,7,6.5],"texture":"#0"}}},{"from":[-1.5,2,13.5],"to":[0.5,3,15.5],"rotation":{"angle":0,"axis":"y","origin":[16,0,16]},"faces":{"north":{"uv":[6.25,4.5,6.75,4.75],"texture":"#0"},"east":{"uv":[6.25,4.5,6.75,4.75],"texture":"#0"},"south":{"uv":[6.25,4.5,6.75,4.75],"texture":"#0"},"west":{"uv":[6.25,4.5,6.75,4.75],"texture":"#0"},"up":{"uv":[6.25,4,6.75,4.5],"texture":"#0"},"down":{"uv":[6.25,4.5,6.75,4],"texture":"#0"}}},{"from":[-1.5,0,14],"to":[0.5,2,15],"rotation":{"angle":0,"axis":"y","origin":[16,0,16]},"faces":{"north":{"uv":[4.75,4.25,5.25,4.75],"texture":"#0"},"east":{"uv":[4.75,4.25,4.5,4.75],"texture":"#0"},"south":{"uv":[4.75,4.25,5.25,4.75],"texture":"#0"},"west":{"uv":[4.5,4.25,4.75,4.75],"texture":"#0"},"up":{"uv":[4.5,4,5,4.25],"texture":"#0"},"down":{"uv":[4.5,4.25,5,4],"texture":"#0"}}},{"from":[-1,3,1],"to":[0,13,2],"rotation":{"angle":0,"axis":"y","origin":[16,0,0]},"faces":{"north":{"uv":[7,4,6.75,6.5],"texture":"#0"},"east":{"uv":[7,4,6.75,6.5],"texture":"#0"},"south":{"uv":[6.75,4,7,6.5],"texture":"#0"},"west":{"uv":[7,4,6.75,6.5],"texture":"#0"}}},{"from":[-1.5,2,0.5],"to":[0.5,3,2.5],"rotation":{"angle":0,"axis":"y","origin":[16,0,0]},"faces":{"north":{"uv":[6.75,4.5,6.25,4.75],"texture":"#0"},"east":{"uv":[6.75,4.5,6.25,4.75],"texture":"#0"},"south":{"uv":[6.75,4.5,6.25,4.75],"texture":"#0"},"west":{"uv":[6.75,4.5,6.25,4.75],"texture":"#0"},"up":{"uv":[6.25,4.5,6.75,4],"texture":"#0"},"down":{"uv":[6.25,4,6.75,4.5],"texture":"#0"}}},{"from":[-1.5,0,1],"to":[0.5,2,2],"rotation":{"angle":0,"axis":"y","origin":[16,0,0]},"faces":{"north":{"uv":[5.25,4.25,4.75,4.75],"texture":"#0"},"east":{"uv":[4.5,4.25,4.75,4.75],"texture":"#0"},"south":{"uv":[5.25,4.25,4.75,4.75],"texture":"#0"},"west":{"uv":[4.75,4.25,4.5,4.75],"texture":"#0"},"up":{"uv":[4.5,4.25,5,4],"texture":"#0"},"down":{"uv":[4.5,4,5,4.25],"texture":"#0"}}}],"gui_light":"front","display":{"thirdperson_righthand":{"scale":[0.28,0.28,0.28]},"thirdperson_lefthand":{"scale":[0.28,0.28,0.28]},"firstperson_righthand":{"scale":[0.28,0.28,0.28]},"firstperson_lefthand":{"scale":[0.28,0.28,0.28]},"ground":{"translation":[0,3,0],"scale":[0.68,0.68,0.68]},"gui":{"rotation":[34,-43,0],"scale":[0.39,0.39,0.39]},"head":{"rotation":[0,-180,0],"translation":[0,-31,0],"scale":[1.5,1.5,1.5]},"fixed":{"scale":[0.68,0.68,0.68]}}}