{"credit":"MadewithBlockbench","texture_size":[64,64],"textures":{"0":"elitecreatures:hospital_furniture_v1/hospital_cupboard_6","particle":"elitecreatures:hospital_furniture_v1/hospital_cupboard_6"},"elements":[{"from":[0,0,0],"to":[16,32,16],"faces":{"north":{"uv":[12,0,16,8],"texture":"#0"},"east":{"uv":[4,0,8,8],"texture":"#0"},"south":{"uv":[4,0,8,8],"texture":"#0"},"west":{"uv":[8,0,4,8],"texture":"#0"},"up":{"uv":[8,12,4,8],"texture":"#0"},"down":{"uv":[8,8,4,12],"texture":"#0"}}}],"gui_light":"front","display":{"thirdperson_righthand":{"scale":[0.22,0.22,0.22]},"thirdperson_lefthand":{"scale":[0.22,0.22,0.22]},"firstperson_righthand":{"scale":[0.45,0.45,0.45]},"firstperson_lefthand":{"scale":[0.45,0.45,0.45]},"ground":{"translation":[0,2.25,0],"scale":[0.54,0.54,0.54]},"gui":{"rotation":[24,137,0],"translation":[0,-1.5,0],"scale":[0.26,0.26,0.26]},"head":{"rotation":[0,-180,0],"translation":[0,-31,0],"scale":[1.5,1.5,1.5]},"fixed":{"translation":[0,-5.75,0],"scale":[0.71,0.71,0.71]}}}