{
	"credit": "Made by Elo106",
	"texture_size": [64, 64],
	"textures": {
		"6": "backpack:item/vs_wings3_dragon",
		"particle": "backpack:item/vs_wings3_dragon"
	},
	"elements": [
		{
			"from": [4.58658, -3.7887, 11.00435],
			"to": [6.58658, -1.7887, 17.00435],
			"rotation": {"angle": -45, "axis": "x", "origin": [4.58658, -1.7887, 10.00435]},
			"faces": {
				"north": {"uv": [8.5, 1.75, 9, 2.25], "texture": "#6"},
				"east": {"uv": [7.5, 7.5, 9, 8], "texture": "#6"},
				"south": {"uv": [2.25, 8.5, 2.75, 9], "texture": "#6"},
				"west": {"uv": [8, 0, 9.5, 0.5], "texture": "#6"},
				"up": {"uv": [8.5, 2, 8, 0.5], "texture": "#6"},
				"down": {"uv": [8.5, 2, 8, 3.5], "texture": "#6"}
			}
		},
		{
			"from": [10.41342, -15.96927, 10.90916],
			"to": [10.41342, 1.03073, 21.90916],
			"rotation": {"angle": 22.5, "axis": "x", "origin": [11.41342, 2.03073, 14.90916]},
			"faces": {
				"north": {"uv": [0, 0, 0, 4.25], "texture": "#6"},
				"east": {"uv": [0, 0, 2.75, 4.25], "texture": "#6"},
				"south": {"uv": [0, 0, 0, 4.25], "texture": "#6"},
				"west": {"uv": [2.75, 0, 5.5, 4.25], "texture": "#6"},
				"up": {"uv": [0, 2.75, 0, 0], "texture": "#6"},
				"down": {"uv": [0, 0, 0, 2.75], "texture": "#6"}
			}
		},
		{
			"from": [9.41342, -11.96927, 19.90916],
			"to": [11.41342, 0.03073, 21.90916],
			"rotation": {"angle": 22.5, "axis": "x", "origin": [11.41342, 2.03073, 14.90916]},
			"faces": {
				"north": {"uv": [5.5, 0, 6, 3], "texture": "#6"},
				"east": {"uv": [5.5, 3, 6, 6], "texture": "#6"},
				"south": {"uv": [6, 0, 6.5, 3], "texture": "#6"},
				"west": {"uv": [6, 3, 6.5, 6], "texture": "#6"},
				"up": {"uv": [9, 2.75, 8.5, 2.25], "texture": "#6"},
				"down": {"uv": [3.25, 8.5, 2.75, 9], "texture": "#6"}
			}
		},
		{
			"from": [9.41242, -9.7897, 15.00335],
			"to": [11.41442, 0.2123, 17.00535],
			"rotation": {"angle": -45, "axis": "x", "origin": [11.41342, -1.7887, 10.00435]},
			"faces": {
				"north": {"uv": [6.5, 6, 7, 8.5], "texture": "#6"},
				"east": {"uv": [7, 0, 7.5, 2.5], "texture": "#6"},
				"south": {"uv": [7, 2.5, 7.5, 5], "texture": "#6"},
				"west": {"uv": [7, 5, 7.5, 7.5], "texture": "#6"},
				"up": {"uv": [9, 3.25, 8.5, 2.75], "texture": "#6"},
				"down": {"uv": [3.75, 8.5, 3.25, 9], "texture": "#6"}
			}
		},
		{
			"from": [9.41442, -1.499, 10.1204],
			"to": [11.41242, 0.499, 13.1184],
			"rotation": {"angle": 22.5, "axis": "x", "origin": [11.41342, 0.5, 10.1194]},
			"faces": {
				"north": {"uv": [3.75, 8.5, 4.25, 9], "texture": "#6"},
				"east": {"uv": [7.5, 8, 8.25, 8.5], "texture": "#6"},
				"south": {"uv": [4.25, 8.5, 4.75, 9], "texture": "#6"},
				"west": {"uv": [8.25, 8, 9, 8.5], "texture": "#6"},
				"up": {"uv": [0.5, 9.25, 0, 8.5], "texture": "#6"},
				"down": {"uv": [1, 8.5, 0.5, 9.25], "texture": "#6"}
			}
		},
		{
			"from": [9.41342, -3.7887, 11.00435],
			"to": [11.41342, -1.7887, 17.00435],
			"rotation": {"angle": -45, "axis": "x", "origin": [11.41342, -1.7887, 10.00435]},
			"faces": {
				"north": {"uv": [8.5, 4.5, 9, 5], "texture": "#6"},
				"east": {"uv": [8, 3.5, 9.5, 4], "texture": "#6"},
				"south": {"uv": [4.75, 8.5, 5.25, 9], "texture": "#6"},
				"west": {"uv": [8, 4, 9.5, 4.5], "texture": "#6"},
				"up": {"uv": [8.5, 6, 8, 4.5], "texture": "#6"},
				"down": {"uv": [8.5, 6, 8, 7.5], "texture": "#6"}
			}
		},
		{
			"from": [4.58558, -9.7897, 15.00335],
			"to": [6.58758, 0.2123, 17.00535],
			"rotation": {"angle": -45, "axis": "x", "origin": [4.58658, -1.7887, 10.00435]},
			"faces": {
				"north": {"uv": [7.5, 0, 8, 2.5], "texture": "#6"},
				"east": {"uv": [7.5, 2.5, 8, 5], "texture": "#6"},
				"south": {"uv": [7.5, 5, 8, 7.5], "texture": "#6"},
				"west": {"uv": [7, 7.5, 7.5, 10], "texture": "#6"},
				"up": {"uv": [9, 5.5, 8.5, 5], "texture": "#6"},
				"down": {"uv": [9, 5.5, 8.5, 6], "texture": "#6"}
			}
		},
		{
			"from": [4.58658, -11.96927, 19.90916],
			"to": [6.58658, 0.03073, 21.90916],
			"rotation": {"angle": 22.5, "axis": "x", "origin": [4.58658, 2.03073, 14.90916]},
			"faces": {
				"north": {"uv": [5.5, 6, 6, 9], "texture": "#6"},
				"east": {"uv": [6, 6, 6.5, 9], "texture": "#6"},
				"south": {"uv": [6.5, 0, 7, 3], "texture": "#6"},
				"west": {"uv": [6.5, 3, 7, 6], "texture": "#6"},
				"up": {"uv": [9, 6.5, 8.5, 6], "texture": "#6"},
				"down": {"uv": [7, 8.5, 6.5, 9], "texture": "#6"}
			}
		},
		{
			"from": [5.58658, -15.96927, 10.90916],
			"to": [5.58658, 1.03073, 21.90916],
			"rotation": {"angle": 22.5, "axis": "x", "origin": [4.58658, 2.03073, 14.90916]},
			"faces": {
				"north": {"uv": [0, 0, 0, 4.25], "texture": "#6"},
				"east": {"uv": [0, 4.25, 2.75, 8.5], "texture": "#6"},
				"south": {"uv": [0, 0, 0, 4.25], "texture": "#6"},
				"west": {"uv": [2.75, 4.25, 5.5, 8.5], "texture": "#6"},
				"up": {"uv": [0, 2.75, 0, 0], "texture": "#6"},
				"down": {"uv": [0, 0, 0, 2.75], "texture": "#6"}
			}
		},
		{
			"from": [4.58558, -1.501, 10.1184],
			"to": [6.58758, 0.501, 13.1204],
			"rotation": {"angle": 22.5, "axis": "x", "origin": [4.58658, 0.5, 10.1194]},
			"faces": {
				"north": {"uv": [8.5, 6.5, 9, 7], "texture": "#6"},
				"east": {"uv": [8.5, 0.5, 9.25, 1], "texture": "#6"},
				"south": {"uv": [8.5, 7, 9, 7.5], "texture": "#6"},
				"west": {"uv": [1, 8.5, 1.75, 9], "texture": "#6"},
				"up": {"uv": [9, 1.75, 8.5, 1], "texture": "#6"},
				"down": {"uv": [2.25, 8.5, 1.75, 9.25], "texture": "#6"}
			}
		}
	],
	"gui_light": "front",
	"display": {
		"thirdperson_righthand": {
			"rotation": [-120, 0, 180],
			"translation": [0, -1, 10.75]
		},
		"thirdperson_lefthand": {
			"rotation": [65.75, 0, 0],
			"translation": [-5.75, 2.5, 17.5],
			"scale": [1.1543, 1.1543, 1.1543]
		},
		"firstperson_righthand": {
			"rotation": [150, 57, -180],
			"translation": [0.75, 7.5, -4.5],
			"scale": [0.5, 0.5, 0.5]
		},
		"firstperson_lefthand": {
			"rotation": [150, 57, -180],
			"translation": [0.75, -80, -4.5],
			"scale": [0.5, 0.5, 0.5]
		},
		"ground": {
			"translation": [0, 6.5, -4.25],
			"scale": [0.5, 0.5, 0.5]
		},
		"gui": {
			"translation": [0, 6.25, 0],
			"scale": [0.53, 0.53, 0.53]
		},
		"head": {
			"translation": [0, -27, -0.75],
			"scale": [2, 2, 2]
		},
		"fixed": {
			"rotation": [-180, 0, 180],
			"translation": [0, 22, 6.75],
			"scale": [2, 2, 2]
		}
	},
	"groups": [
		{
			"name": "wing3",
			"origin": [12.04687, 1.02082, 15.34922],
			"color": 0,
			"children": [0, 1, 2, 3, 4, 5, 6, 7, 8, 9]
		}
	]
}