{"credit":"Made with Blockbench","texture_size":[32,32],"textures":{"0":"elitecreatures:office_decoration_v1/office_bin","particle":"elitecreatures:office_decoration_v1/office_bin"},"elements":[{"from":[4,0,4],"to":[12,1,12],"faces":{"north":{"uv":[1,5,5,5.5],"texture":"#0"},"east":{"uv":[1,5,5,5.5],"texture":"#0"},"south":{"uv":[1,5,5,5.5],"texture":"#0"},"west":{"uv":[1,5,5,5.5],"texture":"#0"},"up":{"uv":[4,4,0,0],"texture":"#0"},"down":{"uv":[4,0,0,4],"texture":"#0"}}},{"from":[4,1,4],"to":[12,9,4],"faces":{"north":{"uv":[4,0,8,4],"texture":"#0"},"south":{"uv":[8,0,4,4],"texture":"#0"}}},{"from":[11.999,1,4],"to":[11.999,9,12],"rotation":{"angle":0,"axis":"y","origin":[7.999,5,8]},"faces":{"east":{"uv":[4,0,8,4],"texture":"#0"},"west":{"uv":[8,0,4,4],"texture":"#0"}}},{"from":[4.001,1,4],"to":[4.001,9,12],"rotation":{"angle":0,"axis":"y","origin":[8.001,5,8]},"faces":{"east":{"uv":[4,0,8,4],"texture":"#0"},"west":{"uv":[8,0,4,4],"texture":"#0"}}},{"from":[4,1,12],"to":[12,9,12],"rotation":{"angle":0,"axis":"y","origin":[0,0,16]},"faces":{"north":{"uv":[4,0,8,4],"texture":"#0"},"south":{"uv":[8,0,4,4],"texture":"#0"}}},{"from":[5,9,3],"to":[11,11,5],"faces":{"north":{"uv":[1,5.5,4,6.5],"texture":"#0"},"south":{"uv":[1,5.5,4,6.5],"texture":"#0"},"up":{"uv":[4,7.5,1,6.5],"texture":"#0"},"down":{"uv":[4,5.5,1,6.5],"texture":"#0"}}},{"from":[5,9,11],"to":[11,11,13],"rotation":{"angle":0,"axis":"y","origin":[0,0,16]},"faces":{"north":{"uv":[4,5.5,1,6.5],"texture":"#0"},"south":{"uv":[4,5.5,1,6.5],"texture":"#0"},"up":{"uv":[4,6.5,1,7.5],"texture":"#0"},"down":{"uv":[4,6.5,1,5.5],"texture":"#0"}}},{"from":[11,9,3],"to":[13,11,13],"faces":{"north":{"uv":[6,4,7,5],"texture":"#0"},"east":{"uv":[1,4,6,5],"texture":"#0"},"south":{"uv":[6,4,7,5],"texture":"#0"},"west":{"uv":[1,4,6,5],"texture":"#0"},"up":{"uv":[1,9,0,4],"texture":"#0"},"down":{"uv":[1,4,0,9],"texture":"#0"}}},{"from":[3,9,3],"to":[5,11,13],"rotation":{"angle":0,"axis":"y","origin":[16,0,0]},"faces":{"north":{"uv":[7,4,6,5],"texture":"#0"},"east":{"uv":[6,4,1,5],"texture":"#0"},"south":{"uv":[7,4,6,5],"texture":"#0"},"west":{"uv":[6,4,1,5],"texture":"#0"},"up":{"uv":[0,9,1,4],"texture":"#0"},"down":{"uv":[0,4,1,9],"texture":"#0"}}}],"gui_light":"front","display":{"thirdperson_righthand":{"translation":[0,2.25,2],"scale":[0.43,0.43,0.43]},"thirdperson_lefthand":{"translation":[0,2.25,2],"scale":[0.43,0.43,0.43]},"firstperson_righthand":{"translation":[0,4.5,2],"scale":[0.67,0.67,0.67]},"firstperson_lefthand":{"translation":[0,4.5,2],"scale":[0.67,0.67,0.67]},"ground":{"translation":[0,4.75,0]},"gui":{"rotation":[30,225,0],"scale":[0.625,0.625,0.625]},"fixed":{"rotation":[-90,0,0],"translation":[0,0,-17],"scale":[2,2,2]}}}