{"credit":"Made with Blockbench","texture_size":[64,64],"textures":{"0":"elitecreatures:office_decoration_v1/office_board","particle":"elitecreatures:office_decoration_v1/office_board"},"elements":[{"from":[-16,0,15],"to":[16,16,16],"faces":{"north":{"uv":[0,0,8,4],"texture":"#0"},"east":{"uv":[8,0.25,8.25,4.25],"texture":"#0"},"south":{"uv":[0,4,8,8],"texture":"#0"},"west":{"uv":[8,0.25,8.25,4.25],"texture":"#0"},"up":{"uv":[16,0.25,8,0],"texture":"#0"},"down":{"uv":[16,0,8,0.25],"texture":"#0"}}},{"from":[3,6.75,14.85],"to":[8,13.75,14.85],"faces":{"north":{"uv":[8.625,0.625,9.875,2.375],"texture":"#0"},"south":{"uv":[9.875,0.625,8.625,2.375],"texture":"#0"}}},{"from":[0.5,2,14.75],"to":[5.5,9,14.75],"faces":{"north":{"uv":[11.375,0.625,12.625,2.375],"texture":"#0"},"south":{"uv":[12.625,0.625,11.375,2.375],"texture":"#0"}}},{"from":[-5.5,4,14.85],"to":[-0.5,11,14.85],"faces":{"north":{"uv":[12.75,0.625,14,2.375],"texture":"#0"},"south":{"uv":[14,0.625,12.75,2.375],"texture":"#0"}}},{"from":[-9,1.25,14.75],"to":[-4,8.25,14.75],"faces":{"north":{"uv":[14.125,0.625,15.375,2.375],"texture":"#0"},"south":{"uv":[15.375,0.625,14.125,2.375],"texture":"#0"}}},{"from":[-13,7,14.85],"to":[-8,14,14.85],"faces":{"north":{"uv":[8.625,2.5,9.875,4.25],"texture":"#0"},"south":{"uv":[9.875,2.5,8.625,4.25],"texture":"#0"}}},{"from":[9.25,5.25,14.85],"to":[14.25,12.25,14.85],"faces":{"north":{"uv":[10,0.625,11.25,2.375],"texture":"#0"},"south":{"uv":[11.25,0.625,10,2.375],"texture":"#0"}}},{"from":[15,0,14],"to":[16,16,15],"faces":{"north":{"uv":[8.25,0.75,8.5,4.75],"texture":"#0"},"east":{"uv":[8.25,0.75,8.5,4.75],"texture":"#0"},"south":{"uv":[8.25,0.75,8.5,4.75],"texture":"#0"},"west":{"uv":[8.25,0.75,8.5,4.75],"texture":"#0"},"up":{"uv":[8.5,0.75,8.25,0.5],"texture":"#0"},"down":{"uv":[8.5,0.5,8.25,0.75],"texture":"#0"}}},{"from":[-16,0,14],"to":[-15,16,15],"rotation":{"angle":0,"axis":"y","origin":[16,0,0]},"faces":{"north":{"uv":[8.5,0.75,8.25,4.75],"texture":"#0"},"east":{"uv":[8.5,0.75,8.25,4.75],"texture":"#0"},"south":{"uv":[8.5,0.75,8.25,4.75],"texture":"#0"},"west":{"uv":[8.5,0.75,8.25,4.75],"texture":"#0"},"up":{"uv":[8.25,0.75,8.5,0.5],"texture":"#0"},"down":{"uv":[8.25,0.5,8.5,0.75],"texture":"#0"}}},{"from":[-15,0,14],"to":[15,1,15],"faces":{"north":{"uv":[8.25,0.25,15.75,0.5],"texture":"#0"},"south":{"uv":[8.25,0.25,15.75,0.5],"texture":"#0"},"up":{"uv":[15.75,0.5,8.25,0.25],"texture":"#0"},"down":{"uv":[15.75,0.25,8.25,0.5],"texture":"#0"}}},{"from":[-15,15,14],"to":[15,16,15],"rotation":{"angle":0,"axis":"y","origin":[0,16,0]},"faces":{"north":{"uv":[8.25,0.5,15.75,0.25],"texture":"#0"},"south":{"uv":[8.25,0.5,15.75,0.25],"texture":"#0"},"up":{"uv":[15.75,0.5,8.25,0.25],"texture":"#0"},"down":{"uv":[15.75,0.25,8.25,0.5],"texture":"#0"}}},{"from":[5.25,13,14.5],"to":[5.75,13.5,15],"rotation":{"angle":-22.5,"axis":"z","origin":[5.5,13.25,14.75]},"faces":{"north":{"uv":[8.25,4.5,8,4.25],"texture":"#0"},"east":{"uv":[8.25,4.5,8,4.25],"texture":"#0"},"south":{"uv":[8.25,4.5,8,4.25],"texture":"#0"},"west":{"uv":[8.25,4.5,8,4.25],"texture":"#0"},"up":{"uv":[8.25,4.5,8,4.25],"texture":"#0"},"down":{"uv":[8.25,4.5,8,4.25],"texture":"#0"}}},{"from":[11.75,11.25,14.5],"to":[12.25,11.75,15],"rotation":{"angle":22.5,"axis":"z","origin":[12,11.5,14.75]},"faces":{"north":{"uv":[8.25,4.75,8,4.5],"texture":"#0"},"east":{"uv":[8.25,4.75,8,4.5],"texture":"#0"},"south":{"uv":[8.25,4.75,8,4.5],"texture":"#0"},"west":{"uv":[8.25,4.75,8,4.5],"texture":"#0"},"up":{"uv":[8.25,4.75,8,4.5],"texture":"#0"},"down":{"uv":[8.25,4.75,8,4.5],"texture":"#0"}}},{"from":[2.75,8.25,14.5],"to":[3.25,8.75,15],"rotation":{"angle":45,"axis":"z","origin":[3,8.5,14.75]},"faces":{"north":{"uv":[8.25,5,8,4.75],"texture":"#0"},"east":{"uv":[8.25,5,8,4.75],"texture":"#0"},"south":{"uv":[8.25,5,8,4.75],"texture":"#0"},"west":{"uv":[8.25,5,8,4.75],"texture":"#0"},"up":{"uv":[8.25,5,8,4.75],"texture":"#0"},"down":{"uv":[8.25,5,8,4.75],"texture":"#0"}}},{"from":[-6.75,7,14.5],"to":[-6.25,7.5,15],"rotation":{"angle":-22.5,"axis":"z","origin":[-6,7.5,14.75]},"faces":{"north":{"uv":[8.25,5.25,8,5],"texture":"#0"},"east":{"uv":[8.25,5.25,8,5],"texture":"#0"},"south":{"uv":[8.25,5.25,8,5],"texture":"#0"},"west":{"uv":[8.25,5.25,8,5],"texture":"#0"},"up":{"uv":[8.25,5.25,8,5],"texture":"#0"},"down":{"uv":[8.25,5.25,8,5],"texture":"#0"}}},{"from":[-3.25,10.25,14.5],"to":[-2.75,10.75,15],"rotation":{"angle":-22.5,"axis":"z","origin":[-3,10.5,14.75]},"faces":{"north":{"uv":[8.25,5.75,8,5.5],"texture":"#0"},"east":{"uv":[8.25,5.75,8,5.5],"texture":"#0"},"south":{"uv":[8.25,5.75,8,5.5],"texture":"#0"},"west":{"uv":[8.25,5.75,8,5.5],"texture":"#0"},"up":{"uv":[8.25,5.75,8,5.5],"texture":"#0"},"down":{"uv":[8.25,5.75,8,5.5],"texture":"#0"}}},{"from":[-10.75,13.25,14.5],"to":[-10.25,13.75,15],"rotation":{"angle":22.5,"axis":"z","origin":[-10.5,13.5,14.75]},"faces":{"north":{"uv":[8.25,5.5,8,5.25],"texture":"#0"},"east":{"uv":[8.25,5.5,8,5.25],"texture":"#0"},"south":{"uv":[8.25,5.5,8,5.25],"texture":"#0"},"west":{"uv":[8.25,5.5,8,5.25],"texture":"#0"},"up":{"uv":[8.25,5.5,8,5.25],"texture":"#0"},"down":{"uv":[8.25,5.5,8,5.25],"texture":"#0"}}}],"gui_light":"front","display":{"thirdperson_righthand":{"rotation":[0,180,0],"translation":[-2.5,1.75,3],"scale":[0.3,0.3,0.3]},"thirdperson_lefthand":{"rotation":[0,180,0],"translation":[2.5,1.75,3],"scale":[0.3,0.3,0.3]},"firstperson_righthand":{"rotation":[-10,78,9],"translation":[-1.37,3.2,-6.62],"scale":[0.98,0.98,0.98]},"firstperson_lefthand":{"rotation":[-10,78,9],"translation":[-1.37,3.2,-6.62],"scale":[0.98,0.98,0.98]},"ground":{"translation":[4,2,-3.75],"scale":[0.5,0.5,0.5]},"gui":{"rotation":[30,225,0],"translation":[-0.25,-2.5,0],"scale":[0.45,0.45,0.45]},"fixed":{"translation":[0,0,-16.5],"scale":[2,2,2]}}}