{"credit":"Made with Blockbench","texture_size":[32,32],"textures":{"0":"elitecreatures:office_decoration_v1/office_pile_paper","particle":"elitecreatures:office_decoration_v1/office_pile_paper"},"elements":[{"from":[6.5,0,9.5],"to":[12.5,5,16.5],"rotation":{"angle":0,"axis":"y","origin":[10,1,5.5]},"faces":{"north":{"uv":[6.5,3.5,9.5,6],"texture":"#0"},"east":{"uv":[3,3.5,6.5,6],"texture":"#0"},"south":{"uv":[6.5,3.5,9.5,6],"texture":"#0"},"west":{"uv":[3,3.5,6.5,6],"texture":"#0"},"up":{"uv":[3,7,0,3.5],"texture":"#0"},"down":{"uv":[3,3.5,0,7],"texture":"#0"}}},{"from":[-1.5,0,5.5],"to":[4.5,2,12.5],"rotation":{"angle":-22.5,"axis":"y","origin":[1.5,1.5,6]},"faces":{"north":{"uv":[6,1,9,2],"texture":"#0"},"east":{"uv":[6,0,9.5,1],"texture":"#0"},"south":{"uv":[6,1,9,2],"texture":"#0"},"west":{"uv":[6,0,9.5,1],"texture":"#0"},"up":{"uv":[6,3.5,3,0],"texture":"#0"},"down":{"uv":[6,0,3,3.5],"texture":"#0"}}},{"from":[3.5,0,0.5],"to":[9.5,1,7.5],"rotation":{"angle":22.5,"axis":"y","origin":[4.5,0.5,2]},"faces":{"north":{"uv":[3,7.5,6,8],"texture":"#0"},"east":{"uv":[3,7,6.5,7.5],"texture":"#0"},"south":{"uv":[3,7.5,6,8],"texture":"#0"},"west":{"uv":[3,7,6.5,7.5],"texture":"#0"},"up":{"uv":[3,10.5,0,7],"texture":"#0"},"down":{"uv":[3,7,0,10.5],"texture":"#0"}}},{"from":[-4,1,7],"to":[2,1,14],"rotation":{"angle":-45,"axis":"y","origin":[0,0,9.5]},"faces":{"up":{"uv":[3,3.5,0,0],"texture":"#0"},"down":{"uv":[3,0,0,3.5],"texture":"#0"}}},{"from":[13.5,0,2.5],"to":[20.5,0,8.5],"rotation":{"angle":-22.5,"axis":"y","origin":[13,0,4.5]},"faces":{"up":{"uv":[3,3.5,0,0],"rotation":270,"texture":"#0"},"down":{"uv":[3,0,0,3.5],"rotation":90,"texture":"#0"}}},{"from":[-2,0.1,6],"to":[4,0.1,13],"rotation":{"angle":45,"axis":"y","origin":[1,0,8.5]},"faces":{"up":{"uv":[3,3.5,0,0],"texture":"#0"},"down":{"uv":[3,0,0,3.5],"texture":"#0"}}},{"from":[5,0.1,0],"to":[11,0.1,7],"rotation":{"angle":45,"axis":"y","origin":[8,0.1,3.5]},"faces":{"up":{"uv":[3,3.5,0,0],"texture":"#0"},"down":{"uv":[3,0,0,3.5],"texture":"#0"}}},{"from":[5,0.2,0],"to":[11,0.2,7],"rotation":{"angle":22.5,"axis":"y","origin":[8,0.2,3.5]},"faces":{"up":{"uv":[3,3.5,0,0],"texture":"#0"},"down":{"uv":[3,0,0,3.5],"texture":"#0"}}},{"from":[6,4,9.75],"to":[12,4,16.75],"rotation":{"angle":-22.5,"axis":"y","origin":[9,4,13.25]},"faces":{"up":{"uv":[3,3.5,0,0],"texture":"#0"},"down":{"uv":[3,0,0,3.5],"texture":"#0"}}},{"from":[5,2,10.75],"to":[11,2,17.75],"rotation":{"angle":0,"axis":"y","origin":[9,2,13.25]},"faces":{"up":{"uv":[3,3.5,0,0],"texture":"#0"},"down":{"uv":[3,0,0,3.5],"texture":"#0"}}},{"from":[6,1.9,11.75],"to":[12,1.9,18.75],"rotation":{"angle":0,"axis":"y","origin":[9,2,13.25]},"faces":{"up":{"uv":[3,3.5,0,0],"texture":"#0"},"down":{"uv":[3,0,0,3.5],"texture":"#0"}}},{"from":[7,0.1,9.75],"to":[13,0.1,16.75],"rotation":{"angle":22.5,"axis":"y","origin":[10,-0.1,13.25]},"faces":{"up":{"uv":[3,3.5,0,0],"texture":"#0"},"down":{"uv":[3,0,0,3.5],"texture":"#0"}}}],"gui_light":"front","display":{"thirdperson_righthand":{"translation":[0,2.5,1.5],"scale":[0.33,0.33,0.33]},"thirdperson_lefthand":{"translation":[0,2.5,1.5],"scale":[0.33,0.33,0.33]},"firstperson_righthand":{"translation":[0,5.75,1.5],"scale":[0.67,0.67,0.67]},"firstperson_lefthand":{"translation":[0,5.75,1.5],"scale":[0.67,0.67,0.67]},"ground":{"translation":[0.75,2,0],"scale":[0.5,0.5,0.5]},"gui":{"rotation":[30,-81,0],"translation":[1,1.75,0],"scale":[0.65,0.65,0.65]},"head":{"rotation":[0,180,0],"translation":[0,-30.25,0],"scale":[1.6,1.6,1.6]},"fixed":{"rotation":[-90,0,0],"translation":[0,0,-16.25],"scale":[2,2,2]}}}