{"credit":"Made with Blockbench","texture_size":[64,64],"textures":{"0":"elitecreatures:office_decoration_v1/office_water_dispenser","particle":"elitecreatures:office_decoration_v1/office_water_dispenser"},"elements":[{"from":[4,0,4],"to":[12,8,12],"faces":{"north":{"uv":[4.25,2,6.25,4],"texture":"#0"},"east":{"uv":[4.25,0,6.25,2],"texture":"#0"},"south":{"uv":[4.25,2,6.25,4],"texture":"#0"},"west":{"uv":[4.25,0,6.25,2],"texture":"#0"},"up":{"uv":[8.25,2,6.25,0],"texture":"#0"},"down":{"uv":[8.25,0,6.25,2],"texture":"#0"}}},{"from":[4,8,6],"to":[12,16,12],"faces":{"north":{"uv":[2.25,2,4.25,4],"texture":"#0"},"east":{"uv":[1.75,3.5,0.25,5.5],"texture":"#0"},"south":{"uv":[6.25,2,8.25,4],"texture":"#0"},"west":{"uv":[0.25,3.5,1.75,5.5],"texture":"#0"}}},{"from":[11,8,4],"to":[12,16,6],"faces":{"north":{"uv":[0,3.5,0.25,5.5],"texture":"#0"},"east":{"uv":[1.75,3.5,2.25,5.5],"texture":"#0"},"south":{"uv":[0,3.5,0.25,5.5],"texture":"#0"},"west":{"uv":[1.75,3.5,2.25,5.5],"texture":"#0"}}},{"from":[4,8,4],"to":[5,16,6],"rotation":{"angle":0,"axis":"y","origin":[16,0,0]},"faces":{"north":{"uv":[0.25,3.5,0,5.5],"texture":"#0"},"east":{"uv":[2.25,3.5,1.75,5.5],"texture":"#0"},"south":{"uv":[0.25,3.5,0,5.5],"texture":"#0"},"west":{"uv":[2.25,3.5,1.75,5.5],"texture":"#0"}}},{"from":[7.5,13,5],"to":[8.5,15,6],"faces":{"north":{"uv":[2,2.75,2.25,3.25],"texture":"#0"},"east":{"uv":[2,2.75,2.25,3.25],"texture":"#0"},"south":{"uv":[2,2.75,2.25,3.25],"texture":"#0"},"west":{"uv":[2,2.75,2.25,3.25],"texture":"#0"},"up":{"uv":[2.25,3.5,2,3.25],"texture":"#0"},"down":{"uv":[2.25,2.5,2,2.75],"texture":"#0"}}},{"from":[7.25,11,5.5],"to":[8.75,14,5.5],"rotation":{"angle":22.5,"axis":"x","origin":[8,13.5,5.5]},"faces":{"north":{"uv":[2.25,4,2.625,4.75],"texture":"#0"},"south":{"uv":[2.25,4,2.625,4.75],"texture":"#0"}}},{"from":[4,16,4],"to":[12,18,12],"faces":{"north":{"uv":[0,3,2,3.5],"texture":"#0"},"east":{"uv":[0,3,2,3.5],"texture":"#0"},"south":{"uv":[0,3,2,3.5],"texture":"#0"},"west":{"uv":[0,3,2,3.5],"texture":"#0"},"up":{"uv":[0,5.5,2,7.5],"texture":"#0"},"down":{"uv":[0,5.5,2,7.5],"texture":"#0"}}},{"from":[4,19,4],"to":[12,30,12],"faces":{"north":{"uv":[0,0,2,2.75],"texture":"#0"},"east":{"uv":[0,0,2,2.75],"texture":"#0"},"south":{"uv":[0,0,2,2.75],"texture":"#0"},"west":{"uv":[0,0,2,2.75],"texture":"#0"},"up":{"uv":[4.25,2,2.25,0],"texture":"#0"},"down":{"uv":[4.25,2,2.25,0],"texture":"#0"}}},{"from":[5,18,5],"to":[11,19,11],"faces":{"north":{"uv":[8.25,1.5,9.75,1.75],"texture":"#0"},"east":{"uv":[8.25,1.5,9.75,1.75],"texture":"#0"},"south":{"uv":[8.25,1.5,9.75,1.75],"texture":"#0"},"west":{"uv":[8.25,1.5,9.75,1.75],"texture":"#0"},"up":{"uv":[9.75,1.5,8.25,0],"texture":"#0"}}}],"gui_light":"front","display":{"thirdperson_righthand":{"rotation":[75,45,0],"translation":[0,2.5,0],"scale":[0.375,0.375,0.375]},"thirdperson_lefthand":{"rotation":[75,45,0],"translation":[0,2.5,0],"scale":[0.375,0.375,0.375]},"firstperson_righthand":{"rotation":[0,45,0],"scale":[0.4,0.4,0.4]},"firstperson_lefthand":{"rotation":[0,225,0],"scale":[0.4,0.4,0.4]},"ground":{"translation":[0,3,0],"scale":[0.25,0.25,0.25]},"gui":{"rotation":[30,225,0],"translation":[0,-2.75,0],"scale":[0.41,0.41,0.41]},"head":{"rotation":[0,180,0],"translation":[0,-27.25,0],"scale":[2,2,2]},"fixed":{"scale":[0.5,0.5,0.5]}}}