{
	"credit": "by 2m3v",
	"parent": "games:checkers/parent",
	"textures": {
		"1": "games:item/checkers/checkers"
	},
	"elements": [
		{
			"from": [5.5, 0, 6.5],
			"to": [10.5, 1, 9.5],
			"faces": {
				"north": {"uv": [5, 1, 0, 2], "texture": "#1"},
				"east": {"uv": [4, 1, 5, 4], "rotation": 90, "texture": "#1"},
				"south": {"uv": [0, 3, 5, 4], "texture": "#1"},
				"west": {"uv": [0, 4, 1, 1], "rotation": 90, "texture": "#1"},
				"up": {"uv": [0, 7, 5, 10], "texture": "#1"},
				"down": {"uv": [0, 4, 5, 1], "texture": "#1"}
			}
		},
		{
			"from": [6.5, 0, 5.5],
			"to": [9.5, 1, 6.5],
			"faces": {
				"north": {"uv": [4, 1, 1, 0], "texture": "#1"},
				"east": {"uv": [3, 0, 4, 1], "texture": "#1"},
				"south": {"uv": [1, 0, 4, 1], "texture": "#1"},
				"west": {"uv": [1, 0, 2, 1], "texture": "#1"},
				"up": {"uv": [1, 0, 4, 1], "texture": "#1"},
				"down": {"uv": [1, 0, 4, 1], "texture": "#1"}
			}
		},
		{
			"from": [6.5, 0, 9.5],
			"to": [9.5, 1, 10.5],
			"faces": {
				"north": {"uv": [1, 0, 4, 1], "texture": "#1"},
				"east": {"uv": [3, 4, 4, 5], "texture": "#1"},
				"south": {"uv": [1, 4, 4, 5], "texture": "#1"},
				"west": {"uv": [1, 4, 2, 5], "texture": "#1"},
				"up": {"uv": [1, 4, 4, 5], "texture": "#1"},
				"down": {"uv": [1, 4, 4, 5], "texture": "#1"}
			}
		}
	],
	"gui_light": "front"
}