{
	"credit": "by 2m3v",
	"parent": "games:checkers/parent",
	"textures": {
		"1": "games:item/checkers/checkers"
	},
	"elements": [
		{
			"from": [5.5, 0, 6.5],
			"to": [10.5, 1, 9.5],
			"faces": {
				"north": {"uv": [11, 1, 6, 2], "texture": "#1"},
				"east": {"uv": [10, 1, 11, 4], "rotation": 90, "texture": "#1"},
				"south": {"uv": [6, 3, 11, 4], "texture": "#1"},
				"west": {"uv": [6, 4, 7, 1], "rotation": 90, "texture": "#1"},
				"up": {"uv": [6, 1, 11, 4], "texture": "#1"},
				"down": {"uv": [6, 4, 11, 1], "texture": "#1"}
			}
		},
		{
			"from": [6.5, 0, 5.5],
			"to": [9.5, 1, 6.5],
			"faces": {
				"north": {"uv": [10, 1, 7, 0], "texture": "#1"},
				"east": {"uv": [9, 0, 10, 1], "texture": "#1"},
				"south": {"uv": [7, 0, 10, 1], "texture": "#1"},
				"west": {"uv": [7, 0, 8, 1], "texture": "#1"},
				"up": {"uv": [7, 0, 10, 1], "texture": "#1"},
				"down": {"uv": [7, 0, 10, 1], "texture": "#1"}
			}
		},
		{
			"from": [6.5, 0, 9.5],
			"to": [9.5, 1, 10.5],
			"faces": {
				"north": {"uv": [7, 0, 10, 1], "texture": "#1"},
				"east": {"uv": [9, 4, 10, 5], "texture": "#1"},
				"south": {"uv": [7, 4, 10, 5], "texture": "#1"},
				"west": {"uv": [7, 4, 8, 5], "texture": "#1"},
				"up": {"uv": [7, 4, 10, 5], "texture": "#1"},
				"down": {"uv": [7, 4, 10, 5], "texture": "#1"}
			}
		}
	],
	"gui_light": "front"
}