{"credit":"MadewithBlockbench","texture_size":[28,28],"textures":{"0":"elitecreatures:japan_furniture_v1/door_3","particle":"elitecreatures:japan_furniture_v1/door_3"},"elements":[{"from":[-11.49,19.91,7.11],"to":[27.49,21.69,8.89],"rotation":{"angle":0,"axis":"y","origin":[8,8,8]},"faces":{"north":{"uv":[7.74214,0.625,7.125,11.45286],"rotation":270,"texture":"#0"},"east":{"uv":[7.74214,0.625,7.125,0.70286],"rotation":270,"texture":"#0"},"south":{"uv":[7.74214,11.45286,7.125,0.625],"rotation":270,"texture":"#0"},"west":{"uv":[7.74214,0.625,7.125,0.70286],"rotation":270,"texture":"#0"},"up":{"uv":[8.24214,11.45286,7.75,0.625],"rotation":270,"texture":"#0"},"down":{"uv":[7.74214,0.625,7.125,0.70286],"rotation":270,"texture":"#0"}}},{"from":[16.935,0.135,7.71],"to":[25.315,7.915,8.49],"rotation":{"angle":0,"axis":"y","origin":[8,8,8]},"faces":{"north":{"uv":[6.35821,4.75464,1.875,0.5],"rotation":270,"texture":"#0"},"east":{"uv":[1.98679,4.14571,1.875,0.5],"rotation":90,"texture":"#0"},"south":{"uv":[6.35821,0.5,1.875,4.75464],"rotation":270,"texture":"#0"},"west":{"uv":[2.49929,0.64571,1.875,0.5],"rotation":270,"texture":"#0"},"up":{"uv":[1.98679,4.14571,1.875,0.5],"rotation":90,"texture":"#0"},"down":{"uv":[1.98679,4.14571,1.875,0.5],"rotation":90,"texture":"#0"}}},{"from":[25.31,0.06,7.21],"to":[26.69,20.54,8.79],"rotation":{"angle":0,"axis":"y","origin":[8,8,8]},"faces":{"north":{"uv":[0,0,0.73857,11.70286],"texture":"#0"},"east":{"uv":[0,0,0.05107,11.70286],"texture":"#0"},"south":{"uv":[0.73857,0,0,11.70286],"texture":"#0"},"west":{"uv":[0.675,0,0.73857,11.70286],"texture":"#0"},"up":{"uv":[0,0,1,1],"texture":"#0"},"down":{"uv":[0,11.75,0.73857,11.67786],"rotation":180,"texture":"#0"}}},{"from":[-10.69,0.06,7.21],"to":[-9.31,20.54,8.79],"rotation":{"angle":0,"axis":"y","origin":[8,8,8]},"faces":{"north":{"uv":[0.73857,0,0,11.70286],"texture":"#0"},"east":{"uv":[0.73857,0,0.675,11.70286],"texture":"#0"},"south":{"uv":[0,0,0.73857,11.70286],"texture":"#0"},"west":{"uv":[0.05107,0,0,11.70286],"texture":"#0"},"up":{"uv":[1,0,0,1],"texture":"#0"},"down":{"uv":[0.73857,11.75,0,11.67786],"rotation":180,"texture":"#0"}}},{"from":[25.085,7.835,7.71],"to":[25.315,20.015,8.49],"rotation":{"angle":0,"axis":"y","origin":[8,8,8]},"faces":{"north":{"uv":[2.49929,0.64571,1.875,0.5],"rotation":270,"texture":"#0"},"east":{"uv":[2.49929,0.64571,1.875,0.5],"rotation":270,"texture":"#0"},"south":{"uv":[2.49929,0.64571,1.875,0.5],"rotation":270,"texture":"#0"},"west":{"uv":[2.49929,0.64571,1.875,0.5],"rotation":270,"texture":"#0"},"up":{"uv":[2.49929,0.64571,1.875,0.5],"rotation":270,"texture":"#0"},"down":{"uv":[2.49929,0.64571,1.875,0.5],"rotation":270,"texture":"#0"}}},{"from":[16.935,7.835,7.71],"to":[17.165,20.015,8.49],"rotation":{"angle":0,"axis":"y","origin":[8,8,8]},"faces":{"north":{"uv":[2.49929,0.64571,1.875,0.5],"rotation":270,"texture":"#0"},"east":{"uv":[2.49929,0.64571,1.875,0.5],"rotation":270,"texture":"#0"},"south":{"uv":[2.49929,0.64571,1.875,0.5],"rotation":270,"texture":"#0"},"west":{"uv":[2.49929,0.64571,1.875,0.5],"rotation":270,"texture":"#0"},"up":{"uv":[2.49929,0.64571,1.875,0.5],"rotation":270,"texture":"#0"},"down":{"uv":[2.49929,0.64571,1.875,0.5],"rotation":270,"texture":"#0"}}},{"from":[17.135,19.71,7.71],"to":[25.29,19.94,8.49],"rotation":{"angle":0,"axis":"y","origin":[18.05,13.925,8.1]},"faces":{"north":{"uv":[2.49929,0.64571,1.875,0.5],"rotation":180,"texture":"#0"},"east":{"uv":[2.49929,0.64571,1.875,0.5],"texture":"#0"},"south":{"uv":[2.49929,0.64571,1.875,0.5],"texture":"#0"},"west":{"uv":[2.49929,0.64571,1.875,0.5],"texture":"#0"},"up":{"uv":[2.49929,0.64571,1.875,0.5],"texture":"#0"},"down":{"uv":[2.49929,0.64571,1.875,0.5],"texture":"#0"}}},{"from":[17.135,17.71,7.91],"to":[25.29,17.94,8.29],"rotation":{"angle":0,"axis":"y","origin":[18.05,13.925,8.1]},"faces":{"north":{"uv":[2.49929,0.64571,1.875,0.5],"rotation":180,"texture":"#0"},"east":{"uv":[2.49929,0.64571,1.875,0.5],"texture":"#0"},"south":{"uv":[2.49929,0.64571,1.875,0.5],"texture":"#0"},"west":{"uv":[2.49929,0.64571,1.875,0.5],"texture":"#0"},"up":{"uv":[2.49929,0.64571,1.875,0.5],"texture":"#0"},"down":{"uv":[2.49929,0.64571,1.875,0.5],"texture":"#0"}}},{"from":[17.135,15.71,7.91],"to":[25.29,15.94,8.29],"rotation":{"angle":0,"axis":"y","origin":[18.05,13.925,8.1]},"faces":{"north":{"uv":[2.49929,0.64571,1.875,0.5],"rotation":180,"texture":"#0"},"east":{"uv":[2.49929,0.64571,1.875,0.5],"texture":"#0"},"south":{"uv":[2.49929,0.64571,1.875,0.5],"texture":"#0"},"west":{"uv":[2.49929,0.64571,1.875,0.5],"texture":"#0"},"up":{"uv":[2.49929,0.64571,1.875,0.5],"texture":"#0"},"down":{"uv":[2.49929,0.64571,1.875,0.5],"texture":"#0"}}},{"from":[17.135,13.71,7.91],"to":[25.29,13.94,8.29],"rotation":{"angle":0,"axis":"y","origin":[18.05,13.925,8.1]},"faces":{"north":{"uv":[2.49929,0.64571,1.875,0.5],"rotation":180,"texture":"#0"},"east":{"uv":[2.49929,0.64571,1.875,0.5],"texture":"#0"},"south":{"uv":[2.49929,0.64571,1.875,0.5],"texture":"#0"},"west":{"uv":[2.49929,0.64571,1.875,0.5],"texture":"#0"},"up":{"uv":[2.49929,0.64571,1.875,0.5],"texture":"#0"},"down":{"uv":[2.49929,0.64571,1.875,0.5],"texture":"#0"}}},{"from":[17.135,11.71,7.91],"to":[25.29,11.94,8.29],"rotation":{"angle":0,"axis":"y","origin":[18.05,13.925,8.1]},"faces":{"north":{"uv":[2.49929,0.64571,1.875,0.5],"rotation":180,"texture":"#0"},"east":{"uv":[2.49929,0.64571,1.875,0.5],"texture":"#0"},"south":{"uv":[2.49929,0.64571,1.875,0.5],"texture":"#0"},"west":{"uv":[2.49929,0.64571,1.875,0.5],"texture":"#0"},"up":{"uv":[2.49929,0.64571,1.875,0.5],"texture":"#0"},"down":{"uv":[2.49929,0.64571,1.875,0.5],"texture":"#0"}}},{"from":[17.135,9.71,7.91],"to":[25.29,9.94,8.29],"rotation":{"angle":0,"axis":"y","origin":[18.05,13.925,8.1]},"faces":{"north":{"uv":[2.49929,0.64571,1.875,0.5],"rotation":180,"texture":"#0"},"east":{"uv":[2.49929,0.64571,1.875,0.5],"texture":"#0"},"south":{"uv":[2.49929,0.64571,1.875,0.5],"texture":"#0"},"west":{"uv":[2.49929,0.64571,1.875,0.5],"texture":"#0"},"up":{"uv":[2.49929,0.64571,1.875,0.5],"texture":"#0"},"down":{"uv":[2.49929,0.64571,1.875,0.5],"texture":"#0"}}},{"from":[18.935,7.835,7.71],"to":[19.165,20.015,8.49],"rotation":{"angle":0,"axis":"y","origin":[8,8,8]},"faces":{"north":{"uv":[2.49929,0.64571,1.875,0.5],"rotation":270,"texture":"#0"},"east":{"uv":[2.49929,0.64571,1.875,0.5],"rotation":270,"texture":"#0"},"south":{"uv":[2.49929,0.64571,1.875,0.5],"rotation":270,"texture":"#0"},"west":{"uv":[2.49929,0.64571,1.875,0.5],"rotation":270,"texture":"#0"},"up":{"uv":[2.49929,0.64571,1.875,0.5],"rotation":270,"texture":"#0"},"down":{"uv":[2.49929,0.64571,1.875,0.5],"rotation":270,"texture":"#0"}}},{"from":[21.335,7.835,7.71],"to":[21.565,20.015,8.49],"rotation":{"angle":0,"axis":"y","origin":[8,8,8]},"faces":{"north":{"uv":[2.49929,0.64571,1.875,0.5],"rotation":270,"texture":"#0"},"east":{"uv":[2.49929,0.64571,1.875,0.5],"rotation":270,"texture":"#0"},"south":{"uv":[2.49929,0.64571,1.875,0.5],"rotation":270,"texture":"#0"},"west":{"uv":[2.49929,0.64571,1.875,0.5],"rotation":270,"texture":"#0"},"up":{"uv":[2.49929,0.64571,1.875,0.5],"rotation":270,"texture":"#0"},"down":{"uv":[2.49929,0.64571,1.875,0.5],"rotation":270,"texture":"#0"}}},{"from":[17.135,7.815,8.01],"to":[25.215,19.795,8.19],"rotation":{"angle":0,"axis":"y","origin":[8,7.78,8]},"faces":{"north":{"uv":[6.84571,16,0,11.95429],"rotation":270,"texture":"#0"},"east":{"uv":[1.98679,4.14571,1.875,0.5],"rotation":90,"texture":"#0"},"south":{"uv":[6.84571,11.95429,0,16],"rotation":270,"texture":"#0"},"west":{"uv":[2.49929,0.64571,1.875,0.5],"rotation":270,"texture":"#0"},"up":{"uv":[1.98679,4.14571,1.875,0.5],"rotation":90,"texture":"#0"},"down":{"uv":[1.98679,4.14571,1.875,0.5],"rotation":90,"texture":"#0"}}},{"from":[23.435,7.835,7.71],"to":[23.665,20.015,8.49],"rotation":{"angle":0,"axis":"y","origin":[8,8,8]},"faces":{"north":{"uv":[2.49929,0.64571,1.875,0.5],"rotation":270,"texture":"#0"},"east":{"uv":[2.49929,0.64571,1.875,0.5],"rotation":270,"texture":"#0"},"south":{"uv":[2.49929,0.64571,1.875,0.5],"rotation":270,"texture":"#0"},"west":{"uv":[2.49929,0.64571,1.875,0.5],"rotation":270,"texture":"#0"},"up":{"uv":[2.49929,0.64571,1.875,0.5],"rotation":270,"texture":"#0"},"down":{"uv":[2.49929,0.64571,1.875,0.5],"rotation":270,"texture":"#0"}}},{"from":[-7.665,7.835,7.71],"to":[-7.435,20.015,8.49],"rotation":{"angle":0,"axis":"y","origin":[8,8,8]},"faces":{"north":{"uv":[2.49929,0.5,1.875,0.64571],"rotation":270,"texture":"#0"},"east":{"uv":[2.49929,0.5,1.875,0.64571],"rotation":270,"texture":"#0"},"south":{"uv":[2.49929,0.5,1.875,0.64571],"rotation":270,"texture":"#0"},"west":{"uv":[2.49929,0.5,1.875,0.64571],"rotation":270,"texture":"#0"},"up":{"uv":[2.49929,0.5,1.875,0.64571],"rotation":270,"texture":"#0"},"down":{"uv":[2.49929,0.5,1.875,0.64571],"rotation":270,"texture":"#0"}}},{"from":[-9.215,7.815,8.01],"to":[-1.135,19.795,8.19],"rotation":{"angle":0,"axis":"y","origin":[8,7.78,8]},"faces":{"north":{"uv":[6.84571,11.95429,0,16],"rotation":270,"texture":"#0"},"east":{"uv":[2.49929,0.5,1.875,0.64571],"rotation":270,"texture":"#0"},"south":{"uv":[6.84571,16,0,11.95429],"rotation":270,"texture":"#0"},"west":{"uv":[1.98679,0.5,1.875,4.14571],"rotation":90,"texture":"#0"},"up":{"uv":[1.98679,0.5,1.875,4.14571],"rotation":90,"texture":"#0"},"down":{"uv":[1.98679,0.5,1.875,4.14571],"rotation":90,"texture":"#0"}}},{"from":[-5.565,7.835,7.71],"to":[-5.335,20.015,8.49],"rotation":{"angle":0,"axis":"y","origin":[8,8,8]},"faces":{"north":{"uv":[2.49929,0.5,1.875,0.64571],"rotation":270,"texture":"#0"},"east":{"uv":[2.49929,0.5,1.875,0.64571],"rotation":270,"texture":"#0"},"south":{"uv":[2.49929,0.5,1.875,0.64571],"rotation":270,"texture":"#0"},"west":{"uv":[2.49929,0.5,1.875,0.64571],"rotation":270,"texture":"#0"},"up":{"uv":[2.49929,0.5,1.875,0.64571],"rotation":270,"texture":"#0"},"down":{"uv":[2.49929,0.5,1.875,0.64571],"rotation":270,"texture":"#0"}}},{"from":[-3.165,7.835,7.71],"to":[-2.935,20.015,8.49],"rotation":{"angle":0,"axis":"y","origin":[8,8,8]},"faces":{"north":{"uv":[2.49929,0.5,1.875,0.64571],"rotation":270,"texture":"#0"},"east":{"uv":[2.49929,0.5,1.875,0.64571],"rotation":270,"texture":"#0"},"south":{"uv":[2.49929,0.5,1.875,0.64571],"rotation":270,"texture":"#0"},"west":{"uv":[2.49929,0.5,1.875,0.64571],"rotation":270,"texture":"#0"},"up":{"uv":[2.49929,0.5,1.875,0.64571],"rotation":270,"texture":"#0"},"down":{"uv":[2.49929,0.5,1.875,0.64571],"rotation":270,"texture":"#0"}}},{"from":[-9.29,9.71,7.91],"to":[-1.135,9.94,8.29],"rotation":{"angle":0,"axis":"y","origin":[-2.05,13.925,8.1]},"faces":{"north":{"uv":[1.875,0.64571,2.49929,0.5],"rotation":180,"texture":"#0"},"east":{"uv":[1.875,0.64571,2.49929,0.5],"texture":"#0"},"south":{"uv":[1.875,0.64571,2.49929,0.5],"texture":"#0"},"west":{"uv":[1.875,0.64571,2.49929,0.5],"texture":"#0"},"up":{"uv":[1.875,0.64571,2.49929,0.5],"texture":"#0"},"down":{"uv":[1.875,0.64571,2.49929,0.5],"texture":"#0"}}},{"from":[-9.29,11.71,7.91],"to":[-1.135,11.94,8.29],"rotation":{"angle":0,"axis":"y","origin":[-2.05,13.925,8.1]},"faces":{"north":{"uv":[1.875,0.64571,2.49929,0.5],"rotation":180,"texture":"#0"},"east":{"uv":[1.875,0.64571,2.49929,0.5],"texture":"#0"},"south":{"uv":[1.875,0.64571,2.49929,0.5],"texture":"#0"},"west":{"uv":[1.875,0.64571,2.49929,0.5],"texture":"#0"},"up":{"uv":[1.875,0.64571,2.49929,0.5],"texture":"#0"},"down":{"uv":[1.875,0.64571,2.49929,0.5],"texture":"#0"}}},{"from":[-9.29,13.71,7.91],"to":[-1.135,13.94,8.29],"rotation":{"angle":0,"axis":"y","origin":[-2.05,13.925,8.1]},"faces":{"north":{"uv":[1.875,0.64571,2.49929,0.5],"rotation":180,"texture":"#0"},"east":{"uv":[1.875,0.64571,2.49929,0.5],"texture":"#0"},"south":{"uv":[1.875,0.64571,2.49929,0.5],"texture":"#0"},"west":{"uv":[1.875,0.64571,2.49929,0.5],"texture":"#0"},"up":{"uv":[1.875,0.64571,2.49929,0.5],"texture":"#0"},"down":{"uv":[1.875,0.64571,2.49929,0.5],"texture":"#0"}}},{"from":[-9.29,15.71,7.91],"to":[-1.135,15.94,8.29],"rotation":{"angle":0,"axis":"y","origin":[-2.05,13.925,8.1]},"faces":{"north":{"uv":[1.875,0.64571,2.49929,0.5],"rotation":180,"texture":"#0"},"east":{"uv":[1.875,0.64571,2.49929,0.5],"texture":"#0"},"south":{"uv":[1.875,0.64571,2.49929,0.5],"texture":"#0"},"west":{"uv":[1.875,0.64571,2.49929,0.5],"texture":"#0"},"up":{"uv":[1.875,0.64571,2.49929,0.5],"texture":"#0"},"down":{"uv":[1.875,0.64571,2.49929,0.5],"texture":"#0"}}},{"from":[-9.29,17.71,7.91],"to":[-1.135,17.94,8.29],"rotation":{"angle":0,"axis":"y","origin":[-2.05,13.925,8.1]},"faces":{"north":{"uv":[1.875,0.64571,2.49929,0.5],"rotation":180,"texture":"#0"},"east":{"uv":[1.875,0.64571,2.49929,0.5],"texture":"#0"},"south":{"uv":[1.875,0.64571,2.49929,0.5],"texture":"#0"},"west":{"uv":[1.875,0.64571,2.49929,0.5],"texture":"#0"},"up":{"uv":[1.875,0.64571,2.49929,0.5],"texture":"#0"},"down":{"uv":[1.875,0.64571,2.49929,0.5],"texture":"#0"}}},{"from":[-9.29,19.71,7.71],"to":[-1.135,19.94,8.49],"rotation":{"angle":0,"axis":"y","origin":[-2.05,13.925,8.1]},"faces":{"north":{"uv":[1.875,0.64571,2.49929,0.5],"rotation":180,"texture":"#0"},"east":{"uv":[1.875,0.64571,2.49929,0.5],"texture":"#0"},"south":{"uv":[1.875,0.64571,2.49929,0.5],"texture":"#0"},"west":{"uv":[1.875,0.64571,2.49929,0.5],"texture":"#0"},"up":{"uv":[1.875,0.64571,2.49929,0.5],"texture":"#0"},"down":{"uv":[1.875,0.64571,2.49929,0.5],"texture":"#0"}}},{"from":[-1.165,7.835,7.71],"to":[-0.935,20.015,8.49],"rotation":{"angle":0,"axis":"y","origin":[8,8,8]},"faces":{"north":{"uv":[2.49929,0.5,1.875,0.64571],"rotation":270,"texture":"#0"},"east":{"uv":[2.49929,0.5,1.875,0.64571],"rotation":270,"texture":"#0"},"south":{"uv":[2.49929,0.5,1.875,0.64571],"rotation":270,"texture":"#0"},"west":{"uv":[2.49929,0.5,1.875,0.64571],"rotation":270,"texture":"#0"},"up":{"uv":[2.49929,0.5,1.875,0.64571],"rotation":270,"texture":"#0"},"down":{"uv":[2.49929,0.5,1.875,0.64571],"rotation":270,"texture":"#0"}}},{"from":[-9.315,7.835,7.71],"to":[-9.085,20.015,8.49],"rotation":{"angle":0,"axis":"y","origin":[8,8,8]},"faces":{"north":{"uv":[2.49929,0.5,1.875,0.64571],"rotation":270,"texture":"#0"},"east":{"uv":[2.49929,0.5,1.875,0.64571],"rotation":270,"texture":"#0"},"south":{"uv":[2.49929,0.5,1.875,0.64571],"rotation":270,"texture":"#0"},"west":{"uv":[2.49929,0.5,1.875,0.64571],"rotation":270,"texture":"#0"},"up":{"uv":[2.49929,0.5,1.875,0.64571],"rotation":270,"texture":"#0"},"down":{"uv":[2.49929,0.5,1.875,0.64571],"rotation":270,"texture":"#0"}}},{"from":[-9.315,0.135,7.71],"to":[-0.935,7.915,8.49],"rotation":{"angle":0,"axis":"y","origin":[8,8,8]},"faces":{"north":{"uv":[6.35821,0.5,1.875,4.75464],"rotation":270,"texture":"#0"},"east":{"uv":[2.49929,0.5,1.875,0.64571],"rotation":270,"texture":"#0"},"south":{"uv":[6.35821,4.75464,1.875,0.5],"rotation":270,"texture":"#0"},"west":{"uv":[1.98679,0.5,1.875,4.14571],"rotation":90,"texture":"#0"},"up":{"uv":[1.98679,0.5,1.875,4.14571],"rotation":90,"texture":"#0"},"down":{"uv":[1.98679,0.5,1.875,4.14571],"rotation":90,"texture":"#0"}}},{"from":[13.035,0.135,7.11],"to":[21.415,7.915,7.89],"rotation":{"angle":0,"axis":"y","origin":[8,8,8]},"faces":{"north":{"uv":[6.35821,4.75464,1.875,0.5],"rotation":270,"texture":"#0"},"east":{"uv":[1.98679,4.14571,1.875,0.5],"rotation":90,"texture":"#0"},"south":{"uv":[6.35821,0.5,1.875,4.75464],"rotation":270,"texture":"#0"},"west":{"uv":[2.49929,0.64571,1.875,0.5],"rotation":270,"texture":"#0"},"up":{"uv":[1.98679,4.14571,1.875,0.5],"rotation":90,"texture":"#0"},"down":{"uv":[1.98679,4.14571,1.875,0.5],"rotation":90,"texture":"#0"}}},{"from":[21.185,7.835,7.11],"to":[21.415,20.015,7.89],"rotation":{"angle":0,"axis":"y","origin":[8,8,8]},"faces":{"north":{"uv":[2.49929,0.64571,1.875,0.5],"rotation":270,"texture":"#0"},"east":{"uv":[2.49929,0.64571,1.875,0.5],"rotation":270,"texture":"#0"},"south":{"uv":[2.49929,0.64571,1.875,0.5],"rotation":270,"texture":"#0"},"west":{"uv":[2.49929,0.64571,1.875,0.5],"rotation":270,"texture":"#0"},"up":{"uv":[2.49929,0.64571,1.875,0.5],"rotation":270,"texture":"#0"},"down":{"uv":[2.49929,0.64571,1.875,0.5],"rotation":270,"texture":"#0"}}},{"from":[13.035,7.835,7.11],"to":[13.265,20.015,7.89],"rotation":{"angle":0,"axis":"y","origin":[8,8,8]},"faces":{"north":{"uv":[2.49929,0.64571,1.875,0.5],"rotation":270,"texture":"#0"},"east":{"uv":[2.49929,0.64571,1.875,0.5],"rotation":270,"texture":"#0"},"south":{"uv":[2.49929,0.64571,1.875,0.5],"rotation":270,"texture":"#0"},"west":{"uv":[2.49929,0.64571,1.875,0.5],"rotation":270,"texture":"#0"},"up":{"uv":[2.49929,0.64571,1.875,0.5],"rotation":270,"texture":"#0"},"down":{"uv":[2.49929,0.64571,1.875,0.5],"rotation":270,"texture":"#0"}}},{"from":[13.235,19.71,7.11],"to":[21.39,19.94,7.89],"rotation":{"angle":0,"axis":"y","origin":[18.05,13.925,8.1]},"faces":{"north":{"uv":[2.49929,0.64571,1.875,0.5],"rotation":180,"texture":"#0"},"east":{"uv":[2.49929,0.64571,1.875,0.5],"texture":"#0"},"south":{"uv":[2.49929,0.64571,1.875,0.5],"texture":"#0"},"west":{"uv":[2.49929,0.64571,1.875,0.5],"texture":"#0"},"up":{"uv":[2.49929,0.64571,1.875,0.5],"texture":"#0"},"down":{"uv":[2.49929,0.64571,1.875,0.5],"texture":"#0"}}},{"from":[13.235,17.71,7.31],"to":[21.39,17.94,7.69],"rotation":{"angle":0,"axis":"y","origin":[18.05,13.925,8.1]},"faces":{"north":{"uv":[2.49929,0.64571,1.875,0.5],"rotation":180,"texture":"#0"},"east":{"uv":[2.49929,0.64571,1.875,0.5],"texture":"#0"},"south":{"uv":[2.49929,0.64571,1.875,0.5],"texture":"#0"},"west":{"uv":[2.49929,0.64571,1.875,0.5],"texture":"#0"},"up":{"uv":[2.49929,0.64571,1.875,0.5],"texture":"#0"},"down":{"uv":[2.49929,0.64571,1.875,0.5],"texture":"#0"}}},{"from":[13.235,15.71,7.31],"to":[21.39,15.94,7.69],"rotation":{"angle":0,"axis":"y","origin":[18.05,13.925,8.1]},"faces":{"north":{"uv":[2.49929,0.64571,1.875,0.5],"rotation":180,"texture":"#0"},"east":{"uv":[2.49929,0.64571,1.875,0.5],"texture":"#0"},"south":{"uv":[2.49929,0.64571,1.875,0.5],"texture":"#0"},"west":{"uv":[2.49929,0.64571,1.875,0.5],"texture":"#0"},"up":{"uv":[2.49929,0.64571,1.875,0.5],"texture":"#0"},"down":{"uv":[2.49929,0.64571,1.875,0.5],"texture":"#0"}}},{"from":[13.235,13.71,7.31],"to":[21.39,13.94,7.69],"rotation":{"angle":0,"axis":"y","origin":[18.05,13.925,8.1]},"faces":{"north":{"uv":[2.49929,0.64571,1.875,0.5],"rotation":180,"texture":"#0"},"east":{"uv":[2.49929,0.64571,1.875,0.5],"texture":"#0"},"south":{"uv":[2.49929,0.64571,1.875,0.5],"texture":"#0"},"west":{"uv":[2.49929,0.64571,1.875,0.5],"texture":"#0"},"up":{"uv":[2.49929,0.64571,1.875,0.5],"texture":"#0"},"down":{"uv":[2.49929,0.64571,1.875,0.5],"texture":"#0"}}},{"from":[13.235,11.71,7.31],"to":[21.39,11.94,7.69],"rotation":{"angle":0,"axis":"y","origin":[18.05,13.925,8.1]},"faces":{"north":{"uv":[2.49929,0.64571,1.875,0.5],"rotation":180,"texture":"#0"},"east":{"uv":[2.49929,0.64571,1.875,0.5],"texture":"#0"},"south":{"uv":[2.49929,0.64571,1.875,0.5],"texture":"#0"},"west":{"uv":[2.49929,0.64571,1.875,0.5],"texture":"#0"},"up":{"uv":[2.49929,0.64571,1.875,0.5],"texture":"#0"},"down":{"uv":[2.49929,0.64571,1.875,0.5],"texture":"#0"}}},{"from":[13.235,9.71,7.31],"to":[21.39,9.94,7.69],"rotation":{"angle":0,"axis":"y","origin":[18.05,13.925,8.1]},"faces":{"north":{"uv":[2.49929,0.64571,1.875,0.5],"rotation":180,"texture":"#0"},"east":{"uv":[2.49929,0.64571,1.875,0.5],"texture":"#0"},"south":{"uv":[2.49929,0.64571,1.875,0.5],"texture":"#0"},"west":{"uv":[2.49929,0.64571,1.875,0.5],"texture":"#0"},"up":{"uv":[2.49929,0.64571,1.875,0.5],"texture":"#0"},"down":{"uv":[2.49929,0.64571,1.875,0.5],"texture":"#0"}}},{"from":[15.035,7.835,7.11],"to":[15.265,20.015,7.89],"rotation":{"angle":0,"axis":"y","origin":[8,8,8]},"faces":{"north":{"uv":[2.49929,0.64571,1.875,0.5],"rotation":270,"texture":"#0"},"east":{"uv":[2.49929,0.64571,1.875,0.5],"rotation":270,"texture":"#0"},"south":{"uv":[2.49929,0.64571,1.875,0.5],"rotation":270,"texture":"#0"},"west":{"uv":[2.49929,0.64571,1.875,0.5],"rotation":270,"texture":"#0"},"up":{"uv":[2.49929,0.64571,1.875,0.5],"rotation":270,"texture":"#0"},"down":{"uv":[2.49929,0.64571,1.875,0.5],"rotation":270,"texture":"#0"}}},{"from":[17.435,7.835,7.11],"to":[17.665,20.015,7.89],"rotation":{"angle":0,"axis":"y","origin":[8,8,8]},"faces":{"north":{"uv":[2.49929,0.64571,1.875,0.5],"rotation":270,"texture":"#0"},"east":{"uv":[2.49929,0.64571,1.875,0.5],"rotation":270,"texture":"#0"},"south":{"uv":[2.49929,0.64571,1.875,0.5],"rotation":270,"texture":"#0"},"west":{"uv":[2.49929,0.64571,1.875,0.5],"rotation":270,"texture":"#0"},"up":{"uv":[2.49929,0.64571,1.875,0.5],"rotation":270,"texture":"#0"},"down":{"uv":[2.49929,0.64571,1.875,0.5],"rotation":270,"texture":"#0"}}},{"from":[13.235,7.815,7.41],"to":[21.315,19.795,7.59],"rotation":{"angle":0,"axis":"y","origin":[8,7.78,8]},"faces":{"north":{"uv":[6.84571,16,0,11.95429],"rotation":270,"texture":"#0"},"east":{"uv":[1.98679,4.14571,1.875,0.5],"rotation":90,"texture":"#0"},"south":{"uv":[6.84571,11.95429,0,16],"rotation":270,"texture":"#0"},"west":{"uv":[2.49929,0.64571,1.875,0.5],"rotation":270,"texture":"#0"},"up":{"uv":[1.98679,4.14571,1.875,0.5],"rotation":90,"texture":"#0"},"down":{"uv":[1.98679,4.14571,1.875,0.5],"rotation":90,"texture":"#0"}}},{"from":[19.535,7.835,7.11],"to":[19.765,20.015,7.89],"rotation":{"angle":0,"axis":"y","origin":[8,8,8]},"faces":{"north":{"uv":[2.49929,0.64571,1.875,0.5],"rotation":270,"texture":"#0"},"east":{"uv":[2.49929,0.64571,1.875,0.5],"rotation":270,"texture":"#0"},"south":{"uv":[2.49929,0.64571,1.875,0.5],"rotation":270,"texture":"#0"},"west":{"uv":[2.49929,0.64571,1.875,0.5],"rotation":270,"texture":"#0"},"up":{"uv":[2.49929,0.64571,1.875,0.5],"rotation":270,"texture":"#0"},"down":{"uv":[2.49929,0.64571,1.875,0.5],"rotation":270,"texture":"#0"}}},{"from":[-3.765,7.835,7.11],"to":[-3.535,20.015,7.89],"rotation":{"angle":0,"axis":"y","origin":[8,8,8]},"faces":{"north":{"uv":[2.49929,0.5,1.875,0.64571],"rotation":270,"texture":"#0"},"east":{"uv":[2.49929,0.5,1.875,0.64571],"rotation":270,"texture":"#0"},"south":{"uv":[2.49929,0.5,1.875,0.64571],"rotation":270,"texture":"#0"},"west":{"uv":[2.49929,0.5,1.875,0.64571],"rotation":270,"texture":"#0"},"up":{"uv":[2.49929,0.5,1.875,0.64571],"rotation":270,"texture":"#0"},"down":{"uv":[2.49929,0.5,1.875,0.64571],"rotation":270,"texture":"#0"}}},{"from":[-5.315,7.815,7.41],"to":[2.765,19.795,7.59],"rotation":{"angle":0,"axis":"y","origin":[8,7.78,8]},"faces":{"north":{"uv":[6.84571,11.95429,0,16],"rotation":270,"texture":"#0"},"east":{"uv":[2.49929,0.5,1.875,0.64571],"rotation":270,"texture":"#0"},"south":{"uv":[6.84571,16,0,11.95429],"rotation":270,"texture":"#0"},"west":{"uv":[1.98679,0.5,1.875,4.14571],"rotation":90,"texture":"#0"},"up":{"uv":[1.98679,0.5,1.875,4.14571],"rotation":90,"texture":"#0"},"down":{"uv":[1.98679,0.5,1.875,4.14571],"rotation":90,"texture":"#0"}}},{"from":[-1.665,7.835,7.11],"to":[-1.435,20.015,7.89],"rotation":{"angle":0,"axis":"y","origin":[8,8,8]},"faces":{"north":{"uv":[2.49929,0.5,1.875,0.64571],"rotation":270,"texture":"#0"},"east":{"uv":[2.49929,0.5,1.875,0.64571],"rotation":270,"texture":"#0"},"south":{"uv":[2.49929,0.5,1.875,0.64571],"rotation":270,"texture":"#0"},"west":{"uv":[2.49929,0.5,1.875,0.64571],"rotation":270,"texture":"#0"},"up":{"uv":[2.49929,0.5,1.875,0.64571],"rotation":270,"texture":"#0"},"down":{"uv":[2.49929,0.5,1.875,0.64571],"rotation":270,"texture":"#0"}}},{"from":[0.735,7.835,7.11],"to":[0.965,20.015,7.89],"rotation":{"angle":0,"axis":"y","origin":[8,8,8]},"faces":{"north":{"uv":[2.49929,0.5,1.875,0.64571],"rotation":270,"texture":"#0"},"east":{"uv":[2.49929,0.5,1.875,0.64571],"rotation":270,"texture":"#0"},"south":{"uv":[2.49929,0.5,1.875,0.64571],"rotation":270,"texture":"#0"},"west":{"uv":[2.49929,0.5,1.875,0.64571],"rotation":270,"texture":"#0"},"up":{"uv":[2.49929,0.5,1.875,0.64571],"rotation":270,"texture":"#0"},"down":{"uv":[2.49929,0.5,1.875,0.64571],"rotation":270,"texture":"#0"}}},{"from":[-5.39,9.71,7.31],"to":[2.765,9.94,7.69],"rotation":{"angle":0,"axis":"y","origin":[-2.05,13.925,8.1]},"faces":{"north":{"uv":[1.875,0.64571,2.49929,0.5],"rotation":180,"texture":"#0"},"east":{"uv":[1.875,0.64571,2.49929,0.5],"texture":"#0"},"south":{"uv":[1.875,0.64571,2.49929,0.5],"texture":"#0"},"west":{"uv":[1.875,0.64571,2.49929,0.5],"texture":"#0"},"up":{"uv":[1.875,0.64571,2.49929,0.5],"texture":"#0"},"down":{"uv":[1.875,0.64571,2.49929,0.5],"texture":"#0"}}},{"from":[-5.39,11.71,7.31],"to":[2.765,11.94,7.69],"rotation":{"angle":0,"axis":"y","origin":[-2.05,13.925,8.1]},"faces":{"north":{"uv":[1.875,0.64571,2.49929,0.5],"rotation":180,"texture":"#0"},"east":{"uv":[1.875,0.64571,2.49929,0.5],"texture":"#0"},"south":{"uv":[1.875,0.64571,2.49929,0.5],"texture":"#0"},"west":{"uv":[1.875,0.64571,2.49929,0.5],"texture":"#0"},"up":{"uv":[1.875,0.64571,2.49929,0.5],"texture":"#0"},"down":{"uv":[1.875,0.64571,2.49929,0.5],"texture":"#0"}}},{"from":[-5.39,13.71,7.31],"to":[2.765,13.94,7.69],"rotation":{"angle":0,"axis":"y","origin":[-2.05,13.925,8.1]},"faces":{"north":{"uv":[1.875,0.64571,2.49929,0.5],"rotation":180,"texture":"#0"},"east":{"uv":[1.875,0.64571,2.49929,0.5],"texture":"#0"},"south":{"uv":[1.875,0.64571,2.49929,0.5],"texture":"#0"},"west":{"uv":[1.875,0.64571,2.49929,0.5],"texture":"#0"},"up":{"uv":[1.875,0.64571,2.49929,0.5],"texture":"#0"},"down":{"uv":[1.875,0.64571,2.49929,0.5],"texture":"#0"}}},{"from":[-5.39,15.71,7.31],"to":[2.765,15.94,7.69],"rotation":{"angle":0,"axis":"y","origin":[-2.05,13.925,8.1]},"faces":{"north":{"uv":[1.875,0.64571,2.49929,0.5],"rotation":180,"texture":"#0"},"east":{"uv":[1.875,0.64571,2.49929,0.5],"texture":"#0"},"south":{"uv":[1.875,0.64571,2.49929,0.5],"texture":"#0"},"west":{"uv":[1.875,0.64571,2.49929,0.5],"texture":"#0"},"up":{"uv":[1.875,0.64571,2.49929,0.5],"texture":"#0"},"down":{"uv":[1.875,0.64571,2.49929,0.5],"texture":"#0"}}},{"from":[-5.39,17.71,7.31],"to":[2.765,17.94,7.69],"rotation":{"angle":0,"axis":"y","origin":[-2.05,13.925,8.1]},"faces":{"north":{"uv":[1.875,0.64571,2.49929,0.5],"rotation":180,"texture":"#0"},"east":{"uv":[1.875,0.64571,2.49929,0.5],"texture":"#0"},"south":{"uv":[1.875,0.64571,2.49929,0.5],"texture":"#0"},"west":{"uv":[1.875,0.64571,2.49929,0.5],"texture":"#0"},"up":{"uv":[1.875,0.64571,2.49929,0.5],"texture":"#0"},"down":{"uv":[1.875,0.64571,2.49929,0.5],"texture":"#0"}}},{"from":[-5.39,19.71,7.11],"to":[2.765,19.94,7.89],"rotation":{"angle":0,"axis":"y","origin":[-2.05,13.925,8.1]},"faces":{"north":{"uv":[1.875,0.64571,2.49929,0.5],"rotation":180,"texture":"#0"},"east":{"uv":[1.875,0.64571,2.49929,0.5],"texture":"#0"},"south":{"uv":[1.875,0.64571,2.49929,0.5],"texture":"#0"},"west":{"uv":[1.875,0.64571,2.49929,0.5],"texture":"#0"},"up":{"uv":[1.875,0.64571,2.49929,0.5],"texture":"#0"},"down":{"uv":[1.875,0.64571,2.49929,0.5],"texture":"#0"}}},{"from":[2.735,7.835,7.11],"to":[2.965,20.015,7.89],"rotation":{"angle":0,"axis":"y","origin":[8,8,8]},"faces":{"north":{"uv":[2.49929,0.5,1.875,0.64571],"rotation":270,"texture":"#0"},"east":{"uv":[2.49929,0.5,1.875,0.64571],"rotation":270,"texture":"#0"},"south":{"uv":[2.49929,0.5,1.875,0.64571],"rotation":270,"texture":"#0"},"west":{"uv":[2.49929,0.5,1.875,0.64571],"rotation":270,"texture":"#0"},"up":{"uv":[2.49929,0.5,1.875,0.64571],"rotation":270,"texture":"#0"},"down":{"uv":[2.49929,0.5,1.875,0.64571],"rotation":270,"texture":"#0"}}},{"from":[-5.415,7.835,7.11],"to":[-5.185,20.015,7.89],"rotation":{"angle":0,"axis":"y","origin":[8,8,8]},"faces":{"north":{"uv":[2.49929,0.5,1.875,0.64571],"rotation":270,"texture":"#0"},"east":{"uv":[2.49929,0.5,1.875,0.64571],"rotation":270,"texture":"#0"},"south":{"uv":[2.49929,0.5,1.875,0.64571],"rotation":270,"texture":"#0"},"west":{"uv":[2.49929,0.5,1.875,0.64571],"rotation":270,"texture":"#0"},"up":{"uv":[2.49929,0.5,1.875,0.64571],"rotation":270,"texture":"#0"},"down":{"uv":[2.49929,0.5,1.875,0.64571],"rotation":270,"texture":"#0"}}},{"from":[-5.415,0.135,7.11],"to":[2.965,7.915,7.89],"rotation":{"angle":0,"axis":"y","origin":[8,8,8]},"faces":{"north":{"uv":[6.35821,0.5,1.875,4.75464],"rotation":270,"texture":"#0"},"east":{"uv":[2.49929,0.5,1.875,0.64571],"rotation":270,"texture":"#0"},"south":{"uv":[6.35821,4.75464,1.875,0.5],"rotation":270,"texture":"#0"},"west":{"uv":[1.98679,0.5,1.875,4.14571],"rotation":90,"texture":"#0"},"up":{"uv":[1.98679,0.5,1.875,4.14571],"rotation":90,"texture":"#0"},"down":{"uv":[1.98679,0.5,1.875,4.14571],"rotation":90,"texture":"#0"}}},{"from":[-0.89,0.06,7.51],"to":[0.19,20.54,8.79],"rotation":{"angle":0,"axis":"y","origin":[8,8,8]},"faces":{"north":{"uv":[0.73857,0,0,11.70286],"texture":"#0"},"east":{"uv":[0.73857,0,0.675,11.70286],"texture":"#0"},"south":{"uv":[0,0,0.73857,11.70286],"texture":"#0"},"west":{"uv":[0.05107,0,0,11.70286],"texture":"#0"},"up":{"uv":[1,0,0,1],"texture":"#0"},"down":{"uv":[0.73857,11.75,0,11.67786],"rotation":180,"texture":"#0"}}},{"from":[15.81,0.06,7.51],"to":[16.89,20.54,8.79],"rotation":{"angle":0,"axis":"y","origin":[8,8,8]},"faces":{"north":{"uv":[0,0,0.73857,11.70286],"texture":"#0"},"east":{"uv":[0,0,0.05107,11.70286],"texture":"#0"},"south":{"uv":[0.73857,0,0,11.70286],"texture":"#0"},"west":{"uv":[0.675,0,0.73857,11.70286],"texture":"#0"},"up":{"uv":[0,0,1,1],"texture":"#0"},"down":{"uv":[0,11.75,0.73857,11.67786],"rotation":180,"texture":"#0"}}}],"gui_light":"front","display":{"thirdperson_righthand":{"rotation":[8.5,0,0],"translation":[-0.25,0,0],"scale":[0.37,0.37,0.36]},"thirdperson_lefthand":{"rotation":[8.5,0,0],"translation":[-0.25,0,0],"scale":[0.37,0.37,0.36]},"firstperson_righthand":{"scale":[0,0,0]},"firstperson_lefthand":{"scale":[0,0,0]},"ground":{"translation":[0,0.25,0],"scale":[0.33,0.33,0.31]},"gui":{"rotation":[24,164,0],"translation":[0,-1.75,0],"scale":[0.4,0.4,0.4]},"head":{"translation":[0,-12,-1.25],"scale":[4,3.76,4]},"fixed":{"translation":[0,-2,-3.25]}}}