{"credit":"MadewithBlockbench","texture_size":[20,20],"textures":{"0":"elitecreatures:japan_furniture_v1/lamp_8","particle":"elitecreatures:japan_furniture_v1/lamp_8"},"elements":[{"from":[10.77627,1.825,5.96515],"to":[12.77627,3.5,9.96515],"rotation":{"angle":45,"axis":"y","origin":[8,2.2125,7.94354]},"faces":{"north":{"uv":[0.125,2.725,0.525,2.85],"rotation":90,"texture":"#0"},"east":{"uv":[1.7,0,4.56875,1.34],"texture":"#0"},"south":{"uv":[0.125,2.725,0.525,2.85],"rotation":90,"texture":"#0"},"west":{"uv":[0.125,2.725,0.525,2.85],"rotation":90,"texture":"#0"},"up":{"uv":[0.125,2.975,2.75,4.175],"rotation":90,"texture":"#0"},"down":{"uv":[0.125,2.725,0.525,2.85],"rotation":90,"texture":"#0"}}},{"from":[5.97839,1.8,3.16728],"to":[9.97839,3.475,5.16728],"rotation":{"angle":0,"axis":"y","origin":[8,2.2125,7.94354]},"faces":{"north":{"uv":[1.7,0,4.56875,1.34],"texture":"#0"},"east":{"uv":[0.125,2.725,0.525,2.85],"rotation":90,"texture":"#0"},"south":{"uv":[0.125,2.725,0.525,2.85],"rotation":90,"texture":"#0"},"west":{"uv":[0.125,2.725,0.525,2.85],"rotation":90,"texture":"#0"},"up":{"uv":[0.125,2.975,3.075,4.35],"texture":"#0"},"down":{"uv":[0.125,2.725,0.525,2.85],"rotation":90,"texture":"#0"}}},{"from":[5.94784,1.825,10.79357],"to":[9.94784,3.5,12.79357],"rotation":{"angle":45,"axis":"y","origin":[8,2.2125,7.94354]},"faces":{"north":{"uv":[0.125,2.725,0.525,2.85],"rotation":90,"texture":"#0"},"east":{"uv":[0.125,2.725,0.525,2.85],"rotation":90,"texture":"#0"},"south":{"uv":[1.7,0,4.56875,1.34],"texture":"#0"},"west":{"uv":[0.125,2.725,0.525,2.85],"rotation":90,"texture":"#0"},"up":{"uv":[0.125,2.975,3.075,4.35],"rotation":180,"texture":"#0"},"down":{"uv":[0.125,2.725,0.525,2.85],"rotation":90,"texture":"#0"}}},{"from":[10.80682,1.8,5.9957],"to":[12.80682,3.475,9.9957],"rotation":{"angle":0,"axis":"y","origin":[8,2.2125,7.94354]},"faces":{"north":{"uv":[0.125,2.725,0.525,2.85],"rotation":90,"texture":"#0"},"east":{"uv":[1.7,0,4.56875,1.34],"texture":"#0"},"south":{"uv":[0.125,2.725,0.525,2.85],"rotation":90,"texture":"#0"},"west":{"uv":[0.125,2.725,0.525,2.85],"rotation":90,"texture":"#0"},"up":{"uv":[0.125,2.975,2.75,4.175],"rotation":90,"texture":"#0"},"down":{"uv":[0.125,2.725,0.525,2.85],"rotation":90,"texture":"#0"}}},{"from":[3.14997,1.8,5.9957],"to":[5.14997,3.475,9.9957],"rotation":{"angle":0,"axis":"y","origin":[8,2.2125,7.94354]},"faces":{"north":{"uv":[0.125,2.725,1.465,4.325],"rotation":90,"texture":"#0"},"east":{"uv":[0.125,2.725,0.525,2.85],"rotation":90,"texture":"#0"},"south":{"uv":[0.125,2.725,1.465,4.325],"rotation":90,"texture":"#0"},"west":{"uv":[1.7,0,4.9,1.34],"texture":"#0"},"up":{"uv":[0.125,2.975,3.325,4.575],"rotation":270,"texture":"#0"},"down":{"uv":[0.125,2.725,0.525,2.85],"rotation":90,"texture":"#0"}}},{"from":[5.94784,1.825,3.13672],"to":[9.94784,3.5,5.13672],"rotation":{"angle":45,"axis":"y","origin":[8,2.2125,7.94354]},"faces":{"north":{"uv":[1.7,0,4.56875,1.34],"texture":"#0"},"east":{"uv":[0.125,2.725,0.525,2.85],"rotation":90,"texture":"#0"},"south":{"uv":[0.125,2.725,0.525,2.85],"rotation":90,"texture":"#0"},"west":{"uv":[0.125,2.725,0.525,2.85],"rotation":90,"texture":"#0"},"up":{"uv":[0.125,2.975,3.075,4.35],"texture":"#0"},"down":{"uv":[0.125,2.725,0.525,2.85],"rotation":90,"texture":"#0"}}},{"from":[5.97839,1.8,10.82413],"to":[9.97839,3.475,12.82413],"rotation":{"angle":0,"axis":"y","origin":[8,2.2125,7.94354]},"faces":{"north":{"uv":[0.125,2.725,0.525,2.85],"rotation":90,"texture":"#0"},"east":{"uv":[0.125,2.725,1.465,4.325],"rotation":90,"texture":"#0"},"south":{"uv":[1.7,0,4.56875,1.34],"texture":"#0"},"west":{"uv":[0.125,2.725,1.465,4.325],"rotation":90,"texture":"#0"},"up":{"uv":[0.125,2.975,3.325,4.575],"rotation":180,"texture":"#0"},"down":{"uv":[0.125,2.725,0.525,2.85],"rotation":90,"texture":"#0"}}},{"from":[3.11941,1.825,5.96515],"to":[5.11941,3.5,9.96515],"rotation":{"angle":45,"axis":"y","origin":[8,2.2125,7.94354]},"faces":{"north":{"uv":[0.125,2.725,0.525,2.85],"rotation":90,"texture":"#0"},"east":{"uv":[0.125,2.725,0.525,2.85],"rotation":90,"texture":"#0"},"south":{"uv":[0.125,2.725,0.525,2.85],"rotation":90,"texture":"#0"},"west":{"uv":[1.7,0,4.56875,1.34],"texture":"#0"},"up":{"uv":[0.125,2.975,2.75,4.175],"rotation":270,"texture":"#0"},"down":{"uv":[0.125,2.725,0.525,2.85],"rotation":90,"texture":"#0"}}},{"from":[5.97211,0.225,2.92113],"to":[6.97211,2.6,3.92113],"rotation":{"angle":0,"axis":"y","origin":[8,2.2125,7.94354]},"faces":{"north":{"uv":[0,0,0.8,1.9],"texture":"#0"},"east":{"uv":[0,0,0.1,0.225],"texture":"#0"},"south":{"uv":[0,0,0.1,0.225],"texture":"#0"},"west":{"uv":[0,0,0.1,0.225],"texture":"#0"},"up":{"uv":[0,0,0.1,0.225],"texture":"#0"},"down":{"uv":[0,0,0.1,0.225],"texture":"#0"}}},{"from":[9.11744,0.225,2.95823],"to":[10.11744,2.6,3.95823],"rotation":{"angle":45,"axis":"y","origin":[8,2.2125,7.94354]},"faces":{"north":{"uv":[0.8,0,0,1.9],"texture":"#0"},"east":{"uv":[0,0,0.1,0.225],"texture":"#0"},"south":{"uv":[0,0,0.1,0.225],"texture":"#0"},"west":{"uv":[0,0,0.1,0.225],"texture":"#0"},"up":{"uv":[0,0,0.1,0.225],"texture":"#0"},"down":{"uv":[0,0,0.1,0.225],"texture":"#0"}}},{"from":[5.97211,0.175,2.82113],"to":[7.07211,0.8,3.82113],"rotation":{"angle":0,"axis":"y","origin":[8,2.2125,7.94354]},"faces":{"north":{"uv":[0,0,0.88,0.5],"texture":"#0"},"east":{"uv":[0,0,0.8,0.5],"texture":"#0"},"south":{"uv":[0,0,0.88,0.5],"texture":"#0"},"west":{"uv":[0,0,0.8,0.5],"texture":"#0"},"up":{"uv":[0,0,0.88,0.8],"texture":"#0"},"down":{"uv":[0,0,0.88,0.8],"texture":"#0"}}},{"from":[8.22243,0.175,0.6647],"to":[9.32243,0.8,1.6647],"rotation":{"angle":45,"axis":"y","origin":[10.25032,2.2125,5.78711]},"faces":{"north":{"uv":[0,0,0.88,0.5],"texture":"#0"},"east":{"uv":[0,0,0.8,0.5],"texture":"#0"},"south":{"uv":[0,0,0.88,0.5],"texture":"#0"},"west":{"uv":[0,0,0.8,0.5],"texture":"#0"},"up":{"uv":[0,0,0.88,0.8],"texture":"#0"},"down":{"uv":[0,0,0.88,0.8],"texture":"#0"}}},{"from":[6.67757,0.175,0.6647],"to":[7.77757,0.8,1.6647],"rotation":{"angle":-45,"axis":"y","origin":[5.74968,2.2125,5.78711]},"faces":{"north":{"uv":[0.1,0,0.98,0.5],"texture":"#0"},"east":{"uv":[0.1,0,0.9,0.5],"texture":"#0"},"south":{"uv":[0.1,0,0.98,0.5],"texture":"#0"},"west":{"uv":[0.1,0,0.9,0.5],"texture":"#0"},"up":{"uv":[0.1,0,0.98,0.8],"texture":"#0"},"down":{"uv":[0.1,0,0.98,0.8],"texture":"#0"}}},{"from":[8.92789,0.175,2.82113],"to":[10.02789,0.8,3.82113],"rotation":{"angle":0,"axis":"y","origin":[8,2.2125,7.94354]},"faces":{"north":{"uv":[0.1,0,0.98,0.5],"texture":"#0"},"east":{"uv":[0.1,0,0.9,0.5],"texture":"#0"},"south":{"uv":[0.1,0,0.98,0.5],"texture":"#0"},"west":{"uv":[0.1,0,0.9,0.5],"texture":"#0"},"up":{"uv":[0.1,0,0.98,0.8],"texture":"#0"},"down":{"uv":[0.1,0,0.98,0.8],"texture":"#0"}}},{"from":[5.88256,0.225,2.95823],"to":[6.88256,2.6,3.95823],"rotation":{"angle":-45,"axis":"y","origin":[8,2.2125,7.94354]},"faces":{"north":{"uv":[0,0,0.8,1.9],"texture":"#0"},"east":{"uv":[0.1,0,0,0.225],"texture":"#0"},"south":{"uv":[0.1,0,0,0.225],"texture":"#0"},"west":{"uv":[0.1,0,0,0.225],"texture":"#0"},"up":{"uv":[0.1,0,0,0.225],"texture":"#0"},"down":{"uv":[0.1,0,0,0.225],"texture":"#0"}}},{"from":[9.02789,0.225,2.92113],"to":[10.02789,2.6,3.92113],"rotation":{"angle":0,"axis":"y","origin":[8,2.2125,7.94354]},"faces":{"north":{"uv":[0.8,0,0,1.9],"texture":"#0"},"east":{"uv":[0.1,0,0,0.225],"texture":"#0"},"south":{"uv":[0.1,0,0,0.225],"texture":"#0"},"west":{"uv":[0.1,0,0,0.225],"texture":"#0"},"up":{"uv":[0.1,0,0,0.225],"texture":"#0"},"down":{"uv":[0.1,0,0,0.225],"texture":"#0"}}},{"from":[12.02241,0.225,8.97143],"to":[13.02241,2.6,9.97143],"rotation":{"angle":0,"axis":"y","origin":[8,2.2125,7.94354]},"faces":{"north":{"uv":[0.1,0,0,0.225],"texture":"#0"},"east":{"uv":[0.8,0,0,1.9],"texture":"#0"},"south":{"uv":[0.1,0,0,0.225],"texture":"#0"},"west":{"uv":[0.1,0,0,0.225],"texture":"#0"},"up":{"uv":[0.1,0,0,0.225],"rotation":90,"texture":"#0"},"down":{"uv":[0.1,0,0,0.225],"rotation":270,"texture":"#0"}}},{"from":[11.98531,0.225,5.8261],"to":[12.98531,2.6,6.8261],"rotation":{"angle":-45,"axis":"y","origin":[8,2.2125,7.94354]},"faces":{"north":{"uv":[0.1,0,0,0.225],"texture":"#0"},"east":{"uv":[0,0,0.8,1.9],"texture":"#0"},"south":{"uv":[0.1,0,0,0.225],"texture":"#0"},"west":{"uv":[0.1,0,0,0.225],"texture":"#0"},"up":{"uv":[0.1,0,0,0.225],"rotation":90,"texture":"#0"},"down":{"uv":[0.1,0,0,0.225],"rotation":270,"texture":"#0"}}},{"from":[12.12241,0.175,8.87143],"to":[13.12241,0.8,9.97143],"rotation":{"angle":0,"axis":"y","origin":[8,2.2125,7.94354]},"faces":{"north":{"uv":[0.1,0,0.9,0.5],"texture":"#0"},"east":{"uv":[0.1,0,0.98,0.5],"texture":"#0"},"south":{"uv":[0.1,0,0.9,0.5],"texture":"#0"},"west":{"uv":[0.1,0,0.98,0.5],"texture":"#0"},"up":{"uv":[0.1,0,0.98,0.8],"rotation":90,"texture":"#0"},"down":{"uv":[0.1,0,0.98,0.8],"rotation":270,"texture":"#0"}}},{"from":[14.27884,0.175,6.62111],"to":[15.27884,0.8,7.72111],"rotation":{"angle":-45,"axis":"y","origin":[10.15644,2.2125,5.69323]},"faces":{"north":{"uv":[0.1,0,0.9,0.5],"texture":"#0"},"east":{"uv":[0.1,0,0.98,0.5],"texture":"#0"},"south":{"uv":[0.1,0,0.9,0.5],"texture":"#0"},"west":{"uv":[0.1,0,0.98,0.5],"texture":"#0"},"up":{"uv":[0.1,0,0.98,0.8],"rotation":90,"texture":"#0"},"down":{"uv":[0.1,0,0.98,0.8],"rotation":270,"texture":"#0"}}},{"from":[14.27884,0.175,8.16597],"to":[15.27884,0.8,9.26597],"rotation":{"angle":45,"axis":"y","origin":[10.15644,2.2125,10.19386]},"faces":{"north":{"uv":[0,0,0.8,0.5],"texture":"#0"},"east":{"uv":[0,0,0.88,0.5],"texture":"#0"},"south":{"uv":[0,0,0.8,0.5],"texture":"#0"},"west":{"uv":[0,0,0.88,0.5],"texture":"#0"},"up":{"uv":[0,0,0.88,0.8],"rotation":90,"texture":"#0"},"down":{"uv":[0,0,0.88,0.8],"rotation":270,"texture":"#0"}}},{"from":[12.12241,0.175,5.91565],"to":[13.12241,0.8,7.01565],"rotation":{"angle":0,"axis":"y","origin":[8,2.2125,7.94354]},"faces":{"north":{"uv":[0,0,0.8,0.5],"texture":"#0"},"east":{"uv":[0,0,0.88,0.5],"texture":"#0"},"south":{"uv":[0,0,0.8,0.5],"texture":"#0"},"west":{"uv":[0,0,0.88,0.5],"texture":"#0"},"up":{"uv":[0,0,0.88,0.8],"rotation":90,"texture":"#0"},"down":{"uv":[0,0,0.88,0.8],"rotation":270,"texture":"#0"}}},{"from":[11.98531,0.225,9.06099],"to":[12.98531,2.6,10.06099],"rotation":{"angle":45,"axis":"y","origin":[8,2.2125,7.94354]},"faces":{"north":{"uv":[0,0,0.1,0.225],"texture":"#0"},"east":{"uv":[0.8,0,0,1.9],"texture":"#0"},"south":{"uv":[0,0,0.1,0.225],"texture":"#0"},"west":{"uv":[0,0,0.1,0.225],"texture":"#0"},"up":{"uv":[0,0,0.1,0.225],"rotation":90,"texture":"#0"},"down":{"uv":[0,0,0.1,0.225],"rotation":270,"texture":"#0"}}},{"from":[12.02241,0.225,5.91565],"to":[13.02241,2.6,6.91565],"rotation":{"angle":0,"axis":"y","origin":[8,2.2125,7.94354]},"faces":{"north":{"uv":[0,0,0.1,0.225],"texture":"#0"},"east":{"uv":[0,0,0.8,1.9],"texture":"#0"},"south":{"uv":[0,0,0.1,0.225],"texture":"#0"},"west":{"uv":[0,0,0.1,0.225],"texture":"#0"},"up":{"uv":[0,0,0.1,0.225],"rotation":90,"texture":"#0"},"down":{"uv":[0,0,0.1,0.225],"rotation":270,"texture":"#0"}}},{"from":[2.97759,0.225,8.97143],"to":[3.97759,2.6,9.97143],"rotation":{"angle":0,"axis":"y","origin":[8,2.2125,7.94354]},"faces":{"north":{"uv":[0,0,0.1,0.225],"texture":"#0"},"east":{"uv":[0,0,0.1,0.225],"texture":"#0"},"south":{"uv":[0,0,0.1,0.225],"texture":"#0"},"west":{"uv":[0,0,0.8,1.9],"texture":"#0"},"up":{"uv":[0.1,0.225,0,0],"rotation":90,"texture":"#0"},"down":{"uv":[0.1,0.225,0,0],"rotation":270,"texture":"#0"}}},{"from":[3.01469,0.225,5.8261],"to":[4.01469,2.6,6.8261],"rotation":{"angle":45,"axis":"y","origin":[8,2.2125,7.94354]},"faces":{"north":{"uv":[0,0,0.1,0.225],"texture":"#0"},"east":{"uv":[0,0,0.1,0.225],"texture":"#0"},"south":{"uv":[0,0,0.1,0.225],"texture":"#0"},"west":{"uv":[0.8,0,0,1.9],"texture":"#0"},"up":{"uv":[0.1,0.225,0,0],"rotation":90,"texture":"#0"},"down":{"uv":[0.1,0.225,0,0],"rotation":270,"texture":"#0"}}},{"from":[2.87759,0.175,8.87143],"to":[3.87759,0.8,9.97143],"rotation":{"angle":0,"axis":"y","origin":[8,2.2125,7.94354]},"faces":{"north":{"uv":[0,0,0.8,0.5],"texture":"#0"},"east":{"uv":[0,0,0.88,0.5],"texture":"#0"},"south":{"uv":[0,0,0.8,0.5],"texture":"#0"},"west":{"uv":[0,0,0.88,0.5],"texture":"#0"},"up":{"uv":[0.1,0.225,0.98,1.025],"rotation":90,"texture":"#0"},"down":{"uv":[0.1,0.225,0.98,1.025],"rotation":270,"texture":"#0"}}},{"from":[0.72116,0.175,6.62111],"to":[1.72116,0.8,7.72111],"rotation":{"angle":45,"axis":"y","origin":[5.84356,2.2125,5.69323]},"faces":{"north":{"uv":[0,0,0.8,0.5],"texture":"#0"},"east":{"uv":[0,0,0.88,0.5],"texture":"#0"},"south":{"uv":[0,0,0.8,0.5],"texture":"#0"},"west":{"uv":[0,0,0.88,0.5],"texture":"#0"},"up":{"uv":[0.1,0.225,0.98,1.025],"rotation":90,"texture":"#0"},"down":{"uv":[0.1,0.225,0.98,1.025],"rotation":270,"texture":"#0"}}},{"from":[0.72116,0.175,8.16597],"to":[1.72116,0.8,9.26597],"rotation":{"angle":-45,"axis":"y","origin":[5.84356,2.2125,10.19386]},"faces":{"north":{"uv":[0.1,0,0.9,0.5],"texture":"#0"},"east":{"uv":[0.1,0,0.98,0.5],"texture":"#0"},"south":{"uv":[0.1,0,0.9,0.5],"texture":"#0"},"west":{"uv":[0.1,0,0.98,0.5],"texture":"#0"},"up":{"uv":[0,0.225,0.88,1.025],"rotation":90,"texture":"#0"},"down":{"uv":[0,0.225,0.88,1.025],"rotation":270,"texture":"#0"}}},{"from":[2.87759,0.175,5.91565],"to":[3.87759,0.8,7.01565],"rotation":{"angle":0,"axis":"y","origin":[8,2.2125,7.94354]},"faces":{"north":{"uv":[0.1,0,0.9,0.5],"texture":"#0"},"east":{"uv":[0.1,0,0.98,0.5],"texture":"#0"},"south":{"uv":[0.1,0,0.9,0.5],"texture":"#0"},"west":{"uv":[0.1,0,0.98,0.5],"texture":"#0"},"up":{"uv":[0,0.225,0.88,1.025],"rotation":90,"texture":"#0"},"down":{"uv":[0,0.225,0.88,1.025],"rotation":270,"texture":"#0"}}},{"from":[3.01469,0.225,9.06099],"to":[4.01469,2.6,10.06099],"rotation":{"angle":-45,"axis":"y","origin":[8,2.2125,7.94354]},"faces":{"north":{"uv":[0.1,0,0,0.225],"texture":"#0"},"east":{"uv":[0.1,0,0,0.225],"texture":"#0"},"south":{"uv":[0.1,0,0,0.225],"texture":"#0"},"west":{"uv":[0,0,0.8,1.9],"texture":"#0"},"up":{"uv":[0,0.225,0.1,0],"rotation":90,"texture":"#0"},"down":{"uv":[0,0.225,0.1,0],"rotation":270,"texture":"#0"}}},{"from":[2.97759,0.225,5.91565],"to":[3.97759,2.6,6.91565],"rotation":{"angle":0,"axis":"y","origin":[8,2.2125,7.94354]},"faces":{"north":{"uv":[0.1,0,0,0.225],"texture":"#0"},"east":{"uv":[0.1,0,0,0.225],"texture":"#0"},"south":{"uv":[0.1,0,0,0.225],"texture":"#0"},"west":{"uv":[0.8,0,0,1.9],"texture":"#0"},"up":{"uv":[0,0.225,0.1,0],"rotation":90,"texture":"#0"},"down":{"uv":[0,0.225,0.1,0],"rotation":270,"texture":"#0"}}},{"from":[9.02789,0.225,12.07887],"to":[10.02789,2.6,13.07887],"rotation":{"angle":0,"axis":"y","origin":[8,2.2125,8.05646]},"faces":{"north":{"uv":[0,0,0.1,0.225],"texture":"#0"},"east":{"uv":[0,0,0.1,0.225],"texture":"#0"},"south":{"uv":[0,0,0.8,1.9],"texture":"#0"},"west":{"uv":[0,0,0.1,0.225],"texture":"#0"},"up":{"uv":[0.1,0.225,0,0],"texture":"#0"},"down":{"uv":[0.1,0.225,0,0],"texture":"#0"}}},{"from":[5.88256,0.225,12.04177],"to":[6.88256,2.6,13.04177],"rotation":{"angle":45,"axis":"y","origin":[8,2.2125,8.05646]},"faces":{"north":{"uv":[0,0,0.1,0.225],"texture":"#0"},"east":{"uv":[0,0,0.1,0.225],"texture":"#0"},"south":{"uv":[0.8,0,0,1.9],"texture":"#0"},"west":{"uv":[0,0,0.1,0.225],"texture":"#0"},"up":{"uv":[0.1,0.225,0,0],"texture":"#0"},"down":{"uv":[0.1,0.225,0,0],"texture":"#0"}}},{"from":[8.92789,0.175,12.17887],"to":[10.02789,0.8,13.17887],"rotation":{"angle":0,"axis":"y","origin":[8,2.2125,8.05646]},"faces":{"north":{"uv":[0,0,0.88,0.5],"texture":"#0"},"east":{"uv":[0,0,0.8,0.5],"texture":"#0"},"south":{"uv":[0,0,0.88,0.5],"texture":"#0"},"west":{"uv":[0,0,0.8,0.5],"texture":"#0"},"up":{"uv":[0.1,0.225,0.98,1.025],"texture":"#0"},"down":{"uv":[0.1,0.225,0.98,1.025],"texture":"#0"}}},{"from":[6.67757,0.175,14.3353],"to":[7.77757,0.8,15.3353],"rotation":{"angle":45,"axis":"y","origin":[5.74968,2.2125,10.21289]},"faces":{"north":{"uv":[0,0,0.88,0.5],"texture":"#0"},"east":{"uv":[0,0,0.8,0.5],"texture":"#0"},"south":{"uv":[0,0,0.88,0.5],"texture":"#0"},"west":{"uv":[0,0,0.8,0.5],"texture":"#0"},"up":{"uv":[0.1,0.225,0.98,1.025],"texture":"#0"},"down":{"uv":[0.1,0.225,0.98,1.025],"texture":"#0"}}},{"from":[8.22243,0.175,14.3353],"to":[9.32243,0.8,15.3353],"rotation":{"angle":-45,"axis":"y","origin":[10.25032,2.2125,10.21289]},"faces":{"north":{"uv":[0.1,0,0.98,0.5],"texture":"#0"},"east":{"uv":[0.1,0,0.9,0.5],"texture":"#0"},"south":{"uv":[0.1,0,0.98,0.5],"texture":"#0"},"west":{"uv":[0.1,0,0.9,0.5],"texture":"#0"},"up":{"uv":[0,0.225,0.88,1.025],"texture":"#0"},"down":{"uv":[0,0.225,0.88,1.025],"texture":"#0"}}},{"from":[5.97211,0.175,12.17887],"to":[7.07211,0.8,13.17887],"rotation":{"angle":0,"axis":"y","origin":[8,2.2125,8.05646]},"faces":{"north":{"uv":[0.1,0,0.98,0.5],"texture":"#0"},"east":{"uv":[0.1,0,0.9,0.5],"texture":"#0"},"south":{"uv":[0.1,0,0.98,0.5],"texture":"#0"},"west":{"uv":[0.1,0,0.9,0.5],"texture":"#0"},"up":{"uv":[0,0.225,0.88,1.025],"texture":"#0"},"down":{"uv":[0,0.225,0.88,1.025],"texture":"#0"}}},{"from":[9.11744,0.225,12.04177],"to":[10.11744,2.6,13.04177],"rotation":{"angle":-45,"axis":"y","origin":[8,2.2125,8.05646]},"faces":{"north":{"uv":[0.1,0,0,0.225],"texture":"#0"},"east":{"uv":[0.1,0,0,0.225],"texture":"#0"},"south":{"uv":[0,0,0.8,1.9],"texture":"#0"},"west":{"uv":[0.1,0,0,0.225],"texture":"#0"},"up":{"uv":[0,0.225,0.1,0],"texture":"#0"},"down":{"uv":[0,0.225,0.1,0],"texture":"#0"}}},{"from":[5.97211,0.225,12.07887],"to":[6.97211,2.6,13.07887],"rotation":{"angle":0,"axis":"y","origin":[8,2.2125,8.05646]},"faces":{"north":{"uv":[0.1,0,0,0.225],"texture":"#0"},"east":{"uv":[0.1,0,0,0.225],"texture":"#0"},"south":{"uv":[0.8,0,0,1.9],"texture":"#0"},"west":{"uv":[0.1,0,0,0.225],"texture":"#0"},"up":{"uv":[0,0.225,0.1,0],"texture":"#0"},"down":{"uv":[0,0.225,0.1,0],"texture":"#0"}}},{"from":[4.18839,3.1065,6.41187],"to":[5.74839,4.513,9.53187],"rotation":{"angle":45,"axis":"y","origin":[7.99525,3.90875,7.95502]},"faces":{"north":{"uv":[0.125,2.725,0.525,2.85],"rotation":90,"texture":"#0"},"east":{"uv":[0.125,2.725,0.525,2.85],"rotation":90,"texture":"#0"},"south":{"uv":[0.125,2.725,0.525,2.85],"rotation":90,"texture":"#0"},"west":{"uv":[3.375,2.475,4.5002,4.971],"rotation":90,"texture":"#0"},"up":{"uv":[0.125,2.725,0.525,2.85],"rotation":90,"texture":"#0"},"down":{"uv":[0.125,2.725,0.525,2.85],"rotation":90,"texture":"#0"}}},{"from":[6.41839,3.087,10.20188],"to":[9.53839,4.4935,11.76188],"rotation":{"angle":0,"axis":"y","origin":[7.99525,3.90875,7.95502]},"faces":{"north":{"uv":[0.125,2.725,0.525,2.85],"rotation":90,"texture":"#0"},"east":{"uv":[0.125,2.725,0.525,2.85],"rotation":90,"texture":"#0"},"south":{"uv":[3.375,2.475,4.5002,4.971],"rotation":90,"texture":"#0"},"west":{"uv":[0.125,2.725,0.525,2.85],"rotation":90,"texture":"#0"},"up":{"uv":[0.125,2.725,0.525,2.85],"rotation":90,"texture":"#0"},"down":{"uv":[0.125,2.725,0.525,2.85],"rotation":90,"texture":"#0"}}},{"from":[6.39456,3.1065,4.2057],"to":[9.51456,4.513,5.7657],"rotation":{"angle":45,"axis":"y","origin":[7.99525,3.90875,7.95502]},"faces":{"north":{"uv":[3.375,2.475,4.5002,4.971],"rotation":90,"texture":"#0"},"east":{"uv":[0.125,2.725,0.525,2.85],"rotation":90,"texture":"#0"},"south":{"uv":[0.125,2.725,0.525,2.85],"rotation":90,"texture":"#0"},"west":{"uv":[0.125,2.725,0.525,2.85],"rotation":90,"texture":"#0"},"up":{"uv":[0.125,2.725,0.525,2.85],"rotation":90,"texture":"#0"},"down":{"uv":[0.125,2.725,0.525,2.85],"rotation":90,"texture":"#0"}}},{"from":[4.21222,3.087,6.4357],"to":[5.77222,4.4935,9.5557],"rotation":{"angle":0,"axis":"y","origin":[7.99525,3.90875,7.95502]},"faces":{"north":{"uv":[0.125,2.725,0.525,2.85],"rotation":90,"texture":"#0"},"east":{"uv":[0.125,2.725,0.525,2.85],"rotation":90,"texture":"#0"},"south":{"uv":[0.125,2.725,0.525,2.85],"rotation":90,"texture":"#0"},"west":{"uv":[3.375,2.475,4.5002,4.971],"rotation":90,"texture":"#0"},"up":{"uv":[0.125,2.725,0.525,2.85],"rotation":90,"texture":"#0"},"down":{"uv":[0.125,2.725,0.525,2.85],"rotation":90,"texture":"#0"}}},{"from":[10.18457,3.087,6.4357],"to":[11.74457,4.4935,9.5557],"rotation":{"angle":0,"axis":"y","origin":[7.99525,3.90875,7.95502]},"faces":{"north":{"uv":[0.125,2.725,0.525,2.85],"rotation":90,"texture":"#0"},"east":{"uv":[3.375,2.475,4.5002,4.971],"rotation":90,"texture":"#0"},"south":{"uv":[0.125,2.725,0.525,2.85],"rotation":90,"texture":"#0"},"west":{"uv":[0.125,2.725,0.525,2.85],"rotation":90,"texture":"#0"},"up":{"uv":[0.125,2.725,0.525,2.85],"rotation":90,"texture":"#0"},"down":{"uv":[0.125,2.725,0.525,2.85],"rotation":90,"texture":"#0"}}},{"from":[6.39456,3.1065,10.17804],"to":[9.51456,4.513,11.73804],"rotation":{"angle":45,"axis":"y","origin":[7.99525,3.90875,7.95502]},"faces":{"north":{"uv":[0.125,2.725,0.525,2.85],"rotation":90,"texture":"#0"},"east":{"uv":[0.125,2.725,0.525,2.85],"rotation":90,"texture":"#0"},"south":{"uv":[3.375,2.475,4.5002,4.971],"rotation":90,"texture":"#0"},"west":{"uv":[0.125,2.725,0.525,2.85],"rotation":90,"texture":"#0"},"up":{"uv":[0.125,2.725,0.525,2.85],"rotation":90,"texture":"#0"},"down":{"uv":[0.125,2.725,0.525,2.85],"rotation":90,"texture":"#0"}}},{"from":[6.41839,3.087,4.22953],"to":[9.53839,4.4935,5.78953],"rotation":{"angle":0,"axis":"y","origin":[7.99525,3.90875,7.95502]},"faces":{"north":{"uv":[3.375,2.475,4.5002,4.971],"rotation":90,"texture":"#0"},"east":{"uv":[0.125,2.725,0.525,2.85],"rotation":90,"texture":"#0"},"south":{"uv":[0.125,2.725,0.525,2.85],"rotation":90,"texture":"#0"},"west":{"uv":[0.125,2.725,0.525,2.85],"rotation":90,"texture":"#0"},"up":{"uv":[0.125,2.725,0.525,2.85],"rotation":90,"texture":"#0"},"down":{"uv":[0.125,2.725,0.525,2.85],"rotation":90,"texture":"#0"}}},{"from":[10.16074,3.1065,6.41187],"to":[11.72074,4.513,9.53187],"rotation":{"angle":45,"axis":"y","origin":[7.99525,3.90875,7.95502]},"faces":{"north":{"uv":[0.125,2.725,0.525,2.85],"rotation":90,"texture":"#0"},"east":{"uv":[3.375,2.475,4.5002,4.971],"rotation":90,"texture":"#0"},"south":{"uv":[0.125,2.725,0.525,2.85],"rotation":90,"texture":"#0"},"west":{"uv":[0.125,2.725,0.525,2.85],"rotation":90,"texture":"#0"},"up":{"uv":[0.125,2.725,0.525,2.85],"rotation":90,"texture":"#0"},"down":{"uv":[0.125,2.725,0.525,2.85],"rotation":90,"texture":"#0"}}},{"from":[6.17876,4.4065,10.71903],"to":[6.79876,6.513,11.47903],"rotation":{"angle":0,"axis":"y","origin":[7.29808,3.90875,7.69601]},"faces":{"north":{"uv":[0,6.431,0.1352,6.7],"rotation":90,"texture":"#0"},"east":{"uv":[0,6.431,0.1352,6.7],"rotation":90,"texture":"#0"},"south":{"uv":[0,6.7,1.6852,6.431],"rotation":90,"texture":"#0"},"west":{"uv":[0,6.431,0.1352,6.7],"rotation":90,"texture":"#0"},"up":{"uv":[0,6.431,0.1352,6.7],"rotation":90,"texture":"#0"},"down":{"uv":[0,6.431,0.1352,6.7],"rotation":90,"texture":"#0"}}},{"from":[6.88544,4.4065,10.97804],"to":[9.20544,6.513,11.73804],"rotation":{"angle":-45,"axis":"y","origin":[8.00475,3.90875,7.95502]},"faces":{"north":{"uv":[0,6.431,0.1352,6.7],"rotation":90,"texture":"#0"},"east":{"uv":[0,6.431,0.1352,6.7],"rotation":90,"texture":"#0"},"south":{"uv":[0,6.431,1.6852,4.85],"rotation":90,"texture":"#0"},"west":{"uv":[0,6.431,0.1352,6.7],"rotation":90,"texture":"#0"},"up":{"uv":[0,6.431,0.1352,6.7],"rotation":90,"texture":"#0"},"down":{"uv":[0,6.431,0.1352,6.7],"rotation":90,"texture":"#0"}}},{"from":[4.53827,4.4065,9.21855],"to":[5.29827,6.513,9.83855],"rotation":{"angle":0,"axis":"y","origin":[1.51525,3.90875,8.71923]},"faces":{"north":{"uv":[0,6.431,0.1352,6.7],"rotation":90,"texture":"#0"},"east":{"uv":[0,6.431,0.1352,6.7],"rotation":90,"texture":"#0"},"south":{"uv":[0,6.431,0.1352,6.7],"rotation":90,"texture":"#0"},"west":{"uv":[0,6.431,1.6852,6.7],"rotation":90,"texture":"#0"},"up":{"uv":[0,6.431,0.1352,6.7],"rotation":90,"texture":"#0"},"down":{"uv":[0,6.431,0.1352,6.7],"rotation":90,"texture":"#0"}}},{"from":[6.41839,6.487,10.20188],"to":[9.53839,7.0935,11.76188],"rotation":{"angle":0,"axis":"y","origin":[7.99525,7.30875,7.95502]},"faces":{"north":{"uv":[0.125,2.725,0.525,2.85],"rotation":90,"texture":"#0"},"east":{"uv":[0.125,2.725,0.525,2.85],"rotation":90,"texture":"#0"},"south":{"uv":[11.25,4.75,13.8085,5.2352],"texture":"#0"},"west":{"uv":[0.125,2.725,0.525,2.85],"rotation":90,"texture":"#0"},"up":{"uv":[0.125,2.725,0.525,2.85],"rotation":90,"texture":"#0"},"down":{"uv":[11.25,4.75,13.8085,5.2352],"texture":"#0"}}},{"from":[4.18839,6.5065,6.41187],"to":[5.74839,7.113,9.53187],"rotation":{"angle":45,"axis":"y","origin":[7.99525,7.30875,7.95502]},"faces":{"north":{"uv":[0.125,2.725,0.525,2.85],"rotation":90,"texture":"#0"},"east":{"uv":[0.125,2.725,0.525,2.85],"rotation":90,"texture":"#0"},"south":{"uv":[0.125,2.725,0.525,2.85],"rotation":90,"texture":"#0"},"west":{"uv":[11.25,4.75,13.8085,5.2352],"texture":"#0"},"up":{"uv":[0.125,2.725,0.525,2.85],"rotation":90,"texture":"#0"},"down":{"uv":[0.125,2.725,0.525,2.85],"rotation":90,"texture":"#0"}}},{"from":[4.18839,6.487,6.37816],"to":[5.74839,7.0935,9.49816],"rotation":{"angle":0,"axis":"y","origin":[7.99525,7.30875,7.95502]},"faces":{"north":{"uv":[0.125,2.725,0.525,2.85],"rotation":90,"texture":"#0"},"east":{"uv":[0.125,2.725,0.525,2.85],"rotation":90,"texture":"#0"},"south":{"uv":[0.125,2.725,0.525,2.85],"rotation":90,"texture":"#0"},"west":{"uv":[11.25,4.75,13.8085,5.2352],"texture":"#0"},"up":{"uv":[0.125,2.725,0.525,2.85],"rotation":180,"texture":"#0"},"down":{"uv":[11.25,4.75,13.8085,5.2352],"rotation":270,"texture":"#0"}}},{"from":[6.4184,6.5065,4.14816],"to":[9.5384,7.113,5.70816],"rotation":{"angle":45,"axis":"y","origin":[7.99525,7.30875,7.95502]},"faces":{"north":{"uv":[11.25,4.75,13.8085,5.2352],"texture":"#0"},"east":{"uv":[0.125,2.725,0.525,2.85],"rotation":90,"texture":"#0"},"south":{"uv":[0.125,2.725,0.525,2.85],"rotation":90,"texture":"#0"},"west":{"uv":[0.125,2.725,0.525,2.85],"rotation":90,"texture":"#0"},"up":{"uv":[0.125,2.725,0.525,2.85],"rotation":180,"texture":"#0"},"down":{"uv":[0.125,2.725,0.525,2.85],"texture":"#0"}}},{"from":[6.45211,6.487,4.14816],"to":[9.57211,7.0935,5.70816],"rotation":{"angle":0,"axis":"y","origin":[7.99525,7.30875,7.95502]},"faces":{"north":{"uv":[11.25,4.75,13.8085,5.2352],"texture":"#0"},"east":{"uv":[0.125,2.725,0.525,2.85],"rotation":90,"texture":"#0"},"south":{"uv":[0.125,2.725,0.525,2.85],"rotation":90,"texture":"#0"},"west":{"uv":[0.125,2.725,0.525,2.85],"rotation":90,"texture":"#0"},"up":{"uv":[0.125,2.725,0.525,2.85],"rotation":270,"texture":"#0"},"down":{"uv":[11.25,4.75,13.8085,5.2352],"rotation":180,"texture":"#0"}}},{"from":[6.4184,6.5065,4.14816],"to":[9.5384,7.113,5.70816],"rotation":{"angle":-45,"axis":"y","origin":[7.99525,7.30875,7.95502]},"faces":{"north":{"uv":[11.25,4.75,13.8085,5.2352],"texture":"#0"},"east":{"uv":[0.125,2.725,0.525,2.85],"rotation":90,"texture":"#0"},"south":{"uv":[0.125,2.725,0.525,2.85],"rotation":90,"texture":"#0"},"west":{"uv":[0.125,2.725,0.525,2.85],"rotation":90,"texture":"#0"},"up":{"uv":[0.125,2.725,0.525,2.85],"rotation":180,"texture":"#0"},"down":{"uv":[0.125,2.725,0.525,2.85],"texture":"#0"}}},{"from":[10.24211,6.487,6.41188],"to":[11.80211,7.0935,9.53188],"rotation":{"angle":0,"axis":"y","origin":[7.99525,7.30875,7.95502]},"faces":{"north":{"uv":[0.125,2.725,0.525,2.85],"rotation":90,"texture":"#0"},"east":{"uv":[11.25,4.75,13.8085,5.2352],"texture":"#0"},"south":{"uv":[0.125,2.725,0.525,2.85],"rotation":90,"texture":"#0"},"west":{"uv":[0.125,2.725,0.525,2.85],"rotation":90,"texture":"#0"},"up":{"uv":[0.125,2.725,0.525,2.85],"texture":"#0"},"down":{"uv":[11.25,4.75,13.8085,5.2352],"rotation":90,"texture":"#0"}}},{"from":[10.24211,6.5065,6.37817],"to":[11.80211,7.113,9.49817],"rotation":{"angle":-45,"axis":"y","origin":[7.99525,7.30875,7.95502]},"faces":{"north":{"uv":[0.125,2.725,0.525,2.85],"rotation":90,"texture":"#0"},"east":{"uv":[11.25,4.75,13.8085,5.2352],"texture":"#0"},"south":{"uv":[0.125,2.725,0.525,2.85],"rotation":90,"texture":"#0"},"west":{"uv":[0.125,2.725,0.525,2.85],"rotation":90,"texture":"#0"},"up":{"uv":[0.125,2.725,0.525,2.85],"rotation":270,"texture":"#0"},"down":{"uv":[0.125,2.725,0.525,2.85],"rotation":270,"texture":"#0"}}},{"from":[6.23119,6.94944,10.46662],"to":[9.72559,7.22872,12.21382],"rotation":{"angle":-45,"axis":"y","origin":[7.99727,7.8698,7.95014]},"faces":{"north":{"uv":[0.125,2.725,0.525,2.85],"rotation":90,"texture":"#0"},"east":{"uv":[0.125,2.725,0.525,2.85],"rotation":90,"texture":"#0"},"south":{"uv":[11.48674,3,13.825,4.13163],"texture":"#0"},"west":{"uv":[0.125,2.725,0.525,2.85],"rotation":90,"texture":"#0"},"up":{"uv":[11.48674,3,13.825,4.13163],"texture":"#0"},"down":{"uv":[0.125,2.725,0.525,2.85],"rotation":90,"texture":"#0"}}},{"from":[6.23119,6.94944,10.46662],"to":[9.72559,7.22872,12.21382],"rotation":{"angle":0,"axis":"y","origin":[7.99727,7.8698,7.95014]},"faces":{"north":{"uv":[0.125,2.725,0.525,2.85],"rotation":90,"texture":"#0"},"east":{"uv":[0.125,2.725,0.525,2.85],"rotation":90,"texture":"#0"},"south":{"uv":[11.48674,3,13.825,4.13163],"texture":"#0"},"west":{"uv":[0.125,2.725,0.525,2.85],"rotation":90,"texture":"#0"},"up":{"uv":[11.48674,3,13.825,4.13163],"texture":"#0"},"down":{"uv":[0.125,2.725,0.525,2.85],"rotation":90,"texture":"#0"}}},{"from":[6.37097,7.06148,10.26894],"to":[9.58582,7.51842,11.87637],"rotation":{"angle":0,"axis":"y","origin":[7.99576,8.10822,7.95378]},"faces":{"north":{"uv":[0.125,2.725,0.525,2.85],"rotation":90,"texture":"#0"},"east":{"uv":[0.125,2.725,0.525,2.85],"rotation":90,"texture":"#0"},"south":{"uv":[11.56174,3,13.75,4.13163],"texture":"#0"},"west":{"uv":[0.125,2.725,0.525,2.85],"rotation":90,"texture":"#0"},"up":{"uv":[11.56174,3,13.75,4.13163],"texture":"#0"},"down":{"uv":[0.125,2.725,0.525,2.85],"rotation":90,"texture":"#0"}}},{"from":[6.37097,7.06148,10.26894],"to":[9.58582,7.51842,11.87637],"rotation":{"angle":-45,"axis":"y","origin":[7.99576,8.10822,7.95378]},"faces":{"north":{"uv":[0.125,2.725,0.525,2.85],"rotation":90,"texture":"#0"},"east":{"uv":[0.125,2.725,0.525,2.85],"rotation":90,"texture":"#0"},"south":{"uv":[11.56174,3,13.75,4.13163],"texture":"#0"},"west":{"uv":[0.125,2.725,0.525,2.85],"rotation":90,"texture":"#0"},"up":{"uv":[11.56174,3,13.75,4.13163],"texture":"#0"},"down":{"uv":[0.125,2.725,0.525,2.85],"rotation":90,"texture":"#0"}}},{"from":[6.56386,7.39011,9.99615],"to":[9.39293,7.79221,11.41069],"rotation":{"angle":0,"axis":"y","origin":[7.99368,8.31123,7.95881]},"faces":{"north":{"uv":[0.125,2.725,0.525,2.85],"rotation":90,"texture":"#0"},"east":{"uv":[0.125,2.725,0.525,2.85],"rotation":90,"texture":"#0"},"south":{"uv":[11.66174,4,13.625,4.13163],"texture":"#0"},"west":{"uv":[0.125,2.725,0.525,2.85],"rotation":90,"texture":"#0"},"up":{"uv":[11.66174,3,13.625,4.13163],"texture":"#0"},"down":{"uv":[0.125,2.725,0.525,2.85],"rotation":90,"texture":"#0"}}},{"from":[6.56386,7.39011,9.99615],"to":[9.39293,7.79221,11.41069],"rotation":{"angle":-45,"axis":"y","origin":[7.99368,8.31123,7.95881]},"faces":{"north":{"uv":[0.125,2.725,0.525,2.85],"rotation":90,"texture":"#0"},"east":{"uv":[0.125,2.725,0.525,2.85],"rotation":90,"texture":"#0"},"south":{"uv":[11.66174,4,13.625,4.13163],"texture":"#0"},"west":{"uv":[0.125,2.725,0.525,2.85],"rotation":90,"texture":"#0"},"up":{"uv":[11.66174,3,13.625,4.13163],"texture":"#0"},"down":{"uv":[0.125,2.725,0.525,2.85],"rotation":90,"texture":"#0"}}},{"from":[6.73361,7.71529,9.7561],"to":[9.22318,8.06915,11.00089],"rotation":{"angle":0,"axis":"y","origin":[7.99184,8.52588,7.96324]},"faces":{"north":{"uv":[0.125,2.725,0.525,2.85],"rotation":90,"texture":"#0"},"east":{"uv":[0.125,2.725,0.525,2.85],"rotation":90,"texture":"#0"},"south":{"uv":[14.25834,4.25,16,4.24583],"texture":"#0"},"west":{"uv":[0.125,2.725,0.525,2.85],"rotation":90,"texture":"#0"},"up":{"uv":[14.25834,3.25,16,4.24583],"texture":"#0"},"down":{"uv":[0.125,2.725,0.525,2.85],"rotation":90,"texture":"#0"}}},{"from":[6.73361,7.71529,9.7561],"to":[9.22318,8.06915,11.00089],"rotation":{"angle":-45,"axis":"y","origin":[7.99184,8.52588,7.96324]},"faces":{"north":{"uv":[0.125,2.725,0.525,2.85],"rotation":90,"texture":"#0"},"east":{"uv":[0.125,2.725,0.525,2.85],"rotation":90,"texture":"#0"},"south":{"uv":[14.25834,4.25,16,4.24583],"texture":"#0"},"west":{"uv":[0.125,2.725,0.525,2.85],"rotation":90,"texture":"#0"},"up":{"uv":[15.51625,4.425,16,4.485],"rotation":90,"texture":"#0"},"down":{"uv":[0.125,2.725,0.525,2.85],"rotation":90,"texture":"#0"}}},{"from":[5.3081,7.93376,6.73006],"to":[10.64872,8.27723,9.10037],"rotation":{"angle":0,"axis":"y","origin":[7.9905,8.66329,7.96648]},"faces":{"east":{"uv":[13.875,0,14.12978,1.81625],"rotation":90,"texture":"#0"},"west":{"uv":[13.875,0,14.12978,1.81625],"rotation":90,"texture":"#0"},"up":{"uv":[14.18375,0,16,4.2725],"rotation":90,"texture":"#0"},"down":{"uv":[0.125,2.725,0.525,2.85],"rotation":90,"texture":"#0"}}},{"from":[6.8081,7.93376,9.08006],"to":[9.14872,8.25223,10.70037],"rotation":{"angle":0,"axis":"y","origin":[7.9905,8.66329,7.96648]},"faces":{"east":{"uv":[13.875,0,14.12978,1.81625],"rotation":90,"texture":"#0"},"south":{"uv":[13.875,0,14.12978,1.8725],"rotation":90,"texture":"#0"},"west":{"uv":[13.875,0,14.12978,1.81625],"rotation":90,"texture":"#0"},"up":{"uv":[14.51625,4.5,16,6.485],"rotation":90,"texture":"#0"},"down":{"uv":[0.125,2.725,0.525,2.85],"rotation":90,"texture":"#0"}}},{"from":[6.83228,7.93376,5.23259],"to":[9.1729,8.25223,6.8529],"rotation":{"angle":0,"axis":"y","origin":[7.9905,8.66329,7.96648]},"faces":{"north":{"uv":[13.875,0,14.12978,1.8725],"rotation":90,"texture":"#0"},"east":{"uv":[13.875,0,14.12978,1.81625],"rotation":90,"texture":"#0"},"west":{"uv":[13.875,0,14.12978,1.81625],"rotation":90,"texture":"#0"},"up":{"uv":[14.51625,4.5,16,6.485],"rotation":270,"texture":"#0"},"down":{"uv":[0.125,2.725,0.525,2.85],"rotation":270,"texture":"#0"}}},{"from":[6.7605,7.71529,4.92559],"to":[9.25007,8.06915,6.17038],"rotation":{"angle":0,"axis":"y","origin":[7.99184,8.52588,7.96324]},"faces":{"north":{"uv":[14.25834,4.25,16,4.24583],"texture":"#0"},"east":{"uv":[0.125,2.725,0.525,2.85],"rotation":90,"texture":"#0"},"south":{"uv":[0.125,2.725,0.525,2.85],"rotation":90,"texture":"#0"},"west":{"uv":[0.125,2.725,0.525,2.85],"rotation":90,"texture":"#0"},"up":{"uv":[14.25834,3.25,16,4.24583],"rotation":180,"texture":"#0"},"down":{"uv":[0.125,2.725,0.525,2.85],"rotation":270,"texture":"#0"}}},{"from":[6.59443,7.39011,4.50693],"to":[9.4235,7.79221,5.92147],"rotation":{"angle":0,"axis":"y","origin":[7.99368,8.31123,7.95881]},"faces":{"north":{"uv":[11.66174,4,13.625,4.13163],"texture":"#0"},"east":{"uv":[0.125,2.725,0.525,2.85],"rotation":90,"texture":"#0"},"south":{"uv":[0.125,2.725,0.525,2.85],"rotation":90,"texture":"#0"},"west":{"uv":[0.125,2.725,0.525,2.85],"rotation":90,"texture":"#0"},"up":{"uv":[11.66174,3,13.625,4.13163],"rotation":180,"texture":"#0"},"down":{"uv":[0.125,2.725,0.525,2.85],"rotation":270,"texture":"#0"}}},{"from":[6.4057,7.06148,4.03119],"to":[9.62055,7.51842,5.63862],"rotation":{"angle":0,"axis":"y","origin":[7.99576,8.10822,7.95378]},"faces":{"north":{"uv":[11.56174,3,13.75,4.13163],"texture":"#0"},"east":{"uv":[0.125,2.725,0.525,2.85],"rotation":90,"texture":"#0"},"south":{"uv":[0.125,2.725,0.525,2.85],"rotation":90,"texture":"#0"},"west":{"uv":[0.125,2.725,0.525,2.85],"rotation":90,"texture":"#0"},"up":{"uv":[11.56174,3,13.75,4.13163],"rotation":180,"texture":"#0"},"down":{"uv":[0.125,2.725,0.525,2.85],"rotation":270,"texture":"#0"}}},{"from":[6.26895,6.94944,3.68646],"to":[9.76335,7.22872,5.43366],"rotation":{"angle":0,"axis":"y","origin":[7.99727,7.8698,7.95014]},"faces":{"north":{"uv":[11.48674,3,13.825,4.13163],"texture":"#0"},"east":{"uv":[0.125,2.725,0.525,2.85],"rotation":90,"texture":"#0"},"south":{"uv":[0.125,2.725,0.525,2.85],"rotation":90,"texture":"#0"},"west":{"uv":[0.125,2.725,0.525,2.85],"rotation":90,"texture":"#0"},"up":{"uv":[11.48674,3,13.825,4.13163],"rotation":180,"texture":"#0"},"down":{"uv":[0.125,2.725,0.525,2.85],"rotation":270,"texture":"#0"}}},{"from":[6.8081,7.93376,9.08006],"to":[9.14872,8.22723,10.70037],"rotation":{"angle":-45,"axis":"y","origin":[7.9905,8.66329,7.96648]},"faces":{"east":{"uv":[13.875,0,14.12978,1.81625],"rotation":90,"texture":"#0"},"south":{"uv":[11.80834,3,13.5,3.99583],"texture":"#0"},"west":{"uv":[13.875,0,14.12978,1.81625],"rotation":90,"texture":"#0"},"up":{"uv":[15.51625,4.425,16,4.485],"rotation":90,"texture":"#0"},"down":{"uv":[0.125,2.725,0.525,2.85],"rotation":90,"texture":"#0"}}},{"from":[4.95419,7.71529,6.70501],"to":[6.19898,8.06915,9.19458],"rotation":{"angle":0,"axis":"y","origin":[7.99184,8.52588,7.96324]},"faces":{"north":{"uv":[0.125,2.725,0.525,2.85],"rotation":90,"texture":"#0"},"east":{"uv":[0.125,2.725,0.525,2.85],"rotation":90,"texture":"#0"},"south":{"uv":[0.125,2.725,0.525,2.85],"rotation":90,"texture":"#0"},"west":{"uv":[14.25834,4.25,16,4.24583],"texture":"#0"},"up":{"uv":[14.25834,3.25,16,4.24583],"rotation":90,"texture":"#0"},"down":{"uv":[0.125,2.725,0.525,2.85],"texture":"#0"}}},{"from":[4.5418,7.39011,6.52899],"to":[5.95634,7.79221,9.35806],"rotation":{"angle":0,"axis":"y","origin":[7.99368,8.31123,7.95881]},"faces":{"north":{"uv":[0.125,2.725,0.525,2.85],"rotation":90,"texture":"#0"},"east":{"uv":[0.125,2.725,0.525,2.85],"rotation":90,"texture":"#0"},"south":{"uv":[0.125,2.725,0.525,2.85],"rotation":90,"texture":"#0"},"west":{"uv":[11.66174,4,13.625,4.13163],"texture":"#0"},"up":{"uv":[11.66174,3,13.625,4.13163],"rotation":90,"texture":"#0"},"down":{"uv":[0.125,2.725,0.525,2.85],"texture":"#0"}}},{"from":[4.07317,7.06148,6.32899],"to":[5.6806,7.51842,9.54384],"rotation":{"angle":0,"axis":"y","origin":[7.99576,8.10822,7.95378]},"faces":{"north":{"uv":[0.125,2.725,0.525,2.85],"rotation":90,"texture":"#0"},"east":{"uv":[0.125,2.725,0.525,2.85],"rotation":90,"texture":"#0"},"south":{"uv":[0.125,2.725,0.525,2.85],"rotation":90,"texture":"#0"},"west":{"uv":[11.56174,3,13.75,4.13163],"texture":"#0"},"up":{"uv":[11.56174,3,13.75,4.13163],"rotation":90,"texture":"#0"},"down":{"uv":[0.125,2.725,0.525,2.85],"texture":"#0"}}},{"from":[3.73359,6.94944,6.18406],"to":[5.48079,7.22872,9.67846],"rotation":{"angle":0,"axis":"y","origin":[7.99727,7.8698,7.95014]},"faces":{"north":{"uv":[0.125,2.725,0.525,2.85],"rotation":90,"texture":"#0"},"east":{"uv":[0.125,2.725,0.525,2.85],"rotation":90,"texture":"#0"},"south":{"uv":[0.125,2.725,0.525,2.85],"rotation":90,"texture":"#0"},"west":{"uv":[11.48674,3,13.825,4.13163],"texture":"#0"},"up":{"uv":[11.48674,3,13.825,4.13163],"rotation":90,"texture":"#0"},"down":{"uv":[0.125,2.725,0.525,2.85],"texture":"#0"}}},{"from":[5.25661,7.93376,6.78408],"to":[6.87692,8.22723,9.1247],"rotation":{"angle":-45,"axis":"y","origin":[7.9905,8.66329,7.96648]},"faces":{"north":{"uv":[13.875,0,14.12978,1.81625],"rotation":90,"texture":"#0"},"south":{"uv":[13.875,0,14.12978,1.81625],"rotation":90,"texture":"#0"},"west":{"uv":[11.80834,3,13.5,3.99583],"texture":"#0"},"up":{"uv":[15.51625,4.425,16,4.485],"rotation":90,"texture":"#0"},"down":{"uv":[0.125,2.725,0.525,2.85],"texture":"#0"}}},{"from":[4.95419,7.71529,6.70501],"to":[6.19898,8.06915,9.19458],"rotation":{"angle":-45,"axis":"y","origin":[7.99184,8.52588,7.96324]},"faces":{"north":{"uv":[0.125,2.725,0.525,2.85],"rotation":90,"texture":"#0"},"east":{"uv":[0.125,2.725,0.525,2.85],"rotation":90,"texture":"#0"},"south":{"uv":[0.125,2.725,0.525,2.85],"rotation":90,"texture":"#0"},"west":{"uv":[14.25834,4.25,16,4.24583],"texture":"#0"},"up":{"uv":[15.51625,4.425,16,4.485],"rotation":90,"texture":"#0"},"down":{"uv":[0.125,2.725,0.525,2.85],"texture":"#0"}}},{"from":[4.5418,7.39011,6.52899],"to":[5.95634,7.79221,9.35806],"rotation":{"angle":-45,"axis":"y","origin":[7.99368,8.31123,7.95881]},"faces":{"north":{"uv":[0.125,2.725,0.525,2.85],"rotation":90,"texture":"#0"},"east":{"uv":[0.125,2.725,0.525,2.85],"rotation":90,"texture":"#0"},"south":{"uv":[0.125,2.725,0.525,2.85],"rotation":90,"texture":"#0"},"west":{"uv":[11.66174,4,13.625,4.13163],"texture":"#0"},"up":{"uv":[11.66174,3,13.625,4.13163],"rotation":90,"texture":"#0"},"down":{"uv":[0.125,2.725,0.525,2.85],"texture":"#0"}}},{"from":[4.07317,7.06148,6.32899],"to":[5.6806,7.51842,9.54384],"rotation":{"angle":-45,"axis":"y","origin":[7.99576,8.10822,7.95378]},"faces":{"north":{"uv":[0.125,2.725,0.525,2.85],"rotation":90,"texture":"#0"},"east":{"uv":[0.125,2.725,0.525,2.85],"rotation":90,"texture":"#0"},"south":{"uv":[0.125,2.725,0.525,2.85],"rotation":90,"texture":"#0"},"west":{"uv":[11.56174,3,13.75,4.13163],"texture":"#0"},"up":{"uv":[11.56174,3,13.75,4.13163],"rotation":90,"texture":"#0"},"down":{"uv":[0.125,2.725,0.525,2.85],"texture":"#0"}}},{"from":[3.73359,6.94944,6.18406],"to":[5.48079,7.22872,9.67846],"rotation":{"angle":-45,"axis":"y","origin":[7.99727,7.8698,7.95014]},"faces":{"north":{"uv":[0.125,2.725,0.525,2.85],"rotation":90,"texture":"#0"},"east":{"uv":[0.125,2.725,0.525,2.85],"rotation":90,"texture":"#0"},"south":{"uv":[0.125,2.725,0.525,2.85],"rotation":90,"texture":"#0"},"west":{"uv":[11.48674,3,13.825,4.13163],"texture":"#0"},"up":{"uv":[11.48674,3,13.825,4.13163],"rotation":90,"texture":"#0"},"down":{"uv":[0.125,2.725,0.525,2.85],"texture":"#0"}}},{"from":[9.10408,7.93376,6.80826],"to":[10.72439,8.22723,9.14888],"rotation":{"angle":45,"axis":"y","origin":[7.9905,8.66329,7.96648]},"faces":{"north":{"uv":[13.875,0,14.12978,1.81625],"rotation":90,"texture":"#0"},"east":{"uv":[11.80834,3,13.5,3.99583],"texture":"#0"},"south":{"uv":[13.875,0,14.12978,1.81625],"rotation":90,"texture":"#0"},"up":{"uv":[15.51625,4.425,16,4.485],"rotation":90,"texture":"#0"},"down":{"uv":[0.125,2.725,0.525,2.85],"rotation":180,"texture":"#0"}}},{"from":[9.7847,7.71529,6.7319],"to":[11.02949,8.06915,9.22147],"rotation":{"angle":45,"axis":"y","origin":[7.99184,8.52588,7.96324]},"faces":{"north":{"uv":[0.125,2.725,0.525,2.85],"rotation":90,"texture":"#0"},"east":{"uv":[14.25834,4.25,16,4.24583],"texture":"#0"},"south":{"uv":[0.125,2.725,0.525,2.85],"rotation":90,"texture":"#0"},"west":{"uv":[0.125,2.725,0.525,2.85],"rotation":90,"texture":"#0"},"up":{"uv":[15.51625,4.425,16,4.485],"rotation":90,"texture":"#0"},"down":{"uv":[0.125,2.725,0.525,2.85],"rotation":180,"texture":"#0"}}},{"from":[10.03102,7.39011,6.55956],"to":[11.44556,7.79221,9.38863],"rotation":{"angle":45,"axis":"y","origin":[7.99368,8.31123,7.95881]},"faces":{"north":{"uv":[0.125,2.725,0.525,2.85],"rotation":90,"texture":"#0"},"east":{"uv":[11.66174,4,13.625,4.13163],"texture":"#0"},"south":{"uv":[0.125,2.725,0.525,2.85],"rotation":90,"texture":"#0"},"west":{"uv":[0.125,2.725,0.525,2.85],"rotation":90,"texture":"#0"},"up":{"uv":[11.66174,3,13.625,4.13163],"rotation":270,"texture":"#0"},"down":{"uv":[0.125,2.725,0.525,2.85],"rotation":180,"texture":"#0"}}},{"from":[10.31092,7.06148,6.36372],"to":[11.91835,7.51842,9.57857],"rotation":{"angle":45,"axis":"y","origin":[7.99576,8.10822,7.95378]},"faces":{"north":{"uv":[0.125,2.725,0.525,2.85],"rotation":90,"texture":"#0"},"east":{"uv":[11.56174,3,13.75,4.13163],"texture":"#0"},"south":{"uv":[0.125,2.725,0.525,2.85],"rotation":90,"texture":"#0"},"west":{"uv":[0.125,2.725,0.525,2.85],"rotation":90,"texture":"#0"},"up":{"uv":[11.56174,3,13.75,4.13163],"rotation":270,"texture":"#0"},"down":{"uv":[0.125,2.725,0.525,2.85],"rotation":180,"texture":"#0"}}},{"from":[10.51375,6.94944,6.22182],"to":[12.26095,7.22872,9.71622],"rotation":{"angle":45,"axis":"y","origin":[7.99727,7.8698,7.95014]},"faces":{"north":{"uv":[0.125,2.725,0.525,2.85],"rotation":90,"texture":"#0"},"east":{"uv":[11.48674,3,13.825,4.13163],"texture":"#0"},"south":{"uv":[0.125,2.725,0.525,2.85],"rotation":90,"texture":"#0"},"west":{"uv":[0.125,2.725,0.525,2.85],"rotation":90,"texture":"#0"},"up":{"uv":[11.48674,3,13.825,4.13163],"rotation":270,"texture":"#0"},"down":{"uv":[0.125,2.725,0.525,2.85],"rotation":180,"texture":"#0"}}},{"from":[6.8081,7.93376,9.08006],"to":[9.14872,8.22723,10.70037],"rotation":{"angle":45,"axis":"y","origin":[7.9905,8.66329,7.96648]},"faces":{"east":{"uv":[13.875,0,14.12978,1.81625],"rotation":90,"texture":"#0"},"south":{"uv":[15.51625,4.425,16,4.485],"rotation":90,"texture":"#0"},"west":{"uv":[13.875,0,14.12978,1.81625],"rotation":90,"texture":"#0"},"up":{"uv":[15.51625,4.425,16,4.485],"rotation":90,"texture":"#0"},"down":{"uv":[0.125,2.725,0.525,2.85],"rotation":90,"texture":"#0"}}},{"from":[6.73361,7.71529,9.7561],"to":[9.22318,8.06915,11.00089],"rotation":{"angle":45,"axis":"y","origin":[7.99184,8.52588,7.96324]},"faces":{"north":{"uv":[0.125,2.725,0.525,2.85],"rotation":90,"texture":"#0"},"east":{"uv":[0.125,2.725,0.525,2.85],"rotation":90,"texture":"#0"},"south":{"uv":[15.51625,4.425,16,4.485],"rotation":90,"texture":"#0"},"west":{"uv":[0.125,2.725,0.525,2.85],"rotation":90,"texture":"#0"},"up":{"uv":[15.51625,4.425,16,4.485],"rotation":90,"texture":"#0"},"down":{"uv":[0.125,2.725,0.525,2.85],"rotation":90,"texture":"#0"}}},{"from":[6.56386,7.39011,9.99615],"to":[9.39293,7.79221,11.41069],"rotation":{"angle":45,"axis":"y","origin":[7.99368,8.31123,7.95881]},"faces":{"north":{"uv":[0.125,2.725,0.525,2.85],"rotation":90,"texture":"#0"},"east":{"uv":[0.125,2.725,0.525,2.85],"rotation":90,"texture":"#0"},"south":{"uv":[11.66174,4,13.625,4.13163],"texture":"#0"},"west":{"uv":[0.125,2.725,0.525,2.85],"rotation":90,"texture":"#0"},"up":{"uv":[11.66174,3,13.625,4.13163],"texture":"#0"},"down":{"uv":[0.125,2.725,0.525,2.85],"rotation":90,"texture":"#0"}}},{"from":[6.37097,7.06148,10.26894],"to":[9.58582,7.51842,11.87637],"rotation":{"angle":45,"axis":"y","origin":[7.99576,8.10822,7.95378]},"faces":{"north":{"uv":[0.125,2.725,0.525,2.85],"rotation":90,"texture":"#0"},"east":{"uv":[0.125,2.725,0.525,2.85],"rotation":90,"texture":"#0"},"south":{"uv":[11.56174,3,13.75,4.13163],"texture":"#0"},"west":{"uv":[0.125,2.725,0.525,2.85],"rotation":90,"texture":"#0"},"up":{"uv":[11.56174,3,13.75,4.13163],"texture":"#0"},"down":{"uv":[0.125,2.725,0.525,2.85],"rotation":90,"texture":"#0"}}},{"from":[6.23119,6.94944,10.46662],"to":[9.72559,7.22872,12.21382],"rotation":{"angle":45,"axis":"y","origin":[7.99727,7.8698,7.95014]},"faces":{"north":{"uv":[0.125,2.725,0.525,2.85],"rotation":90,"texture":"#0"},"east":{"uv":[0.125,2.725,0.525,2.85],"rotation":90,"texture":"#0"},"south":{"uv":[11.48674,3,13.825,4.13163],"texture":"#0"},"west":{"uv":[0.125,2.725,0.525,2.85],"rotation":90,"texture":"#0"},"up":{"uv":[11.48674,3,13.825,4.13163],"texture":"#0"},"down":{"uv":[0.125,2.725,0.525,2.85],"rotation":90,"texture":"#0"}}},{"from":[6.4521,6.5065,10.20188],"to":[9.5721,7.113,11.76188],"rotation":{"angle":45,"axis":"y","origin":[7.99525,7.30875,7.95502]},"faces":{"north":{"uv":[0.125,2.725,0.525,2.85],"rotation":90,"texture":"#0"},"east":{"uv":[0.125,2.725,0.525,2.85],"rotation":90,"texture":"#0"},"south":{"uv":[11.25,4.75,13.8085,5.2352],"texture":"#0"},"west":{"uv":[0.125,2.725,0.525,2.85],"rotation":90,"texture":"#0"},"up":{"uv":[0.125,2.725,0.525,2.85],"texture":"#0"},"down":{"uv":[0.125,2.725,0.525,2.85],"rotation":180,"texture":"#0"}}},{"from":[9.7847,7.71529,6.7319],"to":[11.02949,8.06915,9.22147],"rotation":{"angle":0,"axis":"y","origin":[7.99184,8.52588,7.96324]},"faces":{"north":{"uv":[0.125,2.725,0.525,2.85],"rotation":90,"texture":"#0"},"east":{"uv":[14.25834,4.25,16,4.24583],"texture":"#0"},"south":{"uv":[0.125,2.725,0.525,2.85],"rotation":90,"texture":"#0"},"west":{"uv":[0.125,2.725,0.525,2.85],"rotation":90,"texture":"#0"},"up":{"uv":[14.25834,3.25,16,4.24583],"rotation":270,"texture":"#0"},"down":{"uv":[0.125,2.725,0.525,2.85],"rotation":180,"texture":"#0"}}},{"from":[10.03102,7.39011,6.55956],"to":[11.44556,7.79221,9.38863],"rotation":{"angle":0,"axis":"y","origin":[7.99368,8.31123,7.95881]},"faces":{"north":{"uv":[0.125,2.725,0.525,2.85],"rotation":90,"texture":"#0"},"east":{"uv":[11.66174,4,13.625,4.13163],"texture":"#0"},"south":{"uv":[0.125,2.725,0.525,2.85],"rotation":90,"texture":"#0"},"west":{"uv":[0.125,2.725,0.525,2.85],"rotation":90,"texture":"#0"},"up":{"uv":[11.66174,3,13.625,4.13163],"rotation":270,"texture":"#0"},"down":{"uv":[0.125,2.725,0.525,2.85],"rotation":180,"texture":"#0"}}},{"from":[10.31092,7.06148,6.36372],"to":[11.91835,7.51842,9.57857],"rotation":{"angle":0,"axis":"y","origin":[7.99576,8.10822,7.95378]},"faces":{"north":{"uv":[0.125,2.725,0.525,2.85],"rotation":90,"texture":"#0"},"east":{"uv":[11.56174,3,13.75,4.13163],"texture":"#0"},"south":{"uv":[0.125,2.725,0.525,2.85],"rotation":90,"texture":"#0"},"west":{"uv":[0.125,2.725,0.525,2.85],"rotation":90,"texture":"#0"},"up":{"uv":[11.56174,3,13.75,4.13163],"rotation":270,"texture":"#0"},"down":{"uv":[0.125,2.725,0.525,2.85],"rotation":180,"texture":"#0"}}},{"from":[10.51375,6.94944,6.22182],"to":[12.26095,7.22872,9.71622],"rotation":{"angle":0,"axis":"y","origin":[7.99727,7.8698,7.95014]},"faces":{"north":{"uv":[0.125,2.725,0.525,2.85],"rotation":90,"texture":"#0"},"east":{"uv":[11.48674,3,13.825,4.13163],"texture":"#0"},"south":{"uv":[0.125,2.725,0.525,2.85],"rotation":90,"texture":"#0"},"west":{"uv":[0.125,2.725,0.525,2.85],"rotation":90,"texture":"#0"},"up":{"uv":[11.48674,3,13.825,4.13163],"rotation":270,"texture":"#0"},"down":{"uv":[0.125,2.725,0.525,2.85],"rotation":180,"texture":"#0"}}},{"from":[10.24211,6.5065,6.37817],"to":[11.80211,7.113,9.49817],"rotation":{"angle":45,"axis":"y","origin":[7.99525,7.30875,7.95502]},"faces":{"north":{"uv":[0.125,2.725,0.525,2.85],"rotation":90,"texture":"#0"},"east":{"uv":[11.25,4.75,13.8085,5.2352],"texture":"#0"},"south":{"uv":[0.125,2.725,0.525,2.85],"rotation":90,"texture":"#0"},"west":{"uv":[0.125,2.725,0.525,2.85],"rotation":90,"texture":"#0"},"up":{"uv":[0.125,2.725,0.525,2.85],"rotation":270,"texture":"#0"},"down":{"uv":[0.125,2.725,0.525,2.85],"rotation":270,"texture":"#0"}}},{"from":[10.24211,6.487,6.41188],"to":[11.80211,7.0935,9.53188],"rotation":{"angle":0,"axis":"y","origin":[7.99525,7.30875,7.95502]},"faces":{"north":{"uv":[0.125,2.725,0.525,2.85],"rotation":90,"texture":"#0"},"east":{"uv":[11.25,4.75,13.8085,5.2352],"texture":"#0"},"south":{"uv":[0.125,2.725,0.525,2.85],"rotation":90,"texture":"#0"},"west":{"uv":[0.125,2.725,0.525,2.85],"rotation":90,"texture":"#0"},"up":{"uv":[0.125,2.725,0.525,2.85],"texture":"#0"},"down":{"uv":[11.25,4.75,13.8085,5.2352],"rotation":90,"texture":"#0"}}},{"from":[10.65173,4.4065,9.21855],"to":[11.41173,6.513,9.83855],"rotation":{"angle":0,"axis":"y","origin":[14.43475,3.90875,8.71923]},"faces":{"north":{"uv":[0,6.7,0.1352,6.431],"rotation":90,"texture":"#0"},"east":{"uv":[0,6.7,1.6852,6.431],"rotation":90,"texture":"#0"},"south":{"uv":[0,6.7,0.1352,6.431],"rotation":90,"texture":"#0"},"west":{"uv":[0,6.7,0.1352,6.431],"rotation":90,"texture":"#0"},"up":{"uv":[0,6.7,0.1352,6.431],"rotation":90,"texture":"#0"},"down":{"uv":[0,6.7,0.1352,6.431],"rotation":90,"texture":"#0"}}},{"from":[6.74456,4.4065,10.97804],"to":[9.06456,6.513,11.73804],"rotation":{"angle":45,"axis":"y","origin":[7.94525,3.90875,7.95502]},"faces":{"north":{"uv":[0,6.7,0.1352,6.431],"rotation":90,"texture":"#0"},"east":{"uv":[0,6.7,0.1352,6.431],"rotation":90,"texture":"#0"},"south":{"uv":[0,4.85,1.6852,6.431],"rotation":90,"texture":"#0"},"west":{"uv":[0,6.7,0.1352,6.431],"rotation":90,"texture":"#0"},"up":{"uv":[0,6.7,0.1352,6.431],"rotation":90,"texture":"#0"},"down":{"uv":[0,6.7,0.1352,6.431],"rotation":90,"texture":"#0"}}},{"from":[9.15124,4.4065,10.71903],"to":[9.77124,6.513,11.47903],"rotation":{"angle":0,"axis":"y","origin":[8.65192,3.90875,7.69601]},"faces":{"north":{"uv":[0,6.7,0.1352,6.431],"rotation":90,"texture":"#0"},"east":{"uv":[0,6.7,0.1352,6.431],"rotation":90,"texture":"#0"},"south":{"uv":[0,6.431,1.6852,6.7],"rotation":90,"texture":"#0"},"west":{"uv":[0,6.7,0.1352,6.431],"rotation":90,"texture":"#0"},"up":{"uv":[0,6.7,0.1352,6.431],"rotation":90,"texture":"#0"},"down":{"uv":[0,6.7,0.1352,6.431],"rotation":90,"texture":"#0"}}},{"from":[9.20124,4.4065,4.52097],"to":[9.82124,6.513,5.28097],"rotation":{"angle":0,"axis":"y","origin":[8.70192,3.90875,8.30399]},"faces":{"north":{"uv":[0,6.7,1.6852,6.431],"rotation":90,"texture":"#0"},"east":{"uv":[0,6.431,0.1352,6.7],"rotation":90,"texture":"#0"},"south":{"uv":[0,6.431,0.1352,6.7],"rotation":90,"texture":"#0"},"west":{"uv":[0,6.431,0.1352,6.7],"rotation":90,"texture":"#0"},"up":{"uv":[0.1352,6.7,0,6.431],"rotation":90,"texture":"#0"},"down":{"uv":[0.1352,6.7,0,6.431],"rotation":90,"texture":"#0"}}},{"from":[6.79456,4.4065,4.26196],"to":[9.11456,6.513,5.02196],"rotation":{"angle":-45,"axis":"y","origin":[7.99525,3.90875,8.04498]},"faces":{"north":{"uv":[0,6.431,1.6852,4.85],"rotation":90,"texture":"#0"},"east":{"uv":[0,6.431,0.1352,6.7],"rotation":90,"texture":"#0"},"south":{"uv":[0,6.431,0.1352,6.7],"rotation":90,"texture":"#0"},"west":{"uv":[0,6.431,0.1352,6.7],"rotation":90,"texture":"#0"},"up":{"uv":[0.1352,6.7,0,6.431],"rotation":90,"texture":"#0"},"down":{"uv":[0.1352,6.7,0,6.431],"rotation":90,"texture":"#0"}}},{"from":[10.70173,4.4065,6.16145],"to":[11.46173,6.513,6.78145],"rotation":{"angle":0,"axis":"y","origin":[14.48475,3.90875,7.28077]},"faces":{"north":{"uv":[0,6.431,0.1352,6.7],"rotation":90,"texture":"#0"},"east":{"uv":[0,6.431,1.6852,6.7],"rotation":90,"texture":"#0"},"south":{"uv":[0,6.431,0.1352,6.7],"rotation":90,"texture":"#0"},"west":{"uv":[0,6.431,0.1352,6.7],"rotation":90,"texture":"#0"},"up":{"uv":[0.1352,6.7,0,6.431],"rotation":90,"texture":"#0"},"down":{"uv":[0.1352,6.7,0,6.431],"rotation":90,"texture":"#0"}}},{"from":[4.53827,4.4065,6.16145],"to":[5.29827,6.513,6.78145],"rotation":{"angle":0,"axis":"y","origin":[1.51525,3.90875,7.28077]},"faces":{"north":{"uv":[0,6.7,0.1352,6.431],"rotation":90,"texture":"#0"},"east":{"uv":[0,6.7,0.1352,6.431],"rotation":90,"texture":"#0"},"south":{"uv":[0,6.7,0.1352,6.431],"rotation":90,"texture":"#0"},"west":{"uv":[0,6.7,1.6852,6.431],"rotation":90,"texture":"#0"},"up":{"uv":[0.1352,6.431,0,6.7],"rotation":90,"texture":"#0"},"down":{"uv":[0.1352,6.431,0,6.7],"rotation":90,"texture":"#0"}}},{"from":[6.88544,4.4065,4.26196],"to":[9.20544,6.513,5.02196],"rotation":{"angle":45,"axis":"y","origin":[8.00475,3.90875,8.04498]},"faces":{"north":{"uv":[0,4.85,1.6852,6.431],"rotation":90,"texture":"#0"},"east":{"uv":[0,6.7,0.1352,6.431],"rotation":90,"texture":"#0"},"south":{"uv":[0,6.7,0.1352,6.431],"rotation":90,"texture":"#0"},"west":{"uv":[0,6.7,0.1352,6.431],"rotation":90,"texture":"#0"},"up":{"uv":[0.1352,6.431,0,6.7],"rotation":90,"texture":"#0"},"down":{"uv":[0.1352,6.431,0,6.7],"rotation":90,"texture":"#0"}}},{"from":[6.17876,4.4065,4.52097],"to":[6.79876,6.513,5.28097],"rotation":{"angle":0,"axis":"y","origin":[7.29808,3.90875,8.30399]},"faces":{"north":{"uv":[0,6.431,1.6852,6.7],"rotation":90,"texture":"#0"},"east":{"uv":[0,6.7,0.1352,6.431],"rotation":90,"texture":"#0"},"south":{"uv":[0,6.7,0.1352,6.431],"rotation":90,"texture":"#0"},"west":{"uv":[0,6.7,0.1352,6.431],"rotation":90,"texture":"#0"},"up":{"uv":[0.1352,6.431,0,6.7],"rotation":90,"texture":"#0"},"down":{"uv":[0.1352,6.431,0,6.7],"rotation":90,"texture":"#0"}}},{"from":[7.68,9.08,7.68],"to":[8.32,11.12,8.32],"rotation":{"angle":0,"axis":"y","origin":[8,4.072,8]},"faces":{"north":{"uv":[0.01875,7.28125,0.70325,8.882],"texture":"#0"},"east":{"uv":[0.01875,7.28125,0.70325,8.882],"texture":"#0"},"south":{"uv":[0.01875,7.28125,0.70325,8.882],"texture":"#0"},"west":{"uv":[0.01875,7.28125,0.70325,8.882],"texture":"#0"},"up":{"uv":[0.76875,7.28125,1.45325,7.95325],"texture":"#0"},"down":{"uv":[0,0,0.8,0.8],"texture":"#missing"}}},{"from":[6.5232,7.8192,6.4232],"to":[9.5232,8.8192,9.4232],"rotation":{"angle":0,"axis":"y","origin":[8,-2.33952,8]},"faces":{"north":{"uv":[2.525,5.275,2.725,6.475],"rotation":90,"texture":"#0"},"east":{"uv":[1.775,5.45,1.90928,6.78788],"rotation":90,"texture":"#0"},"south":{"uv":[2.525,5.275,2.725,6.475],"rotation":90,"texture":"#0"},"west":{"uv":[1.775,5.45,1.90928,6.78788],"rotation":90,"texture":"#0"},"up":{"uv":[2.525,5.275,4.925,7.675],"rotation":90,"texture":"#0"},"down":{"uv":[0.125,2.725,0.525,2.85],"rotation":90,"texture":"#0"}}},{"from":[7.5,8.2,7.5],"to":[8.5,9.2,8.5],"rotation":{"angle":0,"axis":"y","origin":[8,3,8]},"faces":{"north":{"uv":[2.05928,6.86288,1.8,5.5],"rotation":90,"texture":"#0"},"east":{"uv":[2.05928,6.73788,1.675,5.4],"rotation":90,"texture":"#0"},"south":{"uv":[2.05928,6.73788,1.675,5.4],"rotation":90,"texture":"#0"},"west":{"uv":[2.05928,6.73788,1.775,5.4],"rotation":90,"texture":"#0"},"up":{"uv":[2.05928,6.73788,2.175,5.4],"rotation":90,"texture":"#0"},"down":{"uv":[0.125,2.725,0.525,2.85],"rotation":90,"texture":"#0"}}}],"gui_light":"front","display":{"thirdperson_righthand":{"rotation":[16.5,0,0],"translation":[0,4.5,2.25],"scale":[0.52,0.52,0.52]},"thirdperson_lefthand":{"rotation":[16.5,0,0],"translation":[0,4.75,1.75],"scale":[0.52,0.52,0.52]},"firstperson_righthand":{"translation":[0,1,0],"scale":[0,0,0]},"firstperson_lefthand":{"scale":[0,0,0]},"ground":{"translation":[0,1,0],"scale":[0.61,0.62,0.62]},"gui":{"rotation":[21,23,0],"translation":[0,4,0],"scale":[1.18,1.17,1.17]},"head":{"translation":[0,-26,0],"scale":[2.2,2.2,2.2]},"fixed":{"translation":[0,4,-6.25]}}}