{"credit":"MadewithBlockbench","texture_size":[28,28],"textures":{"0":"elitecreatures:japan_furniture_v1/door_4","particle":"elitecreatures:japan_furniture_v1/door_4"},"elements":[{"from":[2.035,0.335,7.21],"to":[10.415,20.415,7.99],"rotation":{"angle":0,"axis":"y","origin":[2,8,7.5]},"faces":{"north":{"uv":[9.97786,16,0,11.96143],"rotation":270,"texture":"#0"},"east":{"uv":[0.175,16,0,11.96143],"rotation":270,"texture":"#0"},"south":{"uv":[9.97786,11.96143,0,16],"rotation":270,"texture":"#0"},"west":{"uv":[0.175,16,0,11.96143],"rotation":270,"texture":"#0"},"up":{"uv":[0.175,16,0,11.96143],"rotation":270,"texture":"#0"},"down":{"uv":[0.175,16,0,11.96143],"rotation":270,"texture":"#0"}}},{"from":[16.41,0.26,6.91],"to":[17.79,20.74,8.99],"rotation":{"angle":0,"axis":"y","origin":[8,8,8]},"faces":{"north":{"uv":[0,0,0.73857,11.70286],"texture":"#0"},"east":{"uv":[0.875,0,1.98857,11.70286],"texture":"#0"},"south":{"uv":[0.73857,0,0,11.70286],"texture":"#0"},"west":{"uv":[0.875,0,1.98857,11.70286],"texture":"#0"},"up":{"uv":[0,0,1,1],"texture":"#0"},"down":{"uv":[0,11.75,0.73857,11.67786],"rotation":180,"texture":"#0"}}},{"from":[-1.79,0.26,6.91],"to":[-0.41,20.74,8.99],"rotation":{"angle":0,"axis":"y","origin":[8,8,8]},"faces":{"north":{"uv":[0.73857,0,0,11.70286],"texture":"#0"},"east":{"uv":[0.875,0,1.98857,11.70286],"texture":"#0"},"south":{"uv":[0,0,0.73857,11.70286],"texture":"#0"},"west":{"uv":[0.875,0,1.98857,11.70286],"texture":"#0"},"up":{"uv":[1,0,0,1],"texture":"#0"},"down":{"uv":[0.73857,11.75,0,11.67786],"rotation":180,"texture":"#0"}}},{"from":[7.435,9.135,9.81],"to":[9.915,11.415,10.49],"rotation":{"angle":22.5,"axis":"y","origin":[2,8,7.5]},"faces":{"north":{"uv":[12.55286,16,11.25,15.09179],"rotation":270,"texture":"#0"},"east":{"uv":[12.55286,16,11.25,16],"rotation":270,"texture":"#0"},"south":{"uv":[9.97786,11.96143,0,16],"rotation":270,"texture":"#0"},"west":{"uv":[12.55286,16,11.25,16],"rotation":270,"texture":"#0"},"up":{"uv":[12.55286,16,11.25,16],"rotation":270,"texture":"#0"},"down":{"uv":[12.55286,16,11.25,16],"rotation":270,"texture":"#0"}}},{"from":[1.935,9.135,7.01],"to":[10.415,11.415,8.19],"rotation":{"angle":0,"axis":"y","origin":[2,8,7.5]},"faces":{"north":{"uv":[12.55286,16,11.25,11.15429],"rotation":270,"texture":"#0"},"east":{"uv":[12.55286,16,11.25,16],"rotation":270,"texture":"#0"},"south":{"uv":[12.55286,11.15429,11.25,16],"rotation":270,"texture":"#0"},"west":{"uv":[12.55286,16,11.25,16],"rotation":270,"texture":"#0"},"up":{"uv":[12.55286,16,11.25,16],"rotation":270,"texture":"#0"},"down":{"uv":[12.55286,16,11.25,16],"rotation":270,"texture":"#0"}}},{"from":[-0.415,9.135,7.66],"to":[8.065,11.415,8.84],"rotation":{"angle":0,"axis":"y","origin":[8,8,8.15]},"faces":{"north":{"uv":[12.55286,11.15429,11.25,16],"rotation":270,"texture":"#0"},"east":{"uv":[12.55286,16,11.25,16],"rotation":270,"texture":"#0"},"south":{"uv":[12.55286,16,11.25,11.15429],"rotation":270,"texture":"#0"},"west":{"uv":[12.55286,16,11.25,16],"rotation":270,"texture":"#0"},"up":{"uv":[12.55286,16,11.25,16],"rotation":270,"texture":"#0"},"down":{"uv":[12.55286,16,11.25,16],"rotation":270,"texture":"#0"}}},{"from":[0.085,9.135,10.46],"to":[2.565,11.415,11.14],"rotation":{"angle":-22.5,"axis":"y","origin":[8,8,8.15]},"faces":{"north":{"uv":[12.55286,15.09179,11.25,16],"rotation":270,"texture":"#0"},"east":{"uv":[12.55286,16,11.25,16],"rotation":270,"texture":"#0"},"south":{"uv":[9.97786,16,0,11.96143],"rotation":270,"texture":"#0"},"west":{"uv":[12.55286,16,11.25,16],"rotation":270,"texture":"#0"},"up":{"uv":[12.55286,16,11.25,16],"rotation":270,"texture":"#0"},"down":{"uv":[12.55286,16,11.25,16],"rotation":270,"texture":"#0"}}},{"from":[-0.415,0.335,7.86],"to":[7.965,20.415,8.64],"rotation":{"angle":0,"axis":"y","origin":[8,8,8.15]},"faces":{"north":{"uv":[9.97786,11.96143,0,16],"rotation":270,"texture":"#0"},"east":{"uv":[0.175,11.96143,0,16],"rotation":270,"texture":"#0"},"south":{"uv":[9.97786,16,0,11.96143],"rotation":270,"texture":"#0"},"west":{"uv":[0.175,11.96143,0,16],"rotation":270,"texture":"#0"},"up":{"uv":[0.175,11.96143,0,16],"rotation":270,"texture":"#0"},"down":{"uv":[0.175,11.96143,0,16],"rotation":270,"texture":"#0"}}},{"from":[-1.99,20.31,6.81],"to":[17.89,21.69,9.09],"rotation":{"angle":0,"axis":"y","origin":[8,8,8]},"faces":{"north":{"uv":[7.72964,10.32786,7.125,0.625],"rotation":270,"texture":"#0"},"east":{"uv":[7.74214,0.625,7.125,0.70286],"rotation":270,"texture":"#0"},"south":{"uv":[7.72964,10.32786,7.125,0.625],"rotation":270,"texture":"#0"},"west":{"uv":[7.74214,0.625,7.125,0.70286],"rotation":270,"texture":"#0"},"up":{"uv":[6.125,0.625,7.10464,10.32786],"rotation":270,"texture":"#0"},"down":{"uv":[6.125,0.625,7.10464,10.32786],"rotation":270,"texture":"#0"}}}],"gui_light":"front","display":{"thirdperson_righthand":{"rotation":[8.5,0,0],"translation":[-0.25,0,0],"scale":[0.5,0.5,0.36]},"thirdperson_lefthand":{"rotation":[8.5,0,0],"translation":[-0.25,0,0],"scale":[0.37,0.37,0.36]},"firstperson_righthand":{"scale":[0,0,0]},"firstperson_lefthand":{"scale":[0,0,0]},"ground":{"translation":[0,0.25,0],"scale":[0.33,0.33,0.31]},"gui":{"rotation":[24,164,0],"translation":[0,-1.75,0],"scale":[0.5,0.5,0.5]},"head":{"translation":[0,-13.5,0.25],"scale":[4,3.76,4]},"fixed":{"translation":[0,-2,-3.25]}}}