{"credit":"MadewithBlockbench","textures":{"0":"elitecreatures:japan_furniture_v1/lamp_1","particle":"elitecreatures:japan_furniture_v1/lamp_1"},"elements":[{"from":[7.4,16.02,7.4],"to":[8.6,23.38,8.6],"rotation":{"angle":0,"axis":"y","origin":[8,6.52,8]},"faces":{"north":{"uv":[4,0,4.25,0.25],"texture":"#0"},"east":{"uv":[4,0,4.25,0.25],"texture":"#0"},"south":{"uv":[4,0,4.25,0.25],"texture":"#0"},"west":{"uv":[4,0,4.25,0.25],"texture":"#0"},"up":{"uv":[4,0,4.25,0.25],"texture":"#0"},"down":{"uv":[4,0,4.25,0.25],"texture":"#0"}}},{"from":[7.5,22,6.35],"to":[8.5,23,7.35],"rotation":{"angle":0,"axis":"y","origin":[8,22.5,8]},"faces":{"north":{"uv":[2.5,0,3.725,1.225],"texture":"#0"},"east":{"uv":[11.75,0,12.975,1.225],"texture":"#0"},"south":{"uv":[11.75,0,12.975,1.225],"rotation":270,"texture":"#0"},"west":{"uv":[11.75,0,12.975,1.225],"texture":"#0"},"up":{"uv":[11.75,0,12.975,1.225],"rotation":180,"texture":"#0"},"down":{"uv":[11.75,0,12.975,1.225],"texture":"#0"}}},{"from":[6.35,22,7.5],"to":[7.35,23,8.5],"rotation":{"angle":-45,"axis":"y","origin":[8,22.5,8]},"faces":{"north":{"uv":[11.75,0,12.975,1.225],"texture":"#0"},"east":{"uv":[11.75,0,12.975,1.225],"rotation":270,"texture":"#0"},"south":{"uv":[11.75,0,12.975,1.225],"texture":"#0"},"west":{"uv":[2.5,0,3.725,1.225],"texture":"#0"},"up":{"uv":[11.75,0,12.975,1.225],"rotation":90,"texture":"#0"},"down":{"uv":[11.75,0,12.975,1.225],"rotation":90,"texture":"#0"}}},{"from":[6.35,22,7.5],"to":[7.35,23,8.5],"rotation":{"angle":0,"axis":"y","origin":[8,22.5,8]},"faces":{"north":{"uv":[11.75,0,12.975,1.225],"texture":"#0"},"east":{"uv":[11.75,0,12.975,1.225],"rotation":270,"texture":"#0"},"south":{"uv":[11.75,0,12.975,1.225],"texture":"#0"},"west":{"uv":[2.5,0,3.725,1.225],"texture":"#0"},"up":{"uv":[11.75,0,12.975,1.225],"rotation":90,"texture":"#0"},"down":{"uv":[11.75,0,12.975,1.225],"rotation":90,"texture":"#0"}}},{"from":[7.5,22,8.65],"to":[8.5,23,9.65],"rotation":{"angle":-45,"axis":"y","origin":[8,22.5,8]},"faces":{"north":{"uv":[11.75,0,12.975,1.225],"rotation":270,"texture":"#0"},"east":{"uv":[11.75,0,12.975,1.225],"texture":"#0"},"south":{"uv":[2.5,0,3.725,1.225],"texture":"#0"},"west":{"uv":[11.75,0,12.975,1.225],"texture":"#0"},"up":{"uv":[11.75,0,12.975,1.225],"texture":"#0"},"down":{"uv":[11.75,0,12.975,1.225],"rotation":180,"texture":"#0"}}},{"from":[7.5,22,8.65],"to":[8.5,23,9.65],"rotation":{"angle":0,"axis":"y","origin":[8,22.5,8]},"faces":{"north":{"uv":[11.75,0,12.975,1.225],"rotation":270,"texture":"#0"},"east":{"uv":[11.75,0,12.975,1.225],"texture":"#0"},"south":{"uv":[2.5,0,3.725,1.225],"texture":"#0"},"west":{"uv":[11.75,0,12.975,1.225],"texture":"#0"},"up":{"uv":[11.75,0,12.975,1.225],"texture":"#0"},"down":{"uv":[11.75,0,12.975,1.225],"rotation":180,"texture":"#0"}}},{"from":[8.65,22,7.5],"to":[9.65,23,8.5],"rotation":{"angle":-45,"axis":"y","origin":[8,22.5,8]},"faces":{"north":{"uv":[11.75,0,12.975,1.225],"texture":"#0"},"east":{"uv":[2.5,0,3.725,1.225],"texture":"#0"},"south":{"uv":[11.75,0,12.975,1.225],"texture":"#0"},"west":{"uv":[11.75,0,12.975,1.225],"rotation":270,"texture":"#0"},"up":{"uv":[11.75,0,12.975,1.225],"rotation":270,"texture":"#0"},"down":{"uv":[11.75,0,12.975,1.225],"rotation":270,"texture":"#0"}}},{"from":[8.65,22,7.5],"to":[9.65,23,8.5],"rotation":{"angle":0,"axis":"y","origin":[8,22.5,8]},"faces":{"north":{"uv":[11.75,0,12.975,1.225],"texture":"#0"},"east":{"uv":[2.5,0,3.725,1.225],"texture":"#0"},"south":{"uv":[11.75,0,12.975,1.225],"texture":"#0"},"west":{"uv":[11.75,0,12.975,1.225],"rotation":270,"texture":"#0"},"up":{"uv":[11.75,0,12.975,1.225],"rotation":270,"texture":"#0"},"down":{"uv":[11.75,0,12.975,1.225],"rotation":270,"texture":"#0"}}},{"from":[7.5,22,6.35],"to":[8.5,23,7.35],"rotation":{"angle":-45,"axis":"y","origin":[8,22.5,8]},"faces":{"north":{"uv":[2.5,0,3.725,1.225],"texture":"#0"},"east":{"uv":[11.75,0,12.975,1.225],"texture":"#0"},"south":{"uv":[11.75,0,12.975,1.225],"rotation":270,"texture":"#0"},"west":{"uv":[11.75,0,12.975,1.225],"texture":"#0"},"up":{"uv":[11.75,0,12.975,1.225],"rotation":180,"texture":"#0"},"down":{"uv":[11.75,0,12.975,1.225],"texture":"#0"}}},{"from":[7.5,20.5,6.35],"to":[8.5,21.5,7.35],"rotation":{"angle":0,"axis":"y","origin":[8,21,8]},"faces":{"north":{"uv":[2.5,0,3.725,1.225],"texture":"#0"},"east":{"uv":[11.75,0,12.975,1.225],"texture":"#0"},"south":{"uv":[11.75,0,12.975,1.225],"rotation":270,"texture":"#0"},"west":{"uv":[11.75,0,12.975,1.225],"texture":"#0"},"up":{"uv":[11.75,0,12.975,1.225],"rotation":180,"texture":"#0"},"down":{"uv":[11.75,0,12.975,1.225],"texture":"#0"}}},{"from":[6.35,20.5,7.5],"to":[7.35,21.5,8.5],"rotation":{"angle":-45,"axis":"y","origin":[8,21,8]},"faces":{"north":{"uv":[11.75,0,12.975,1.225],"texture":"#0"},"east":{"uv":[11.75,0,12.975,1.225],"rotation":270,"texture":"#0"},"south":{"uv":[11.75,0,12.975,1.225],"texture":"#0"},"west":{"uv":[2.5,0,3.725,1.225],"texture":"#0"},"up":{"uv":[11.75,0,12.975,1.225],"rotation":90,"texture":"#0"},"down":{"uv":[11.75,0,12.975,1.225],"rotation":90,"texture":"#0"}}},{"from":[6.35,20.5,7.5],"to":[7.35,21.5,8.5],"rotation":{"angle":0,"axis":"y","origin":[8,21,8]},"faces":{"north":{"uv":[11.75,0,12.975,1.225],"texture":"#0"},"east":{"uv":[11.75,0,12.975,1.225],"rotation":270,"texture":"#0"},"south":{"uv":[11.75,0,12.975,1.225],"texture":"#0"},"west":{"uv":[2.5,0,3.725,1.225],"texture":"#0"},"up":{"uv":[11.75,0,12.975,1.225],"rotation":90,"texture":"#0"},"down":{"uv":[11.75,0,12.975,1.225],"rotation":90,"texture":"#0"}}},{"from":[7.5,20.5,8.65],"to":[8.5,21.5,9.65],"rotation":{"angle":-45,"axis":"y","origin":[8,21,8]},"faces":{"north":{"uv":[11.75,0,12.975,1.225],"rotation":270,"texture":"#0"},"east":{"uv":[11.75,0,12.975,1.225],"texture":"#0"},"south":{"uv":[2.5,0,3.725,1.225],"texture":"#0"},"west":{"uv":[11.75,0,12.975,1.225],"texture":"#0"},"up":{"uv":[11.75,0,12.975,1.225],"texture":"#0"},"down":{"uv":[11.75,0,12.975,1.225],"rotation":180,"texture":"#0"}}},{"from":[7.5,20.5,8.65],"to":[8.5,21.5,9.65],"rotation":{"angle":0,"axis":"y","origin":[8,21,8]},"faces":{"north":{"uv":[11.75,0,12.975,1.225],"rotation":270,"texture":"#0"},"east":{"uv":[11.75,0,12.975,1.225],"texture":"#0"},"south":{"uv":[2.5,0,3.725,1.225],"texture":"#0"},"west":{"uv":[11.75,0,12.975,1.225],"texture":"#0"},"up":{"uv":[11.75,0,12.975,1.225],"texture":"#0"},"down":{"uv":[11.75,0,12.975,1.225],"rotation":180,"texture":"#0"}}},{"from":[8.65,20.5,7.5],"to":[9.65,21.5,8.5],"rotation":{"angle":-45,"axis":"y","origin":[8,21,8]},"faces":{"north":{"uv":[11.75,0,12.975,1.225],"texture":"#0"},"east":{"uv":[2.5,0,3.725,1.225],"texture":"#0"},"south":{"uv":[11.75,0,12.975,1.225],"texture":"#0"},"west":{"uv":[11.75,0,12.975,1.225],"rotation":270,"texture":"#0"},"up":{"uv":[11.75,0,12.975,1.225],"rotation":270,"texture":"#0"},"down":{"uv":[11.75,0,12.975,1.225],"rotation":270,"texture":"#0"}}},{"from":[8.65,20.5,7.5],"to":[9.65,21.5,8.5],"rotation":{"angle":0,"axis":"y","origin":[8,21,8]},"faces":{"north":{"uv":[11.75,0,12.975,1.225],"texture":"#0"},"east":{"uv":[2.5,0,3.725,1.225],"texture":"#0"},"south":{"uv":[11.75,0,12.975,1.225],"texture":"#0"},"west":{"uv":[11.75,0,12.975,1.225],"rotation":270,"texture":"#0"},"up":{"uv":[11.75,0,12.975,1.225],"rotation":270,"texture":"#0"},"down":{"uv":[11.75,0,12.975,1.225],"rotation":270,"texture":"#0"}}},{"from":[7.5,20.5,6.35],"to":[8.5,21.5,7.35],"rotation":{"angle":-45,"axis":"y","origin":[8,21,8]},"faces":{"north":{"uv":[2.5,0,3.725,1.225],"texture":"#0"},"east":{"uv":[11.75,0,12.975,1.225],"texture":"#0"},"south":{"uv":[11.75,0,12.975,1.225],"rotation":270,"texture":"#0"},"west":{"uv":[11.75,0,12.975,1.225],"texture":"#0"},"up":{"uv":[11.75,0,12.975,1.225],"rotation":180,"texture":"#0"},"down":{"uv":[11.75,0,12.975,1.225],"texture":"#0"}}},{"from":[7.5,19,6.35],"to":[8.5,20,7.35],"rotation":{"angle":0,"axis":"y","origin":[8,19.5,8]},"faces":{"north":{"uv":[2.5,0,3.725,1.225],"texture":"#0"},"east":{"uv":[11.75,0,12.975,1.225],"texture":"#0"},"south":{"uv":[11.75,0,12.975,1.225],"rotation":270,"texture":"#0"},"west":{"uv":[11.75,0,12.975,1.225],"texture":"#0"},"up":{"uv":[11.75,0,12.975,1.225],"rotation":180,"texture":"#0"},"down":{"uv":[11.75,0,12.975,1.225],"texture":"#0"}}},{"from":[6.35,19,7.5],"to":[7.35,20,8.5],"rotation":{"angle":-45,"axis":"y","origin":[8,19.5,8]},"faces":{"north":{"uv":[11.75,0,12.975,1.225],"texture":"#0"},"east":{"uv":[11.75,0,12.975,1.225],"rotation":270,"texture":"#0"},"south":{"uv":[11.75,0,12.975,1.225],"texture":"#0"},"west":{"uv":[2.5,0,3.725,1.225],"texture":"#0"},"up":{"uv":[11.75,0,12.975,1.225],"rotation":90,"texture":"#0"},"down":{"uv":[11.75,0,12.975,1.225],"rotation":90,"texture":"#0"}}},{"from":[6.35,19,7.5],"to":[7.35,20,8.5],"rotation":{"angle":0,"axis":"y","origin":[8,19.5,8]},"faces":{"north":{"uv":[11.75,0,12.975,1.225],"texture":"#0"},"east":{"uv":[11.75,0,12.975,1.225],"rotation":270,"texture":"#0"},"south":{"uv":[11.75,0,12.975,1.225],"texture":"#0"},"west":{"uv":[2.5,0,3.725,1.225],"texture":"#0"},"up":{"uv":[11.75,0,12.975,1.225],"rotation":90,"texture":"#0"},"down":{"uv":[11.75,0,12.975,1.225],"rotation":90,"texture":"#0"}}},{"from":[7.5,19,8.65],"to":[8.5,20,9.65],"rotation":{"angle":-45,"axis":"y","origin":[8,19.5,8]},"faces":{"north":{"uv":[11.75,0,12.975,1.225],"rotation":270,"texture":"#0"},"east":{"uv":[11.75,0,12.975,1.225],"texture":"#0"},"south":{"uv":[2.5,0,3.725,1.225],"texture":"#0"},"west":{"uv":[11.75,0,12.975,1.225],"texture":"#0"},"up":{"uv":[11.75,0,12.975,1.225],"texture":"#0"},"down":{"uv":[11.75,0,12.975,1.225],"rotation":180,"texture":"#0"}}},{"from":[7.5,19,8.65],"to":[8.5,20,9.65],"rotation":{"angle":0,"axis":"y","origin":[8,19.5,8]},"faces":{"north":{"uv":[11.75,0,12.975,1.225],"rotation":270,"texture":"#0"},"east":{"uv":[11.75,0,12.975,1.225],"texture":"#0"},"south":{"uv":[2.5,0,3.725,1.225],"texture":"#0"},"west":{"uv":[11.75,0,12.975,1.225],"texture":"#0"},"up":{"uv":[11.75,0,12.975,1.225],"texture":"#0"},"down":{"uv":[11.75,0,12.975,1.225],"rotation":180,"texture":"#0"}}},{"from":[8.65,19,7.5],"to":[9.65,20,8.5],"rotation":{"angle":-45,"axis":"y","origin":[8,19.5,8]},"faces":{"north":{"uv":[11.75,0,12.975,1.225],"texture":"#0"},"east":{"uv":[2.5,0,3.725,1.225],"texture":"#0"},"south":{"uv":[11.75,0,12.975,1.225],"texture":"#0"},"west":{"uv":[11.75,0,12.975,1.225],"rotation":270,"texture":"#0"},"up":{"uv":[11.75,0,12.975,1.225],"rotation":270,"texture":"#0"},"down":{"uv":[11.75,0,12.975,1.225],"rotation":270,"texture":"#0"}}},{"from":[8.65,19,7.5],"to":[9.65,20,8.5],"rotation":{"angle":0,"axis":"y","origin":[8,19.5,8]},"faces":{"north":{"uv":[11.75,0,12.975,1.225],"texture":"#0"},"east":{"uv":[2.5,0,3.725,1.225],"texture":"#0"},"south":{"uv":[11.75,0,12.975,1.225],"texture":"#0"},"west":{"uv":[11.75,0,12.975,1.225],"rotation":270,"texture":"#0"},"up":{"uv":[11.75,0,12.975,1.225],"rotation":270,"texture":"#0"},"down":{"uv":[11.75,0,12.975,1.225],"rotation":270,"texture":"#0"}}},{"from":[7.5,19,6.35],"to":[8.5,20,7.35],"rotation":{"angle":-45,"axis":"y","origin":[8,19.5,8]},"faces":{"north":{"uv":[2.5,0,3.725,1.225],"texture":"#0"},"east":{"uv":[11.75,0,12.975,1.225],"texture":"#0"},"south":{"uv":[11.75,0,12.975,1.225],"rotation":270,"texture":"#0"},"west":{"uv":[11.75,0,12.975,1.225],"texture":"#0"},"up":{"uv":[11.75,0,12.975,1.225],"rotation":180,"texture":"#0"},"down":{"uv":[11.75,0,12.975,1.225],"texture":"#0"}}},{"from":[7.5,17.5,6.35],"to":[8.5,18.5,7.35],"rotation":{"angle":0,"axis":"y","origin":[8,18,8]},"faces":{"north":{"uv":[2.5,0,3.725,1.225],"texture":"#0"},"east":{"uv":[11.75,0,12.975,1.225],"texture":"#0"},"south":{"uv":[11.75,0,12.975,1.225],"rotation":270,"texture":"#0"},"west":{"uv":[11.75,0,12.975,1.225],"texture":"#0"},"up":{"uv":[11.75,0,12.975,1.225],"rotation":180,"texture":"#0"},"down":{"uv":[11.75,0,12.975,1.225],"texture":"#0"}}},{"from":[6.35,17.5,7.5],"to":[7.35,18.5,8.5],"rotation":{"angle":-45,"axis":"y","origin":[8,18,8]},"faces":{"north":{"uv":[11.75,0,12.975,1.225],"texture":"#0"},"east":{"uv":[11.75,0,12.975,1.225],"rotation":270,"texture":"#0"},"south":{"uv":[11.75,0,12.975,1.225],"texture":"#0"},"west":{"uv":[2.5,0,3.725,1.225],"texture":"#0"},"up":{"uv":[11.75,0,12.975,1.225],"rotation":90,"texture":"#0"},"down":{"uv":[11.75,0,12.975,1.225],"rotation":90,"texture":"#0"}}},{"from":[6.35,17.5,7.5],"to":[7.35,18.5,8.5],"rotation":{"angle":0,"axis":"y","origin":[8,18,8]},"faces":{"north":{"uv":[11.75,0,12.975,1.225],"texture":"#0"},"east":{"uv":[11.75,0,12.975,1.225],"rotation":270,"texture":"#0"},"south":{"uv":[11.75,0,12.975,1.225],"texture":"#0"},"west":{"uv":[2.5,0,3.725,1.225],"texture":"#0"},"up":{"uv":[11.75,0,12.975,1.225],"rotation":90,"texture":"#0"},"down":{"uv":[11.75,0,12.975,1.225],"rotation":90,"texture":"#0"}}},{"from":[7.5,17.5,8.65],"to":[8.5,18.5,9.65],"rotation":{"angle":-45,"axis":"y","origin":[8,18,8]},"faces":{"north":{"uv":[11.75,0,12.975,1.225],"rotation":270,"texture":"#0"},"east":{"uv":[11.75,0,12.975,1.225],"texture":"#0"},"south":{"uv":[2.5,0,3.725,1.225],"texture":"#0"},"west":{"uv":[11.75,0,12.975,1.225],"texture":"#0"},"up":{"uv":[11.75,0,12.975,1.225],"texture":"#0"},"down":{"uv":[11.75,0,12.975,1.225],"rotation":180,"texture":"#0"}}},{"from":[7.5,17.5,8.65],"to":[8.5,18.5,9.65],"rotation":{"angle":0,"axis":"y","origin":[8,18,8]},"faces":{"north":{"uv":[11.75,0,12.975,1.225],"rotation":270,"texture":"#0"},"east":{"uv":[11.75,0,12.975,1.225],"texture":"#0"},"south":{"uv":[2.5,0,3.725,1.225],"texture":"#0"},"west":{"uv":[11.75,0,12.975,1.225],"texture":"#0"},"up":{"uv":[11.75,0,12.975,1.225],"texture":"#0"},"down":{"uv":[11.75,0,12.975,1.225],"rotation":180,"texture":"#0"}}},{"from":[8.65,17.5,7.5],"to":[9.65,18.5,8.5],"rotation":{"angle":-45,"axis":"y","origin":[8,18,8]},"faces":{"north":{"uv":[11.75,0,12.975,1.225],"texture":"#0"},"east":{"uv":[2.5,0,3.725,1.225],"texture":"#0"},"south":{"uv":[11.75,0,12.975,1.225],"texture":"#0"},"west":{"uv":[11.75,0,12.975,1.225],"rotation":270,"texture":"#0"},"up":{"uv":[11.75,0,12.975,1.225],"rotation":270,"texture":"#0"},"down":{"uv":[11.75,0,12.975,1.225],"rotation":270,"texture":"#0"}}},{"from":[8.65,17.5,7.5],"to":[9.65,18.5,8.5],"rotation":{"angle":0,"axis":"y","origin":[8,18,8]},"faces":{"north":{"uv":[11.75,0,12.975,1.225],"texture":"#0"},"east":{"uv":[2.5,0,3.725,1.225],"texture":"#0"},"south":{"uv":[11.75,0,12.975,1.225],"texture":"#0"},"west":{"uv":[11.75,0,12.975,1.225],"rotation":270,"texture":"#0"},"up":{"uv":[11.75,0,12.975,1.225],"rotation":270,"texture":"#0"},"down":{"uv":[11.75,0,12.975,1.225],"rotation":270,"texture":"#0"}}},{"from":[7.5,17.5,6.35],"to":[8.5,18.5,7.35],"rotation":{"angle":-45,"axis":"y","origin":[8,18,8]},"faces":{"north":{"uv":[2.5,0,3.725,1.225],"texture":"#0"},"east":{"uv":[11.75,0,12.975,1.225],"texture":"#0"},"south":{"uv":[11.75,0,12.975,1.225],"rotation":270,"texture":"#0"},"west":{"uv":[11.75,0,12.975,1.225],"texture":"#0"},"up":{"uv":[11.75,0,12.975,1.225],"rotation":180,"texture":"#0"},"down":{"uv":[11.75,0,12.975,1.225],"texture":"#0"}}},{"from":[6.53,23.03,6.53],"to":[9.53,23.53,9.53],"rotation":{"angle":0,"axis":"y","origin":[8,66.394,8]},"faces":{"north":{"uv":[13,3.5,16,3],"texture":"#0"},"east":{"uv":[13,3.5,16,3],"texture":"#0"},"south":{"uv":[13,3.5,16,3],"texture":"#0"},"west":{"uv":[13,3.5,16,3],"texture":"#0"},"up":{"uv":[13,3,16,0],"texture":"#0"},"down":{"uv":[13,3,16,0],"texture":"#0"}}},{"from":[6.53,21.53,6.53],"to":[9.53,22.03,9.53],"rotation":{"angle":0,"axis":"y","origin":[8,66.394,8]},"faces":{"north":{"uv":[13,3.5,16,3],"texture":"#0"},"east":{"uv":[13,3.5,16,3],"texture":"#0"},"south":{"uv":[13,3.5,16,3],"texture":"#0"},"west":{"uv":[13,3.5,16,3],"texture":"#0"},"up":{"uv":[13,3,16,0],"texture":"#0"},"down":{"uv":[13,3,16,0],"texture":"#0"}}},{"from":[6.53,20.03,6.53],"to":[9.53,20.53,9.53],"rotation":{"angle":0,"axis":"y","origin":[8,64.894,8]},"faces":{"north":{"uv":[13,3.5,16,3],"texture":"#0"},"east":{"uv":[13,3.5,16,3],"texture":"#0"},"south":{"uv":[13,3.5,16,3],"texture":"#0"},"west":{"uv":[13,3.5,16,3],"texture":"#0"},"up":{"uv":[13,3,16,0],"texture":"#0"},"down":{"uv":[13,3,16,0],"texture":"#0"}}},{"from":[6.53,18.53,6.53],"to":[9.53,19.03,9.53],"rotation":{"angle":0,"axis":"y","origin":[8,63.394,8]},"faces":{"north":{"uv":[13,3.5,16,3],"texture":"#0"},"east":{"uv":[13,3.5,16,3],"texture":"#0"},"south":{"uv":[13,3.5,16,3],"texture":"#0"},"west":{"uv":[13,3.5,16,3],"texture":"#0"},"up":{"uv":[13,3,16,0],"texture":"#0"},"down":{"uv":[13,3,16,0],"texture":"#0"}}},{"from":[6.53,17.03,6.53],"to":[9.53,17.53,9.53],"rotation":{"angle":0,"axis":"y","origin":[8,61.894,8]},"faces":{"north":{"uv":[13,3.5,16,3],"texture":"#0"},"east":{"uv":[13,3.5,16,3],"texture":"#0"},"south":{"uv":[13,3.5,16,3],"texture":"#0"},"west":{"uv":[13,3.5,16,3],"texture":"#0"},"up":{"uv":[13,3,16,0],"texture":"#0"},"down":{"uv":[13,3,16,0],"texture":"#0"}}},{"from":[7.03,23.53,7.03],"to":[9.03,24.03,9.03],"rotation":{"angle":0,"axis":"y","origin":[8,66.394,8]},"faces":{"north":{"uv":[14,4,16,3.5],"texture":"#0"},"east":{"uv":[14,4,16,3.5],"texture":"#0"},"south":{"uv":[14,4,16,3.5],"texture":"#0"},"west":{"uv":[14,4,16,3.5],"texture":"#0"},"up":{"uv":[13.5,2.5,15.5,0.5],"texture":"#0"}}},{"from":[7.03,16.53,7.03],"to":[9.03,17.03,9.03],"rotation":{"angle":0,"axis":"y","origin":[8,66.394,8]},"faces":{"north":{"uv":[14,4,16,3.5],"texture":"#0"},"east":{"uv":[14,4,16,3.5],"texture":"#0"},"south":{"uv":[14,4,16,3.5],"texture":"#0"},"west":{"uv":[14,4,16,3.5],"texture":"#0"},"up":{"uv":[13.5,2.5,15.5,0.5],"texture":"#0"},"down":{"uv":[13.5,2.5,15.5,0.5],"texture":"#0"}}},{"from":[7.53,3.53,7.53],"to":[8.53,16.03,8.53],"rotation":{"angle":0,"axis":"y","origin":[8,66.394,8]},"faces":{"north":{"uv":[9.5,12.5,10.5,0],"texture":"#0"},"east":{"uv":[9.5,12.5,10.5,0],"texture":"#0"},"south":{"uv":[9.5,12.5,10.5,0],"texture":"#0"},"west":{"uv":[9.5,12.5,10.5,0],"texture":"#0"},"up":{"uv":[13.5,2.5,15.5,0.5],"texture":"#0"},"down":{"uv":[13.5,2.5,15.5,0.5],"texture":"#0"}}},{"from":[7.03,26.53,7.03],"to":[9.03,27.03,9.03],"rotation":{"angle":0,"axis":"y","origin":[8,66.394,8]},"faces":{"north":{"uv":[11,4,13,3.5],"texture":"#0"},"east":{"uv":[11,4,13,3.5],"texture":"#0"},"south":{"uv":[11,4,13,3.5],"texture":"#0"},"west":{"uv":[11,4,13,3.5],"texture":"#0"},"up":{"uv":[11,3.5,13,1.5],"texture":"#0"},"down":{"uv":[11,3.5,13,1.5],"texture":"#0"}}},{"from":[7.5,24,8],"to":[8.5,25.5,8],"rotation":{"angle":0,"axis":"y","origin":[8,24.75,8]},"faces":{"north":{"uv":[10.75,1.5,11.75,0],"texture":"#0"},"south":{"uv":[10.75,1.5,11.75,0],"texture":"#0"}}},{"from":[8,25,7.5],"to":[8,26.5,8.5],"rotation":{"angle":0,"axis":"y","origin":[8,24.75,8]},"faces":{"east":{"uv":[10.75,1.5,11.75,0],"texture":"#0"},"west":{"uv":[10.75,1.5,11.75,0],"texture":"#0"}}},{"from":[8,28,7.5],"to":[8,29.5,8.5],"rotation":{"angle":0,"axis":"y","origin":[8,24.75,8]},"faces":{"east":{"uv":[10.75,1.5,11.75,0],"texture":"#0"},"west":{"uv":[10.75,1.5,11.75,0],"texture":"#0"}}},{"from":[7.5,27,8],"to":[8.5,28.5,8],"rotation":{"angle":0,"axis":"y","origin":[8,24.75,8]},"faces":{"north":{"uv":[10.75,1.5,11.75,0],"texture":"#0"},"south":{"uv":[10.75,1.5,11.75,0],"texture":"#0"}}},{"from":[7.44056,3.41513,7.44056],"to":[8.55944,3.77607,8.55944],"rotation":{"angle":0,"axis":"y","origin":[8,8.53929,8]},"faces":{"north":{"uv":[4.06888,3.175,3.35,3.46094],"texture":"#0"},"east":{"uv":[4.06888,3.175,3.35,3.46094],"texture":"#0"},"south":{"uv":[4.06888,3.175,3.35,3.46094],"texture":"#0"},"west":{"uv":[4.06888,3.175,3.35,3.46094],"texture":"#0"},"up":{"uv":[4.06888,3.175,3.35,3.46094],"texture":"#0"},"down":{"uv":[4.06888,3.175,3.35,3.46094],"texture":"#0"}}}],"gui_light":"front","display":{"thirdperson_righthand":{"rotation":[12.5,0,0],"translation":[0,-3.5,-0.75],"scale":[0.41,0.41,0.41]},"thirdperson_lefthand":{"rotation":[12.5,0,0],"translation":[0,-3.5,-0.75],"scale":[0.41,0.41,0.41]},"firstperson_righthand":{"scale":[0,0,0]},"firstperson_lefthand":{"scale":[0,0,0]},"ground":{"rotation":[0,0,15],"scale":[0.52,0.52,0.51]},"gui":{"rotation":[10,35,0],"translation":[0,-5,0],"scale":[0.5,0.5,0.5]},"head":{"translation":[0,-30,0],"scale":[3,3,3]},"fixed":{"translation":[0,-7.25,-4.25]}}}