{"credit":"MadewithBlockbench","texture_size":[32,32],"textures":{"0":"elitecreatures:japan_furniture_v1/window_2","particle":"elitecreatures:japan_furniture_v1/window_2"},"elements":[{"from":[-4.79998,-11.72294,1.8653],"to":[7.10642,-9.73854,13.9742],"rotation":{"angle":-22.5,"axis":"z","origin":[8,8,8]},"faces":{"north":{"uv":[4.9825,0,0,0.92],"rotation":180,"texture":"#0"},"east":{"uv":[4.9825,0,0,0.92],"rotation":180,"texture":"#0"},"south":{"uv":[0,0,4.9825,0.92],"rotation":180,"texture":"#0"},"west":{"uv":[0,0,1,1],"texture":"#0"},"up":{"uv":[1,8.5,5.5,9],"rotation":270,"texture":"#0"},"down":{"uv":[1,10.5,5.4532,15.1232],"rotation":270,"texture":"#0"}}},{"from":[-4.79998,25.73854,1.8653],"to":[7.10642,27.72294,13.8742],"rotation":{"angle":22.5,"axis":"z","origin":[8,8,8]},"faces":{"north":{"uv":[4.9825,0,0,0.92],"rotation":180,"texture":"#0"},"east":{"uv":[4.9825,0,0,0.92],"rotation":180,"texture":"#0"},"south":{"uv":[0,0,4.9825,0.92],"rotation":180,"texture":"#0"},"west":{"uv":[0,1,1,0],"texture":"#0"},"up":{"uv":[1,10.5,5.4532,15.1232],"rotation":270,"texture":"#0"},"down":{"uv":[1,8.5,5.5,9],"rotation":270,"texture":"#0"}}},{"from":[8.89358,25.73854,1.8653],"to":[20.79998,27.72294,13.8742],"rotation":{"angle":-22.5,"axis":"z","origin":[8,8,8]},"faces":{"north":{"uv":[4.9825,0,0,0.92],"rotation":180,"texture":"#0"},"east":{"uv":[1,1,0,0],"texture":"#0"},"south":{"uv":[0,0,4.9825,0.92],"rotation":180,"texture":"#0"},"west":{"uv":[4.9825,0,0,0.92],"rotation":180,"texture":"#0"},"up":{"uv":[1,10.5,5.4532,15.1232],"rotation":270,"texture":"#0"},"down":{"uv":[1,8.5,5.5,9],"rotation":270,"texture":"#0"}}},{"from":[29.01277,0.98887,1.8048],"to":[30.99717,12.89527,13.8452],"rotation":{"angle":22.5,"axis":"z","origin":[8,8,8]},"faces":{"north":{"uv":[0,0.9825,4.92,0],"rotation":270,"texture":"#0"},"east":{"uv":[1,9,5.4982,13.4532],"rotation":180,"texture":"#0"},"south":{"uv":[0,0,4.92,0.9825],"rotation":270,"texture":"#0"},"west":{"uv":[1,8.5,5.4982,8.9532],"rotation":180,"texture":"#0"},"up":{"uv":[0,0.9825,4.92,0],"rotation":270,"texture":"#0"},"down":{"uv":[1,1,0,0],"rotation":90,"texture":"#0"}}},{"from":[29.94526,5.6768,1.8443],"to":[31.92966,10.3232,13.8557],"rotation":{"angle":0,"axis":"y","origin":[8,8,8]},"faces":{"north":{"uv":[0,0.9825,0.92,0],"rotation":270,"texture":"#0"},"east":{"uv":[1,12.75,5.4982,13.4532],"rotation":180,"texture":"#0"},"south":{"uv":[0,0,4.92,0.9825],"rotation":270,"texture":"#0"},"west":{"uv":[1,8.5,5.4982,8.9532],"rotation":180,"texture":"#0"},"up":{"uv":[0,0.9825,4.92,0],"rotation":270,"texture":"#0"},"down":{"uv":[0,0.9825,4.92,0],"rotation":270,"texture":"#0"}}},{"from":[29.01277,3.10473,1.8048],"to":[30.99717,15.01113,13.8952],"rotation":{"angle":-22.5,"axis":"z","origin":[8,8,8]},"faces":{"north":{"uv":[0,0.9825,4.92,0],"rotation":270,"texture":"#0"},"east":{"uv":[1,9,5.4982,13.4532],"rotation":180,"texture":"#0"},"south":{"uv":[0,0,4.92,0.9825],"rotation":270,"texture":"#0"},"west":{"uv":[1,8.5,5.4982,8.9532],"rotation":180,"texture":"#0"},"up":{"uv":[0,1,1,0],"rotation":90,"texture":"#0"},"down":{"uv":[0,0.9825,4.92,0],"rotation":270,"texture":"#0"}}},{"from":[8.89358,-11.72294,1.8653],"to":[20.79998,-9.73854,13.9742],"rotation":{"angle":22.5,"axis":"z","origin":[8,8,8]},"faces":{"north":{"uv":[4.9825,0,0,0.92],"rotation":180,"texture":"#0"},"east":{"uv":[1,0,0,1],"texture":"#0"},"south":{"uv":[0,0,4.9825,0.92],"rotation":180,"texture":"#0"},"west":{"uv":[4.9825,0,0,0.92],"rotation":180,"texture":"#0"},"up":{"uv":[1,8.5,5.5,9],"rotation":270,"texture":"#0"},"down":{"uv":[1,10.5,5.4532,15.1232],"rotation":270,"texture":"#0"}}},{"from":[-0.3732,23.89526,1.9258],"to":[16.3732,25.87966,13.8322],"rotation":{"angle":0,"axis":"y","origin":[8,8,8]},"faces":{"north":{"uv":[4.9825,0,0,0.92],"rotation":180,"texture":"#0"},"east":{"uv":[1,1,0,0],"texture":"#0"},"south":{"uv":[0,0,4.9825,0.92],"rotation":180,"texture":"#0"},"west":{"uv":[1,1,0,0],"texture":"#0"},"up":{"uv":[1,9,5.4532,15.1232],"rotation":270,"texture":"#0"},"down":{"uv":[1,8.5,5.5,9],"rotation":270,"texture":"#0"}}},{"from":[-0.3732,-9.87966,1.9258],"to":[16.3732,-7.89526,13.8322],"rotation":{"angle":0,"axis":"y","origin":[8,8,8]},"faces":{"north":{"uv":[4.9825,0,0,0.92],"rotation":180,"texture":"#0"},"east":{"uv":[1,1,0,0],"texture":"#0"},"south":{"uv":[0,0,4.9825,0.92],"rotation":180,"texture":"#0"},"west":{"uv":[1,1,0,0],"texture":"#0"},"up":{"uv":[1,8.5,5.5,9],"rotation":270,"texture":"#0"},"down":{"uv":[1,9,5.4532,15.1232],"rotation":270,"texture":"#0"}}},{"from":[13.9048,-8.18566,4.2248],"to":[16.6152,25.01674,11.7752],"rotation":{"angle":0,"axis":"y","origin":[8,8,8]},"faces":{"north":{"uv":[0,2.37,13.72,1.325],"rotation":270,"texture":"#0"},"east":{"uv":[0,0.2325,0.92,0],"rotation":270,"texture":"#0"},"south":{"uv":[0,2.37,13.72,1.325],"rotation":270,"texture":"#0"},"west":{"uv":[0,1.495,13.72,1.425],"rotation":270,"texture":"#0"},"up":{"uv":[0,0.2325,0.92,0],"rotation":270,"texture":"#0"},"down":{"uv":[0,0.2325,0.92,0],"rotation":270,"texture":"#0"}}},{"from":[1.97834,5.9188,4.2248],"to":[13.88474,7.9032,11.7752],"rotation":{"angle":0,"axis":"y","origin":[8,8,8]},"faces":{"north":{"uv":[1.25,8.42,2.07,3.5],"rotation":270,"texture":"#0"},"east":{"uv":[0,0.2325,0.92,0],"rotation":270,"texture":"#0"},"south":{"uv":[1.25,8.42,2.07,3.5],"rotation":270,"texture":"#0"},"west":{"uv":[0,0.2325,0.92,0],"rotation":270,"texture":"#0"},"up":{"uv":[0,0.2325,0.92,0],"rotation":270,"texture":"#0"},"down":{"uv":[0,0.2325,0.92,0],"rotation":270,"texture":"#0"}}},{"from":[5.9188,7.92326,4.2248],"to":[7.9032,24.66966,11.7752],"rotation":{"angle":0,"axis":"y","origin":[8,8,8]},"faces":{"north":{"uv":[3.5,4.32,10.42,3.575],"rotation":270,"texture":"#0"},"east":{"uv":[3.5,4.32,10.42,4.4],"rotation":270,"texture":"#0"},"south":{"uv":[3.5,4.32,10.42,3.575],"rotation":270,"texture":"#0"},"west":{"uv":[0,0.2325,0.92,0],"rotation":270,"texture":"#0"},"up":{"uv":[0,0.2325,0.92,0],"rotation":270,"texture":"#0"},"down":{"uv":[0,0.2325,0.92,0],"rotation":270,"texture":"#0"}}},{"from":[21.4068,-6.24966,4.2248],"to":[22.9072,22.11274,11.7752],"rotation":{"angle":0,"axis":"y","origin":[8,8,8]},"faces":{"north":{"uv":[0,16,11.72,15.505],"rotation":270,"texture":"#0"},"east":{"uv":[0,0.2325,0.92,0],"rotation":270,"texture":"#0"},"south":{"uv":[0,16,11.72,15.505],"rotation":270,"texture":"#0"},"west":{"uv":[0,15.4,11.72,15.38],"rotation":270,"texture":"#0"},"up":{"uv":[0,0.2325,0.92,0],"rotation":270,"texture":"#0"},"down":{"uv":[0,0.2325,0.92,0],"rotation":270,"texture":"#0"}}},{"from":[11.79526,10.7588,4.9508],"to":[29.02566,12.7432,11.0492],"rotation":{"angle":0,"axis":"y","origin":[8,8,8]},"faces":{"north":{"uv":[0,10.62,0.82,3.5],"rotation":270,"texture":"#0"},"east":{"uv":[0,0.2325,0.92,0],"rotation":270,"texture":"#0"},"south":{"uv":[0,10.62,0.82,3.5],"rotation":270,"texture":"#0"},"west":{"uv":[0,4.37,0.82,3.5],"rotation":270,"texture":"#0"},"up":{"uv":[0.825,10.62,0.82,3.5],"rotation":90,"texture":"#0"},"down":{"uv":[0,0.2325,0.92,0],"rotation":270,"texture":"#0"}}},{"from":[-14.99717,3.10473,1.8048],"to":[-13.01277,15.01113,13.8952],"rotation":{"angle":22.5,"axis":"z","origin":[8,8,8]},"faces":{"north":{"uv":[0,0,4.92,0.9825],"rotation":270,"texture":"#0"},"east":{"uv":[1,8.5,5.4982,8.9532],"rotation":180,"texture":"#0"},"south":{"uv":[0,0.9825,4.92,0],"rotation":270,"texture":"#0"},"west":{"uv":[1,9,5.4982,13.4532],"rotation":180,"texture":"#0"},"up":{"uv":[0,0,1,1],"rotation":90,"texture":"#0"},"down":{"uv":[0,0,4.92,0.9825],"rotation":270,"texture":"#0"}}},{"from":[-15.92966,5.6768,1.8443],"to":[-13.94526,10.3232,13.8557],"rotation":{"angle":0,"axis":"y","origin":[8,8,8]},"faces":{"north":{"uv":[0,0.9825,0.92,0],"rotation":270,"texture":"#0"},"east":{"uv":[1,8.5,5.4982,8.9532],"rotation":180,"texture":"#0"},"south":{"uv":[0,0.9825,4.92,0],"rotation":270,"texture":"#0"},"west":{"uv":[1,12.75,5.4982,13.4532],"rotation":180,"texture":"#0"},"up":{"uv":[0,0,4.92,0.9825],"rotation":270,"texture":"#0"},"down":{"uv":[0,0,1,1],"rotation":90,"texture":"#0"}}},{"from":[-14.99717,0.98887,1.8048],"to":[-13.01277,12.89527,13.8452],"rotation":{"angle":-22.5,"axis":"z","origin":[8,8,8]},"faces":{"north":{"uv":[0,0,4.92,0.9825],"rotation":270,"texture":"#0"},"east":{"uv":[1,8.5,5.4982,8.9532],"rotation":180,"texture":"#0"},"south":{"uv":[0,0.9825,4.92,0],"rotation":270,"texture":"#0"},"west":{"uv":[1,9,5.4982,13.4532],"rotation":180,"texture":"#0"},"up":{"uv":[0,0,4.92,0.9825],"rotation":270,"texture":"#0"},"down":{"uv":[1,0,0,1],"rotation":90,"texture":"#0"}}},{"from":[-6.9072,-6.24966,4.2248],"to":[-5.4068,22.11274,11.7752],"rotation":{"angle":0,"axis":"y","origin":[8,8,8]},"faces":{"north":{"uv":[0,16,11.72,15.505],"rotation":270,"texture":"#0"},"east":{"uv":[0,15.38,11.72,15.4],"rotation":270,"texture":"#0"},"south":{"uv":[0,16,11.72,15.505],"rotation":270,"texture":"#0"},"west":{"uv":[0,0,0.92,0.2325],"rotation":270,"texture":"#0"},"up":{"uv":[0,0,0.92,0.2325],"rotation":270,"texture":"#0"},"down":{"uv":[0,0,0.92,0.2325],"rotation":270,"texture":"#0"}}},{"from":[-12.05766,14.8728,4.9508],"to":[4.20474,16.8572,11.0492],"rotation":{"angle":0,"axis":"y","origin":[8,8,8]},"faces":{"north":{"uv":[0,3.5,0.82,10.62],"rotation":270,"texture":"#0"},"east":{"uv":[0,3.5,0.82,4.37],"rotation":270,"texture":"#0"},"south":{"uv":[0,3.5,0.82,10.62],"rotation":270,"texture":"#0"},"west":{"uv":[0,0,0.92,0.2325],"rotation":270,"texture":"#0"},"up":{"uv":[0.825,3.5,0.82,10.62],"rotation":90,"texture":"#0"},"down":{"uv":[0,0,0.92,0.2325],"rotation":270,"texture":"#0"}}},{"from":[-0.6152,-8.18566,4.2248],"to":[2.0952,25.01674,11.7752],"rotation":{"angle":0,"axis":"y","origin":[8,8,8]},"faces":{"north":{"uv":[0,1.325,13.72,2.37],"rotation":270,"texture":"#0"},"east":{"uv":[0,1.425,13.72,1.495],"rotation":270,"texture":"#0"},"south":{"uv":[0,1.325,13.72,2.37],"rotation":270,"texture":"#0"},"west":{"uv":[0,0,0.92,0.2325],"rotation":270,"texture":"#0"},"up":{"uv":[0,0,0.92,0.2325],"rotation":270,"texture":"#0"},"down":{"uv":[0,0,0.92,0.2325],"rotation":270,"texture":"#0"}}},{"from":[-0.47,-8.214,6.79],"to":[16.47,25.424,9.21],"rotation":{"angle":0,"axis":"y","origin":[8,8,8]},"faces":{"north":{"uv":[12.5,9.4,16,16],"texture":"#0"},"east":{"uv":[0,0,1,13.2],"texture":"#0"},"south":{"uv":[16,9.4,12.5,16],"texture":"#0"},"west":{"uv":[0,0,1,13.2],"texture":"#0"},"up":{"uv":[0,0,7,1],"texture":"#0"},"down":{"uv":[0,0,7,1],"texture":"#0"}}},{"from":[-4.4025,-8.214,6.79],"to":[-0.47,24.214,9.21],"rotation":{"angle":0,"axis":"y","origin":[8,8,8]},"faces":{"north":{"uv":[11,8,11.8,14.7],"texture":"#0"},"east":{"uv":[0,0,1,13.4],"texture":"#0"},"south":{"uv":[11.8,8,11,14.7],"texture":"#0"},"west":{"uv":[0,0,1,13.4],"texture":"#0"},"up":{"uv":[0,0,1.6,1],"texture":"#0"},"down":{"uv":[0,0,1.6,1],"texture":"#0"}}},{"from":[-8.456,-6.278,6.79],"to":[-4.342,22.278,9.21],"rotation":{"angle":0,"axis":"y","origin":[8,8,8]},"faces":{"north":{"uv":[9,8.25,9.85,14.15],"texture":"#0"},"east":{"uv":[0,0,1,11.8],"texture":"#0"},"south":{"uv":[9.85,8.25,9,14.15],"texture":"#0"},"west":{"uv":[0,0,1,11.8],"texture":"#0"},"up":{"uv":[0,0,1.7,1],"texture":"#0"},"down":{"uv":[0,0,1.7,1],"texture":"#0"}}},{"from":[-10.392,-4.584,6.79],"to":[-8.335,20.584,9.21],"rotation":{"angle":0,"axis":"y","origin":[8,8,8]},"faces":{"north":{"uv":[7.75,8.75,8.15,13.95],"texture":"#0"},"east":{"uv":[0,0,1,10.4],"texture":"#0"},"south":{"uv":[8.15,8.75,7.75,13.95],"texture":"#0"},"west":{"uv":[0,0,1,10.4],"texture":"#0"},"up":{"uv":[0,0,0.8,1],"texture":"#0"},"down":{"uv":[0,0,0.8,1],"texture":"#0"}}},{"from":[-12.328,-2.406,6.79],"to":[-10.3315,18.406,9.21],"rotation":{"angle":0,"axis":"y","origin":[8,8,8]},"faces":{"north":{"uv":[6.75,10,7.15,14.3],"texture":"#0"},"east":{"uv":[0,0,1,8.6],"texture":"#0"},"south":{"uv":[7.15,10,6.75,14.3],"texture":"#0"},"west":{"uv":[0,0,1,8.6],"texture":"#0"},"up":{"uv":[0,0,0.8,1],"texture":"#0"},"down":{"uv":[0,0,0.8,1],"texture":"#0"}}},{"from":[-14.022,1.708,6.79],"to":[-12.2675,14.534,9.21],"rotation":{"angle":0,"axis":"y","origin":[8,8,8]},"faces":{"north":{"uv":[5.5,11.25,5.85,13.9],"texture":"#0"},"east":{"uv":[0,0,1,5.3],"texture":"#0"},"south":{"uv":[5.85,11.25,5.5,13.9],"texture":"#0"},"west":{"uv":[0,0,1,5.3],"texture":"#0"},"up":{"uv":[0,0,0.7,1],"texture":"#0"},"down":{"uv":[0,0,0.7,1],"texture":"#0"}}},{"from":[16.47,-8.214,6.79],"to":[20.4025,24.214,9.21],"rotation":{"angle":0,"axis":"y","origin":[8,8,8]},"faces":{"north":{"uv":[11.8,8,11,14.7],"texture":"#0"},"east":{"uv":[1,0,0,13.4],"texture":"#0"},"south":{"uv":[11,8,11.8,14.7],"texture":"#0"},"west":{"uv":[1,0,0,13.4],"texture":"#0"},"up":{"uv":[1.6,0,0,1],"texture":"#0"},"down":{"uv":[1.6,0,0,1],"texture":"#0"}}},{"from":[20.342,-6.278,6.79],"to":[24.456,22.278,9.21],"rotation":{"angle":0,"axis":"y","origin":[8,8,8]},"faces":{"north":{"uv":[9.85,8.25,9,14.15],"texture":"#0"},"east":{"uv":[1,0,0,11.8],"texture":"#0"},"south":{"uv":[9,8.25,9.85,14.15],"texture":"#0"},"west":{"uv":[1,0,0,11.8],"texture":"#0"},"up":{"uv":[1.7,0,0,1],"texture":"#0"},"down":{"uv":[1.7,0,0,1],"texture":"#0"}}},{"from":[24.335,-4.584,6.79],"to":[26.392,20.584,9.21],"rotation":{"angle":0,"axis":"y","origin":[8,8,8]},"faces":{"north":{"uv":[8.15,8.75,7.75,13.95],"texture":"#0"},"east":{"uv":[1,0,0,10.4],"texture":"#0"},"south":{"uv":[7.75,8.75,8.15,13.95],"texture":"#0"},"west":{"uv":[1,0,0,10.4],"texture":"#0"},"up":{"uv":[0.8,0,0,1],"texture":"#0"},"down":{"uv":[0.8,0,0,1],"texture":"#0"}}},{"from":[26.3315,-2.406,6.79],"to":[28.328,18.406,9.21],"rotation":{"angle":0,"axis":"y","origin":[8,8,8]},"faces":{"north":{"uv":[7.15,10,6.75,14.3],"texture":"#0"},"east":{"uv":[1,0,0,8.6],"texture":"#0"},"south":{"uv":[6.75,10,7.15,14.3],"texture":"#0"},"west":{"uv":[1,0,0,8.6],"texture":"#0"},"up":{"uv":[0.8,0,0,1],"texture":"#0"},"down":{"uv":[0.8,0,0,1],"texture":"#0"}}},{"from":[28.2675,1.708,6.79],"to":[30.022,14.534,9.21],"rotation":{"angle":0,"axis":"y","origin":[8,8,8]},"faces":{"north":{"uv":[5.85,11.25,5.5,13.9],"texture":"#0"},"east":{"uv":[1,0,0,5.3],"texture":"#0"},"south":{"uv":[5.5,11.25,5.85,13.9],"texture":"#0"},"west":{"uv":[1,0,0,5.3],"texture":"#0"},"up":{"uv":[0.7,0,0,1],"texture":"#0"},"down":{"uv":[0.7,0,0,1],"texture":"#0"}}}],"gui_light":"front","display":{"thirdperson_righthand":{"rotation":[1.54,-20.03,8.68],"translation":[0,2.75,0.25],"scale":[0.38,0.38,0.39]},"thirdperson_lefthand":{"rotation":[1.54,-20.03,8.68],"translation":[0,2.75,0.25],"scale":[0.38,0.38,0.39]},"firstperson_righthand":{"scale":[0,0,0]},"firstperson_lefthand":{"scale":[0,0,0]},"ground":{"rotation":[36,0,0],"translation":[0,0.75,0],"scale":[0.37,0.37,0.37]},"gui":{"rotation":[18,157,0],"scale":[0.2,0.2,0.2]},"head":{"translation":[0,-6.75,-4.5],"scale":[2,2,2]},"fixed":{"translation":[0,0,-7]}}}