{"credit":"MadewithBlockbench","textures":{"1":"elitecreatures:japan_furniture_v1/lamp_9"},"elements":[{"from":[6.5,0,6.5],"to":[9.5,1,9.5],"faces":{"north":{"uv":[9,0,12,1],"texture":"#1"},"east":{"uv":[9,0,12,1],"texture":"#1"},"south":{"uv":[9,0,12,1],"texture":"#1"},"west":{"uv":[9,0,12,1],"texture":"#1"},"up":{"uv":[5,7,2,4],"texture":"#1"},"down":{"uv":[8,4,5,7],"texture":"#1"}}},{"from":[7,1,7],"to":[9,3,9],"faces":{"north":{"uv":[8,3,10,5],"texture":"#1"},"east":{"uv":[8,3,10,5],"texture":"#1"},"south":{"uv":[8,3,10,5],"texture":"#1"},"west":{"uv":[8,3,10,5],"texture":"#1"},"up":{"uv":[10,7,8,5],"texture":"#1"}}},{"from":[7.25,3,7.25],"to":[8.75,15,8.75],"faces":{"north":{"uv":[0,0,1.5,12],"texture":"#1"},"east":{"uv":[0,0,1.5,12],"texture":"#1"},"south":{"uv":[0,0,1.5,12],"texture":"#1"},"west":{"uv":[0,0,1.5,12],"texture":"#1"}}},{"from":[6.25,17.25,6.25],"to":[9.75,17.75,9.75],"faces":{"north":{"uv":[9,2,12.5,2.5],"texture":"#1"},"east":{"uv":[9,2,12.5,2.5],"texture":"#1"},"south":{"uv":[9,2,12.5,2.5],"texture":"#1"},"west":{"uv":[9,2,12.5,2.5],"texture":"#1"},"up":{"uv":[5.5,3.5,2,0],"texture":"#1"},"down":{"uv":[5.5,3.5,2,0],"texture":"#1"}}},{"from":[6.25,15,6.25],"to":[9.75,15.5,9.75],"faces":{"north":{"uv":[9,2,12.5,2.5],"texture":"#1"},"east":{"uv":[9,2,12.5,2.5],"texture":"#1"},"south":{"uv":[9,2,12.5,2.5],"texture":"#1"},"west":{"uv":[9,2,12.5,2.5],"texture":"#1"},"up":{"uv":[5.5,3.5,2,0],"texture":"#1"},"down":{"uv":[5.5,3.5,2,0],"texture":"#1"}}},{"from":[6.75,15.5,6.75],"to":[9.25,17.25,9.25],"faces":{"north":{"uv":[5,7,7.5,8.75],"texture":"#1"},"east":{"uv":[5,7,7.5,8.75],"texture":"#1"},"south":{"uv":[5,7,7.5,8.75],"texture":"#1"},"west":{"uv":[5,7,7.5,8.75],"texture":"#1"},"down":{"uv":[8.5,0,6,2.5],"texture":"#1"}}},{"from":[6.75,17.75,6.75],"to":[9.25,19.25,9.25],"faces":{"north":{"uv":[8,7,10.5,8.5],"texture":"#1"},"east":{"uv":[8,7,10.5,8.5],"texture":"#1"},"south":{"uv":[8,7,10.5,8.5],"texture":"#1"},"west":{"uv":[8,7,10.5,8.5],"texture":"#1"},"up":{"uv":[4.5,9.5,2,7],"texture":"#1"}}},{"from":[7.5,19.25,7.5],"to":[8.5,19.75,8.5],"faces":{"north":{"uv":[7,3,8,3.5],"texture":"#1"},"east":{"uv":[7,3,8,3.5],"texture":"#1"},"south":{"uv":[7,3,8,3.5],"texture":"#1"},"west":{"uv":[7,3,8,3.5],"texture":"#1"},"up":{"uv":[7,4,6,3],"texture":"#1"}}}],"gui_light":"front","display":{"thirdperson_righthand":{"translation":[0,-0.5,0],"scale":[0.48,0.48,0.48]},"thirdperson_lefthand":{"translation":[0,-0.5,0],"scale":[0.48,0.48,0.48]},"firstperson_righthand":{"scale":[0,0,0]},"firstperson_lefthand":{"scale":[0,0,0]},"ground":{"scale":[0.54,0.54,0.54]},"gui":{"rotation":[19,44,0],"translation":[0,-1.25,0],"scale":[0.7,0.7,0.7]},"head":{"translation":[0,-17.5,0],"scale":[3,3,3]},"fixed":{"translation":[0,-0.5,-4],"scale":[1.26,1.25,1.21]}}}