{"credit":"MadewithBlockbench","texture_size":[24,24],"textures":{"0":"elitecreatures:japan_furniture_v1/lamp_7","particle":"elitecreatures:japan_furniture_v1/lamp_7"},"elements":[{"from":[10.5,17.95,5.5],"to":[11.5,19.15,10.5],"rotation":{"angle":0,"axis":"y","origin":[8,22.1,8]},"faces":{"north":{"uv":[1.3,4.4641,2.1,5.13077],"rotation":270,"texture":"#0"},"east":{"uv":[5.75,0.05,9.08333,0.85],"texture":"#0"},"south":{"uv":[1.3,4.4641,2.1,5.13077],"rotation":270,"texture":"#0"},"west":{"uv":[9.08333,0.05,5.75,0.375],"texture":"#0"},"up":{"uv":[5.75,0.05,9.075,0.38333],"rotation":90,"texture":"#0"},"down":{"uv":[1.3,4.4641,4.63333,5.13077],"rotation":270,"texture":"#0"}}},{"from":[10.5,19.15,5.5],"to":[11.5,23.65,6.7],"rotation":{"angle":0,"axis":"y","origin":[8,22.1,8]},"faces":{"north":{"uv":[1.3,4.4641,4.3,5.13077],"rotation":270,"texture":"#0"},"east":{"uv":[0,3.55,0.675,6.55],"texture":"#0"},"south":{"uv":[0,3.55,0.675,6.55],"texture":"#0"},"west":{"uv":[0,3.55,0.675,6.55],"texture":"#0"},"up":{"uv":[1.3,4.4641,2.1,5.13077],"rotation":270,"texture":"#0"},"down":{"uv":[1.3,4.4641,2.1,5.13077],"rotation":270,"texture":"#0"}}},{"from":[5.475,24.35,4.3],"to":[10.525,25.55,5.6],"rotation":{"angle":0,"axis":"y","origin":[9.05,23.85,1.8]},"faces":{"north":{"uv":[9.08333,0.05,5.75,0.85],"rotation":180,"texture":"#0"},"east":{"uv":[0.175,3.3,0,4.45833],"texture":"#0"},"south":{"uv":[0.175,3.3,0,4.45833],"texture":"#0"},"west":{"uv":[0.175,3.3,0,4.45833],"texture":"#0"},"up":{"uv":[0.175,3.3,0,4.45833],"texture":"#0"},"down":{"uv":[0.175,3.3,0,4.45833],"texture":"#0"}}},{"from":[3.44,25.44,3.44],"to":[12.56,26.16,12.56],"rotation":{"angle":0,"axis":"y","origin":[8,-19.312,8]},"faces":{"north":{"uv":[1,3.5,4.33333,3.95],"rotation":180,"texture":"#0"},"east":{"uv":[1,3.5,4.33333,3.95],"rotation":180,"texture":"#0"},"south":{"uv":[1,3.5,4.33333,3.95],"rotation":180,"texture":"#0"},"west":{"uv":[1,3.5,4.33333,3.95],"rotation":180,"texture":"#0"},"up":{"uv":[5.575,4.025,11.505,9.93],"rotation":180,"texture":"#0"},"down":{"uv":[1.3,4.4641,1.4641,4.4],"rotation":270,"texture":"#0"}}},{"from":[4.0784,26.0254,4.0784],"to":[11.9216,26.7746,11.9216],"rotation":{"angle":0,"axis":"y","origin":[8,-12.89132,8]},"faces":{"north":{"uv":[1.15,3.5,4.33333,3.95],"rotation":180,"texture":"#0"},"east":{"uv":[1.15,3.5,4.33333,3.95],"rotation":180,"texture":"#0"},"south":{"uv":[1.15,3.5,4.33333,3.95],"rotation":180,"texture":"#0"},"west":{"uv":[1.15,3.5,4.33333,3.95],"rotation":180,"texture":"#0"},"up":{"uv":[6.075,4.525,10.9288,9.5038],"rotation":180,"texture":"#0"},"down":{"uv":[0,0,1,1],"texture":"#0"}}},{"from":[5.0784,26.7746,5.0784],"to":[10.9216,27.7238,10.9216],"rotation":{"angle":0,"axis":"y","origin":[8,-13.24212,8]},"faces":{"north":{"uv":[5.4,10.75,9.29547,11.5078],"rotation":180,"texture":"#0"},"east":{"uv":[5.4,10.75,9.29547,11.5078],"rotation":180,"texture":"#0"},"south":{"uv":[5.4,10.75,9.29547,11.5078],"rotation":180,"texture":"#0"},"west":{"uv":[5.4,10.75,9.29547,11.5078],"rotation":180,"texture":"#0"},"up":{"uv":[1.075,3.525,1.13333,3.675],"rotation":180,"texture":"#0"},"down":{"uv":[0,0,1,1],"texture":"#0"}}},{"from":[5.66272,27.41872,5.66272],"to":[10.33728,28.47808,10.33728],"rotation":{"angle":0,"axis":"y","origin":[8,-5.63466,8]},"faces":{"north":{"uv":[1.15,3.5,4.33333,3.95],"rotation":180,"texture":"#0"},"east":{"uv":[1.15,3.5,4.33333,3.95],"rotation":180,"texture":"#0"},"south":{"uv":[1.15,3.5,4.33333,3.95],"rotation":180,"texture":"#0"},"west":{"uv":[1.15,3.5,4.33333,3.95],"rotation":180,"texture":"#0"},"up":{"uv":[1.075,3.525,1.13333,3.675],"rotation":180,"texture":"#0"},"down":{"uv":[0,0,1,1],"texture":"#0"}}},{"from":[6.17692,28.49461,6.17692],"to":[9.82308,29.22091,9.82308],"rotation":{"angle":0,"axis":"y","origin":[8,1.56498,8]},"faces":{"north":{"uv":[1.15,3.5,4.33333,3.95],"rotation":180,"texture":"#0"},"east":{"uv":[1.15,3.5,4.33333,3.95],"rotation":180,"texture":"#0"},"south":{"uv":[1.15,3.5,4.33333,3.95],"rotation":180,"texture":"#0"},"west":{"uv":[1.15,3.5,4.33333,3.95],"rotation":180,"texture":"#0"},"up":{"uv":[1.075,3.525,1.13333,3.675],"rotation":180,"texture":"#0"},"down":{"uv":[0,0,1,1],"texture":"#0"}}},{"from":[3.20141,25.26506,6.97692],"to":[4.02771,26.41122,9.02308],"rotation":{"angle":0,"axis":"y","origin":[3.61456,25.53814,8]},"faces":{"north":{"uv":[1.3,4.4641,1.4641,4.4],"rotation":270,"texture":"#0"},"east":{"uv":[1.3,4.4641,1.4641,4.4],"rotation":270,"texture":"#0"},"south":{"uv":[1.3,4.4641,1.4641,4.4],"rotation":270,"texture":"#0"},"west":{"uv":[1.25,5.8641,1.4641,4.4],"rotation":270,"texture":"#0"},"up":{"uv":[1.3,4.4641,1.4641,4.4],"rotation":270,"texture":"#0"},"down":{"uv":[1.3,4.4641,1.4641,4.4],"rotation":270,"texture":"#0"}}},{"from":[2.87692,29.29461,6.97692],"to":[7.92308,30.52091,9.02308],"rotation":{"angle":45,"axis":"z","origin":[8,28.85776,8]},"faces":{"north":{"uv":[1.3,4.4641,1.4641,4.4],"rotation":270,"texture":"#0"},"east":{"uv":[1.3,4.4641,1.4641,4.4],"rotation":270,"texture":"#0"},"south":{"uv":[1.3,4.4641,1.4641,4.4],"rotation":270,"texture":"#0"},"west":{"uv":[1.3,4.4641,1.4641,4.4],"rotation":270,"texture":"#0"},"up":{"uv":[4.6141,4.4,1.25,5.8641],"texture":"#0"},"down":{"uv":[1.3,4.4641,1.4641,4.4],"rotation":270,"texture":"#0"}}},{"from":[4.0808,-0.0099,4.0808],"to":[11.9192,2.4099,11.9192],"rotation":{"angle":0,"axis":"y","origin":[8,18.8457,8]},"faces":{"north":{"uv":[0,0,5.2006,1.7132],"texture":"#0"},"east":{"uv":[0,0,5.2006,1.7132],"texture":"#0"},"south":{"uv":[0,0,5.2006,1.7132],"texture":"#0"},"west":{"uv":[0,0,5.2006,1.7132],"texture":"#0"},"up":{"uv":[0,10.7744,5.2256,16],"texture":"#0"},"down":{"uv":[0,0,4.7506,0.175],"texture":"#0"}}},{"from":[5.16,0.845,5.16],"to":[10.84,18.655,10.84],"rotation":{"angle":0,"axis":"y","origin":[8,16.465,8]},"faces":{"north":{"uv":[12.28833,0,15.95,12.47333],"texture":"#0"},"east":{"uv":[12.28833,0,15.95,12.47333],"texture":"#0"},"south":{"uv":[12.28833,0,15.95,12.47333],"texture":"#0"},"west":{"uv":[12.28833,0,15.95,12.47333],"texture":"#0"},"up":{"uv":[5.75,0.05,5.95833,0.175],"texture":"#0"},"down":{"uv":[0,0,1,1],"texture":"#0"}}},{"from":[10.6,17.15,5.5],"to":[11.7,18.35,10.5],"rotation":{"angle":0,"axis":"y","origin":[8,23.85,6.95]},"faces":{"north":{"uv":[0,2.3,3.33333,2.4],"rotation":270,"texture":"#0"},"east":{"uv":[0,2.3,3.33333,3.225],"texture":"#0"},"south":{"uv":[0,2.3,3.33333,2.4],"rotation":270,"texture":"#0"},"west":{"uv":[0,2.3,3.33333,2.4],"rotation":270,"texture":"#0"},"up":{"uv":[0,2.3,3.33333,2.4],"rotation":270,"texture":"#0"},"down":{"uv":[0,2.3,3.33333,2.4],"rotation":270,"texture":"#0"}}},{"from":[10.5,17.15,4.3],"to":[11.7,25.25,5.5],"rotation":{"angle":0,"axis":"y","origin":[8,22.1,8]},"faces":{"north":{"uv":[0,3.3,0.75,8.13333],"texture":"#0"},"east":{"uv":[0.75,3.3,0,8.13333],"texture":"#0"},"south":{"uv":[0.75,3.3,0,8.13333],"texture":"#0"},"west":{"uv":[0.75,3.3,0,8.13333],"texture":"#0"},"up":{"uv":[0.75,3.3,0,8.13333],"texture":"#0"},"down":{"uv":[0.75,3.3,0,8.13333],"texture":"#0"}}},{"from":[10.5,17.15,10.5],"to":[11.7,25.25,11.7],"rotation":{"angle":0,"axis":"y","origin":[8,22.1,8]},"faces":{"north":{"uv":[0,2.3,3.33333,2.4],"rotation":270,"texture":"#0"},"east":{"uv":[0,3.3,0.75,8.13333],"texture":"#0"},"south":{"uv":[0.75,3.3,0,8.13333],"texture":"#0"},"west":{"uv":[0,2.3,3.33333,2.4],"rotation":270,"texture":"#0"},"up":{"uv":[0,2.3,3.33333,2.4],"rotation":270,"texture":"#0"},"down":{"uv":[0,2.3,3.33333,2.4],"rotation":270,"texture":"#0"}}},{"from":[4.3,17.15,5.5],"to":[5.4,18.35,10.5],"rotation":{"angle":0,"axis":"y","origin":[8,23.85,6.95]},"faces":{"north":{"uv":[0,2.4,3.33333,2.3],"rotation":270,"texture":"#0"},"east":{"uv":[0,2.4,3.33333,2.3],"rotation":270,"texture":"#0"},"south":{"uv":[0,2.4,3.33333,2.3],"rotation":270,"texture":"#0"},"west":{"uv":[3.33333,2.3,0,3.225],"texture":"#0"},"up":{"uv":[0,2.4,3.33333,2.3],"rotation":270,"texture":"#0"},"down":{"uv":[0,2.4,3.33333,2.3],"rotation":270,"texture":"#0"}}},{"from":[4.3,17.15,4.3],"to":[5.5,25.25,5.5],"rotation":{"angle":0,"axis":"y","origin":[8,22.1,8]},"faces":{"north":{"uv":[0.75,3.3,0,8.13333],"texture":"#0"},"east":{"uv":[0,3.3,0.75,8.13333],"texture":"#0"},"south":{"uv":[0,3.3,0.75,8.13333],"texture":"#0"},"west":{"uv":[0,3.3,0.75,8.13333],"texture":"#0"},"up":{"uv":[0,3.3,0.75,8.13333],"texture":"#0"},"down":{"uv":[0,3.3,0.75,8.13333],"texture":"#0"}}},{"from":[4.3,17.15,10.5],"to":[5.5,25.25,11.7],"rotation":{"angle":0,"axis":"y","origin":[8,22.1,8]},"faces":{"north":{"uv":[0,2.4,3.33333,2.3],"rotation":270,"texture":"#0"},"east":{"uv":[0,2.4,3.33333,2.3],"rotation":270,"texture":"#0"},"south":{"uv":[0,3.3,0.75,8.13333],"texture":"#0"},"west":{"uv":[0.75,3.3,0,8.13333],"texture":"#0"},"up":{"uv":[0,2.4,3.33333,2.3],"rotation":270,"texture":"#0"},"down":{"uv":[0,2.4,3.33333,2.3],"rotation":270,"texture":"#0"}}},{"from":[5.5,17.15,4.3],"to":[10.5,18.35,5.4],"rotation":{"angle":0,"axis":"y","origin":[6.95,23.85,8]},"faces":{"north":{"uv":[0,2.3,3.33333,3.225],"texture":"#0"},"east":{"uv":[0,2.3,3.33333,2.4],"rotation":270,"texture":"#0"},"south":{"uv":[0,2.3,3.33333,2.4],"rotation":270,"texture":"#0"},"west":{"uv":[0,2.3,3.33333,2.4],"rotation":270,"texture":"#0"},"up":{"uv":[0,2.3,3.33333,2.4],"rotation":180,"texture":"#0"},"down":{"uv":[0,2.3,3.33333,2.4],"texture":"#0"}}},{"from":[5.5,17.15,10.6],"to":[10.5,18.35,11.7],"rotation":{"angle":0,"axis":"y","origin":[6.95,23.85,8]},"faces":{"north":{"uv":[0,2.4,3.33333,2.3],"rotation":270,"texture":"#0"},"east":{"uv":[0,2.4,3.33333,2.3],"rotation":270,"texture":"#0"},"south":{"uv":[3.33333,2.3,0,3.225],"texture":"#0"},"west":{"uv":[0,2.4,3.33333,2.3],"rotation":270,"texture":"#0"},"up":{"uv":[0,2.4,3.33333,2.3],"rotation":180,"texture":"#0"},"down":{"uv":[0,2.4,3.33333,2.3],"texture":"#0"}}},{"from":[11.97229,25.26506,6.97692],"to":[12.79859,26.41122,9.02308],"rotation":{"angle":0,"axis":"y","origin":[12.38544,25.53814,8]},"faces":{"north":{"uv":[1.3,4.4,1.4641,4.4641],"rotation":270,"texture":"#0"},"east":{"uv":[1.25,4.4,1.4641,5.8641],"rotation":270,"texture":"#0"},"south":{"uv":[1.3,4.4,1.4641,4.4641],"rotation":270,"texture":"#0"},"west":{"uv":[1.3,4.4,1.4641,4.4641],"rotation":270,"texture":"#0"},"up":{"uv":[1.3,4.4,1.4641,4.4641],"rotation":270,"texture":"#0"},"down":{"uv":[1.3,4.4,1.4641,4.4641],"rotation":270,"texture":"#0"}}},{"from":[8.07692,29.29461,6.97692],"to":[13.12308,30.52091,9.02308],"rotation":{"angle":-45,"axis":"z","origin":[8,28.85776,8]},"faces":{"north":{"uv":[1.3,4.4,1.4641,4.4641],"rotation":270,"texture":"#0"},"east":{"uv":[1.3,4.4,1.4641,4.4641],"rotation":270,"texture":"#0"},"south":{"uv":[1.3,4.4,1.4641,4.4641],"rotation":270,"texture":"#0"},"west":{"uv":[1.3,4.4,1.4641,4.4641],"rotation":270,"texture":"#0"},"up":{"uv":[1.25,4.4,4.6141,5.8641],"texture":"#0"},"down":{"uv":[1.3,4.4,1.4641,4.4641],"rotation":270,"texture":"#0"}}},{"from":[6.97692,25.26506,3.20141],"to":[9.02308,26.41122,4.02771],"rotation":{"angle":0,"axis":"y","origin":[8,26.79994,8]},"faces":{"north":{"uv":[1.25,5.8641,1.4641,4.4],"rotation":270,"texture":"#0"},"east":{"uv":[1.3,4.4641,1.4641,4.4],"rotation":270,"texture":"#0"},"south":{"uv":[1.3,4.4641,1.4641,4.4],"rotation":270,"texture":"#0"},"west":{"uv":[1.3,4.4641,1.4641,4.4],"rotation":270,"texture":"#0"},"up":{"uv":[1.3,4.4641,1.4641,4.4],"texture":"#0"},"down":{"uv":[1.3,4.4641,1.4641,4.4],"rotation":180,"texture":"#0"}}},{"from":[6.97692,28.69189,4.33202],"to":[9.02308,29.91819,9.37817],"rotation":{"angle":-45,"axis":"x","origin":[8,26.79994,8]},"faces":{"north":{"uv":[1.3,4.4641,1.4641,4.4],"rotation":270,"texture":"#0"},"east":{"uv":[1.3,4.4641,1.4641,4.4],"rotation":270,"texture":"#0"},"south":{"uv":[1.3,4.4641,1.4641,4.4],"rotation":270,"texture":"#0"},"west":{"uv":[1.3,4.4641,1.4641,4.4],"rotation":270,"texture":"#0"},"up":{"uv":[4.6141,4.4,1.25,5.8641],"rotation":90,"texture":"#0"},"down":{"uv":[1.3,4.4641,1.4641,4.4],"rotation":180,"texture":"#0"}}},{"from":[6.97692,25.26506,11.97229],"to":[9.02308,26.41122,12.79859],"rotation":{"angle":0,"axis":"y","origin":[8,26.79994,8]},"faces":{"north":{"uv":[1.3,4.4,1.4641,4.4641],"rotation":270,"texture":"#0"},"east":{"uv":[1.3,4.4,1.4641,4.4641],"rotation":270,"texture":"#0"},"south":{"uv":[1.25,4.4,1.4641,5.8641],"rotation":270,"texture":"#0"},"west":{"uv":[1.3,4.4,1.4641,4.4641],"rotation":270,"texture":"#0"},"up":{"uv":[1.3,4.4,1.4641,4.4641],"texture":"#0"},"down":{"uv":[1.3,4.4,1.4641,4.4641],"rotation":180,"texture":"#0"}}},{"from":[6.97692,28.69189,6.62183],"to":[9.02308,29.91819,11.66798],"rotation":{"angle":45,"axis":"x","origin":[8,26.79994,8]},"faces":{"north":{"uv":[1.3,4.4,1.4641,4.4641],"rotation":270,"texture":"#0"},"east":{"uv":[1.3,4.4,1.4641,4.4641],"rotation":270,"texture":"#0"},"south":{"uv":[1.3,4.4,1.4641,4.4641],"rotation":270,"texture":"#0"},"west":{"uv":[1.3,4.4,1.4641,4.4641],"rotation":270,"texture":"#0"},"up":{"uv":[1.25,4.4,4.6141,5.8641],"rotation":90,"texture":"#0"},"down":{"uv":[1.3,4.4,1.4641,4.4641],"rotation":180,"texture":"#0"}}},{"from":[2.44,25.24,2.44],"to":[13.56,25.86,13.56],"rotation":{"angle":0,"axis":"y","origin":[8,-19.312,8]},"faces":{"north":{"uv":[4.825,10.275,12.23833,10.68833],"rotation":180,"texture":"#0"},"east":{"uv":[4.825,10.275,12.23833,10.68833],"rotation":180,"texture":"#0"},"south":{"uv":[4.825,10.275,12.23833,10.68833],"rotation":180,"texture":"#0"},"west":{"uv":[4.825,10.275,12.23833,10.68833],"rotation":180,"texture":"#0"},"up":{"uv":[4.825,3.275,12.23833,10.68833],"rotation":180,"texture":"#0"},"down":{"uv":[1.3,4.4641,1.4641,4.4],"rotation":270,"texture":"#0"}}},{"from":[10.5,19.15,9.3],"to":[11.5,23.65,10.5],"rotation":{"angle":0,"axis":"y","origin":[8,22.1,8]},"faces":{"north":{"uv":[0.675,3.55,0,6.55],"texture":"#0"},"east":{"uv":[0.675,3.55,0,6.55],"texture":"#0"},"south":{"uv":[1.3,5.13077,4.3,4.4641],"rotation":270,"texture":"#0"},"west":{"uv":[0.675,3.55,0,6.55],"texture":"#0"},"up":{"uv":[2.1,4.4641,1.3,5.13077],"rotation":270,"texture":"#0"},"down":{"uv":[2.1,4.4641,1.3,5.13077],"rotation":270,"texture":"#0"}}},{"from":[4.5,17.95,5.5],"to":[5.5,19.15,10.5],"rotation":{"angle":0,"axis":"y","origin":[8,22.1,8]},"faces":{"north":{"uv":[1.3,5.13077,2.1,4.4641],"rotation":270,"texture":"#0"},"east":{"uv":[5.75,0.05,9.08333,0.375],"texture":"#0"},"south":{"uv":[1.3,5.13077,2.1,4.4641],"rotation":270,"texture":"#0"},"west":{"uv":[9.08333,0.05,5.75,0.85],"texture":"#0"},"up":{"uv":[5.75,0.38333,9.075,0.05],"rotation":90,"texture":"#0"},"down":{"uv":[1.3,5.13077,4.63333,4.4641],"rotation":270,"texture":"#0"}}},{"from":[4.5,19.15,5.5],"to":[5.5,23.65,6.7],"rotation":{"angle":0,"axis":"y","origin":[8,22.1,8]},"faces":{"north":{"uv":[1.3,5.13077,4.3,4.4641],"rotation":270,"texture":"#0"},"east":{"uv":[0.675,3.55,0,6.55],"texture":"#0"},"south":{"uv":[0.675,3.55,0,6.55],"texture":"#0"},"west":{"uv":[0.675,3.55,0,6.55],"texture":"#0"},"up":{"uv":[1.3,5.13077,2.1,4.4641],"rotation":270,"texture":"#0"},"down":{"uv":[1.3,5.13077,2.1,4.4641],"rotation":270,"texture":"#0"}}},{"from":[4.5,19.15,9.3],"to":[5.5,23.65,10.5],"rotation":{"angle":0,"axis":"y","origin":[8,22.1,8]},"faces":{"north":{"uv":[0,3.55,0.675,6.55],"texture":"#0"},"east":{"uv":[0,3.55,0.675,6.55],"texture":"#0"},"south":{"uv":[1.3,4.4641,4.3,5.13077],"rotation":270,"texture":"#0"},"west":{"uv":[0,3.55,0.675,6.55],"texture":"#0"},"up":{"uv":[2.1,5.13077,1.3,4.4641],"rotation":270,"texture":"#0"},"down":{"uv":[2.1,5.13077,1.3,4.4641],"rotation":270,"texture":"#0"}}},{"from":[5.5,19.15,10.5],"to":[6.7,23.65,11.5],"rotation":{"angle":0,"axis":"y","origin":[8,19.975,8]},"faces":{"north":{"uv":[0.675,3.55,0,6.55],"texture":"#0"},"east":{"uv":[0.675,3.55,0,6.55],"texture":"#0"},"south":{"uv":[0.675,3.55,0,6.55],"texture":"#0"},"west":{"uv":[1.3,5.13077,4.3,4.4641],"rotation":270,"texture":"#0"},"up":{"uv":[2.1,4.4641,1.3,5.13077],"texture":"#0"},"down":{"uv":[2.1,4.4641,1.3,5.13077],"rotation":180,"texture":"#0"}}},{"from":[9.3,19.15,10.5],"to":[10.5,23.65,11.5],"rotation":{"angle":0,"axis":"y","origin":[8,19.975,8]},"faces":{"north":{"uv":[0,3.55,0.675,6.55],"texture":"#0"},"east":{"uv":[1.3,4.4641,4.3,5.13077],"rotation":270,"texture":"#0"},"south":{"uv":[0,3.55,0.675,6.55],"texture":"#0"},"west":{"uv":[0,3.55,0.675,6.55],"texture":"#0"},"up":{"uv":[1.3,4.4641,2.1,5.13077],"texture":"#0"},"down":{"uv":[1.3,4.4641,2.1,5.13077],"rotation":180,"texture":"#0"}}},{"from":[5.5,17.95,10.5],"to":[10.5,19.15,11.5],"rotation":{"angle":0,"axis":"y","origin":[8,19.975,8]},"faces":{"north":{"uv":[9.08333,0.05,5.75,0.375],"texture":"#0"},"east":{"uv":[1.3,4.4641,2.1,5.13077],"rotation":270,"texture":"#0"},"south":{"uv":[5.75,0.05,9.08333,0.85],"texture":"#0"},"west":{"uv":[1.3,4.4641,2.1,5.13077],"rotation":270,"texture":"#0"},"up":{"uv":[5.75,0.05,9.075,0.38333],"rotation":180,"texture":"#0"},"down":{"uv":[1.3,4.4641,4.63333,5.13077],"rotation":180,"texture":"#0"}}},{"from":[5.5,17.95,4.5],"to":[10.5,19.15,5.5],"rotation":{"angle":0,"axis":"y","origin":[8,19.975,8]},"faces":{"north":{"uv":[9.08333,0.05,5.75,0.85],"texture":"#0"},"east":{"uv":[1.3,5.13077,2.1,4.4641],"rotation":270,"texture":"#0"},"south":{"uv":[5.75,0.05,9.08333,0.375],"texture":"#0"},"west":{"uv":[1.3,5.13077,2.1,4.4641],"rotation":270,"texture":"#0"},"up":{"uv":[5.75,0.38333,9.075,0.05],"rotation":180,"texture":"#0"},"down":{"uv":[1.3,5.13077,4.63333,4.4641],"rotation":180,"texture":"#0"}}},{"from":[9.3,19.15,4.5],"to":[10.5,23.65,5.5],"rotation":{"angle":0,"axis":"y","origin":[8,19.975,8]},"faces":{"north":{"uv":[0.675,3.55,0,6.55],"texture":"#0"},"east":{"uv":[1.3,5.13077,4.3,4.4641],"rotation":270,"texture":"#0"},"south":{"uv":[0.675,3.55,0,6.55],"texture":"#0"},"west":{"uv":[0.675,3.55,0,6.55],"texture":"#0"},"up":{"uv":[1.3,5.13077,2.1,4.4641],"texture":"#0"},"down":{"uv":[1.3,5.13077,2.1,4.4641],"rotation":180,"texture":"#0"}}},{"from":[5.5,19.15,4.5],"to":[6.7,23.65,5.5],"rotation":{"angle":0,"axis":"y","origin":[8,19.975,8]},"faces":{"north":{"uv":[0,3.55,0.675,6.55],"texture":"#0"},"east":{"uv":[0,3.55,0.675,6.55],"texture":"#0"},"south":{"uv":[0,3.55,0.675,6.55],"texture":"#0"},"west":{"uv":[1.3,4.4641,4.3,5.13077],"rotation":270,"texture":"#0"},"up":{"uv":[2.1,5.13077,1.3,4.4641],"texture":"#0"},"down":{"uv":[2.1,5.13077,1.3,4.4641],"rotation":180,"texture":"#0"}}},{"from":[5.475,24.35,10.4],"to":[10.525,25.55,11.7],"rotation":{"angle":0,"axis":"y","origin":[9.05,23.85,14.2]},"faces":{"north":{"uv":[0,3.3,0.175,4.45833],"texture":"#0"},"east":{"uv":[0,3.3,0.175,4.45833],"texture":"#0"},"south":{"uv":[5.75,0.05,9.08333,0.85],"rotation":180,"texture":"#0"},"west":{"uv":[0,3.3,0.175,4.45833],"texture":"#0"},"up":{"uv":[0.175,4.45833,0,3.3],"texture":"#0"},"down":{"uv":[0.175,4.45833,0,3.3],"texture":"#0"}}},{"from":[4.3,24.35,5.475],"to":[5.6,25.55,10.525],"rotation":{"angle":0,"axis":"y","origin":[8,24.95,8]},"faces":{"north":{"uv":[0.175,3.3,0,4.45833],"texture":"#0"},"east":{"uv":[0.175,3.3,0,4.45833],"texture":"#0"},"south":{"uv":[0.175,3.3,0,4.45833],"texture":"#0"},"west":{"uv":[9.08333,0.05,5.75,0.85],"rotation":180,"texture":"#0"},"up":{"uv":[0.175,3.3,0,4.45833],"rotation":270,"texture":"#0"},"down":{"uv":[0.175,3.3,0,4.45833],"rotation":90,"texture":"#0"}}},{"from":[10.4,24.35,5.475],"to":[11.7,25.55,10.525],"rotation":{"angle":0,"axis":"y","origin":[8,24.95,8]},"faces":{"north":{"uv":[0,3.3,0.175,4.45833],"texture":"#0"},"east":{"uv":[5.75,0.05,9.08333,0.85],"rotation":180,"texture":"#0"},"south":{"uv":[0,3.3,0.175,4.45833],"texture":"#0"},"west":{"uv":[0,3.3,0.175,4.45833],"texture":"#0"},"up":{"uv":[0.175,4.45833,0,3.3],"rotation":270,"texture":"#0"},"down":{"uv":[0.175,4.45833,0,3.3],"rotation":90,"texture":"#0"}}},{"from":[10.5,23.65,5.5],"to":[11.5,24.85,10.5],"rotation":{"angle":0,"axis":"y","origin":[8,-6.1,8]},"faces":{"north":{"uv":[2.1,4.4641,1.3,5.13077],"rotation":270,"texture":"#0"},"east":{"uv":[5.75,0.85,9.08333,0.05],"texture":"#0"},"south":{"uv":[2.1,4.4641,1.3,5.13077],"rotation":270,"texture":"#0"},"west":{"uv":[9.08333,0.375,5.75,0.05],"texture":"#0"},"up":{"uv":[4.63333,4.4641,1.3,5.13077],"rotation":270,"texture":"#0"},"down":{"uv":[9.075,0.05,5.75,0.38333],"rotation":90,"texture":"#0"}}},{"from":[4.5,23.65,5.5],"to":[5.5,24.85,10.5],"rotation":{"angle":0,"axis":"y","origin":[8,-6.1,8]},"faces":{"north":{"uv":[2.1,5.13077,1.3,4.4641],"rotation":270,"texture":"#0"},"east":{"uv":[5.75,0.375,9.08333,0.05],"texture":"#0"},"south":{"uv":[2.1,5.13077,1.3,4.4641],"rotation":270,"texture":"#0"},"west":{"uv":[9.08333,0.85,5.75,0.05],"texture":"#0"},"up":{"uv":[4.63333,5.13077,1.3,4.4641],"rotation":270,"texture":"#0"},"down":{"uv":[9.075,0.38333,5.75,0.05],"rotation":90,"texture":"#0"}}},{"from":[5.5,23.65,4.5],"to":[10.5,24.85,5.5],"rotation":{"angle":0,"axis":"y","origin":[8,-3.975,8]},"faces":{"north":{"uv":[5.75,0.85,9.08333,0.05],"texture":"#0"},"east":{"uv":[2.1,4.4641,1.3,5.13077],"rotation":270,"texture":"#0"},"south":{"uv":[9.08333,0.375,5.75,0.05],"texture":"#0"},"west":{"uv":[2.1,4.4641,1.3,5.13077],"rotation":270,"texture":"#0"},"up":{"uv":[4.63333,4.4641,1.3,5.13077],"rotation":180,"texture":"#0"},"down":{"uv":[9.075,0.05,5.75,0.38333],"rotation":180,"texture":"#0"}}},{"from":[5.5,23.65,10.5],"to":[10.5,24.85,11.5],"rotation":{"angle":0,"axis":"y","origin":[8,-3.975,8]},"faces":{"north":{"uv":[5.75,0.375,9.08333,0.05],"texture":"#0"},"east":{"uv":[2.1,5.13077,1.3,4.4641],"rotation":270,"texture":"#0"},"south":{"uv":[9.08333,0.85,5.75,0.05],"texture":"#0"},"west":{"uv":[2.1,5.13077,1.3,4.4641],"rotation":270,"texture":"#0"},"up":{"uv":[4.63333,5.13077,1.3,4.4641],"rotation":180,"texture":"#0"},"down":{"uv":[9.075,0.38333,5.75,0.05],"rotation":180,"texture":"#0"}}},{"from":[10.9,23.375,6.9],"to":[11.2,23.675,9.1],"rotation":{"angle":0,"axis":"y","origin":[11.05,21.4,8.05]},"faces":{"north":{"uv":[7.6,1.625,7.35,1.3],"texture":"#0"},"east":{"uv":[7.35,1.3,7.6,1.625],"rotation":270,"texture":"#0"},"south":{"uv":[7.6,1.625,7.35,1.3],"rotation":180,"texture":"#0"},"west":{"uv":[7.35,1.3,7.6,1.625],"rotation":90,"texture":"#0"},"up":{"uv":[7.35,1.3,7.6,1.625],"rotation":180,"texture":"#0"},"down":{"uv":[7.35,1.3,7.6,1.625],"texture":"#0"}}},{"from":[10.9,19.15,9],"to":[11.2,23.65,9.3],"rotation":{"angle":0,"axis":"y","origin":[8,22.1,8]},"faces":{"north":{"uv":[7.35,1.3,7.6,1.625],"texture":"#0"},"east":{"uv":[7.35,1.3,7.6,1.625],"texture":"#0"},"south":{"uv":[7.35,1.3,7.6,1.625],"texture":"#0"},"west":{"uv":[7.35,1.3,7.6,1.625],"texture":"#0"},"up":{"uv":[7.6,1.625,7.35,1.3],"rotation":180,"texture":"#0"},"down":{"uv":[7.6,1.625,7.35,1.3],"rotation":180,"texture":"#0"}}},{"from":[10.9,19.15,6.7],"to":[11.2,23.65,7],"rotation":{"angle":0,"axis":"y","origin":[8,22.1,8]},"faces":{"north":{"uv":[7.6,1.3,7.35,1.625],"texture":"#0"},"east":{"uv":[7.6,1.3,7.35,1.625],"texture":"#0"},"south":{"uv":[7.6,1.3,7.35,1.625],"texture":"#0"},"west":{"uv":[7.6,1.3,7.35,1.625],"texture":"#0"},"up":{"uv":[7.6,1.3,7.35,1.625],"rotation":180,"texture":"#0"},"down":{"uv":[7.6,1.3,7.35,1.625],"rotation":180,"texture":"#0"}}},{"from":[10.9,19.075,6.9],"to":[11.2,19.375,9.1],"rotation":{"angle":0,"axis":"y","origin":[11.05,21.4,8.05]},"faces":{"north":{"uv":[7.6,1.625,7.35,1.3],"texture":"#0"},"east":{"uv":[7.35,1.3,7.6,1.625],"rotation":270,"texture":"#0"},"south":{"uv":[7.6,1.625,7.35,1.3],"rotation":180,"texture":"#0"},"west":{"uv":[7.35,1.3,7.6,1.625],"rotation":90,"texture":"#0"},"up":{"uv":[7.35,1.3,7.6,1.625],"rotation":180,"texture":"#0"},"down":{"uv":[7.35,1.3,7.6,1.625],"texture":"#0"}}},{"from":[10.9,21.475,6.9],"to":[11.2,21.775,9.1],"rotation":{"angle":0,"axis":"y","origin":[11.05,21.4,8.05]},"faces":{"north":{"uv":[7.6,1.625,7.35,1.3],"texture":"#0"},"east":{"uv":[7.35,1.3,7.6,1.625],"rotation":270,"texture":"#0"},"south":{"uv":[7.6,1.625,7.35,1.3],"rotation":180,"texture":"#0"},"west":{"uv":[7.35,1.3,7.6,1.625],"rotation":90,"texture":"#0"},"up":{"uv":[7.35,1.3,7.6,1.625],"rotation":180,"texture":"#0"},"down":{"uv":[7.35,1.3,7.6,1.625],"texture":"#0"}}},{"from":[10.9,19.2,7.85],"to":[11.2,23.525,8.15],"rotation":{"angle":0,"axis":"y","origin":[11.05,21.4,8.05]},"faces":{"north":{"uv":[7.35,1.3,7.6,1.625],"texture":"#0"},"east":{"uv":[7.35,1.3,7.6,1.625],"texture":"#0"},"south":{"uv":[7.35,1.3,7.6,1.625],"texture":"#0"},"west":{"uv":[7.35,1.3,7.6,1.625],"texture":"#0"},"up":{"uv":[7.6,1.625,7.35,1.3],"rotation":180,"texture":"#0"},"down":{"uv":[7.6,1.625,7.35,1.3],"rotation":180,"texture":"#0"}}},{"from":[11,19.15,6.7],"to":[11.1,23.65,9],"rotation":{"angle":0,"axis":"y","origin":[8,22.1,8]},"faces":{"north":{"uv":[7.6,1.3,7.35,1.625],"texture":"#0"},"east":{"uv":[5.35,1.3,6.88333,2.55],"texture":"#0"},"south":{"uv":[7.6,1.3,7.35,1.625],"texture":"#0"},"west":{"uv":[7.6,1.3,7.35,1.625],"texture":"#0"},"up":{"uv":[7.6,1.3,7.35,1.625],"rotation":180,"texture":"#0"},"down":{"uv":[7.6,1.3,7.35,1.625],"rotation":180,"texture":"#0"}}},{"from":[4.8,23.375,6.9],"to":[5.1,23.675,9.1],"rotation":{"angle":0,"axis":"y","origin":[4.95,21.4,8.05]},"faces":{"north":{"uv":[7.35,1.625,7.6,1.3],"texture":"#0"},"east":{"uv":[7.35,1.625,7.6,1.3],"rotation":90,"texture":"#0"},"south":{"uv":[7.35,1.625,7.6,1.3],"rotation":180,"texture":"#0"},"west":{"uv":[7.35,1.625,7.6,1.3],"rotation":270,"texture":"#0"},"up":{"uv":[7.6,1.3,7.35,1.625],"rotation":180,"texture":"#0"},"down":{"uv":[7.6,1.3,7.35,1.625],"texture":"#0"}}},{"from":[4.8,19.15,9],"to":[5.1,23.65,9.3],"rotation":{"angle":0,"axis":"y","origin":[8,22.1,8]},"faces":{"north":{"uv":[7.6,1.3,7.35,1.625],"texture":"#0"},"east":{"uv":[7.6,1.3,7.35,1.625],"texture":"#0"},"south":{"uv":[7.6,1.3,7.35,1.625],"texture":"#0"},"west":{"uv":[7.6,1.3,7.35,1.625],"texture":"#0"},"up":{"uv":[7.35,1.625,7.6,1.3],"rotation":180,"texture":"#0"},"down":{"uv":[7.35,1.625,7.6,1.3],"rotation":180,"texture":"#0"}}},{"from":[4.9,19.15,6.7],"to":[5,23.65,9],"rotation":{"angle":0,"axis":"y","origin":[8,22.1,8]},"faces":{"north":{"uv":[7.35,1.3,7.6,1.625],"texture":"#0"},"east":{"uv":[7.35,1.3,7.6,1.625],"texture":"#0"},"south":{"uv":[7.35,1.3,7.6,1.625],"texture":"#0"},"west":{"uv":[5.35,1.3,6.88333,2.55],"texture":"#0"},"up":{"uv":[7.35,1.3,7.6,1.625],"rotation":180,"texture":"#0"},"down":{"uv":[7.35,1.3,7.6,1.625],"rotation":180,"texture":"#0"}}},{"from":[4.8,19.075,6.9],"to":[5.1,19.375,9.1],"rotation":{"angle":0,"axis":"y","origin":[4.95,21.4,8.05]},"faces":{"north":{"uv":[7.35,1.625,7.6,1.3],"texture":"#0"},"east":{"uv":[7.35,1.625,7.6,1.3],"rotation":90,"texture":"#0"},"south":{"uv":[7.35,1.625,7.6,1.3],"rotation":180,"texture":"#0"},"west":{"uv":[7.35,1.625,7.6,1.3],"rotation":270,"texture":"#0"},"up":{"uv":[7.6,1.3,7.35,1.625],"rotation":180,"texture":"#0"},"down":{"uv":[7.6,1.3,7.35,1.625],"texture":"#0"}}},{"from":[4.8,19.15,6.7],"to":[5.1,23.65,7],"rotation":{"angle":0,"axis":"y","origin":[8,22.1,8]},"faces":{"north":{"uv":[7.35,1.3,7.6,1.625],"texture":"#0"},"east":{"uv":[7.35,1.3,7.6,1.625],"texture":"#0"},"south":{"uv":[7.35,1.3,7.6,1.625],"texture":"#0"},"west":{"uv":[7.35,1.3,7.6,1.625],"texture":"#0"},"up":{"uv":[7.35,1.3,7.6,1.625],"rotation":180,"texture":"#0"},"down":{"uv":[7.35,1.3,7.6,1.625],"rotation":180,"texture":"#0"}}},{"from":[4.8,19.2,7.85],"to":[5.1,23.525,8.15],"rotation":{"angle":0,"axis":"y","origin":[4.95,21.4,8.05]},"faces":{"north":{"uv":[7.6,1.3,7.35,1.625],"texture":"#0"},"east":{"uv":[7.6,1.3,7.35,1.625],"texture":"#0"},"south":{"uv":[7.6,1.3,7.35,1.625],"texture":"#0"},"west":{"uv":[7.6,1.3,7.35,1.625],"texture":"#0"},"up":{"uv":[7.35,1.625,7.6,1.3],"rotation":180,"texture":"#0"},"down":{"uv":[7.35,1.625,7.6,1.3],"rotation":180,"texture":"#0"}}},{"from":[4.8,21.475,6.9],"to":[5.1,21.775,9.1],"rotation":{"angle":0,"axis":"y","origin":[4.95,21.4,8.05]},"faces":{"north":{"uv":[7.35,1.625,7.6,1.3],"texture":"#0"},"east":{"uv":[7.35,1.625,7.6,1.3],"rotation":90,"texture":"#0"},"south":{"uv":[7.35,1.625,7.6,1.3],"rotation":180,"texture":"#0"},"west":{"uv":[7.35,1.625,7.6,1.3],"rotation":270,"texture":"#0"},"up":{"uv":[7.6,1.3,7.35,1.625],"rotation":180,"texture":"#0"},"down":{"uv":[7.6,1.3,7.35,1.625],"texture":"#0"}}},{"from":[6.9,23.375,10.9],"to":[9.1,23.675,11.2],"rotation":{"angle":0,"axis":"y","origin":[8,21.375,8]},"faces":{"north":{"uv":[7.35,1.3,7.6,1.625],"rotation":90,"texture":"#0"},"east":{"uv":[7.6,1.625,7.35,1.3],"texture":"#0"},"south":{"uv":[7.35,1.3,7.6,1.625],"rotation":270,"texture":"#0"},"west":{"uv":[7.6,1.625,7.35,1.3],"rotation":180,"texture":"#0"},"up":{"uv":[7.35,1.3,7.6,1.625],"rotation":270,"texture":"#0"},"down":{"uv":[7.35,1.3,7.6,1.625],"rotation":270,"texture":"#0"}}},{"from":[6.7,19.15,10.9],"to":[7,23.65,11.2],"rotation":{"angle":0,"axis":"y","origin":[8,21.375,8]},"faces":{"north":{"uv":[7.35,1.3,7.6,1.625],"texture":"#0"},"east":{"uv":[7.35,1.3,7.6,1.625],"texture":"#0"},"south":{"uv":[7.35,1.3,7.6,1.625],"texture":"#0"},"west":{"uv":[7.35,1.3,7.6,1.625],"texture":"#0"},"up":{"uv":[7.6,1.625,7.35,1.3],"rotation":270,"texture":"#0"},"down":{"uv":[7.6,1.625,7.35,1.3],"rotation":90,"texture":"#0"}}},{"from":[6.9,19.075,10.9],"to":[9.1,19.375,11.2],"rotation":{"angle":0,"axis":"y","origin":[8,21.375,8]},"faces":{"north":{"uv":[7.35,1.3,7.6,1.625],"rotation":90,"texture":"#0"},"east":{"uv":[7.6,1.625,7.35,1.3],"texture":"#0"},"south":{"uv":[7.35,1.3,7.6,1.625],"rotation":270,"texture":"#0"},"west":{"uv":[7.6,1.625,7.35,1.3],"rotation":180,"texture":"#0"},"up":{"uv":[7.35,1.3,7.6,1.625],"rotation":270,"texture":"#0"},"down":{"uv":[7.35,1.3,7.6,1.625],"rotation":270,"texture":"#0"}}},{"from":[9,19.15,10.9],"to":[9.3,23.65,11.2],"rotation":{"angle":0,"axis":"y","origin":[8,21.375,8]},"faces":{"north":{"uv":[7.6,1.3,7.35,1.625],"texture":"#0"},"east":{"uv":[7.6,1.3,7.35,1.625],"texture":"#0"},"south":{"uv":[7.6,1.3,7.35,1.625],"texture":"#0"},"west":{"uv":[7.6,1.3,7.35,1.625],"texture":"#0"},"up":{"uv":[7.6,1.3,7.35,1.625],"rotation":270,"texture":"#0"},"down":{"uv":[7.6,1.3,7.35,1.625],"rotation":90,"texture":"#0"}}},{"from":[7.85,19.2,10.9],"to":[8.15,23.525,11.2],"rotation":{"angle":0,"axis":"y","origin":[8,21.375,8]},"faces":{"north":{"uv":[7.35,1.3,7.6,1.625],"texture":"#0"},"east":{"uv":[7.35,1.3,7.6,1.625],"texture":"#0"},"south":{"uv":[7.35,1.3,7.6,1.625],"texture":"#0"},"west":{"uv":[7.35,1.3,7.6,1.625],"texture":"#0"},"up":{"uv":[7.6,1.625,7.35,1.3],"rotation":270,"texture":"#0"},"down":{"uv":[7.6,1.625,7.35,1.3],"rotation":90,"texture":"#0"}}},{"from":[6.9,21.475,10.9],"to":[9.1,21.775,11.2],"rotation":{"angle":0,"axis":"y","origin":[8,21.375,8]},"faces":{"north":{"uv":[7.35,1.3,7.6,1.625],"rotation":90,"texture":"#0"},"east":{"uv":[7.6,1.625,7.35,1.3],"texture":"#0"},"south":{"uv":[7.35,1.3,7.6,1.625],"rotation":270,"texture":"#0"},"west":{"uv":[7.6,1.625,7.35,1.3],"rotation":180,"texture":"#0"},"up":{"uv":[7.35,1.3,7.6,1.625],"rotation":270,"texture":"#0"},"down":{"uv":[7.35,1.3,7.6,1.625],"rotation":270,"texture":"#0"}}},{"from":[7,19.15,11],"to":[9.3,23.65,11.1],"rotation":{"angle":0,"axis":"y","origin":[8,21.375,8]},"faces":{"north":{"uv":[7.6,1.3,7.35,1.625],"texture":"#0"},"east":{"uv":[7.6,1.3,7.35,1.625],"texture":"#0"},"south":{"uv":[6.88333,0.8,5.35,2.3],"texture":"#0"},"west":{"uv":[7.6,1.3,7.35,1.625],"texture":"#0"},"up":{"uv":[7.6,1.3,7.35,1.625],"rotation":270,"texture":"#0"},"down":{"uv":[7.6,1.3,7.35,1.625],"rotation":90,"texture":"#0"}}},{"from":[6.9,23.375,4.8],"to":[9.1,23.675,5.1],"rotation":{"angle":0,"axis":"y","origin":[8,21.375,8]},"faces":{"north":{"uv":[7.35,1.625,7.6,1.3],"rotation":270,"texture":"#0"},"east":{"uv":[7.35,1.625,7.6,1.3],"texture":"#0"},"south":{"uv":[7.35,1.625,7.6,1.3],"rotation":90,"texture":"#0"},"west":{"uv":[7.35,1.625,7.6,1.3],"rotation":180,"texture":"#0"},"up":{"uv":[7.6,1.3,7.35,1.625],"rotation":270,"texture":"#0"},"down":{"uv":[7.6,1.3,7.35,1.625],"rotation":270,"texture":"#0"}}},{"from":[6.7,19.15,4.8],"to":[7,23.65,5.1],"rotation":{"angle":0,"axis":"y","origin":[8,21.375,8]},"faces":{"north":{"uv":[7.6,1.3,7.35,1.625],"texture":"#0"},"east":{"uv":[7.6,1.3,7.35,1.625],"texture":"#0"},"south":{"uv":[7.6,1.3,7.35,1.625],"texture":"#0"},"west":{"uv":[7.6,1.3,7.35,1.625],"texture":"#0"},"up":{"uv":[7.35,1.625,7.6,1.3],"rotation":270,"texture":"#0"},"down":{"uv":[7.35,1.625,7.6,1.3],"rotation":90,"texture":"#0"}}},{"from":[7,19.15,4.9],"to":[9.3,23.65,5],"rotation":{"angle":0,"axis":"y","origin":[8,21.375,8]},"faces":{"north":{"uv":[5.35,1.3,6.88333,2.55],"texture":"#0"},"east":{"uv":[7.35,1.3,7.6,1.625],"texture":"#0"},"south":{"uv":[7.35,1.3,7.6,1.625],"texture":"#0"},"west":{"uv":[7.35,1.3,7.6,1.625],"texture":"#0"},"up":{"uv":[7.35,1.3,7.6,1.625],"rotation":270,"texture":"#0"},"down":{"uv":[7.35,1.3,7.6,1.625],"rotation":90,"texture":"#0"}}},{"from":[6.9,19.075,4.8],"to":[9.1,19.375,5.1],"rotation":{"angle":0,"axis":"y","origin":[8,21.375,8]},"faces":{"north":{"uv":[7.35,1.625,7.6,1.3],"rotation":270,"texture":"#0"},"east":{"uv":[7.35,1.625,7.6,1.3],"texture":"#0"},"south":{"uv":[7.35,1.625,7.6,1.3],"rotation":90,"texture":"#0"},"west":{"uv":[7.35,1.625,7.6,1.3],"rotation":180,"texture":"#0"},"up":{"uv":[7.6,1.3,7.35,1.625],"rotation":270,"texture":"#0"},"down":{"uv":[7.6,1.3,7.35,1.625],"rotation":270,"texture":"#0"}}},{"from":[7.85,19.2,4.8],"to":[8.15,23.525,5.1],"rotation":{"angle":0,"axis":"y","origin":[8,21.375,8]},"faces":{"north":{"uv":[7.6,1.3,7.35,1.625],"texture":"#0"},"east":{"uv":[7.6,1.3,7.35,1.625],"texture":"#0"},"south":{"uv":[7.6,1.3,7.35,1.625],"texture":"#0"},"west":{"uv":[7.6,1.3,7.35,1.625],"texture":"#0"},"up":{"uv":[7.35,1.625,7.6,1.3],"rotation":270,"texture":"#0"},"down":{"uv":[7.35,1.625,7.6,1.3],"rotation":90,"texture":"#0"}}},{"from":[6.9,21.475,4.8],"to":[9.1,21.775,5.1],"rotation":{"angle":0,"axis":"y","origin":[8,21.375,8]},"faces":{"north":{"uv":[7.35,1.625,7.6,1.3],"rotation":270,"texture":"#0"},"east":{"uv":[7.35,1.625,7.6,1.3],"texture":"#0"},"south":{"uv":[7.35,1.625,7.6,1.3],"rotation":90,"texture":"#0"},"west":{"uv":[7.35,1.625,7.6,1.3],"rotation":180,"texture":"#0"},"up":{"uv":[7.6,1.3,7.35,1.625],"rotation":270,"texture":"#0"},"down":{"uv":[7.6,1.3,7.35,1.625],"rotation":270,"texture":"#0"}}},{"from":[6.74426,28.75537,6.74426],"to":[9.25574,30.50767,9.25574],"rotation":{"angle":0,"axis":"y","origin":[8,30.93152,8]},"faces":{"north":{"uv":[1.25,6.075,3.24185,7.36631],"rotation":180,"texture":"#0"},"east":{"uv":[1.25,6.075,3.24185,7.36631],"rotation":180,"texture":"#0"},"south":{"uv":[1.25,6.075,3.24185,7.36631],"rotation":180,"texture":"#0"},"west":{"uv":[1.25,6.075,3.24185,7.36631],"rotation":180,"texture":"#0"},"up":{"uv":[1.3,8.025,2.99932,9.69932],"rotation":180,"texture":"#0"},"down":{"uv":[1.075,3.525,1.13333,3.675],"rotation":180,"texture":"#0"}}},{"from":[9,19.15,4.8],"to":[9.3,23.65,5.1],"rotation":{"angle":0,"axis":"y","origin":[8,21.375,8]},"faces":{"north":{"uv":[7.35,1.3,7.6,1.625],"texture":"#0"},"east":{"uv":[7.35,1.3,7.6,1.625],"texture":"#0"},"south":{"uv":[7.35,1.3,7.6,1.625],"texture":"#0"},"west":{"uv":[7.35,1.3,7.6,1.625],"texture":"#0"},"up":{"uv":[7.35,1.3,7.6,1.625],"rotation":270,"texture":"#0"},"down":{"uv":[7.35,1.3,7.6,1.625],"rotation":90,"texture":"#0"}}},{"from":[12.61236,25.22499,6.97692],"to":[13.75852,26.05129,9.02308],"rotation":{"angle":0,"axis":"y","origin":[13.88544,25.83814,8]},"faces":{"north":{"uv":[1.3,4.4,1.4641,4.4641],"texture":"#0"},"east":{"uv":[1.25,4.4,1.4641,5.8641],"rotation":270,"texture":"#0"},"south":{"uv":[1.3,4.4,1.4641,4.4641],"rotation":180,"texture":"#0"},"west":{"uv":[1.3,4.4,1.4641,4.4641],"rotation":180,"texture":"#0"},"up":{"uv":[1.25,4.4,1.4641,5.8641],"rotation":180,"texture":"#0"},"down":{"uv":[1.3,4.4,1.4641,4.4641],"rotation":180,"texture":"#0"}}},{"from":[2.24148,25.22499,6.97692],"to":[3.38764,26.05129,9.02308],"rotation":{"angle":0,"axis":"y","origin":[2.11456,25.83814,8]},"faces":{"north":{"uv":[1.4641,4.4,1.3,4.4641],"texture":"#0"},"east":{"uv":[1.4641,4.4,1.3,4.4641],"rotation":180,"texture":"#0"},"south":{"uv":[1.4641,4.4,1.3,4.4641],"rotation":180,"texture":"#0"},"west":{"uv":[1.25,5.8641,1.4641,4.4],"rotation":270,"texture":"#0"},"up":{"uv":[1.4641,4.4,1.25,5.8641],"rotation":180,"texture":"#0"},"down":{"uv":[1.4641,4.4,1.3,4.4641],"rotation":180,"texture":"#0"}}},{"from":[6.97692,25.22499,12.61236],"to":[9.02308,26.05129,13.75852],"rotation":{"angle":0,"axis":"y","origin":[8,25.63814,8]},"faces":{"north":{"uv":[1.3,4.4,1.4641,4.4641],"rotation":180,"texture":"#0"},"east":{"uv":[1.3,4.4,1.4641,4.4641],"texture":"#0"},"south":{"uv":[1.25,4.4,1.4641,5.8641],"rotation":270,"texture":"#0"},"west":{"uv":[1.3,4.4,1.4641,4.4641],"rotation":180,"texture":"#0"},"up":{"uv":[1.25,4.4,1.4641,5.8641],"rotation":270,"texture":"#0"},"down":{"uv":[1.3,4.4,1.4641,4.4641],"rotation":90,"texture":"#0"}}},{"from":[6.97692,25.22499,2.24148],"to":[9.02308,26.05129,3.38764],"rotation":{"angle":0,"axis":"y","origin":[8,25.63814,8]},"faces":{"north":{"uv":[1.25,5.8641,1.4641,4.4],"rotation":270,"texture":"#0"},"east":{"uv":[1.4641,4.4,1.3,4.4641],"texture":"#0"},"south":{"uv":[1.4641,4.4,1.3,4.4641],"rotation":180,"texture":"#0"},"west":{"uv":[1.4641,4.4,1.3,4.4641],"rotation":180,"texture":"#0"},"up":{"uv":[1.4641,4.4,1.25,5.8641],"rotation":270,"texture":"#0"},"down":{"uv":[1.4641,4.4,1.3,4.4641],"rotation":90,"texture":"#0"}}}],"gui_light":"front","display":{"thirdperson_righthand":{"rotation":[15.75,0,0],"translation":[0,-0.25,0],"scale":[0.29,0.29,0.29]},"thirdperson_lefthand":{"rotation":[15.75,0,0],"translation":[0,-0.25,0],"scale":[0.29,0.29,0.29]},"firstperson_righthand":{"scale":[0,0,0]},"firstperson_lefthand":{"scale":[0,0,0]},"ground":{"scale":[0.37,0.37,0.37]},"gui":{"rotation":[17,49,0],"translation":[0,-3,0],"scale":[0.4,0.4,0.4]},"head":{"translation":[0,-26,0],"scale":[2,2,2]},"fixed":{"translation":[0,-5.75,-7]}}}