{"credit":"MadewithBlockbench","texture_size":[20,20],"textures":{"0":"elitecreatures:japan_furniture_v1/stone_floor","particle":"elitecreatures:japan_furniture_v1/stone_floor"},"elements":[{"from":[-15.90072,-2.09993,-1.9],"to":[-9.30072,4.02007,17.9],"rotation":{"angle":-22.5,"axis":"y","origin":[8,1.71007,8]},"faces":{"north":{"uv":[15.25,0,16,0.75],"rotation":90,"texture":"#0"},"east":{"uv":[15.25,0,16,0.75],"rotation":90,"texture":"#0"},"south":{"uv":[15.25,0,16,0.75],"rotation":90,"texture":"#0"},"west":{"uv":[0,2.5,7.9,5],"texture":"#0"},"up":{"uv":[0,2.4,8,0],"rotation":90,"texture":"#0"},"down":{"uv":[15.25,0,16,0.75],"rotation":90,"texture":"#0"}}},{"from":[-15.90072,-2.09993,-1.9],"to":[-9.30072,3.77257,17.9],"rotation":{"angle":22.5,"axis":"y","origin":[8,1.71007,8]},"faces":{"north":{"uv":[15.25,0,16,0.75],"rotation":90,"texture":"#0"},"east":{"uv":[15.25,0,16,0.75],"rotation":90,"texture":"#0"},"south":{"uv":[15.25,0,16,0.75],"rotation":90,"texture":"#0"},"west":{"uv":[0,2.5,7.9,5],"texture":"#0"},"up":{"uv":[0,0,8,2.4],"rotation":90,"texture":"#0"},"down":{"uv":[15.25,0,16,0.75],"rotation":90,"texture":"#0"}}},{"from":[-1.9,-2.09993,-15.90072],"to":[17.9,3.77257,-9.30072],"rotation":{"angle":22.5,"axis":"y","origin":[8,1.71007,8]},"faces":{"north":{"uv":[0,2.5,7.9,5],"texture":"#0"},"east":{"uv":[15.25,0,16,0.75],"rotation":90,"texture":"#0"},"south":{"uv":[15.25,0,16,0.75],"rotation":90,"texture":"#0"},"west":{"uv":[15.25,0,16,0.75],"rotation":90,"texture":"#0"},"up":{"uv":[0,0,8,2.4],"texture":"#0"},"down":{"uv":[15.25,0,16,0.75],"rotation":90,"texture":"#0"}}},{"from":[-1.9,-2.09993,-15.90072],"to":[17.9,4.02007,-9.30072],"rotation":{"angle":-22.5,"axis":"y","origin":[8,1.71007,8]},"faces":{"north":{"uv":[0,2.5,7.9,5],"texture":"#0"},"east":{"uv":[15.25,0,16,0.75],"rotation":90,"texture":"#0"},"south":{"uv":[15.25,0,16,0.75],"rotation":90,"texture":"#0"},"west":{"uv":[15.25,0,16,0.75],"rotation":90,"texture":"#0"},"up":{"uv":[0,0,8,2.4],"texture":"#0"},"down":{"uv":[15.25,0,16,0.75],"rotation":90,"texture":"#0"}}},{"from":[25.30073,-2.09993,-1.9],"to":[31.90072,4.02007,17.9],"rotation":{"angle":-22.5,"axis":"y","origin":[8,1.71007,8]},"faces":{"north":{"uv":[15.25,0,16,0.75],"rotation":90,"texture":"#0"},"east":{"uv":[0,2.5,7.9,5],"texture":"#0"},"south":{"uv":[15.25,0,16,0.75],"rotation":90,"texture":"#0"},"west":{"uv":[15.25,0,16,0.75],"rotation":90,"texture":"#0"},"up":{"uv":[0,0,8,2.4],"rotation":90,"texture":"#0"},"down":{"uv":[15.25,0,16,0.75],"rotation":90,"texture":"#0"}}},{"from":[25.30073,-2.09993,-1.9],"to":[31.90072,3.77257,17.9],"rotation":{"angle":22.5,"axis":"y","origin":[8,1.71007,8]},"faces":{"north":{"uv":[15.25,0,16,0.75],"rotation":90,"texture":"#0"},"east":{"uv":[0,2.5,7.9,5],"texture":"#0"},"south":{"uv":[15.25,0,16,0.75],"rotation":90,"texture":"#0"},"west":{"uv":[15.25,0,16,0.75],"rotation":90,"texture":"#0"},"up":{"uv":[0,0,8,2.4],"rotation":90,"texture":"#0"},"down":{"uv":[15.25,0,16,0.75],"rotation":90,"texture":"#0"}}},{"from":[-1.9,-2.09993,25.30073],"to":[17.9,4.02007,31.90072],"rotation":{"angle":-22.5,"axis":"y","origin":[8,1.71007,8]},"faces":{"north":{"uv":[15.25,0,16,0.75],"rotation":90,"texture":"#0"},"east":{"uv":[15.25,0,16,0.75],"rotation":90,"texture":"#0"},"south":{"uv":[0,2.5,7.9,5],"texture":"#0"},"west":{"uv":[15.25,0,16,0.75],"rotation":90,"texture":"#0"},"up":{"uv":[0,2.4,8,0],"texture":"#0"},"down":{"uv":[15.25,0,16,0.75],"rotation":90,"texture":"#0"}}},{"from":[-1.9,-2.09993,25.30073],"to":[17.9,3.77257,31.90072],"rotation":{"angle":22.5,"axis":"y","origin":[8,1.71007,8]},"faces":{"north":{"uv":[15.25,0,16,0.75],"rotation":90,"texture":"#0"},"east":{"uv":[15.25,0,16,0.75],"rotation":90,"texture":"#0"},"south":{"uv":[0,2.5,7.9,5],"texture":"#0"},"west":{"uv":[15.25,0,16,0.75],"rotation":90,"texture":"#0"},"up":{"uv":[0,2.4,8,0],"texture":"#0"},"down":{"uv":[15.25,0,16,0.75],"rotation":90,"texture":"#0"}}},{"from":[3.842,-2.41013,15.2663],"to":[12.158,3.26777,18.0383],"rotation":{"angle":-45,"axis":"y","origin":[8,1.12882,8]},"faces":{"north":{"uv":[14.25,0,15,0.75],"rotation":90,"texture":"#0"},"east":{"uv":[14.25,0,15,0.75],"rotation":90,"texture":"#0"},"south":{"uv":[14.25,0,15,0.75],"rotation":90,"texture":"#0"},"west":{"uv":[14.25,0,15,0.75],"rotation":90,"texture":"#0"},"up":{"uv":[12.43,8.07,16,6.5],"texture":"#0"},"down":{"uv":[14.25,0,15,0.75],"rotation":90,"texture":"#0"}}},{"from":[15.2663,-2.41013,3.842],"to":[18.0383,3.16777,12.158],"rotation":{"angle":0,"axis":"y","origin":[8,1.12882,8]},"faces":{"north":{"uv":[14.25,0,15,0.75],"rotation":90,"texture":"#0"},"east":{"uv":[14.25,0,15,0.75],"rotation":90,"texture":"#0"},"south":{"uv":[14.25,0,15,0.75],"rotation":90,"texture":"#0"},"west":{"uv":[14.25,0,15,0.75],"rotation":90,"texture":"#0"},"up":{"uv":[12.68,6.5,16,7.98],"rotation":90,"texture":"#0"},"down":{"uv":[14.25,0,15,0.75],"rotation":90,"texture":"#0"}}},{"from":[15.2663,-2.41013,3.842],"to":[18.0383,3.26777,12.158],"rotation":{"angle":-45,"axis":"y","origin":[8,1.12882,8]},"faces":{"north":{"uv":[14.25,0,15,0.75],"rotation":90,"texture":"#0"},"east":{"uv":[14.25,0,15,0.75],"rotation":90,"texture":"#0"},"south":{"uv":[14.25,0,15,0.75],"rotation":90,"texture":"#0"},"west":{"uv":[14.25,0,15,0.75],"rotation":90,"texture":"#0"},"up":{"uv":[12.68,6.5,16,7.98],"rotation":90,"texture":"#0"},"down":{"uv":[14.25,0,15,0.75],"rotation":90,"texture":"#0"}}},{"from":[3.842,-2.41013,-2.0383],"to":[12.158,3.26777,0.7337],"rotation":{"angle":-45,"axis":"y","origin":[8,1.12882,8]},"faces":{"north":{"uv":[14.25,0,15,0.75],"rotation":90,"texture":"#0"},"east":{"uv":[14.25,0,15,0.75],"rotation":90,"texture":"#0"},"south":{"uv":[14.25,0,15,0.75],"rotation":90,"texture":"#0"},"west":{"uv":[14.25,0,15,0.75],"rotation":90,"texture":"#0"},"up":{"uv":[12.43,6.5,16,8.07],"texture":"#0"},"down":{"uv":[14.25,0,15,0.75],"rotation":90,"texture":"#0"}}},{"from":[3.842,-2.41013,-2.0383],"to":[12.158,3.16777,0.7337],"rotation":{"angle":0,"axis":"y","origin":[8,1.12882,8]},"faces":{"north":{"uv":[14.25,0,15,0.75],"rotation":90,"texture":"#0"},"east":{"uv":[14.25,0,15,0.75],"rotation":90,"texture":"#0"},"south":{"uv":[14.25,0,15,0.75],"rotation":90,"texture":"#0"},"west":{"uv":[14.25,0,15,0.75],"rotation":90,"texture":"#0"},"up":{"uv":[12.43,6.5,16,8.07],"texture":"#0"},"down":{"uv":[14.25,0,15,0.75],"rotation":90,"texture":"#0"}}},{"from":[-2.0383,-2.41013,3.842],"to":[0.7337,3.16777,12.158],"rotation":{"angle":0,"axis":"y","origin":[8,1.12882,8]},"faces":{"north":{"uv":[14.25,0,15,0.75],"rotation":90,"texture":"#0"},"east":{"uv":[14.25,0,15,0.75],"rotation":90,"texture":"#0"},"south":{"uv":[14.25,0,15,0.75],"rotation":90,"texture":"#0"},"west":{"uv":[14.25,0,15,0.75],"rotation":90,"texture":"#0"},"up":{"uv":[12.68,7.98,16,6.5],"rotation":90,"texture":"#0"},"down":{"uv":[14.25,0,15,0.75],"rotation":90,"texture":"#0"}}},{"from":[-2.0383,-2.41013,3.842],"to":[0.7337,3.26777,12.158],"rotation":{"angle":-45,"axis":"y","origin":[8,1.12882,8]},"faces":{"north":{"uv":[14.25,0,15,0.75],"rotation":90,"texture":"#0"},"east":{"uv":[14.25,0,15,0.75],"rotation":90,"texture":"#0"},"south":{"uv":[14.25,0,15,0.75],"rotation":90,"texture":"#0"},"west":{"uv":[14.25,0,15,0.75],"rotation":90,"texture":"#0"},"up":{"uv":[12.68,7.98,16,6.5],"rotation":90,"texture":"#0"},"down":{"uv":[14.25,0,15,0.75],"rotation":90,"texture":"#0"}}},{"from":[3.842,-2.41013,15.2663],"to":[12.158,3.16777,18.0383],"rotation":{"angle":0,"axis":"y","origin":[8,1.12882,8]},"faces":{"north":{"uv":[14.25,0,15,0.75],"rotation":90,"texture":"#0"},"east":{"uv":[14.25,0,15,0.75],"rotation":90,"texture":"#0"},"south":{"uv":[14.25,0,15,0.75],"rotation":90,"texture":"#0"},"west":{"uv":[14.25,0,15,0.75],"rotation":90,"texture":"#0"},"up":{"uv":[12.43,8.07,16,6.5],"texture":"#0"},"down":{"uv":[14.25,0,15,0.75],"rotation":90,"texture":"#0"}}},{"from":[-10.0483,-2.08013,-9.6655],"to":[25.9517,2.91987,25.3345],"rotation":{"angle":-22.5,"axis":"y","origin":[8,0.06007,8]},"faces":{"up":{"uv":[8,8,16,16],"rotation":90,"texture":"#0"},"down":{"uv":[8,8,16,16],"rotation":90,"texture":"#0"}}}],"gui_light":"front","display":{"thirdperson_righthand":{"rotation":[42.25,0,0],"translation":[0,2.5,-0.75],"scale":[0.15,0.15,0.15]},"thirdperson_lefthand":{"rotation":[42.25,0,0],"translation":[0,2.5,1.5],"scale":[0.15,0.15,0.15]},"firstperson_righthand":{"scale":[0,0,0]},"firstperson_lefthand":{"scale":[0,0,0.02]},"ground":{"translation":[0,4.5,0],"scale":[0.15,0.15,0.15]},"gui":{"rotation":[29,79,0],"translation":[0,1.25,0],"scale":[0.2,0.2,0.2]},"head":{"translation":[0,-22.75,0],"scale":[2,2,2]},"fixed":{"rotation":[-91,0,0],"translation":[-0.5,0.25,-2.5],"scale":[0.2,0.2,0.2]}}}