{"credit":"MadewithBlockbench","textures":{"0":"elitecreatures:japan_furniture_v1/lamp_2","particle":"elitecreatures:japan_furniture_v1/lamp_2"},"elements":[{"from":[6.7946,9.0546,6.7946],"to":[9.2054,9.4359,9.2054],"rotation":{"angle":0,"axis":"y","origin":[8,44.81808,8]},"faces":{"north":{"uv":[2.25,0.4223,3.1548,0.3],"texture":"#0"},"east":{"uv":[2.25,0.4223,3.1548,0.3],"texture":"#0"},"south":{"uv":[2.25,0.4223,3.1548,0.3],"texture":"#0"},"west":{"uv":[2.25,0.4223,3.1548,0.3],"texture":"#0"},"up":{"uv":[2.925,0.4223,3.1548,0.3],"texture":"#0"},"down":{"uv":[2.25,0.4223,3.1548,0.3],"texture":"#0"}}},{"from":[7.1226,9.0136,6.3518],"to":[8.8774,9.4359,6.7946],"rotation":{"angle":0,"axis":"y","origin":[7.836,9.22475,8.4592]},"faces":{"north":{"uv":[2.45,0.4223,3.8548,0],"texture":"#0"},"east":{"uv":[2.25,0.4223,3.1548,0.3],"texture":"#0"},"south":{"uv":[2.25,0.4223,3.1548,0.3],"texture":"#0"},"west":{"uv":[2.25,0.4223,3.1548,0.3],"texture":"#0"},"up":{"uv":[2.925,0.4223,3.1548,0.3],"texture":"#0"},"down":{"uv":[2.25,0.4223,3.1548,0.3],"texture":"#0"}}},{"from":[9.31819,9.0341,7.72291],"to":[9.76099,9.4359,8.82171],"rotation":{"angle":45,"axis":"y","origin":[7.65359,9.22475,8.10831]},"faces":{"north":{"uv":[2.25,0.4223,3.1548,0.3],"texture":"#0"},"east":{"uv":[2.45,0.4223,3.8548,0],"texture":"#0"},"south":{"uv":[2.25,0.4223,3.1548,0.3],"texture":"#0"},"west":{"uv":[2.25,0.4223,3.1548,0.3],"texture":"#0"},"up":{"uv":[2.925,0.4223,3.1548,0.3],"texture":"#0"},"down":{"uv":[2.25,0.4223,3.1548,0.3],"texture":"#0"}}},{"from":[9.2054,9.0136,7.1226],"to":[9.6482,9.4359,8.8774],"rotation":{"angle":0,"axis":"y","origin":[7.5408,9.22475,7.836]},"faces":{"north":{"uv":[2.25,0.4223,3.1548,0.3],"texture":"#0"},"east":{"uv":[2.45,0.4223,3.8548,0],"texture":"#0"},"south":{"uv":[2.25,0.4223,3.1548,0.3],"texture":"#0"},"west":{"uv":[2.25,0.4223,3.1548,0.3],"texture":"#0"},"up":{"uv":[2.925,0.4223,3.1548,0.3],"texture":"#0"},"down":{"uv":[2.25,0.4223,3.1548,0.3],"texture":"#0"}}},{"from":[9.31819,9.0341,7.17829],"to":[9.76099,9.4359,8.27709],"rotation":{"angle":-45,"axis":"y","origin":[7.65359,9.22475,7.89169]},"faces":{"north":{"uv":[2.25,0.4223,3.1548,0.3],"texture":"#0"},"east":{"uv":[2.45,0.4223,3.8548,0],"texture":"#0"},"south":{"uv":[2.25,0.4223,3.1548,0.3],"texture":"#0"},"west":{"uv":[2.25,0.4223,3.1548,0.3],"texture":"#0"},"up":{"uv":[2.925,0.4223,3.1548,0.3],"texture":"#0"},"down":{"uv":[2.25,0.4223,3.1548,0.3],"texture":"#0"}}},{"from":[7.1226,9.0136,9.2054],"to":[8.8774,9.4359,9.6482],"rotation":{"angle":0,"axis":"y","origin":[8,44.81808,7.9508]},"faces":{"north":{"uv":[2.25,0.4223,3.1548,0.3],"texture":"#0"},"east":{"uv":[2.25,0.4223,3.1548,0.3],"texture":"#0"},"south":{"uv":[2.45,0.4223,3.8548,0],"texture":"#0"},"west":{"uv":[2.25,0.4223,3.1548,0.3],"texture":"#0"},"up":{"uv":[2.925,0.4223,3.1548,0.3],"texture":"#0"},"down":{"uv":[2.25,0.4223,3.1548,0.3],"texture":"#0"}}},{"from":[6.23901,9.0341,7.17829],"to":[6.68181,9.4359,8.27709],"rotation":{"angle":45,"axis":"y","origin":[8.34641,9.22475,7.89169]},"faces":{"north":{"uv":[2.25,0.4223,3.1548,0.3],"texture":"#0"},"east":{"uv":[2.25,0.4223,3.1548,0.3],"texture":"#0"},"south":{"uv":[2.25,0.4223,3.1548,0.3],"texture":"#0"},"west":{"uv":[2.45,0.4223,3.8548,0],"texture":"#0"},"up":{"uv":[2.925,0.4223,3.1548,0.3],"texture":"#0"},"down":{"uv":[2.25,0.4223,3.1548,0.3],"texture":"#0"}}},{"from":[6.3518,9.0136,7.1226],"to":[6.7946,9.4359,8.8774],"rotation":{"angle":0,"axis":"y","origin":[8.4592,9.22475,8.164]},"faces":{"north":{"uv":[2.25,0.4223,3.1548,0.3],"texture":"#0"},"east":{"uv":[2.25,0.4223,3.1548,0.3],"texture":"#0"},"south":{"uv":[2.25,0.4223,3.1548,0.3],"texture":"#0"},"west":{"uv":[2.45,0.4223,3.8548,0],"texture":"#0"},"up":{"uv":[2.925,0.4223,3.1548,0.3],"texture":"#0"},"down":{"uv":[2.25,0.4223,3.1548,0.3],"texture":"#0"}}},{"from":[6.23901,9.0341,7.72291],"to":[6.68181,9.4359,8.82171],"rotation":{"angle":-45,"axis":"y","origin":[8.34641,9.22475,8.10831]},"faces":{"north":{"uv":[2.25,0.4223,3.1548,0.3],"texture":"#0"},"east":{"uv":[2.25,0.4223,3.1548,0.3],"texture":"#0"},"south":{"uv":[2.25,0.4223,3.1548,0.3],"texture":"#0"},"west":{"uv":[2.45,0.4223,3.8548,0],"texture":"#0"},"up":{"uv":[2.925,0.4223,3.1548,0.3],"texture":"#0"},"down":{"uv":[2.25,0.4223,3.1548,0.3],"texture":"#0"}}},{"from":[7.1,9.075,7.05],"to":[8.9,9.675,8.95],"rotation":{"angle":0,"axis":"y","origin":[8,13.675,8]},"faces":{"north":{"uv":[2.4,0.625,3,2.525],"rotation":270,"texture":"#0"},"east":{"uv":[2.4,0.625,3,2.525],"rotation":270,"texture":"#0"},"south":{"uv":[2.4,0.625,3,2.525],"rotation":270,"texture":"#0"},"west":{"uv":[2.4,0.625,3,2.525],"rotation":270,"texture":"#0"},"up":{"uv":[3.05,0.55,4.975,2.45],"texture":"#0"},"down":{"uv":[5.7,0.05,4.05,1.9],"rotation":180,"texture":"#0"}}},{"from":[7.83,9.675,7.15],"to":[8.17,10.675,7.45],"rotation":{"angle":0,"axis":"y","origin":[8,12.175,8]},"faces":{"north":{"uv":[2.4,0.625,3,2.525],"rotation":270,"texture":"#0"},"east":{"uv":[2.4,0.625,3,2.525],"rotation":270,"texture":"#0"},"south":{"uv":[2.4,0.625,3,2.525],"rotation":270,"texture":"#0"},"west":{"uv":[2.4,0.625,3,2.525],"rotation":270,"texture":"#0"},"up":{"uv":[2.4,0.625,3,2.525],"rotation":270,"texture":"#0"},"down":{"uv":[2.4,0.625,3,2.525],"rotation":270,"texture":"#0"}}},{"from":[7.83,9.675,8.55],"to":[8.17,10.675,8.85],"rotation":{"angle":0,"axis":"y","origin":[8,12.175,8]},"faces":{"north":{"uv":[2.4,0.625,3,2.525],"rotation":270,"texture":"#0"},"east":{"uv":[2.4,0.625,3,2.525],"rotation":270,"texture":"#0"},"south":{"uv":[2.4,0.625,3,2.525],"rotation":270,"texture":"#0"},"west":{"uv":[2.4,0.625,3,2.525],"rotation":270,"texture":"#0"},"up":{"uv":[2.4,0.625,3,2.525],"rotation":270,"texture":"#0"},"down":{"uv":[2.4,0.625,3,2.525],"rotation":270,"texture":"#0"}}},{"from":[7.83,11.39641,7.71502],"to":[8.17,11.69641,8.71502],"rotation":{"angle":22.5,"axis":"x","origin":[8,10.84641,6.21502]},"faces":{"north":{"uv":[2.4,0.625,3,2.525],"rotation":270,"texture":"#0"},"east":{"uv":[2.4,0.625,3,2.525],"rotation":270,"texture":"#0"},"south":{"uv":[2.4,0.625,3,2.525],"rotation":270,"texture":"#0"},"west":{"uv":[2.4,0.625,3,2.525],"rotation":270,"texture":"#0"},"up":{"uv":[2.4,0.625,3,2.525],"rotation":270,"texture":"#0"},"down":{"uv":[2.4,0.625,3,2.525],"rotation":270,"texture":"#0"}}},{"from":[7.83,11.39641,7.28498],"to":[8.17,11.69641,8.28498],"rotation":{"angle":-22.5,"axis":"x","origin":[8,10.84641,9.78498]},"faces":{"north":{"uv":[2.4,0.625,3,2.525],"rotation":270,"texture":"#0"},"east":{"uv":[2.4,0.625,3,2.525],"rotation":270,"texture":"#0"},"south":{"uv":[2.4,0.625,3,2.525],"rotation":270,"texture":"#0"},"west":{"uv":[2.4,0.625,3,2.525],"rotation":270,"texture":"#0"},"up":{"uv":[2.4,0.625,3,2.525],"rotation":270,"texture":"#0"},"down":{"uv":[2.4,0.625,3,2.525],"rotation":270,"texture":"#0"}}},{"from":[7.48,21.6325,7.456],"to":[8.52,24.6425,8.544],"rotation":{"angle":0,"axis":"y","origin":[8,11.5805,8]},"faces":{"north":{"uv":[2.55,3.825,3.688,6.735],"texture":"#0"},"east":{"uv":[2.55,3.825,3.688,6.735],"texture":"#0"},"south":{"uv":[2.55,3.825,3.688,6.735],"texture":"#0"},"west":{"uv":[2.55,3.825,3.688,6.735],"texture":"#0"},"up":{"uv":[2.55,3.825,3.688,3.935],"texture":"#0"},"down":{"uv":[2.55,3.825,3.688,3.935],"texture":"#0"}}},{"from":[6.95765,2.31044,6.04194],"to":[9.04235,9.08513,6.56798],"rotation":{"angle":0,"axis":"y","origin":[7.80517,9.57721,8.54553]},"faces":{"north":{"uv":[0.225,6.77469,2.00345,0],"texture":"#0"},"east":{"uv":[0.225,0.12469,0.40345,0],"texture":"#0"},"south":{"uv":[0.225,0.12469,0.40345,0],"texture":"#0"},"west":{"uv":[0.225,0.12469,0.40345,0],"texture":"#0"},"up":{"uv":[0.225,0.12469,0.40345,0],"texture":"#0"},"down":{"uv":[0.225,0.12469,0.40345,0],"texture":"#0"}}},{"from":[9.56601,2.33479,7.67081],"to":[10.09206,9.08513,8.97619],"rotation":{"angle":45,"axis":"y","origin":[7.58847,9.57721,8.12867]},"faces":{"north":{"uv":[0.225,0.12469,0.40345,0],"texture":"#0"},"east":{"uv":[0.475,6.77469,1.8,0],"texture":"#0"},"south":{"uv":[0.225,0.12469,0.40345,0],"texture":"#0"},"west":{"uv":[0.225,0.12469,0.40345,0],"texture":"#0"},"up":{"uv":[0.225,0.12469,0.40345,0],"texture":"#0"},"down":{"uv":[0.225,0.12469,0.40345,0],"texture":"#0"}}},{"from":[9.43202,2.31044,6.95765],"to":[9.95806,9.08513,9.04235],"rotation":{"angle":0,"axis":"y","origin":[7.45447,9.57721,7.80517]},"faces":{"north":{"uv":[0.225,0.12469,0.40345,0],"texture":"#0"},"east":{"uv":[0.225,6.77469,2.00345,0],"texture":"#0"},"south":{"uv":[0.225,0.12469,0.40345,0],"texture":"#0"},"west":{"uv":[0.225,0.12469,0.40345,0],"texture":"#0"},"up":{"uv":[0.225,0.12469,0.40345,0],"texture":"#0"},"down":{"uv":[0.225,0.12469,0.40345,0],"texture":"#0"}}},{"from":[9.56601,2.33479,7.02381],"to":[10.09206,9.08513,8.32919],"rotation":{"angle":-45,"axis":"y","origin":[7.58847,9.57721,7.87133]},"faces":{"north":{"uv":[0.225,0.12469,0.40345,0],"texture":"#0"},"east":{"uv":[0.475,6.77469,1.8,0],"texture":"#0"},"south":{"uv":[0.225,0.12469,0.40345,0],"texture":"#0"},"west":{"uv":[0.225,0.12469,0.40345,0],"texture":"#0"},"up":{"uv":[0.225,0.12469,0.40345,0],"texture":"#0"},"down":{"uv":[0.225,0.12469,0.40345,0],"texture":"#0"}}},{"from":[6.95765,2.31044,9.43202],"to":[9.04235,9.08513,9.95806],"rotation":{"angle":0,"axis":"y","origin":[8,51.86208,7.94155]},"faces":{"north":{"uv":[0.225,0.12469,0.40345,0],"texture":"#0"},"east":{"uv":[0.225,0.12469,0.40345,0],"texture":"#0"},"south":{"uv":[0.225,6.77469,2.00345,0],"texture":"#0"},"west":{"uv":[0.225,0.12469,0.40345,0],"texture":"#0"},"up":{"uv":[0.225,0.12469,0.40345,0],"texture":"#0"},"down":{"uv":[0.225,0.12469,0.40345,0],"texture":"#0"}}},{"from":[5.90794,2.33479,7.02381],"to":[6.43399,9.08513,8.32919],"rotation":{"angle":45,"axis":"y","origin":[8.41153,9.57721,7.87133]},"faces":{"north":{"uv":[0.225,0.12469,0.40345,0],"texture":"#0"},"east":{"uv":[0.475,0.12469,1.55345,0],"texture":"#0"},"south":{"uv":[0.225,0.12469,0.40345,0],"texture":"#0"},"west":{"uv":[0.225,6.77469,0.65,0],"texture":"#0"},"up":{"uv":[0.225,0.12469,0.40345,0],"texture":"#0"},"down":{"uv":[0.225,0.12469,0.40345,0],"texture":"#0"}}},{"from":[5.90794,2.33479,7.67081],"to":[6.43399,9.08513,8.97619],"rotation":{"angle":-45,"axis":"y","origin":[8.41153,9.57721,8.12867]},"faces":{"north":{"uv":[0.225,0.12469,0.40345,0],"texture":"#0"},"east":{"uv":[0.475,0.12469,1.55345,0],"texture":"#0"},"south":{"uv":[0.225,0.12469,0.40345,0],"texture":"#0"},"west":{"uv":[0.225,6.77469,0.65,0],"texture":"#0"},"up":{"uv":[0.225,0.12469,0.40345,0],"texture":"#0"},"down":{"uv":[0.225,0.12469,0.40345,0],"texture":"#0"}}},{"from":[6.04194,2.31044,6.95765],"to":[6.56798,9.08513,9.04235],"rotation":{"angle":0,"axis":"y","origin":[8.54553,9.57721,8.19483]},"faces":{"north":{"uv":[0.225,0.12469,0.40345,0],"texture":"#0"},"east":{"uv":[0.225,0.12469,0.40345,0],"texture":"#0"},"south":{"uv":[0.225,0.12469,0.40345,0],"texture":"#0"},"west":{"uv":[0.225,6.77469,2.00345,0],"texture":"#0"},"up":{"uv":[0.225,0.12469,0.40345,0],"texture":"#0"},"down":{"uv":[0.225,0.12469,0.40345,0],"texture":"#0"}}},{"from":[6.23901,1.9641,7.72291],"to":[6.68181,2.3659,8.82171],"rotation":{"angle":-45,"axis":"y","origin":[8.34641,2.17525,8.10831]},"faces":{"north":{"uv":[2.25,0.3,3.1548,0.4223],"texture":"#0"},"east":{"uv":[2.25,0.3,3.1548,0.4223],"texture":"#0"},"south":{"uv":[2.25,0.3,3.1548,0.4223],"texture":"#0"},"west":{"uv":[2.45,0,3.8548,0.4223],"texture":"#0"},"up":{"uv":[2.25,0.3,3.1548,0.4223],"texture":"#0"},"down":{"uv":[2.925,0.3,3.1548,0.4223],"texture":"#0"}}},{"from":[6.3518,1.9641,7.1226],"to":[6.7946,2.3864,8.8774],"rotation":{"angle":0,"axis":"y","origin":[8.4592,2.17525,8.164]},"faces":{"north":{"uv":[2.25,0.3,3.1548,0.4223],"texture":"#0"},"east":{"uv":[2.25,0.3,3.1548,0.4223],"texture":"#0"},"south":{"uv":[2.25,0.3,3.1548,0.4223],"texture":"#0"},"west":{"uv":[2.45,0,3.8548,0.4223],"texture":"#0"},"up":{"uv":[2.25,0.3,3.1548,0.4223],"texture":"#0"},"down":{"uv":[2.925,0.3,3.1548,0.4223],"texture":"#0"}}},{"from":[6.23901,1.9641,7.17829],"to":[6.68181,2.3659,8.27709],"rotation":{"angle":45,"axis":"y","origin":[8.34641,2.17525,7.89169]},"faces":{"north":{"uv":[2.25,0.3,3.1548,0.4223],"texture":"#0"},"east":{"uv":[2.25,0.3,3.1548,0.4223],"texture":"#0"},"south":{"uv":[2.25,0.3,3.1548,0.4223],"texture":"#0"},"west":{"uv":[2.45,0,3.8548,0.4223],"texture":"#0"},"up":{"uv":[2.25,0.3,3.1548,0.4223],"texture":"#0"},"down":{"uv":[2.925,0.3,3.1548,0.4223],"texture":"#0"}}},{"from":[7.1226,1.9641,9.2054],"to":[8.8774,2.3864,9.6482],"rotation":{"angle":0,"axis":"y","origin":[8,-33.41808,7.9508]},"faces":{"north":{"uv":[2.25,0.3,3.1548,0.4223],"texture":"#0"},"east":{"uv":[2.25,0.3,3.1548,0.4223],"texture":"#0"},"south":{"uv":[2.45,0,3.8548,0.4223],"texture":"#0"},"west":{"uv":[2.25,0.3,3.1548,0.4223],"texture":"#0"},"up":{"uv":[2.25,0.3,3.1548,0.4223],"texture":"#0"},"down":{"uv":[2.925,0.3,3.1548,0.4223],"texture":"#0"}}},{"from":[9.31819,1.9641,7.17829],"to":[9.76099,2.3659,8.27709],"rotation":{"angle":-45,"axis":"y","origin":[7.65359,2.17525,7.89169]},"faces":{"north":{"uv":[2.25,0.3,3.1548,0.4223],"texture":"#0"},"east":{"uv":[2.45,0,3.8548,0.4223],"texture":"#0"},"south":{"uv":[2.25,0.3,3.1548,0.4223],"texture":"#0"},"west":{"uv":[2.25,0.3,3.1548,0.4223],"texture":"#0"},"up":{"uv":[2.25,0.3,3.1548,0.4223],"texture":"#0"},"down":{"uv":[2.925,0.3,3.1548,0.4223],"texture":"#0"}}},{"from":[9.2054,1.9641,7.1226],"to":[9.6482,2.3864,8.8774],"rotation":{"angle":0,"axis":"y","origin":[7.5408,2.17525,7.836]},"faces":{"north":{"uv":[2.25,0.3,3.1548,0.4223],"texture":"#0"},"east":{"uv":[2.45,0,3.8548,0.4223],"texture":"#0"},"south":{"uv":[2.25,0.3,3.1548,0.4223],"texture":"#0"},"west":{"uv":[2.25,0.3,3.1548,0.4223],"texture":"#0"},"up":{"uv":[2.25,0.3,3.1548,0.4223],"texture":"#0"},"down":{"uv":[2.925,0.3,3.1548,0.4223],"texture":"#0"}}},{"from":[9.31819,1.9641,7.72291],"to":[9.76099,2.3659,8.82171],"rotation":{"angle":45,"axis":"y","origin":[7.65359,2.17525,8.10831]},"faces":{"north":{"uv":[2.25,0.3,3.1548,0.4223],"texture":"#0"},"east":{"uv":[2.45,0,3.8548,0.4223],"texture":"#0"},"south":{"uv":[2.25,0.3,3.1548,0.4223],"texture":"#0"},"west":{"uv":[2.25,0.3,3.1548,0.4223],"texture":"#0"},"up":{"uv":[2.25,0.3,3.1548,0.4223],"texture":"#0"},"down":{"uv":[2.925,0.3,3.1548,0.4223],"texture":"#0"}}},{"from":[7.1226,1.9641,6.3518],"to":[8.8774,2.3864,6.7946],"rotation":{"angle":0,"axis":"y","origin":[7.836,2.17525,8.4592]},"faces":{"north":{"uv":[2.45,0,3.8548,0.4223],"texture":"#0"},"east":{"uv":[2.25,0.3,3.1548,0.4223],"texture":"#0"},"south":{"uv":[2.25,0.3,3.1548,0.4223],"texture":"#0"},"west":{"uv":[2.25,0.3,3.1548,0.4223],"texture":"#0"},"up":{"uv":[2.25,0.3,3.1548,0.4223],"texture":"#0"},"down":{"uv":[2.925,0.3,3.1548,0.4223],"texture":"#0"}}},{"from":[6.7946,1.9641,6.7946],"to":[9.2054,2.3454,9.2054],"rotation":{"angle":0,"axis":"y","origin":[8,-33.41808,8]},"faces":{"north":{"uv":[2.25,0.3,3.1548,0.4223],"texture":"#0"},"east":{"uv":[2.25,0.3,3.1548,0.4223],"texture":"#0"},"south":{"uv":[2.25,0.3,3.1548,0.4223],"texture":"#0"},"west":{"uv":[2.25,0.3,3.1548,0.4223],"texture":"#0"},"up":{"uv":[2.25,0.3,3.1548,0.4223],"texture":"#0"},"down":{"uv":[2.925,0.3,3.1548,0.4223],"texture":"#0"}}},{"from":[7.65,10.575,7.63],"to":[8.35,22,8.37],"rotation":{"angle":0,"axis":"y","origin":[8,12.365,8]},"faces":{"north":{"uv":[5.325,0,6.19,11.425],"texture":"#0"},"east":{"uv":[5.325,0,6.19,11.425],"texture":"#0"},"south":{"uv":[6.19,0,5.325,11.425],"texture":"#0"},"west":{"uv":[6.19,0,5.325,11.425],"texture":"#0"},"up":{"uv":[4.15,0,4.35,0.15],"texture":"#0"},"down":{"uv":[4.15,0,4.35,0.15],"texture":"#0"}}}],"gui_light":"front","display":{"thirdperson_righthand":{"rotation":[12.5,0,0],"translation":[0,-2,-0.75],"scale":[0.41,0.41,0.41]},"thirdperson_lefthand":{"rotation":[12.5,0,0],"translation":[0,-2,-0.75],"scale":[0.41,0.41,0.41]},"firstperson_righthand":{"scale":[0,0,0]},"firstperson_lefthand":{"scale":[0,0,0]},"ground":{"rotation":[0,0,15],"scale":[0.52,0.52,0.51]},"gui":{"rotation":[10,35,0],"translation":[0,-3.5,0],"scale":[0.5,0.5,0.5]},"head":{"translation":[0,-24.5,0],"scale":[3,3,3]},"fixed":{"translation":[0,-7.25,-4.25]}}}