{"credit":"MadewithBlockbench","texture_size":[24,24],"textures":{"0":"elitecreatures:japan_furniture_v1/lamp_4","particle":"elitecreatures:japan_furniture_v1/lamp_4"},"elements":[{"from":[7.5896,-0.54678,7.26059],"to":[8.4104,3.2457,8.01299],"rotation":{"angle":-22.5,"axis":"x","origin":[8,5.9838,8]},"faces":{"north":{"uv":[0.4,0,0.375,5.24],"texture":"#0"},"east":{"uv":[0,2.75,0.4,5.24],"texture":"#0"},"south":{"uv":[0,2.75,0.05,5.24],"texture":"#0"},"west":{"uv":[0.4,2.75,0,5.24],"texture":"#0"},"up":{"uv":[0,0,0.0875,0.0025],"texture":"#0"},"down":{"uv":[0,0,1,1],"texture":"#missing"}}},{"from":[4.4432,-0.7371,4.3532],"to":[11.5568,0.11058,11.4668],"rotation":{"angle":0,"axis":"y","origin":[8,5.9838,8]},"faces":{"north":{"uv":[5,3.6625,9.7424,4.22762],"texture":"#0"},"east":{"uv":[5,3.6625,9.7424,4.22762],"texture":"#0"},"south":{"uv":[5,3.6625,9.7424,4.22762],"texture":"#0"},"west":{"uv":[5,3.6625,9.7424,4.22762],"texture":"#0"},"up":{"uv":[1,1.25,4.49167,4.71667],"texture":"#0"},"down":{"uv":[1,1.25,4.49167,4.71667],"texture":"#0"}}},{"from":[5.20837,1.16666,5.2026],"to":[5.51163,11.24814,5.52919],"rotation":{"angle":0,"axis":"y","origin":[8,5.9838,8]},"faces":{"north":{"uv":[13.875,6.72099,14.09273,0],"rotation":180,"texture":"#0"},"east":{"uv":[13.875,6.72099,14.09273,0],"rotation":180,"texture":"#0"},"south":{"uv":[13.875,6.72099,14.09273,0],"rotation":180,"texture":"#0"},"west":{"uv":[13.875,6.72099,14.09273,0],"rotation":180,"texture":"#0"},"up":{"uv":[0.1125,0,0,2.49],"rotation":270,"texture":"#0"},"down":{"uv":[0.1125,0,0,2.49],"rotation":270,"texture":"#0"}}},{"from":[10.45837,1.16666,5.2026],"to":[10.76163,11.24814,5.52919],"rotation":{"angle":0,"axis":"y","origin":[8,5.9838,8]},"faces":{"north":{"uv":[13.875,6.72099,14.09273,0],"rotation":180,"texture":"#0"},"east":{"uv":[13.875,6.72099,14.09273,0],"rotation":180,"texture":"#0"},"south":{"uv":[13.875,6.72099,14.09273,0],"rotation":180,"texture":"#0"},"west":{"uv":[13.875,6.72099,14.09273,0],"rotation":180,"texture":"#0"},"up":{"uv":[0.1125,0,0,2.49],"rotation":270,"texture":"#0"},"down":{"uv":[0.1125,0,0,2.49],"rotation":270,"texture":"#0"}}},{"from":[10.45837,1.16666,10.4526],"to":[10.76163,11.24814,10.77919],"rotation":{"angle":0,"axis":"y","origin":[8,5.9838,8]},"faces":{"north":{"uv":[13.875,6.72099,14.09273,0],"rotation":180,"texture":"#0"},"east":{"uv":[13.875,6.72099,14.09273,0],"rotation":180,"texture":"#0"},"south":{"uv":[13.875,6.72099,14.09273,0],"rotation":180,"texture":"#0"},"west":{"uv":[13.875,6.72099,14.09273,0],"rotation":180,"texture":"#0"},"up":{"uv":[0.1125,0,0,2.49],"rotation":270,"texture":"#0"},"down":{"uv":[0.1125,0,0,2.49],"rotation":270,"texture":"#0"}}},{"from":[5.20837,1.16666,10.4026],"to":[5.51163,11.24814,10.72919],"rotation":{"angle":0,"axis":"y","origin":[8,5.9838,8]},"faces":{"north":{"uv":[13.875,6.72099,14.09273,0],"rotation":180,"texture":"#0"},"east":{"uv":[13.875,6.72099,14.09273,0],"rotation":180,"texture":"#0"},"south":{"uv":[13.875,6.72099,14.09273,0],"rotation":180,"texture":"#0"},"west":{"uv":[13.875,6.72099,14.09273,0],"rotation":180,"texture":"#0"},"up":{"uv":[0.1125,0,0,2.49],"rotation":270,"texture":"#0"},"down":{"uv":[0.1125,0,0,2.49],"rotation":270,"texture":"#0"}}},{"from":[5.44837,10.75666,5.53081],"to":[10.44837,11.25666,10.53081],"rotation":{"angle":0,"axis":"y","origin":[8,5.9838,8]},"faces":{"north":{"uv":[0.1125,2.49,0,0],"rotation":270,"texture":"#0"},"east":{"uv":[0.1125,2.49,0,0],"rotation":270,"texture":"#0"},"south":{"uv":[0.1125,2.49,0,0],"rotation":270,"texture":"#0"},"west":{"uv":[0.1125,2.49,0,0],"rotation":270,"texture":"#0"},"up":{"uv":[4.45833,8.33333,1.125,5],"rotation":270,"texture":"#0"},"down":{"uv":[0.1125,2.49,0,0],"rotation":270,"texture":"#0"}}},{"from":[5.2137,9.9562,5.44376],"to":[5.4945,10.2586,10.55624],"rotation":{"angle":0,"axis":"y","origin":[8,6.69414,8]},"faces":{"north":{"uv":[0.1125,2.49,0,0],"rotation":270,"texture":"#0"},"east":{"uv":[0.1125,2.49,0,0],"rotation":270,"texture":"#0"},"south":{"uv":[0.1125,2.49,0,0],"rotation":270,"texture":"#0"},"west":{"uv":[14.8266,3.40832,14.625,0],"rotation":270,"texture":"#0"},"up":{"uv":[14.8125,0,14.62293,3.42035],"rotation":180,"texture":"#0"},"down":{"uv":[14.8125,3.42035,14.62293,0],"rotation":180,"texture":"#0"}}},{"from":[10.6174,1.28666,5.50837],"to":[10.6174,11.03814,10.49163],"rotation":{"angle":0,"axis":"y","origin":[7.94,9.5074,8]},"faces":{"north":{"uv":[16,0.74,15.3875,0],"rotation":270,"texture":"#0"},"east":{"uv":[11.50099,3.32217,5,0],"rotation":270,"texture":"#0"},"south":{"uv":[16,0.74,15.3875,0],"rotation":270,"texture":"#0"},"west":{"uv":[7.93415,0,5,2.63515],"rotation":270,"texture":"#0"},"up":{"uv":[15.3875,0,16,0.74],"texture":"#0"},"down":{"uv":[15.3875,0,16,0.74],"rotation":180,"texture":"#0"}}},{"from":[5.3826,1.28666,5.50837],"to":[5.3826,11.03814,10.49163],"rotation":{"angle":0,"axis":"y","origin":[8.06,9.5074,8]},"faces":{"north":{"uv":[16,0,15.3875,0.74],"rotation":270,"texture":"#0"},"east":{"uv":[7.93415,2.63515,5,0],"rotation":270,"texture":"#0"},"south":{"uv":[16,0,15.3875,0.74],"rotation":270,"texture":"#0"},"west":{"uv":[11.50099,0,5,3.32217],"rotation":270,"texture":"#0"},"up":{"uv":[16,0,15.3875,0.74],"texture":"#0"},"down":{"uv":[16,0,15.3875,0.74],"rotation":180,"texture":"#0"}}},{"from":[5.50837,1.28666,10.6174],"to":[10.49163,11.03814,10.6174],"rotation":{"angle":0,"axis":"y","origin":[8,4.2424,8]},"faces":{"north":{"uv":[7.93415,0,5,2.63515],"rotation":270,"texture":"#0"},"east":{"uv":[16,0.74,15.3875,0],"rotation":270,"texture":"#0"},"south":{"uv":[11.50099,3.32217,5,0],"rotation":270,"texture":"#0"},"west":{"uv":[16,0.74,15.3875,0],"rotation":270,"texture":"#0"},"up":{"uv":[15.3875,0,16,0.74],"rotation":90,"texture":"#0"},"down":{"uv":[15.3875,0,16,0.74],"rotation":90,"texture":"#0"}}},{"from":[5.50837,1.28666,5.3826],"to":[10.49163,11.03814,5.3826],"rotation":{"angle":0,"axis":"y","origin":[8,4.2424,8]},"faces":{"north":{"uv":[11.50099,0,5,3.32217],"rotation":270,"texture":"#0"},"east":{"uv":[16,0,15.3875,0.74],"rotation":270,"texture":"#0"},"south":{"uv":[7.93415,2.63515,5,0],"rotation":270,"texture":"#0"},"west":{"uv":[16,0,15.3875,0.74],"rotation":270,"texture":"#0"},"up":{"uv":[16,0,15.3875,0.74],"rotation":90,"texture":"#0"},"down":{"uv":[16,0,15.3875,0.74],"rotation":90,"texture":"#0"}}},{"from":[5.2437,1.19116,8.5688],"to":[5.4645,11.10364,8.8712],"rotation":{"angle":0,"axis":"y","origin":[8,6.8599,8]},"faces":{"north":{"uv":[15,0,15.2016,6.60832],"rotation":180,"texture":"#0"},"east":{"uv":[15,0,15.2016,6.60832],"rotation":180,"texture":"#0"},"south":{"uv":[15,0,15.2016,6.60832],"rotation":180,"texture":"#0"},"west":{"uv":[15,0,15.2016,6.60832],"rotation":180,"texture":"#0"},"up":{"uv":[0.4,2.49,0,0],"rotation":90,"texture":"#0"},"down":{"uv":[0.4,2.49,0,0],"rotation":270,"texture":"#0"}}},{"from":[5.2437,1.19116,7.1288],"to":[5.4645,11.10364,7.4312],"rotation":{"angle":0,"axis":"y","origin":[8,6.8599,8]},"faces":{"north":{"uv":[15,0,15.2016,6.60832],"rotation":180,"texture":"#0"},"east":{"uv":[15,0,15.2016,6.60832],"rotation":180,"texture":"#0"},"south":{"uv":[15,0,15.2016,6.60832],"rotation":180,"texture":"#0"},"west":{"uv":[15,0,15.2016,6.60832],"rotation":180,"texture":"#0"},"up":{"uv":[0,2.49,0.4,0],"rotation":90,"texture":"#0"},"down":{"uv":[0,2.49,0.4,0],"rotation":270,"texture":"#0"}}},{"from":[5.44376,9.9562,5.2137],"to":[10.55624,10.2586,5.4945],"rotation":{"angle":0,"axis":"y","origin":[8,6.69414,8]},"faces":{"north":{"uv":[14.8266,3.40832,14.625,0],"rotation":270,"texture":"#0"},"east":{"uv":[0.1125,2.49,0,0],"rotation":270,"texture":"#0"},"south":{"uv":[0.1125,2.49,0,0],"rotation":270,"texture":"#0"},"west":{"uv":[0.1125,2.49,0,0],"rotation":270,"texture":"#0"},"up":{"uv":[14.8125,0,14.62293,3.42035],"rotation":270,"texture":"#0"},"down":{"uv":[14.8125,3.42035,14.62293,0],"rotation":90,"texture":"#0"}}},{"from":[7.1288,1.19116,5.2437],"to":[7.4312,11.10364,5.4645],"rotation":{"angle":0,"axis":"y","origin":[8,6.8599,8]},"faces":{"north":{"uv":[15,0,15.2016,6.60832],"rotation":180,"texture":"#0"},"east":{"uv":[15,0,15.2016,6.60832],"rotation":180,"texture":"#0"},"south":{"uv":[15,0,15.2016,6.60832],"rotation":180,"texture":"#0"},"west":{"uv":[15,0,15.2016,6.60832],"rotation":180,"texture":"#0"},"up":{"uv":[0.4,2.49,0,0],"rotation":180,"texture":"#0"},"down":{"uv":[0.4,2.49,0,0],"rotation":180,"texture":"#0"}}},{"from":[8.5688,1.19116,5.2437],"to":[8.8712,11.10364,5.4645],"rotation":{"angle":0,"axis":"y","origin":[8,6.8599,8]},"faces":{"north":{"uv":[15,0,15.2016,6.60832],"rotation":180,"texture":"#0"},"east":{"uv":[15,0,15.2016,6.60832],"rotation":180,"texture":"#0"},"south":{"uv":[15,0,15.2016,6.60832],"rotation":180,"texture":"#0"},"west":{"uv":[15,0,15.2016,6.60832],"rotation":180,"texture":"#0"},"up":{"uv":[0,2.49,0.4,0],"rotation":180,"texture":"#0"},"down":{"uv":[0,2.49,0.4,0],"rotation":180,"texture":"#0"}}},{"from":[10.5055,9.9562,5.44376],"to":[10.7863,10.2586,10.55624],"rotation":{"angle":0,"axis":"y","origin":[8,6.69414,8]},"faces":{"north":{"uv":[0.1125,2.49,0,0],"rotation":270,"texture":"#0"},"east":{"uv":[14.8266,3.40832,14.625,0],"rotation":270,"texture":"#0"},"south":{"uv":[0.1125,2.49,0,0],"rotation":270,"texture":"#0"},"west":{"uv":[0.1125,2.49,0,0],"rotation":270,"texture":"#0"},"up":{"uv":[14.8125,0,14.62293,3.42035],"texture":"#0"},"down":{"uv":[14.8125,3.42035,14.62293,0],"texture":"#0"}}},{"from":[10.5355,1.19116,7.1288],"to":[10.7563,11.10364,7.4312],"rotation":{"angle":0,"axis":"y","origin":[8,6.8599,8]},"faces":{"north":{"uv":[15,0,15.2016,6.60832],"rotation":180,"texture":"#0"},"east":{"uv":[15,0,15.2016,6.60832],"rotation":180,"texture":"#0"},"south":{"uv":[15,0,15.2016,6.60832],"rotation":180,"texture":"#0"},"west":{"uv":[15,0,15.2016,6.60832],"rotation":180,"texture":"#0"},"up":{"uv":[0.4,2.49,0,0],"rotation":270,"texture":"#0"},"down":{"uv":[0.4,2.49,0,0],"rotation":90,"texture":"#0"}}},{"from":[10.5355,1.19116,8.5688],"to":[10.7563,11.10364,8.8712],"rotation":{"angle":0,"axis":"y","origin":[8,6.8599,8]},"faces":{"north":{"uv":[15,0,15.2016,6.60832],"rotation":180,"texture":"#0"},"east":{"uv":[15,0,15.2016,6.60832],"rotation":180,"texture":"#0"},"south":{"uv":[15,0,15.2016,6.60832],"rotation":180,"texture":"#0"},"west":{"uv":[15,0,15.2016,6.60832],"rotation":180,"texture":"#0"},"up":{"uv":[0,2.49,0.4,0],"rotation":270,"texture":"#0"},"down":{"uv":[0,2.49,0.4,0],"rotation":90,"texture":"#0"}}},{"from":[5.44376,9.9562,10.5055],"to":[10.55624,10.2586,10.7863],"rotation":{"angle":0,"axis":"y","origin":[8,6.69414,8]},"faces":{"north":{"uv":[0.1125,2.49,0,0],"rotation":270,"texture":"#0"},"east":{"uv":[0.1125,2.49,0,0],"rotation":270,"texture":"#0"},"south":{"uv":[14.8266,3.40832,14.625,0],"rotation":270,"texture":"#0"},"west":{"uv":[0.1125,2.49,0,0],"rotation":270,"texture":"#0"},"up":{"uv":[14.8125,0,14.62293,3.42035],"rotation":90,"texture":"#0"},"down":{"uv":[14.8125,3.42035,14.62293,0],"rotation":270,"texture":"#0"}}},{"from":[5.2137,1.9562,5.44376],"to":[5.4945,2.2586,10.55624],"rotation":{"angle":0,"axis":"y","origin":[8,6.69414,8]},"faces":{"north":{"uv":[0.1125,2.49,0,0],"rotation":270,"texture":"#0"},"east":{"uv":[0.1125,2.49,0,0],"rotation":270,"texture":"#0"},"south":{"uv":[0.1125,2.49,0,0],"rotation":270,"texture":"#0"},"west":{"uv":[14.8266,3.40832,14.625,0],"rotation":270,"texture":"#0"},"up":{"uv":[14.8125,0,14.62293,3.42035],"rotation":180,"texture":"#0"},"down":{"uv":[14.8125,3.42035,14.62293,0],"rotation":180,"texture":"#0"}}},{"from":[5.44376,1.9562,10.5055],"to":[10.55624,2.2586,10.7863],"rotation":{"angle":0,"axis":"y","origin":[8,6.69414,8]},"faces":{"north":{"uv":[0.1125,2.49,0,0],"rotation":270,"texture":"#0"},"east":{"uv":[0.1125,2.49,0,0],"rotation":270,"texture":"#0"},"south":{"uv":[14.8266,3.40832,14.625,0],"rotation":270,"texture":"#0"},"west":{"uv":[0.1125,2.49,0,0],"rotation":270,"texture":"#0"},"up":{"uv":[14.8125,0,14.62293,3.42035],"rotation":90,"texture":"#0"},"down":{"uv":[14.8125,3.42035,14.62293,0],"rotation":270,"texture":"#0"}}},{"from":[10.5055,1.9562,5.44376],"to":[10.7863,2.2586,10.55624],"rotation":{"angle":0,"axis":"y","origin":[8,6.69414,8]},"faces":{"north":{"uv":[0.1125,2.49,0,0],"rotation":270,"texture":"#0"},"east":{"uv":[14.8266,3.40832,14.625,0],"rotation":270,"texture":"#0"},"south":{"uv":[0.1125,2.49,0,0],"rotation":270,"texture":"#0"},"west":{"uv":[0.1125,2.49,0,0],"rotation":270,"texture":"#0"},"up":{"uv":[14.8125,0,14.62293,3.42035],"texture":"#0"},"down":{"uv":[14.8125,3.42035,14.62293,0],"texture":"#0"}}},{"from":[5.44376,1.9562,5.2137],"to":[10.55624,2.2586,5.4945],"rotation":{"angle":0,"axis":"y","origin":[8,6.69414,8]},"faces":{"north":{"uv":[14.8266,3.40832,14.625,0],"rotation":270,"texture":"#0"},"east":{"uv":[0.1125,2.49,0,0],"rotation":270,"texture":"#0"},"south":{"uv":[0.1125,2.49,0,0],"rotation":270,"texture":"#0"},"west":{"uv":[0.1125,2.49,0,0],"rotation":270,"texture":"#0"},"up":{"uv":[14.8125,0,14.62293,3.42035],"rotation":270,"texture":"#0"},"down":{"uv":[14.8125,3.42035,14.62293,0],"rotation":90,"texture":"#0"}}},{"from":[8.5688,1.19116,10.5355],"to":[8.8712,11.10364,10.7563],"rotation":{"angle":0,"axis":"y","origin":[8,6.8599,8]},"faces":{"north":{"uv":[15,0,15.2016,6.60832],"rotation":180,"texture":"#0"},"east":{"uv":[15,0,15.2016,6.60832],"rotation":180,"texture":"#0"},"south":{"uv":[15,0,15.2016,6.60832],"rotation":180,"texture":"#0"},"west":{"uv":[15,0,15.2016,6.60832],"rotation":180,"texture":"#0"},"up":{"uv":[0.4,2.49,0,0],"texture":"#0"},"down":{"uv":[0.4,2.49,0,0],"texture":"#0"}}},{"from":[7.1288,1.19116,10.5355],"to":[7.4312,11.10364,10.7563],"rotation":{"angle":0,"axis":"y","origin":[8,6.8599,8]},"faces":{"north":{"uv":[15,0,15.2016,6.60832],"rotation":180,"texture":"#0"},"east":{"uv":[15,0,15.2016,6.60832],"rotation":180,"texture":"#0"},"south":{"uv":[15,0,15.2016,6.60832],"rotation":180,"texture":"#0"},"west":{"uv":[15,0,15.2016,6.60832],"rotation":180,"texture":"#0"},"up":{"uv":[0,2.49,0.4,0],"texture":"#0"},"down":{"uv":[0,2.49,0.4,0],"texture":"#0"}}},{"from":[4.59926,12.29577,7.9826],"to":[11.09926,12.79577,8.4826],"rotation":{"angle":0,"axis":"y","origin":[5.5,12.5,5.5]},"faces":{"north":{"uv":[13.375,4.33333,13.70833,0],"rotation":90,"texture":"#0"},"east":{"uv":[13.375,0.33333,13.70833,0],"rotation":90,"texture":"#0"},"south":{"uv":[13.375,4.33333,13.70833,0],"rotation":90,"texture":"#0"},"west":{"uv":[13.375,0.33333,13.70833,0],"rotation":90,"texture":"#0"},"up":{"uv":[13.375,0,13.70833,4.33333],"rotation":90,"texture":"#0"},"down":{"uv":[13.375,4.33333,13.70833,0],"rotation":90,"texture":"#0"}}},{"from":[5.48376,11.1562,10.5055],"to":[10.51624,11.4586,10.9063],"rotation":{"angle":0,"axis":"y","origin":[8,5.9838,8]},"faces":{"north":{"uv":[15.5766,0,15.375,3.35499],"rotation":270,"texture":"#0"},"east":{"uv":[0.1125,0,0,2.49],"rotation":270,"texture":"#0"},"south":{"uv":[15.5766,0,15.375,3.35499],"rotation":270,"texture":"#0"},"west":{"uv":[0.1125,0,0,2.49],"rotation":270,"texture":"#0"},"up":{"uv":[15.5766,0,15.375,3.35499],"rotation":270,"texture":"#0"},"down":{"uv":[15.5766,0,15.375,3.35499],"rotation":270,"texture":"#0"}}},{"from":[5.0937,11.1562,5.08376],"to":[5.4945,11.4586,10.91624],"rotation":{"angle":0,"axis":"y","origin":[8,11.3074,8]},"faces":{"north":{"uv":[15.79167,0,16,0.33333],"rotation":270,"texture":"#0"},"east":{"uv":[16,0,15.7984,3.88832],"rotation":270,"texture":"#0"},"south":{"uv":[15.79167,0,16,0.33333],"rotation":270,"texture":"#0"},"west":{"uv":[16,0,15.7984,3.88832],"rotation":270,"texture":"#0"},"up":{"uv":[15.92418,3.8891,16,0],"rotation":180,"texture":"#0"},"down":{"uv":[15.92418,3.8891,16,0],"rotation":180,"texture":"#0"}}},{"from":[5.48376,11.1562,5.0937],"to":[10.51624,11.4586,5.4945],"rotation":{"angle":0,"axis":"y","origin":[8,5.9838,8]},"faces":{"north":{"uv":[15.5766,0,15.375,3.35499],"rotation":270,"texture":"#0"},"east":{"uv":[0.1125,0,0,2.49],"rotation":270,"texture":"#0"},"south":{"uv":[15.5766,0,15.375,3.35499],"rotation":270,"texture":"#0"},"west":{"uv":[0.1125,0,0,2.49],"rotation":270,"texture":"#0"},"up":{"uv":[15.5766,0,15.375,3.35499],"rotation":90,"texture":"#0"},"down":{"uv":[15.5766,0,15.375,3.35499],"rotation":90,"texture":"#0"}}},{"from":[10.5055,11.1562,5.08376],"to":[10.9063,11.4586,10.91624],"rotation":{"angle":0,"axis":"y","origin":[8,11.3074,8]},"faces":{"north":{"uv":[15.79167,0,16,0.33333],"rotation":270,"texture":"#0"},"east":{"uv":[16,0,15.7984,3.88832],"rotation":270,"texture":"#0"},"south":{"uv":[15.79167,0,16,0.33333],"rotation":270,"texture":"#0"},"west":{"uv":[16,0,15.7984,3.88832],"rotation":270,"texture":"#0"},"up":{"uv":[15.92418,3.8891,16,0],"texture":"#0"},"down":{"uv":[15.92418,3.8891,16,0],"texture":"#0"}}},{"from":[6.04837,11.34666,8.03],"to":[6.54837,12.84666,8.43],"rotation":{"angle":-22.5,"axis":"z","origin":[5.36,12.4474,5.3659]},"faces":{"north":{"uv":[6,4.5,5,4.83333],"rotation":270,"texture":"#0"},"east":{"uv":[6,4.5,5,4.83333],"rotation":270,"texture":"#0"},"south":{"uv":[6,4.5,5,4.83333],"rotation":270,"texture":"#0"},"west":{"uv":[6,4.5,5,4.83333],"rotation":270,"texture":"#0"},"up":{"uv":[0.1125,0,0,2.49],"rotation":270,"texture":"#0"},"down":{"uv":[0.1125,0,0,2.49],"rotation":270,"texture":"#0"}}},{"from":[9.45163,11.34666,8.03],"to":[9.95163,12.84666,8.43],"rotation":{"angle":22.5,"axis":"z","origin":[10.64,12.4474,5.3659]},"faces":{"north":{"uv":[6,4.83333,5,4.5],"rotation":270,"texture":"#0"},"east":{"uv":[6,4.83333,5,4.5],"rotation":270,"texture":"#0"},"south":{"uv":[6,4.83333,5,4.5],"rotation":270,"texture":"#0"},"west":{"uv":[6,4.83333,5,4.5],"rotation":270,"texture":"#0"},"up":{"uv":[0.1125,2.49,0,0],"rotation":270,"texture":"#0"},"down":{"uv":[0.1125,2.49,0,0],"rotation":270,"texture":"#0"}}}],"gui_light":"front","display":{"thirdperson_righthand":{"rotation":[18.25,0,0],"translation":[0,4.75,1.5],"scale":[0.56,0.56,0.57]},"thirdperson_lefthand":{"rotation":[18.25,0,0],"translation":[0,4.75,1.5],"scale":[0.56,0.56,0.57]},"firstperson_righthand":{"translation":[0,3,0],"scale":[0,0,0]},"firstperson_lefthand":{"translation":[0,3,0],"scale":[0,0,0]},"ground":{"translation":[0,3.25,0],"scale":[0.76,0.75,0.73]},"gui":{"rotation":[20,144,0],"translation":[0,2.25,0]},"head":{"translation":[0,-25.75,0],"scale":[2,2,2]},"fixed":{"translation":[0,3.5,-6.75]}}}