{"credit":"MadewithBlockbench","texture_size":[28,28],"textures":{"0":"elitecreatures:japan_furniture_v1/door_2","particle":"elitecreatures:japan_furniture_v1/door_2"},"elements":[{"from":[-2.6974,25.0866,6.8786],"to":[18.6974,26.4474,9.1214],"rotation":{"angle":0,"axis":"y","origin":[8,10.08,8]},"faces":{"north":{"uv":[16,0,15.25786,11.95286],"rotation":270,"texture":"#0"},"east":{"uv":[7.74214,0.625,7.125,0.70286],"rotation":270,"texture":"#0"},"south":{"uv":[16,11.95286,15.25786,0],"rotation":270,"texture":"#0"},"west":{"uv":[7.74214,0.625,7.125,0.70286],"rotation":270,"texture":"#0"},"up":{"uv":[15.25,11.95286,13.88286,0],"rotation":270,"texture":"#0"},"down":{"uv":[7.74214,0.625,7.125,0.70286],"rotation":270,"texture":"#0"}}},{"from":[-1.6894,0.0756,7.0046],"to":[0.0494,25.8804,8.9954],"rotation":{"angle":0,"axis":"y","origin":[8,10.08,8]},"faces":{"north":{"uv":[0.73857,0,0,11.70286],"texture":"#0"},"east":{"uv":[0.73857,0,0.675,11.70286],"texture":"#0"},"south":{"uv":[0,0,0.73857,11.70286],"texture":"#0"},"west":{"uv":[0.125,0,0.86357,11.70286],"texture":"#0"},"up":{"uv":[1,0,0,1],"texture":"#0"},"down":{"uv":[0.73857,11.75,0,11.67786],"rotation":180,"texture":"#0"}}},{"from":[7.9496,0.1701,7.6346],"to":[15.9884,1.6569,8.6174],"rotation":{"angle":0,"axis":"y","origin":[8,10.08,8]},"faces":{"north":{"uv":[2.49929,4.14571,1.875,0.5],"rotation":270,"texture":"#0"},"east":{"uv":[16,1,15,0],"rotation":90,"texture":"#0"},"south":{"uv":[2.49929,0.5,1.875,4.14571],"rotation":270,"texture":"#0"},"west":{"uv":[2.49929,0.64571,1.875,0.5],"rotation":270,"texture":"#0"},"up":{"uv":[1.98679,4.14571,1.875,0.5],"rotation":90,"texture":"#0"},"down":{"uv":[1.98679,4.14571,1.875,0.5],"rotation":90,"texture":"#0"}}},{"from":[14.8796,0.1386,7.5086],"to":[15.9569,25.1559,8.7434],"rotation":{"angle":0,"axis":"y","origin":[7.85319,10.75725,8.04506]},"faces":{"north":{"uv":[11.34571,16,0,15.51143],"rotation":270,"texture":"#0"},"east":{"uv":[10.61357,0,1.125,0.05],"rotation":270,"texture":"#0"},"south":{"uv":[11.34571,15.51143,0,16],"rotation":270,"texture":"#0"},"west":{"uv":[11.34571,15.6,0,15.51143],"rotation":270,"texture":"#0"},"up":{"uv":[1.36357,0.37429,1.125,0],"rotation":270,"texture":"#0"},"down":{"uv":[11.34571,16,11.125,15.51143],"rotation":90,"texture":"#0"}}},{"from":[15.9506,0.0756,7.0046],"to":[17.6894,25.8804,8.9954],"rotation":{"angle":0,"axis":"y","origin":[8,10.08,8]},"faces":{"north":{"uv":[0,0,0.73857,11.70286],"texture":"#0"},"east":{"uv":[0.86357,0,0.125,11.70286],"texture":"#0"},"south":{"uv":[0.73857,0,0,11.70286],"texture":"#0"},"west":{"uv":[0.675,0,0.73857,11.70286],"texture":"#0"},"up":{"uv":[0,0,1,1],"texture":"#0"},"down":{"uv":[0,11.75,0.73857,11.67786],"rotation":180,"texture":"#0"}}},{"from":[0.0116,0.1701,7.6346],"to":[8.0504,1.6569,8.6174],"rotation":{"angle":0,"axis":"y","origin":[8,10.08,8]},"faces":{"north":{"uv":[2.49929,0.5,1.875,4.14571],"rotation":270,"texture":"#0"},"east":{"uv":[2.49929,0.5,1.875,0.64571],"rotation":270,"texture":"#0"},"south":{"uv":[2.49929,4.14571,1.875,0.5],"rotation":270,"texture":"#0"},"west":{"uv":[16,0,15,1],"rotation":90,"texture":"#0"},"up":{"uv":[1.98679,0.5,1.875,4.14571],"rotation":90,"texture":"#0"},"down":{"uv":[1.98679,0.5,1.875,4.14571],"rotation":90,"texture":"#0"}}},{"from":[-0.1144,20.2041,7.6346],"to":[8.0504,21.3129,8.6174],"rotation":{"angle":0,"axis":"y","origin":[8,10.08,8]},"faces":{"north":{"uv":[1.60286,0.5,1.125,4.13143],"rotation":270,"texture":"#0"},"east":{"uv":[1.60286,0.5,1.125,0.63143],"rotation":270,"texture":"#0"},"south":{"uv":[1.60286,4.13143,1.125,0.5],"rotation":270,"texture":"#0"},"west":{"uv":[16,0,15,1],"rotation":90,"texture":"#0"},"up":{"uv":[1.22786,0.5,1.125,4.13143],"rotation":90,"texture":"#0"},"down":{"uv":[1.21536,0.5,1.22813,4.13143],"rotation":90,"texture":"#0"}}},{"from":[0.0431,0.1386,7.5086],"to":[1.1204,25.1559,8.7434],"rotation":{"angle":0,"axis":"y","origin":[8.14681,10.75725,8.04506]},"faces":{"north":{"uv":[11.34571,15.51143,0,16],"rotation":270,"texture":"#0"},"east":{"uv":[11.34571,15.51143,0,15.6],"rotation":270,"texture":"#0"},"south":{"uv":[11.34571,16,0,15.51143],"rotation":270,"texture":"#0"},"west":{"uv":[10.61357,0.05,1.125,0],"rotation":270,"texture":"#0"},"up":{"uv":[1.36357,0,1.125,0.37429],"rotation":270,"texture":"#0"},"down":{"uv":[11.34571,15.51143,11.125,16],"rotation":90,"texture":"#0"}}},{"from":[6.9227,0.09135,7.3826],"to":[8,25.10865,8.6174],"rotation":{"angle":22.5,"axis":"y","origin":[7.46135,12.6,8]},"faces":{"north":{"uv":[11.34571,16,0,15.51143],"rotation":270,"texture":"#0"},"east":{"uv":[11.34571,15.88643,0,16],"rotation":270,"texture":"#0"},"south":{"uv":[11.34571,15.51143,0,16],"rotation":270,"texture":"#0"},"west":{"uv":[11.34571,15.6,0,15.51143],"rotation":270,"texture":"#0"},"up":{"uv":[1.36357,0.37429,1.125,0],"rotation":270,"texture":"#0"},"down":{"uv":[11.34571,16,11.125,15.51143],"rotation":90,"texture":"#0"}}},{"from":[8,0.09135,7.3826],"to":[9.0773,25.10865,8.6174],"rotation":{"angle":-22.5,"axis":"y","origin":[8.53865,12.6,8]},"faces":{"north":{"uv":[11.34571,15.51143,0,16],"rotation":270,"texture":"#0"},"east":{"uv":[11.34571,15.51143,0,15.6],"rotation":270,"texture":"#0"},"south":{"uv":[11.34571,16,0,15.51143],"rotation":270,"texture":"#0"},"west":{"uv":[11.34571,15.88643,0,16],"rotation":270,"texture":"#0"},"up":{"uv":[1.36357,0,1.125,0.37429],"rotation":270,"texture":"#0"},"down":{"uv":[11.34571,15.51143,11.125,16],"rotation":90,"texture":"#0"}}},{"from":[7.9496,23.6691,7.6346],"to":[15.9884,25.1559,8.6174],"rotation":{"angle":0,"axis":"y","origin":[8,10.08,8]},"faces":{"north":{"uv":[1.875,4.14571,2.49929,0.5],"rotation":270,"texture":"#0"},"east":{"uv":[15,1,16,0],"rotation":90,"texture":"#0"},"south":{"uv":[1.875,0.5,2.49929,4.14571],"rotation":270,"texture":"#0"},"west":{"uv":[1.875,0.64571,2.49929,0.5],"rotation":270,"texture":"#0"},"up":{"uv":[1.875,4.14571,1.98679,0.5],"rotation":90,"texture":"#0"},"down":{"uv":[1.875,4.14571,1.98679,0.5],"rotation":90,"texture":"#0"}}},{"from":[0.0116,23.6691,7.6346],"to":[8.0504,25.1559,8.6174],"rotation":{"angle":0,"axis":"y","origin":[8,10.08,8]},"faces":{"north":{"uv":[1.875,0.5,2.49929,4.14571],"rotation":270,"texture":"#0"},"east":{"uv":[1.875,0.5,2.49929,0.64571],"rotation":270,"texture":"#0"},"south":{"uv":[1.875,4.14571,2.49929,0.5],"rotation":270,"texture":"#0"},"west":{"uv":[15,0,16,1],"rotation":90,"texture":"#0"},"up":{"uv":[1.875,0.5,1.98679,4.14571],"rotation":90,"texture":"#0"},"down":{"uv":[1.875,0.5,1.98679,4.14571],"rotation":90,"texture":"#0"}}},{"from":[7.9496,19.7631,7.6346],"to":[15.9884,21.2499,8.6174],"rotation":{"angle":0,"axis":"y","origin":[8,10.08,8]},"faces":{"north":{"uv":[2.875,4.14571,3.49929,0.5],"rotation":270,"texture":"#0"},"east":{"uv":[15,1,16,0],"rotation":90,"texture":"#0"},"south":{"uv":[2.875,0.5,3.49929,4.14571],"rotation":270,"texture":"#0"},"west":{"uv":[2.875,0.64571,3.49929,0.5],"rotation":270,"texture":"#0"},"up":{"uv":[2.875,4.14571,2.98679,0.5],"rotation":90,"texture":"#0"},"down":{"uv":[2.875,4.14571,2.98679,0.5],"rotation":90,"texture":"#0"}}},{"from":[7.9496,5.1471,7.6346],"to":[15.9884,6.6339,8.6174],"rotation":{"angle":0,"axis":"y","origin":[8,10.08,8]},"faces":{"north":{"uv":[2.875,4.14571,3.49929,0.5],"rotation":270,"texture":"#0"},"east":{"uv":[15,1,16,0],"rotation":90,"texture":"#0"},"south":{"uv":[2.875,0.5,3.49929,4.14571],"rotation":270,"texture":"#0"},"west":{"uv":[2.875,0.64571,3.49929,0.5],"rotation":270,"texture":"#0"},"up":{"uv":[2.875,4.14571,2.98679,0.5],"rotation":90,"texture":"#0"},"down":{"uv":[2.875,4.14571,2.98679,0.5],"rotation":90,"texture":"#0"}}},{"from":[7.9496,10.1871,7.6346],"to":[15.9884,11.6739,8.6174],"rotation":{"angle":0,"axis":"y","origin":[8,10.08,8]},"faces":{"north":{"uv":[2.875,4.14571,3.49929,0.5],"rotation":270,"texture":"#0"},"east":{"uv":[15,1,16,0],"rotation":90,"texture":"#0"},"south":{"uv":[2.875,0.5,3.49929,4.14571],"rotation":270,"texture":"#0"},"west":{"uv":[2.875,0.64571,3.49929,0.5],"rotation":270,"texture":"#0"},"up":{"uv":[2.875,4.14571,2.98679,0.5],"rotation":90,"texture":"#0"},"down":{"uv":[2.875,4.14571,2.98679,0.5],"rotation":90,"texture":"#0"}}},{"from":[7.9496,15.1011,7.6346],"to":[15.9884,16.5879,8.6174],"rotation":{"angle":0,"axis":"y","origin":[8,10.08,8]},"faces":{"north":{"uv":[2.875,4.14571,3.49929,0.5],"rotation":270,"texture":"#0"},"east":{"uv":[15,1,16,0],"rotation":90,"texture":"#0"},"south":{"uv":[2.875,0.5,3.49929,4.14571],"rotation":270,"texture":"#0"},"west":{"uv":[2.875,0.64571,3.49929,0.5],"rotation":270,"texture":"#0"},"up":{"uv":[2.875,4.14571,2.98679,0.5],"rotation":90,"texture":"#0"},"down":{"uv":[2.875,4.14571,2.98679,0.5],"rotation":90,"texture":"#0"}}},{"from":[0.0116,15.1011,7.6346],"to":[8.0504,16.5879,8.6174],"rotation":{"angle":0,"axis":"y","origin":[8,10.08,8]},"faces":{"north":{"uv":[2.875,0.5,3.49929,4.14571],"rotation":270,"texture":"#0"},"east":{"uv":[2.875,0.5,3.49929,0.64571],"rotation":270,"texture":"#0"},"south":{"uv":[2.875,4.14571,3.49929,0.5],"rotation":270,"texture":"#0"},"west":{"uv":[15,0,16,1],"rotation":90,"texture":"#0"},"up":{"uv":[2.875,0.5,2.98679,4.14571],"rotation":90,"texture":"#0"},"down":{"uv":[2.875,0.5,2.98679,4.14571],"rotation":90,"texture":"#0"}}},{"from":[0.0116,10.1871,7.6346],"to":[8.0504,11.6739,8.6174],"rotation":{"angle":0,"axis":"y","origin":[8,10.08,8]},"faces":{"north":{"uv":[2.875,0.5,3.49929,4.14571],"rotation":270,"texture":"#0"},"east":{"uv":[2.875,0.5,3.49929,0.64571],"rotation":270,"texture":"#0"},"south":{"uv":[2.875,4.14571,3.49929,0.5],"rotation":270,"texture":"#0"},"west":{"uv":[15,0,16,1],"rotation":90,"texture":"#0"},"up":{"uv":[2.875,0.5,2.98679,4.14571],"rotation":90,"texture":"#0"},"down":{"uv":[2.875,0.5,2.98679,4.14571],"rotation":90,"texture":"#0"}}},{"from":[0.0116,5.1471,7.6346],"to":[8.0504,6.6339,8.6174],"rotation":{"angle":0,"axis":"y","origin":[8,10.08,8]},"faces":{"north":{"uv":[2.875,0.5,3.49929,4.14571],"rotation":270,"texture":"#0"},"east":{"uv":[2.875,0.5,3.49929,0.64571],"rotation":270,"texture":"#0"},"south":{"uv":[2.875,4.14571,3.49929,0.5],"rotation":270,"texture":"#0"},"west":{"uv":[15,0,16,1],"rotation":90,"texture":"#0"},"up":{"uv":[2.875,0.5,2.98679,4.14571],"rotation":90,"texture":"#0"},"down":{"uv":[2.875,0.5,2.98679,4.14571],"rotation":90,"texture":"#0"}}},{"from":[0.0116,19.6371,7.6346],"to":[8.0504,21.1239,8.6174],"rotation":{"angle":0,"axis":"y","origin":[8,10.08,8]},"faces":{"north":{"uv":[2.875,0.5,3.49929,4.14571],"rotation":270,"texture":"#0"},"east":{"uv":[2.875,0.5,3.49929,0.64571],"rotation":270,"texture":"#0"},"south":{"uv":[2.875,4.14571,3.49929,0.5],"rotation":270,"texture":"#0"},"west":{"uv":[15,0,16,1],"rotation":90,"texture":"#0"},"up":{"uv":[2.875,0.5,2.98679,4.14571],"rotation":90,"texture":"#0"},"down":{"uv":[2.875,0.5,2.98679,4.14571],"rotation":90,"texture":"#0"}}},{"from":[7.4015,9.828,6.5195],"to":[7.6535,10.71,6.8975],"rotation":{"angle":22.5,"axis":"x","origin":[7.0235,10.08,6.7085]},"faces":{"north":{"uv":[5.375,0,5.4125,0.025],"rotation":270,"texture":"#0"},"east":{"uv":[5.375,0,5.4125,0.025],"rotation":270,"texture":"#0"},"south":{"uv":[5.375,0,5.4125,0.025],"rotation":270,"texture":"#0"},"west":{"uv":[5.375,0,5.4125,0.025],"rotation":270,"texture":"#0"},"up":{"uv":[5.375,0,5.4125,0.025],"rotation":270,"texture":"#0"},"down":{"uv":[5.375,0,5.4125,0.025],"rotation":270,"texture":"#0"}}},{"from":[6.3935,9.828,6.5195],"to":[6.6455,10.71,6.8975],"rotation":{"angle":22.5,"axis":"x","origin":[7.2755,10.08,6.7085]},"faces":{"north":{"uv":[5.375,0,5.4125,0.025],"rotation":270,"texture":"#0"},"east":{"uv":[5.375,0,5.4125,0.025],"rotation":270,"texture":"#0"},"south":{"uv":[5.375,0,5.4125,0.025],"rotation":270,"texture":"#0"},"west":{"uv":[5.375,0,5.4125,0.025],"rotation":270,"texture":"#0"},"up":{"uv":[5.375,0,5.4125,0.025],"rotation":270,"texture":"#0"},"down":{"uv":[5.375,0,5.4125,0.025],"rotation":270,"texture":"#0"}}},{"from":[6.3935,10.71,6.5195],"to":[7.6535,10.962,6.8975],"rotation":{"angle":22.5,"axis":"x","origin":[7.0235,10.08,6.7085]},"faces":{"north":{"uv":[5.375,0,5.4125,0.025],"rotation":270,"texture":"#0"},"east":{"uv":[5.375,0,5.4125,0.025],"rotation":270,"texture":"#0"},"south":{"uv":[5.375,0,5.4125,0.025],"rotation":270,"texture":"#0"},"west":{"uv":[5.375,0,5.4125,0.025],"rotation":270,"texture":"#0"},"up":{"uv":[5.375,0,5.4125,0.025],"rotation":270,"texture":"#0"},"down":{"uv":[5.375,0,5.4125,0.025],"rotation":270,"texture":"#0"}}},{"from":[6.3935,9.66232,6.08554],"to":[7.6535,9.91432,6.46354],"rotation":{"angle":22.5,"axis":"x","origin":[7.0235,9.03232,6.27454]},"faces":{"north":{"uv":[5.375,0,5.4125,0.025],"rotation":270,"texture":"#0"},"east":{"uv":[5.375,0,5.4125,0.025],"rotation":270,"texture":"#0"},"south":{"uv":[5.375,0,5.4125,0.025],"rotation":270,"texture":"#0"},"west":{"uv":[5.375,0,5.4125,0.025],"rotation":270,"texture":"#0"},"up":{"uv":[5.375,0,5.4125,0.025],"rotation":270,"texture":"#0"},"down":{"uv":[5.375,0,5.4125,0.025],"rotation":270,"texture":"#0"}}},{"from":[6.8975,10.59973,6.70082],"to":[7.1495,11.07223,7.77182],"rotation":{"angle":0,"axis":"y","origin":[8,11.04073,7.29932]},"faces":{"north":{"uv":[5.375,0,5.4125,0.025],"rotation":90,"texture":"#0"},"east":{"uv":[5.375,0,5.4125,0.025],"rotation":180,"texture":"#0"},"south":{"uv":[5.375,0,5.4125,0.025],"rotation":270,"texture":"#0"},"west":{"uv":[5.375,0,5.4125,0.025],"texture":"#0"},"up":{"uv":[5.375,0,5.4125,0.025],"rotation":90,"texture":"#0"},"down":{"uv":[5.375,0,5.4125,0.025],"rotation":270,"texture":"#0"}}},{"from":[8.8505,10.59973,6.70082],"to":[9.1025,11.07223,7.77182],"rotation":{"angle":0,"axis":"y","origin":[8,11.04073,7.29932]},"faces":{"north":{"uv":[5.375,0.025,5.4125,0],"rotation":90,"texture":"#0"},"east":{"uv":[5.4125,0,5.375,0.025],"texture":"#0"},"south":{"uv":[5.375,0.025,5.4125,0],"rotation":270,"texture":"#0"},"west":{"uv":[5.4125,0,5.375,0.025],"rotation":180,"texture":"#0"},"up":{"uv":[5.375,0.025,5.4125,0],"rotation":90,"texture":"#0"},"down":{"uv":[5.375,0.025,5.4125,0],"rotation":270,"texture":"#0"}}},{"from":[9.3545,9.828,6.5195],"to":[9.6065,10.71,6.8975],"rotation":{"angle":22.5,"axis":"x","origin":[8.7245,10.08,6.7085]},"faces":{"north":{"uv":[5.375,0.025,5.4125,0],"rotation":270,"texture":"#0"},"east":{"uv":[5.375,0.025,5.4125,0],"rotation":270,"texture":"#0"},"south":{"uv":[5.375,0.025,5.4125,0],"rotation":270,"texture":"#0"},"west":{"uv":[5.375,0.025,5.4125,0],"rotation":270,"texture":"#0"},"up":{"uv":[5.375,0.025,5.4125,0],"rotation":270,"texture":"#0"},"down":{"uv":[5.375,0.025,5.4125,0],"rotation":270,"texture":"#0"}}},{"from":[8.3465,10.71,6.5195],"to":[9.6065,10.962,6.8975],"rotation":{"angle":22.5,"axis":"x","origin":[8.9765,10.08,6.7085]},"faces":{"north":{"uv":[5.375,0.025,5.4125,0],"rotation":270,"texture":"#0"},"east":{"uv":[5.375,0.025,5.4125,0],"rotation":270,"texture":"#0"},"south":{"uv":[5.375,0.025,5.4125,0],"rotation":270,"texture":"#0"},"west":{"uv":[5.375,0.025,5.4125,0],"rotation":270,"texture":"#0"},"up":{"uv":[5.375,0.025,5.4125,0],"rotation":270,"texture":"#0"},"down":{"uv":[5.375,0.025,5.4125,0],"rotation":270,"texture":"#0"}}},{"from":[8.3465,9.828,6.5195],"to":[8.5985,10.71,6.8975],"rotation":{"angle":22.5,"axis":"x","origin":[8.9765,10.08,6.7085]},"faces":{"north":{"uv":[5.375,0.025,5.4125,0],"rotation":270,"texture":"#0"},"east":{"uv":[5.375,0.025,5.4125,0],"rotation":270,"texture":"#0"},"south":{"uv":[5.375,0.025,5.4125,0],"rotation":270,"texture":"#0"},"west":{"uv":[5.375,0.025,5.4125,0],"rotation":270,"texture":"#0"},"up":{"uv":[5.375,0.025,5.4125,0],"rotation":270,"texture":"#0"},"down":{"uv":[5.375,0.025,5.4125,0],"rotation":270,"texture":"#0"}}},{"from":[8.3465,9.66232,6.08554],"to":[9.6065,9.91432,6.46354],"rotation":{"angle":22.5,"axis":"x","origin":[8.9765,9.03232,6.27454]},"faces":{"north":{"uv":[5.375,0.025,5.4125,0],"rotation":270,"texture":"#0"},"east":{"uv":[5.375,0.025,5.4125,0],"rotation":270,"texture":"#0"},"south":{"uv":[5.375,0.025,5.4125,0],"rotation":270,"texture":"#0"},"west":{"uv":[5.375,0.025,5.4125,0],"rotation":270,"texture":"#0"},"up":{"uv":[5.375,0.025,5.4125,0],"rotation":270,"texture":"#0"},"down":{"uv":[5.375,0.025,5.4125,0],"rotation":270,"texture":"#0"}}},{"from":[7.9496,20.6451,8.0126],"to":[15.9884,24.2739,8.2394],"rotation":{"angle":0,"axis":"y","origin":[8,10.08,8]},"faces":{"north":{"uv":[4,4.14571,5.64571,0.5],"rotation":270,"texture":"#0"},"east":{"uv":[15,1,16,0],"rotation":90,"texture":"#0"},"south":{"uv":[4,0.5,5.64571,4.14571],"rotation":270,"texture":"#0"},"west":{"uv":[1.875,0.64571,2.49929,0.5],"rotation":270,"texture":"#0"},"up":{"uv":[1.875,4.14571,1.98679,0.5],"rotation":90,"texture":"#0"},"down":{"uv":[1.875,4.14571,1.98679,0.5],"rotation":90,"texture":"#0"}}},{"from":[7.9496,15.7311,8.0126],"to":[15.9884,20.6199,8.2394],"rotation":{"angle":0,"axis":"y","origin":[8,10.08,8]},"faces":{"north":{"uv":[4,4.14571,5.64571,0.5],"rotation":270,"texture":"#0"},"east":{"uv":[15,1,16,0],"rotation":90,"texture":"#0"},"south":{"uv":[4,0.5,5.64571,4.14571],"rotation":270,"texture":"#0"},"west":{"uv":[1.875,0.64571,2.49929,0.5],"rotation":270,"texture":"#0"},"up":{"uv":[1.875,4.14571,1.98679,0.5],"rotation":90,"texture":"#0"},"down":{"uv":[1.875,4.14571,1.98679,0.5],"rotation":90,"texture":"#0"}}},{"from":[7.9496,10.8171,8.0126],"to":[15.9884,15.9579,8.2394],"rotation":{"angle":0,"axis":"y","origin":[8,10.08,8]},"faces":{"north":{"uv":[4,4.14571,5.64571,0.5],"rotation":270,"texture":"#0"},"east":{"uv":[15,1,16,0],"rotation":90,"texture":"#0"},"south":{"uv":[4,0.5,5.64571,4.14571],"rotation":270,"texture":"#0"},"west":{"uv":[1.875,0.64571,2.49929,0.5],"rotation":270,"texture":"#0"},"up":{"uv":[1.875,4.14571,1.98679,0.5],"rotation":90,"texture":"#0"},"down":{"uv":[1.875,4.14571,1.98679,0.5],"rotation":90,"texture":"#0"}}},{"from":[7.9496,5.7771,8.0126],"to":[15.9884,11.0439,8.2394],"rotation":{"angle":0,"axis":"y","origin":[8,10.08,8]},"faces":{"north":{"uv":[4,4.14571,5.64571,0.5],"rotation":270,"texture":"#0"},"east":{"uv":[15,1,16,0],"rotation":90,"texture":"#0"},"south":{"uv":[4,0.5,5.64571,4.14571],"rotation":270,"texture":"#0"},"west":{"uv":[1.875,0.64571,2.49929,0.5],"rotation":270,"texture":"#0"},"up":{"uv":[1.875,4.14571,1.98679,0.5],"rotation":90,"texture":"#0"},"down":{"uv":[1.875,4.14571,1.98679,0.5],"rotation":90,"texture":"#0"}}},{"from":[7.9496,0.7371,8.0126],"to":[15.9884,6.0039,8.2394],"rotation":{"angle":0,"axis":"y","origin":[8,10.08,8]},"faces":{"north":{"uv":[4,4.14571,5.64571,0.5],"rotation":270,"texture":"#0"},"east":{"uv":[15,1,16,0],"rotation":90,"texture":"#0"},"south":{"uv":[4,0.5,5.64571,4.14571],"rotation":270,"texture":"#0"},"west":{"uv":[1.875,0.64571,2.49929,0.5],"rotation":270,"texture":"#0"},"up":{"uv":[1.875,4.14571,1.98679,0.5],"rotation":90,"texture":"#0"},"down":{"uv":[1.875,4.14571,1.98679,0.5],"rotation":90,"texture":"#0"}}},{"from":[0.0116,20.6451,8.0126],"to":[8.0504,24.2739,8.2394],"rotation":{"angle":0,"axis":"y","origin":[8,10.08,8]},"faces":{"north":{"uv":[4,0.5,5.64571,4.14571],"rotation":270,"texture":"#0"},"east":{"uv":[1.875,0.5,2.49929,0.64571],"rotation":270,"texture":"#0"},"south":{"uv":[4,4.14571,5.64571,0.5],"rotation":270,"texture":"#0"},"west":{"uv":[15,0,16,1],"rotation":90,"texture":"#0"},"up":{"uv":[1.875,0.5,1.98679,4.14571],"rotation":90,"texture":"#0"},"down":{"uv":[1.875,0.5,1.98679,4.14571],"rotation":90,"texture":"#0"}}},{"from":[0.0116,15.7311,8.0126],"to":[8.0504,20.6199,8.2394],"rotation":{"angle":0,"axis":"y","origin":[8,10.08,8]},"faces":{"north":{"uv":[4,0.5,5.64571,4.14571],"rotation":270,"texture":"#0"},"east":{"uv":[1.875,0.5,2.49929,0.64571],"rotation":270,"texture":"#0"},"south":{"uv":[4,4.14571,5.64571,0.5],"rotation":270,"texture":"#0"},"west":{"uv":[15,0,16,1],"rotation":90,"texture":"#0"},"up":{"uv":[1.875,0.5,1.98679,4.14571],"rotation":90,"texture":"#0"},"down":{"uv":[1.875,0.5,1.98679,4.14571],"rotation":90,"texture":"#0"}}},{"from":[0.0116,10.8171,8.0126],"to":[8.0504,15.9579,8.2394],"rotation":{"angle":0,"axis":"y","origin":[8,10.08,8]},"faces":{"north":{"uv":[4,0.5,5.64571,4.14571],"rotation":270,"texture":"#0"},"east":{"uv":[1.875,0.5,2.49929,0.64571],"rotation":270,"texture":"#0"},"south":{"uv":[4,4.14571,5.64571,0.5],"rotation":270,"texture":"#0"},"west":{"uv":[15,0,16,1],"rotation":90,"texture":"#0"},"up":{"uv":[1.875,0.5,1.98679,4.14571],"rotation":90,"texture":"#0"},"down":{"uv":[1.875,0.5,1.98679,4.14571],"rotation":90,"texture":"#0"}}},{"from":[0.0116,5.7771,8.0126],"to":[8.0504,11.0439,8.2394],"rotation":{"angle":0,"axis":"y","origin":[8,10.08,8]},"faces":{"north":{"uv":[4,0.5,5.64571,4.14571],"rotation":270,"texture":"#0"},"east":{"uv":[1.875,0.5,2.49929,0.64571],"rotation":270,"texture":"#0"},"south":{"uv":[4,4.14571,5.64571,0.5],"rotation":270,"texture":"#0"},"west":{"uv":[15,0,16,1],"rotation":90,"texture":"#0"},"up":{"uv":[1.875,0.5,1.98679,4.14571],"rotation":90,"texture":"#0"},"down":{"uv":[1.875,0.5,1.98679,4.14571],"rotation":90,"texture":"#0"}}},{"from":[0.0116,0.7371,8.0126],"to":[8.0504,6.0039,8.2394],"rotation":{"angle":0,"axis":"y","origin":[8,10.08,8]},"faces":{"north":{"uv":[4,0.5,5.64571,4.14571],"rotation":270,"texture":"#0"},"east":{"uv":[1.875,0.5,2.49929,0.64571],"rotation":270,"texture":"#0"},"south":{"uv":[4,4.14571,5.64571,0.5],"rotation":270,"texture":"#0"},"west":{"uv":[15,0,16,1],"rotation":90,"texture":"#0"},"up":{"uv":[1.875,0.5,1.98679,4.14571],"rotation":90,"texture":"#0"},"down":{"uv":[1.875,0.5,1.98679,4.14571],"rotation":90,"texture":"#0"}}},{"from":[11.1185,7.82773,7.39382],"to":[12.2525,8.93023,8.08682],"rotation":{"angle":45,"axis":"z","origin":[11.7485,8.56798,7.74032]},"faces":{"north":{"uv":[3,0.74866,3.5,0.25],"rotation":270,"texture":"#0"},"east":{"uv":[2.9,3.04571,2.96179,3],"rotation":270,"texture":"#0"},"south":{"uv":[2.9,3.04571,2.96179,3],"rotation":270,"texture":"#0"},"west":{"uv":[2.9,3.04571,2.96179,3],"rotation":270,"texture":"#0"},"up":{"uv":[2.9,3.04571,2.96179,3],"rotation":270,"texture":"#0"},"down":{"uv":[2.9,3.04571,2.96179,3],"rotation":270,"texture":"#0"}}},{"from":[3.7475,7.82773,7.39382],"to":[4.8815,8.93023,8.08682],"rotation":{"angle":-45,"axis":"z","origin":[4.2515,8.56798,7.74032]},"faces":{"north":{"uv":[3,0.74866,3.5,0.25],"rotation":270,"texture":"#0"},"east":{"uv":[2.9,3,2.96179,3.04571],"rotation":270,"texture":"#0"},"south":{"uv":[2.9,3,2.96179,3.04571],"rotation":270,"texture":"#0"},"west":{"uv":[2.9,3,2.96179,3.04571],"rotation":270,"texture":"#0"},"up":{"uv":[2.9,3,2.96179,3.04571],"rotation":270,"texture":"#0"},"down":{"uv":[2.9,3,2.96179,3.04571],"rotation":270,"texture":"#0"}}},{"from":[11.1185,2.91373,7.39382],"to":[12.2525,4.01623,8.08682],"rotation":{"angle":45,"axis":"z","origin":[11.7485,3.65398,7.74032]},"faces":{"north":{"uv":[3,0.74866,3.5,0.25],"rotation":270,"texture":"#0"},"east":{"uv":[2.9,3.04571,2.96179,3],"rotation":270,"texture":"#0"},"south":{"uv":[2.9,3.04571,2.96179,3],"rotation":270,"texture":"#0"},"west":{"uv":[2.9,3.04571,2.96179,3],"rotation":270,"texture":"#0"},"up":{"uv":[2.9,3.04571,2.96179,3],"rotation":270,"texture":"#0"},"down":{"uv":[2.9,3.04571,2.96179,3],"rotation":270,"texture":"#0"}}},{"from":[3.7475,2.91373,7.39382],"to":[4.8815,4.01623,8.08682],"rotation":{"angle":-45,"axis":"z","origin":[4.2515,3.65398,7.74032]},"faces":{"north":{"uv":[3,0.74866,3.5,0.25],"rotation":270,"texture":"#0"},"east":{"uv":[2.9,3,2.96179,3.04571],"rotation":270,"texture":"#0"},"south":{"uv":[2.9,3,2.96179,3.04571],"rotation":270,"texture":"#0"},"west":{"uv":[2.9,3,2.96179,3.04571],"rotation":270,"texture":"#0"},"up":{"uv":[2.9,3,2.96179,3.04571],"rotation":270,"texture":"#0"},"down":{"uv":[2.9,3,2.96179,3.04571],"rotation":270,"texture":"#0"}}},{"from":[3.7475,12.99373,7.39382],"to":[4.8815,14.09623,8.08682],"rotation":{"angle":-45,"axis":"z","origin":[4.2515,13.73398,7.74032]},"faces":{"north":{"uv":[3,0.74866,3.5,0.25],"rotation":270,"texture":"#0"},"east":{"uv":[2.9,3,2.96179,3.04571],"rotation":270,"texture":"#0"},"south":{"uv":[2.9,3,2.96179,3.04571],"rotation":270,"texture":"#0"},"west":{"uv":[2.9,3,2.96179,3.04571],"rotation":270,"texture":"#0"},"up":{"uv":[2.9,3,2.96179,3.04571],"rotation":270,"texture":"#0"},"down":{"uv":[2.9,3,2.96179,3.04571],"rotation":270,"texture":"#0"}}},{"from":[11.1185,12.99373,7.39382],"to":[12.2525,14.09623,8.08682],"rotation":{"angle":45,"axis":"z","origin":[11.7485,13.73398,7.74032]},"faces":{"north":{"uv":[3,0.74866,3.5,0.25],"rotation":270,"texture":"#0"},"east":{"uv":[2.9,3.04571,2.96179,3],"rotation":270,"texture":"#0"},"south":{"uv":[2.9,3.04571,2.96179,3],"rotation":270,"texture":"#0"},"west":{"uv":[2.9,3.04571,2.96179,3],"rotation":270,"texture":"#0"},"up":{"uv":[2.9,3.04571,2.96179,3],"rotation":270,"texture":"#0"},"down":{"uv":[2.9,3.04571,2.96179,3],"rotation":270,"texture":"#0"}}},{"from":[3.7475,17.52973,7.39382],"to":[4.8815,18.63223,8.08682],"rotation":{"angle":-45,"axis":"z","origin":[4.2515,18.26998,7.74032]},"faces":{"north":{"uv":[3,0.74866,3.5,0.25],"rotation":270,"texture":"#0"},"east":{"uv":[2.9,3,2.96179,3.04571],"rotation":270,"texture":"#0"},"south":{"uv":[2.9,3,2.96179,3.04571],"rotation":270,"texture":"#0"},"west":{"uv":[2.9,3,2.96179,3.04571],"rotation":270,"texture":"#0"},"up":{"uv":[2.9,3,2.96179,3.04571],"rotation":270,"texture":"#0"},"down":{"uv":[2.9,3,2.96179,3.04571],"rotation":270,"texture":"#0"}}},{"from":[11.1185,17.52973,7.39382],"to":[12.2525,18.63223,8.08682],"rotation":{"angle":45,"axis":"z","origin":[11.7485,18.26998,7.74032]},"faces":{"north":{"uv":[3,0.74866,3.5,0.25],"rotation":270,"texture":"#0"},"east":{"uv":[2.9,3.04571,2.96179,3],"rotation":270,"texture":"#0"},"south":{"uv":[2.9,3.04571,2.96179,3],"rotation":270,"texture":"#0"},"west":{"uv":[2.9,3.04571,2.96179,3],"rotation":270,"texture":"#0"},"up":{"uv":[2.9,3.04571,2.96179,3],"rotation":270,"texture":"#0"},"down":{"uv":[2.9,3.04571,2.96179,3],"rotation":270,"texture":"#0"}}},{"from":[3.7475,22.06573,7.39382],"to":[4.8815,23.16823,8.08682],"rotation":{"angle":-45,"axis":"z","origin":[4.2515,22.80598,7.74032]},"faces":{"north":{"uv":[3,0.74866,3.5,0.25],"rotation":270,"texture":"#0"},"east":{"uv":[2.9,3,2.96179,3.04571],"rotation":270,"texture":"#0"},"south":{"uv":[2.9,3,2.96179,3.04571],"rotation":270,"texture":"#0"},"west":{"uv":[2.9,3,2.96179,3.04571],"rotation":270,"texture":"#0"},"up":{"uv":[2.9,3,2.96179,3.04571],"rotation":270,"texture":"#0"},"down":{"uv":[2.9,3,2.96179,3.04571],"rotation":270,"texture":"#0"}}},{"from":[11.1185,22.06573,7.39382],"to":[12.2525,23.16823,8.08682],"rotation":{"angle":45,"axis":"z","origin":[11.7485,22.80598,7.74032]},"faces":{"north":{"uv":[3,0.74866,3.5,0.25],"rotation":270,"texture":"#0"},"east":{"uv":[2.9,3.04571,2.96179,3],"rotation":270,"texture":"#0"},"south":{"uv":[2.9,3.04571,2.96179,3],"rotation":270,"texture":"#0"},"west":{"uv":[2.9,3.04571,2.96179,3],"rotation":270,"texture":"#0"},"up":{"uv":[2.9,3.04571,2.96179,3],"rotation":270,"texture":"#0"},"down":{"uv":[2.9,3.04571,2.96179,3],"rotation":270,"texture":"#0"}}}],"gui_light":"front","display":{"thirdperson_righthand":{"rotation":[8.5,0,0],"translation":[-0.25,0,0],"scale":[0.37,0.37,0.36]},"thirdperson_lefthand":{"rotation":[8.5,0,0],"translation":[-0.25,0,0],"scale":[0.37,0.37,0.36]},"firstperson_righthand":{"scale":[0,0,0]},"firstperson_lefthand":{"scale":[0,0,0]},"ground":{"translation":[0,0.25,0],"scale":[0.33,0.33,0.31]},"gui":{"rotation":[24,164,0],"translation":[0,-2.5,0],"scale":[0.53,0.53,0.53]},"head":{"translation":[0,-11.5,-1],"scale":[4,4,4]},"fixed":{"translation":[0,-2,-3.25]}}}