{"credit":"MadewithBlockbench","textures":{"0":"elitecreatures:japan_furniture_v1/bird_house","particle":"elitecreatures:japan_furniture_v1/bird_house"},"elements":[{"from":[6.753,18.26632,7.82048],"to":[11.393,18.61432,8.21488],"rotation":{"angle":-45,"axis":"z","origin":[8,17.33832,8.01768]},"faces":{"north":{"uv":[2.4,0.625,3,2.525],"rotation":270,"texture":"#0"},"east":{"uv":[2.4,0.625,3,2.525],"rotation":270,"texture":"#0"},"south":{"uv":[2.4,0.625,3,2.525],"rotation":270,"texture":"#0"},"west":{"uv":[2.4,0.625,3,2.525],"rotation":270,"texture":"#0"},"up":{"uv":[2.4,0.625,3,2.525],"texture":"#0"},"down":{"uv":[2.4,0.625,3,2.525],"rotation":180,"texture":"#0"}}},{"from":[6.95765,9.31044,6.04194],"to":[9.04235,16.08513,9.61798],"rotation":{"angle":0,"axis":"y","origin":[7.80517,16.57721,8.54553]},"faces":{"north":{"uv":[0.225,6.77469,2.00345,0],"texture":"#0"},"east":{"uv":[0.225,0.12469,0.40345,0],"texture":"#0"},"south":{"uv":[0.225,0.12469,0.40345,0],"texture":"#0"},"west":{"uv":[0.225,0.12469,0.40345,0],"texture":"#0"},"up":{"uv":[0.225,0.12469,0.40345,0],"texture":"#0"},"down":{"uv":[0.225,0.12469,0.40345,0],"texture":"#0"}}},{"from":[9.56601,9.33479,7.67081],"to":[10.09206,16.08513,8.97619],"rotation":{"angle":45,"axis":"y","origin":[7.58847,16.57721,8.12867]},"faces":{"north":{"uv":[0.225,0.12469,0.40345,0],"texture":"#0"},"east":{"uv":[0.475,6.77469,1.65,0],"texture":"#0"},"south":{"uv":[0.225,0.12469,0.40345,0],"texture":"#0"},"west":{"uv":[0.475,0.12469,1.40345,0],"texture":"#0"},"up":{"uv":[0.225,0.12469,0.40345,0],"texture":"#0"},"down":{"uv":[0.225,0.12469,0.40345,0],"texture":"#0"}}},{"from":[9.43202,9.31044,6.95765],"to":[9.95806,16.08513,9.04235],"rotation":{"angle":0,"axis":"y","origin":[7.45447,16.57721,7.80517]},"faces":{"north":{"uv":[0.225,0.12469,0.40345,0],"texture":"#0"},"east":{"uv":[0.225,6.77469,2.00345,0],"texture":"#0"},"south":{"uv":[0.225,0.12469,0.40345,0],"texture":"#0"},"west":{"uv":[0.225,0.12469,0.40345,0],"texture":"#0"},"up":{"uv":[0.225,0.12469,0.40345,0],"texture":"#0"},"down":{"uv":[0.225,0.12469,0.40345,0],"texture":"#0"}}},{"from":[9.56601,9.33479,7.02381],"to":[10.09206,16.08513,8.32919],"rotation":{"angle":-45,"axis":"y","origin":[7.58847,16.57721,7.87133]},"faces":{"north":{"uv":[0.225,0.12469,0.40345,0],"texture":"#0"},"east":{"uv":[0.475,6.77469,1.65,0],"texture":"#0"},"south":{"uv":[0.225,0.12469,0.40345,0],"texture":"#0"},"west":{"uv":[0.475,0.12469,1.40345,0],"texture":"#0"},"up":{"uv":[0.225,0.12469,0.40345,0],"texture":"#0"},"down":{"uv":[0.225,0.12469,0.40345,0],"texture":"#0"}}},{"from":[6.95765,9.31044,9.43202],"to":[9.04235,16.08513,9.95806],"rotation":{"angle":0,"axis":"y","origin":[8,58.86208,7.94155]},"faces":{"north":{"uv":[0.225,0.12469,0.40345,0],"texture":"#0"},"east":{"uv":[0.225,0.12469,0.40345,0],"texture":"#0"},"south":{"uv":[0.225,6.77469,2.00345,0],"texture":"#0"},"west":{"uv":[0.225,0.12469,0.40345,0],"texture":"#0"},"up":{"uv":[0.225,0.12469,0.40345,0],"texture":"#0"},"down":{"uv":[0.225,0.12469,0.40345,0],"texture":"#0"}}},{"from":[5.90794,9.33479,7.02381],"to":[6.43399,16.08513,8.32919],"rotation":{"angle":45,"axis":"y","origin":[8.41153,16.57721,7.87133]},"faces":{"north":{"uv":[0.225,0.12469,0.40345,0],"texture":"#0"},"east":{"uv":[0.475,0.12469,1.40345,0],"texture":"#0"},"south":{"uv":[0.225,0.12469,0.40345,0],"texture":"#0"},"west":{"uv":[0.475,6.77469,1.65,0],"texture":"#0"},"up":{"uv":[0.225,0.12469,0.40345,0],"texture":"#0"},"down":{"uv":[0.225,0.12469,0.40345,0],"texture":"#0"}}},{"from":[6.04194,9.31044,6.95765],"to":[6.56798,16.08513,9.04235],"rotation":{"angle":0,"axis":"y","origin":[8.54553,16.57721,8.19483]},"faces":{"north":{"uv":[0.225,0.12469,0.40345,0],"texture":"#0"},"east":{"uv":[0.225,0.12469,0.40345,0],"texture":"#0"},"south":{"uv":[0.225,0.12469,0.40345,0],"texture":"#0"},"west":{"uv":[0.225,6.77469,2.00345,0],"texture":"#0"},"up":{"uv":[0.225,0.12469,0.40345,0],"texture":"#0"},"down":{"uv":[0.225,0.12469,0.40345,0],"texture":"#0"}}},{"from":[6.23901,8.9641,7.72291],"to":[6.68181,9.3659,8.82171],"rotation":{"angle":-45,"axis":"y","origin":[8.34641,9.17525,8.10831]},"faces":{"north":{"uv":[2.25,0.3,3.1548,0.4223],"texture":"#0"},"east":{"uv":[2.25,0.3,3.1548,0.4223],"texture":"#0"},"south":{"uv":[2.25,0.3,3.1548,0.4223],"texture":"#0"},"west":{"uv":[2.45,0,3.8548,0.4223],"texture":"#0"},"up":{"uv":[2.25,0.3,3.1548,0.4223],"texture":"#0"},"down":{"uv":[2.925,0.3,3.1548,0.4223],"texture":"#0"}}},{"from":[6.3518,8.9641,7.1226],"to":[6.7946,9.3864,8.8774],"rotation":{"angle":0,"axis":"y","origin":[8.4592,9.17525,8.164]},"faces":{"north":{"uv":[2.25,0.3,3.1548,0.4223],"texture":"#0"},"east":{"uv":[2.25,0.3,3.1548,0.4223],"texture":"#0"},"south":{"uv":[2.25,0.3,3.1548,0.4223],"texture":"#0"},"west":{"uv":[2.45,0,3.8548,0.4223],"texture":"#0"},"up":{"uv":[2.25,0.3,3.1548,0.4223],"texture":"#0"},"down":{"uv":[2.925,0.3,3.1548,0.4223],"texture":"#0"}}},{"from":[6.23901,8.9641,7.17829],"to":[6.68181,9.3659,8.27709],"rotation":{"angle":45,"axis":"y","origin":[8.34641,9.17525,7.89169]},"faces":{"north":{"uv":[2.25,0.3,3.1548,0.4223],"texture":"#0"},"east":{"uv":[2.25,0.3,3.1548,0.4223],"texture":"#0"},"south":{"uv":[2.25,0.3,3.1548,0.4223],"texture":"#0"},"west":{"uv":[2.45,0,3.8548,0.4223],"texture":"#0"},"up":{"uv":[2.25,0.3,3.1548,0.4223],"texture":"#0"},"down":{"uv":[2.925,0.3,3.1548,0.4223],"texture":"#0"}}},{"from":[7.1226,8.9641,9.2054],"to":[8.8774,9.3864,9.6482],"rotation":{"angle":0,"axis":"y","origin":[8,-26.41808,7.9508]},"faces":{"north":{"uv":[2.25,0.3,3.1548,0.4223],"texture":"#0"},"east":{"uv":[2.25,0.3,3.1548,0.4223],"texture":"#0"},"south":{"uv":[2.45,0,3.8548,0.4223],"texture":"#0"},"west":{"uv":[2.25,0.3,3.1548,0.4223],"texture":"#0"},"up":{"uv":[2.25,0.3,3.1548,0.4223],"texture":"#0"},"down":{"uv":[2.925,0.3,3.1548,0.4223],"texture":"#0"}}},{"from":[9.31819,8.9641,7.17829],"to":[9.76099,9.3659,8.27709],"rotation":{"angle":-45,"axis":"y","origin":[7.65359,9.17525,7.89169]},"faces":{"north":{"uv":[2.25,0.3,3.1548,0.4223],"texture":"#0"},"east":{"uv":[2.45,0,3.8548,0.4223],"texture":"#0"},"south":{"uv":[2.25,0.3,3.1548,0.4223],"texture":"#0"},"west":{"uv":[2.25,0.3,3.1548,0.4223],"texture":"#0"},"up":{"uv":[2.25,0.3,3.1548,0.4223],"texture":"#0"},"down":{"uv":[2.925,0.3,3.1548,0.4223],"texture":"#0"}}},{"from":[9.2054,8.9641,7.1226],"to":[9.6482,9.3864,8.8774],"rotation":{"angle":0,"axis":"y","origin":[7.5408,9.17525,7.836]},"faces":{"north":{"uv":[2.25,0.3,3.1548,0.4223],"texture":"#0"},"east":{"uv":[2.45,0,3.8548,0.4223],"texture":"#0"},"south":{"uv":[2.25,0.3,3.1548,0.4223],"texture":"#0"},"west":{"uv":[2.25,0.3,3.1548,0.4223],"texture":"#0"},"up":{"uv":[2.25,0.3,3.1548,0.4223],"texture":"#0"},"down":{"uv":[2.925,0.3,3.1548,0.4223],"texture":"#0"}}},{"from":[9.31819,8.9641,7.72291],"to":[9.76099,9.3659,8.82171],"rotation":{"angle":45,"axis":"y","origin":[7.65359,9.17525,8.10831]},"faces":{"north":{"uv":[2.25,0.3,3.1548,0.4223],"texture":"#0"},"east":{"uv":[2.45,0,3.8548,0.4223],"texture":"#0"},"south":{"uv":[2.25,0.3,3.1548,0.4223],"texture":"#0"},"west":{"uv":[2.25,0.3,3.1548,0.4223],"texture":"#0"},"up":{"uv":[2.25,0.3,3.1548,0.4223],"texture":"#0"},"down":{"uv":[2.925,0.3,3.1548,0.4223],"texture":"#0"}}},{"from":[7.1226,8.9641,6.3518],"to":[8.8774,9.3864,6.7946],"rotation":{"angle":0,"axis":"y","origin":[7.836,9.17525,8.4592]},"faces":{"north":{"uv":[2.45,0,3.8548,0.4223],"texture":"#0"},"east":{"uv":[2.25,0.3,3.1548,0.4223],"texture":"#0"},"south":{"uv":[2.25,0.3,3.1548,0.4223],"texture":"#0"},"west":{"uv":[2.25,0.3,3.1548,0.4223],"texture":"#0"},"up":{"uv":[2.25,0.3,3.1548,0.4223],"texture":"#0"},"down":{"uv":[2.925,0.3,3.1548,0.4223],"texture":"#0"}}},{"from":[6.7946,8.9641,6.7946],"to":[9.2054,9.3454,9.2054],"rotation":{"angle":0,"axis":"y","origin":[8,-26.41808,8]},"faces":{"north":{"uv":[2.25,0.3,3.1548,0.4223],"texture":"#0"},"east":{"uv":[2.25,0.3,3.1548,0.4223],"texture":"#0"},"south":{"uv":[2.25,0.3,3.1548,0.4223],"texture":"#0"},"west":{"uv":[2.25,0.3,3.1548,0.4223],"texture":"#0"},"up":{"uv":[2.25,0.3,3.1548,0.4223],"texture":"#0"},"down":{"uv":[2.925,0.3,3.1548,0.4223],"texture":"#0"}}},{"from":[7.65,-4.825,7.63],"to":[8.35,6.6,8.37],"rotation":{"angle":0,"axis":"y","origin":[8,19.365,8]},"faces":{"north":{"uv":[5.325,0,6.19,11.425],"texture":"#0"},"east":{"uv":[5.325,0,6.19,11.425],"texture":"#0"},"south":{"uv":[5.325,0,6.19,11.425],"texture":"#0"},"west":{"uv":[5.325,0,6.19,11.425],"texture":"#0"},"up":{"uv":[4.15,0,4.35,0.15],"texture":"#0"},"down":{"uv":[4.15,0,4.35,0.15],"texture":"#0"}}},{"from":[7.48,6.2325,7.456],"to":[8.52,9.2425,8.544],"rotation":{"angle":0,"axis":"y","origin":[8,18.5805,8]},"faces":{"north":{"uv":[2.55,3.825,3.688,6.735],"texture":"#0"},"east":{"uv":[2.55,3.825,3.688,6.735],"texture":"#0"},"south":{"uv":[2.55,3.825,3.688,6.735],"texture":"#0"},"west":{"uv":[2.55,3.825,3.688,6.735],"texture":"#0"},"up":{"uv":[2.55,3.825,3.688,3.935],"texture":"#0"},"down":{"uv":[2.55,3.825,3.688,3.935],"texture":"#0"}}},{"from":[7.5756,8.6799,7.52128],"to":[10.2244,9.5951,8.47872],"rotation":{"angle":0,"axis":"y","origin":[8.264,7.7375,8]},"faces":{"north":{"uv":[2.55,3.825,3.688,6.735],"rotation":90,"texture":"#0"},"east":{"uv":[2.55,3.825,3.688,3.935],"rotation":270,"texture":"#0"},"south":{"uv":[2.55,3.825,3.688,6.735],"rotation":270,"texture":"#0"},"west":{"uv":[2.55,3.825,3.688,3.935],"rotation":270,"texture":"#0"},"up":{"uv":[2.55,3.825,3.688,6.735],"rotation":270,"texture":"#0"},"down":{"uv":[2.55,3.825,3.688,6.735],"rotation":270,"texture":"#0"}}},{"from":[10.04048,8.77142,7.61702],"to":[12.15952,9.50358,8.38298],"rotation":{"angle":0,"axis":"y","origin":[8.9712,8.0175,8]},"faces":{"north":{"uv":[2.55,3.825,3.688,6.735],"rotation":90,"texture":"#0"},"east":{"uv":[2.55,3.825,3.688,3.935],"rotation":270,"texture":"#0"},"south":{"uv":[2.55,3.825,3.688,6.735],"rotation":270,"texture":"#0"},"west":{"uv":[2.55,3.825,3.688,3.935],"rotation":270,"texture":"#0"},"up":{"uv":[2.55,3.825,3.688,6.735],"rotation":270,"texture":"#0"},"down":{"uv":[2.55,3.825,3.688,6.735],"rotation":270,"texture":"#0"}}},{"from":[5.7756,8.6799,7.52128],"to":[8.4244,9.5951,8.47872],"rotation":{"angle":0,"axis":"y","origin":[7.736,7.7375,8]},"faces":{"north":{"uv":[2.55,6.735,3.688,3.825],"rotation":90,"texture":"#0"},"east":{"uv":[2.55,3.935,3.688,3.825],"rotation":270,"texture":"#0"},"south":{"uv":[2.55,6.735,3.688,3.825],"rotation":270,"texture":"#0"},"west":{"uv":[2.55,3.935,3.688,3.825],"rotation":270,"texture":"#0"},"up":{"uv":[2.55,6.735,3.688,3.825],"rotation":270,"texture":"#0"},"down":{"uv":[2.55,6.735,3.688,3.825],"rotation":270,"texture":"#0"}}},{"from":[3.84048,8.77142,7.61702],"to":[5.95952,9.50358,8.38298],"rotation":{"angle":0,"axis":"y","origin":[7.0288,8.0175,8]},"faces":{"north":{"uv":[2.55,6.735,3.688,3.825],"rotation":90,"texture":"#0"},"east":{"uv":[2.55,3.935,3.688,3.825],"rotation":270,"texture":"#0"},"south":{"uv":[2.55,6.735,3.688,3.825],"rotation":270,"texture":"#0"},"west":{"uv":[2.55,3.935,3.688,3.825],"rotation":270,"texture":"#0"},"up":{"uv":[2.55,6.735,3.688,3.825],"rotation":270,"texture":"#0"},"down":{"uv":[2.55,6.735,3.688,3.825],"rotation":270,"texture":"#0"}}},{"from":[5.90794,9.33479,7.67081],"to":[6.43399,16.08513,8.97619],"rotation":{"angle":-45,"axis":"y","origin":[8.41153,16.57721,8.12867]},"faces":{"north":{"uv":[0.225,0.12469,0.40345,0],"texture":"#0"},"east":{"uv":[0.475,0.12469,1.40345,0],"texture":"#0"},"south":{"uv":[0.225,0.12469,0.40345,0],"texture":"#0"},"west":{"uv":[0.475,6.77469,1.65,0],"texture":"#0"},"up":{"uv":[0.225,0.12469,0.40345,0],"texture":"#0"},"down":{"uv":[0.225,0.12469,0.40345,0],"texture":"#0"}}},{"from":[4.636,18.23732,7.82048],"to":[9.276,18.58532,8.21488],"rotation":{"angle":45,"axis":"z","origin":[8,17.33832,8.01768]},"faces":{"north":{"uv":[2.4,2.525,3,0.625],"rotation":270,"texture":"#0"},"east":{"uv":[2.4,2.525,3,0.625],"rotation":270,"texture":"#0"},"south":{"uv":[2.4,2.525,3,0.625],"rotation":270,"texture":"#0"},"west":{"uv":[2.4,2.525,3,0.625],"rotation":270,"texture":"#0"},"up":{"uv":[3,0.625,2.4,2.525],"texture":"#0"},"down":{"uv":[3,0.625,2.4,2.525],"rotation":180,"texture":"#0"}}},{"from":[6.753,18.26632,5.50048],"to":[11.393,18.61432,5.89488],"rotation":{"angle":-45,"axis":"z","origin":[8,17.33832,8.01768]},"faces":{"north":{"uv":[2.4,0.625,3,2.525],"rotation":270,"texture":"#0"},"east":{"uv":[2.4,0.625,3,2.525],"rotation":270,"texture":"#0"},"south":{"uv":[2.4,0.625,3,2.525],"rotation":270,"texture":"#0"},"west":{"uv":[2.4,0.625,3,2.525],"rotation":270,"texture":"#0"},"up":{"uv":[2.4,0.625,3,2.525],"texture":"#0"},"down":{"uv":[2.4,0.625,3,2.525],"rotation":180,"texture":"#0"}}},{"from":[4.636,18.23732,5.50048],"to":[9.276,18.58532,5.89488],"rotation":{"angle":45,"axis":"z","origin":[8,17.33832,8.01768]},"faces":{"north":{"uv":[2.4,2.525,3,0.625],"rotation":270,"texture":"#0"},"east":{"uv":[2.4,2.525,3,0.625],"rotation":270,"texture":"#0"},"south":{"uv":[2.4,2.525,3,0.625],"rotation":270,"texture":"#0"},"west":{"uv":[2.4,2.525,3,0.625],"rotation":270,"texture":"#0"},"up":{"uv":[3,0.625,2.4,2.525],"texture":"#0"},"down":{"uv":[3,0.625,2.4,2.525],"rotation":180,"texture":"#0"}}},{"from":[6.753,18.26632,10.14048],"to":[11.393,18.61432,10.53488],"rotation":{"angle":-45,"axis":"z","origin":[8,17.33832,8.01768]},"faces":{"north":{"uv":[2.4,0.625,3,2.525],"rotation":270,"texture":"#0"},"east":{"uv":[2.4,0.625,3,2.525],"rotation":270,"texture":"#0"},"south":{"uv":[2.4,0.625,3,2.525],"rotation":270,"texture":"#0"},"west":{"uv":[2.4,0.625,3,2.525],"rotation":270,"texture":"#0"},"up":{"uv":[2.4,0.625,3,2.525],"texture":"#0"},"down":{"uv":[2.4,0.625,3,2.525],"rotation":180,"texture":"#0"}}},{"from":[4.636,18.23732,10.14048],"to":[9.276,18.58532,10.53488],"rotation":{"angle":45,"axis":"z","origin":[8,17.33832,8.01768]},"faces":{"north":{"uv":[2.4,2.525,3,0.625],"rotation":270,"texture":"#0"},"east":{"uv":[2.4,2.525,3,0.625],"rotation":270,"texture":"#0"},"south":{"uv":[2.4,2.525,3,0.625],"rotation":270,"texture":"#0"},"west":{"uv":[2.4,2.525,3,0.625],"rotation":270,"texture":"#0"},"up":{"uv":[3,0.625,2.4,2.525],"texture":"#0"},"down":{"uv":[3,0.625,2.4,2.525],"rotation":180,"texture":"#0"}}},{"from":[6.869,18.38232,5.58748],"to":[11.277,18.49832,10.27388],"rotation":{"angle":-45,"axis":"z","origin":[8,17.33832,8.01768]},"faces":{"north":{"uv":[2.4,0.625,3,2.525],"rotation":270,"texture":"#0"},"east":{"uv":[2.4,0.625,3,2.525],"rotation":270,"texture":"#0"},"south":{"uv":[2.4,0.625,3,2.525],"rotation":270,"texture":"#0"},"west":{"uv":[6.9,0,7.00625,4.04],"rotation":270,"texture":"#0"},"up":{"uv":[6.9,0,10.7,4.04],"texture":"#0"},"down":{"uv":[2.4,0.625,3,2.525],"rotation":180,"texture":"#0"}}},{"from":[4.752,18.35332,5.58748],"to":[9.044,18.46932,10.27388],"rotation":{"angle":45,"axis":"z","origin":[8,17.33832,8.01768]},"faces":{"north":{"uv":[2.4,2.525,3,0.625],"rotation":270,"texture":"#0"},"east":{"uv":[2.4,2.525,3,0.625],"rotation":270,"texture":"#0"},"south":{"uv":[2.4,2.525,3,0.625],"rotation":270,"texture":"#0"},"west":{"uv":[2.4,2.525,3,0.625],"rotation":270,"texture":"#0"},"up":{"uv":[6.9,0,10.7,4.04],"texture":"#0"},"down":{"uv":[3,0.625,2.4,2.525],"rotation":180,"texture":"#0"}}},{"from":[5.071,17.97632,5.84848],"to":[8.928,18.35332,10.09488],"rotation":{"angle":45,"axis":"z","origin":[8,17.33832,8.01768]},"faces":{"north":{"uv":[2.4,0.625,3,2.525],"rotation":270,"texture":"#0"},"east":{"uv":[2.4,0.625,3,2.525],"rotation":270,"texture":"#0"},"south":{"uv":[2.4,0.625,3,2.525],"rotation":270,"texture":"#0"},"west":{"uv":[2.4,0.625,3,2.525],"rotation":270,"texture":"#0"},"up":{"uv":[2.4,0.625,3,2.525],"texture":"#0"},"down":{"uv":[2.4,0.625,3,2.525],"rotation":180,"texture":"#0"}}},{"from":[5.448,15.68532,5.84848],"to":[7.304,16.38132,10.09488],"rotation":{"angle":0,"axis":"y","origin":[8,17.33832,8.01768]},"faces":{"north":{"uv":[2.4,0.625,3,2.525],"rotation":270,"texture":"#0"},"east":{"uv":[2.4,0.625,3,2.525],"rotation":270,"texture":"#0"},"south":{"uv":[2.4,0.625,3,2.525],"rotation":270,"texture":"#0"},"west":{"uv":[2.4,0.625,3,2.525],"rotation":270,"texture":"#0"},"up":{"uv":[2.4,0.625,3,2.525],"texture":"#0"},"down":{"uv":[2.4,0.625,3,2.525],"rotation":180,"texture":"#0"}}},{"from":[8.696,16.38132,5.84848],"to":[9.972,17.07732,5.89488],"rotation":{"angle":0,"axis":"y","origin":[8,17.33832,8.01768]},"faces":{"north":{"uv":[2.4,2.525,3,0.625],"rotation":270,"texture":"#0"},"east":{"uv":[2.4,2.525,3,0.625],"rotation":270,"texture":"#0"},"south":{"uv":[2.4,2.525,3,0.625],"rotation":270,"texture":"#0"},"west":{"uv":[2.4,2.525,3,0.625],"rotation":270,"texture":"#0"},"up":{"uv":[3,0.625,2.4,2.525],"texture":"#0"},"down":{"uv":[3,0.625,2.4,2.525],"rotation":180,"texture":"#0"}}},{"from":[6.811,17.07732,5.84848],"to":[9.247,17.77332,5.89488],"rotation":{"angle":0,"axis":"y","origin":[8,17.33832,8.01768]},"faces":{"north":{"uv":[2.4,2.525,3,0.625],"rotation":270,"texture":"#0"},"east":{"uv":[2.4,2.525,3,0.625],"rotation":270,"texture":"#0"},"south":{"uv":[2.4,2.525,3,0.625],"rotation":270,"texture":"#0"},"west":{"uv":[2.4,2.525,3,0.625],"rotation":270,"texture":"#0"},"up":{"uv":[3,0.625,2.4,2.525],"texture":"#0"},"down":{"uv":[3,0.625,2.4,2.525],"rotation":180,"texture":"#0"}}},{"from":[7.536,17.62832,5.84848],"to":[8.551,18.32432,5.89488],"rotation":{"angle":0,"axis":"y","origin":[8,17.33832,8.01768]},"faces":{"north":{"uv":[2.4,2.525,3,0.625],"rotation":270,"texture":"#0"},"east":{"uv":[2.4,2.525,3,0.625],"rotation":270,"texture":"#0"},"south":{"uv":[2.4,2.525,3,0.625],"rotation":270,"texture":"#0"},"west":{"uv":[2.4,2.525,3,0.625],"rotation":270,"texture":"#0"},"up":{"uv":[3,0.625,2.4,2.525],"texture":"#0"},"down":{"uv":[3,0.625,2.4,2.525],"rotation":180,"texture":"#0"}}},{"from":[6.028,16.38132,5.84848],"to":[7.304,17.07732,5.89488],"rotation":{"angle":0,"axis":"y","origin":[8,17.33832,8.01768]},"faces":{"north":{"uv":[2.4,0.625,3,2.525],"rotation":270,"texture":"#0"},"east":{"uv":[2.4,0.625,3,2.525],"rotation":270,"texture":"#0"},"south":{"uv":[2.4,0.625,3,2.525],"rotation":270,"texture":"#0"},"west":{"uv":[2.4,0.625,3,2.525],"rotation":270,"texture":"#0"},"up":{"uv":[2.4,0.625,3,2.525],"texture":"#0"},"down":{"uv":[2.4,0.625,3,2.525],"rotation":180,"texture":"#0"}}},{"from":[7.101,15.71432,5.61648],"to":[7.449,16.87432,5.89488],"rotation":{"angle":0,"axis":"y","origin":[8,17.33832,8.01768]},"faces":{"north":{"uv":[11.4,1.5,11.85,0.875],"texture":"#0"},"east":{"uv":[11.4,1.5,11.85,0.875],"texture":"#0"},"south":{"uv":[11.4,1.5,11.85,0.875],"texture":"#0"},"west":{"uv":[11.4,1.5,11.85,0.875],"texture":"#0"},"up":{"uv":[11.4,1.5,11.85,0.875],"texture":"#0"},"down":{"uv":[11.4,1.5,11.85,0.875],"texture":"#0"}}},{"from":[7.07115,16.9464,5.61648],"to":[7.73815,17.2944,5.89488],"rotation":{"angle":45,"axis":"z","origin":[7.59315,17.1204,5.75568]},"faces":{"north":{"uv":[11.4,1.5,11.85,0.875],"texture":"#0"},"east":{"uv":[11.4,1.5,11.85,0.875],"texture":"#0"},"south":{"uv":[11.4,1.5,11.85,0.875],"texture":"#0"},"west":{"uv":[11.4,1.5,11.85,0.875],"texture":"#0"},"up":{"uv":[11.4,1.5,11.85,0.875],"texture":"#0"},"down":{"uv":[11.4,1.5,11.85,0.875],"texture":"#0"}}},{"from":[8.551,15.71432,5.61648],"to":[8.899,16.87432,5.89488],"rotation":{"angle":0,"axis":"y","origin":[8,17.33832,8.01768]},"faces":{"north":{"uv":[11.4,1.5,11.85,0.875],"texture":"#0"},"east":{"uv":[11.4,1.5,11.85,0.875],"texture":"#0"},"south":{"uv":[11.4,1.5,11.85,0.875],"texture":"#0"},"west":{"uv":[11.4,1.5,11.85,0.875],"texture":"#0"},"up":{"uv":[11.4,1.5,11.85,0.875],"texture":"#0"},"down":{"uv":[11.4,1.5,11.85,0.875],"texture":"#0"}}},{"from":[8.26185,16.9464,5.61648],"to":[8.92885,17.2944,5.89488],"rotation":{"angle":-45,"axis":"z","origin":[8.40685,17.1204,5.75568]},"faces":{"north":{"uv":[11.4,1.5,11.85,0.875],"texture":"#0"},"east":{"uv":[11.4,1.5,11.85,0.875],"texture":"#0"},"south":{"uv":[11.4,1.5,11.85,0.875],"texture":"#0"},"west":{"uv":[11.4,1.5,11.85,0.875],"texture":"#0"},"up":{"uv":[11.4,1.5,11.85,0.875],"texture":"#0"},"down":{"uv":[11.4,1.5,11.85,0.875],"texture":"#0"}}},{"from":[7.57264,16.99796,5.61648],"to":[8.41364,17.34596,5.89488],"rotation":{"angle":0,"axis":"y","origin":[8.09464,17.17196,5.75568]},"faces":{"north":{"uv":[11.4,1.5,11.85,0.875],"texture":"#0"},"east":{"uv":[11.4,1.5,11.85,0.875],"texture":"#0"},"south":{"uv":[11.4,1.5,11.85,0.875],"texture":"#0"},"west":{"uv":[11.4,1.5,11.85,0.875],"texture":"#0"},"up":{"uv":[11.4,1.5,11.85,0.875],"texture":"#0"},"down":{"uv":[11.4,1.5,11.85,0.875],"texture":"#0"}}},{"from":[5.071,17.97632,10.09947],"to":[8.928,18.35332,10.14587],"rotation":{"angle":45,"axis":"z","origin":[8,17.33832,7.97667]},"faces":{"north":{"uv":[2.4,2.525,3,0.625],"rotation":270,"texture":"#0"},"east":{"uv":[2.4,2.525,3,0.625],"rotation":270,"texture":"#0"},"south":{"uv":[2.4,2.525,3,0.625],"rotation":270,"texture":"#0"},"west":{"uv":[2.4,2.525,3,0.625],"rotation":270,"texture":"#0"},"up":{"uv":[2.4,2.525,3,0.625],"texture":"#0"},"down":{"uv":[2.4,2.525,3,0.625],"rotation":180,"texture":"#0"}}},{"from":[7.072,17.97632,10.09947],"to":[10.929,18.35332,10.14587],"rotation":{"angle":-45,"axis":"z","origin":[8,17.33832,7.97667]},"faces":{"north":{"uv":[2.4,0.625,3,2.525],"rotation":270,"texture":"#0"},"east":{"uv":[2.4,0.625,3,2.525],"rotation":270,"texture":"#0"},"south":{"uv":[2.4,0.625,3,2.525],"rotation":270,"texture":"#0"},"west":{"uv":[2.4,0.625,3,2.525],"rotation":270,"texture":"#0"},"up":{"uv":[3,2.525,2.4,0.625],"texture":"#0"},"down":{"uv":[3,2.525,2.4,0.625],"rotation":180,"texture":"#0"}}},{"from":[7.536,16.38132,10.14587],"to":[9.972,17.07732,10.14587],"rotation":{"angle":0,"axis":"y","origin":[8,17.33832,7.97667]},"faces":{"north":{"uv":[2.4,0.625,3,2.525],"rotation":270,"texture":"#0"},"east":{"uv":[2.4,0.625,3,2.525],"rotation":270,"texture":"#0"},"south":{"uv":[2.4,0.625,3,2.525],"rotation":270,"texture":"#0"},"west":{"uv":[2.4,0.625,3,2.525],"rotation":270,"texture":"#0"},"up":{"uv":[3,2.525,2.4,0.625],"texture":"#0"},"down":{"uv":[3,2.525,2.4,0.625],"rotation":180,"texture":"#0"}}},{"from":[7.536,15.68532,10.09947],"to":[10.552,16.38132,10.14587],"rotation":{"angle":0,"axis":"y","origin":[8,17.33832,7.97667]},"faces":{"north":{"uv":[2.4,0.625,3,2.525],"rotation":270,"texture":"#0"},"east":{"uv":[2.4,0.625,3,2.525],"rotation":270,"texture":"#0"},"south":{"uv":[2.4,0.625,3,2.525],"rotation":270,"texture":"#0"},"west":{"uv":[2.4,0.625,3,2.525],"rotation":270,"texture":"#0"},"up":{"uv":[3,2.525,2.4,0.625],"texture":"#0"},"down":{"uv":[3,2.525,2.4,0.625],"rotation":180,"texture":"#0"}}},{"from":[7.536,17.62832,10.09947],"to":[8.551,18.32432,10.14587],"rotation":{"angle":0,"axis":"y","origin":[8,17.33832,7.97667]},"faces":{"north":{"uv":[2.4,0.625,3,2.525],"rotation":270,"texture":"#0"},"east":{"uv":[2.4,0.625,3,2.525],"rotation":270,"texture":"#0"},"south":{"uv":[2.4,0.625,3,2.525],"rotation":270,"texture":"#0"},"west":{"uv":[2.4,0.625,3,2.525],"rotation":270,"texture":"#0"},"up":{"uv":[3,2.525,2.4,0.625],"texture":"#0"},"down":{"uv":[3,2.525,2.4,0.625],"rotation":180,"texture":"#0"}}},{"from":[6.811,17.07732,10.14587],"to":[9.247,17.77332,10.14587],"rotation":{"angle":0,"axis":"y","origin":[8,17.33832,7.97667]},"faces":{"north":{"uv":[2.4,0.625,3,2.525],"rotation":270,"texture":"#0"},"east":{"uv":[2.4,0.625,3,2.525],"rotation":270,"texture":"#0"},"south":{"uv":[2.4,0.625,3,2.525],"rotation":270,"texture":"#0"},"west":{"uv":[2.4,0.625,3,2.525],"rotation":270,"texture":"#0"},"up":{"uv":[3,2.525,2.4,0.625],"texture":"#0"},"down":{"uv":[3,2.525,2.4,0.625],"rotation":180,"texture":"#0"}}},{"from":[6.028,16.38132,10.14587],"to":[8.464,17.07732,10.14587],"rotation":{"angle":0,"axis":"y","origin":[8,17.33832,7.97667]},"faces":{"north":{"uv":[2.4,2.525,3,0.625],"rotation":270,"texture":"#0"},"east":{"uv":[2.4,2.525,3,0.625],"rotation":270,"texture":"#0"},"south":{"uv":[2.4,2.525,3,0.625],"rotation":270,"texture":"#0"},"west":{"uv":[2.4,2.525,3,0.625],"rotation":270,"texture":"#0"},"up":{"uv":[2.4,2.525,3,0.625],"texture":"#0"},"down":{"uv":[2.4,2.525,3,0.625],"rotation":180,"texture":"#0"}}},{"from":[5.448,15.68532,10.09947],"to":[8.464,16.38132,10.14587],"rotation":{"angle":0,"axis":"y","origin":[8,17.33832,7.97667]},"faces":{"north":{"uv":[2.4,2.525,3,0.625],"rotation":270,"texture":"#0"},"east":{"uv":[2.4,2.525,3,0.625],"rotation":270,"texture":"#0"},"south":{"uv":[2.4,2.525,3,0.625],"rotation":270,"texture":"#0"},"west":{"uv":[2.4,2.525,3,0.625],"rotation":270,"texture":"#0"},"up":{"uv":[2.4,2.525,3,0.625],"texture":"#0"},"down":{"uv":[2.4,2.525,3,0.625],"rotation":180,"texture":"#0"}}},{"from":[5.013,15.71432,5.61648],"to":[7.362,16.06232,5.86588],"rotation":{"angle":0,"axis":"y","origin":[8,17.33832,8.01768]},"faces":{"north":{"uv":[11.4,1.5,11.85,0.875],"rotation":270,"texture":"#0"},"east":{"uv":[11.4,1.5,11.85,0.875],"rotation":90,"texture":"#0"},"south":{"uv":[11.4,1.5,11.85,0.875],"rotation":90,"texture":"#0"},"west":{"uv":[11.4,1.5,11.85,0.875],"rotation":90,"texture":"#0"},"up":{"uv":[11.4,1.5,11.85,0.875],"rotation":90,"texture":"#0"},"down":{"uv":[11.4,1.5,11.85,0.875],"rotation":90,"texture":"#0"}}},{"from":[8.638,15.71432,5.61648],"to":[10.987,16.06232,5.86588],"rotation":{"angle":0,"axis":"y","origin":[8,17.33832,8.01768]},"faces":{"north":{"uv":[11.4,0.875,11.85,1.5],"rotation":270,"texture":"#0"},"east":{"uv":[11.4,0.875,11.85,1.5],"rotation":90,"texture":"#0"},"south":{"uv":[11.4,0.875,11.85,1.5],"rotation":90,"texture":"#0"},"west":{"uv":[11.4,0.875,11.85,1.5],"rotation":90,"texture":"#0"},"up":{"uv":[11.4,0.875,11.85,1.5],"rotation":90,"texture":"#0"},"down":{"uv":[11.4,0.875,11.85,1.5],"rotation":90,"texture":"#0"}}},{"from":[7.478,15.71432,10.18647],"to":[10.987,16.06232,10.37787],"rotation":{"angle":0,"axis":"y","origin":[8,17.33832,7.97667]},"faces":{"north":{"uv":[11.4,1.5,11.85,0.875],"rotation":90,"texture":"#0"},"east":{"uv":[11.4,1.5,11.85,0.875],"rotation":90,"texture":"#0"},"south":{"uv":[11.4,1.5,11.85,0.875],"rotation":270,"texture":"#0"},"west":{"uv":[11.4,1.5,11.85,0.875],"rotation":90,"texture":"#0"},"up":{"uv":[11.85,0.875,11.4,1.5],"rotation":90,"texture":"#0"},"down":{"uv":[11.85,0.875,11.4,1.5],"rotation":90,"texture":"#0"}}},{"from":[5.013,15.71432,10.18647],"to":[8.522,16.06232,10.37787],"rotation":{"angle":0,"axis":"y","origin":[8,17.33832,7.97667]},"faces":{"north":{"uv":[11.4,0.875,11.85,1.5],"rotation":90,"texture":"#0"},"east":{"uv":[11.4,0.875,11.85,1.5],"rotation":90,"texture":"#0"},"south":{"uv":[11.4,0.875,11.85,1.5],"rotation":270,"texture":"#0"},"west":{"uv":[11.4,0.875,11.85,1.5],"rotation":90,"texture":"#0"},"up":{"uv":[11.85,1.5,11.4,0.875],"rotation":90,"texture":"#0"},"down":{"uv":[11.85,1.5,11.4,0.875],"rotation":90,"texture":"#0"}}},{"from":[5.013,18.09232,5.61648],"to":[8.957,18.26632,5.86588],"rotation":{"angle":45,"axis":"z","origin":[8,17.33832,8.01768]},"faces":{"north":{"uv":[11.4,1.5,11.85,0.875],"rotation":270,"texture":"#0"},"east":{"uv":[11.4,1.5,11.85,0.875],"rotation":90,"texture":"#0"},"south":{"uv":[11.4,1.5,11.85,0.875],"rotation":90,"texture":"#0"},"west":{"uv":[11.4,1.5,11.85,0.875],"rotation":90,"texture":"#0"},"up":{"uv":[11.4,1.5,11.85,0.875],"rotation":90,"texture":"#0"},"down":{"uv":[11.4,1.5,11.85,0.875],"rotation":90,"texture":"#0"}}},{"from":[7.043,18.09232,5.61648],"to":[10.987,18.26632,5.86588],"rotation":{"angle":-45,"axis":"z","origin":[8,17.33832,8.01768]},"faces":{"north":{"uv":[11.4,0.875,11.85,1.5],"rotation":270,"texture":"#0"},"east":{"uv":[11.4,0.875,11.85,1.5],"rotation":90,"texture":"#0"},"south":{"uv":[11.4,0.875,11.85,1.5],"rotation":90,"texture":"#0"},"west":{"uv":[11.4,0.875,11.85,1.5],"rotation":90,"texture":"#0"},"up":{"uv":[11.4,0.875,11.85,1.5],"rotation":90,"texture":"#0"},"down":{"uv":[11.4,0.875,11.85,1.5],"rotation":90,"texture":"#0"}}},{"from":[5.013,18.09232,10.18647],"to":[8.957,18.26632,10.37787],"rotation":{"angle":45,"axis":"z","origin":[8,17.33832,7.97667]},"faces":{"north":{"uv":[11.4,0.875,11.85,1.5],"rotation":90,"texture":"#0"},"east":{"uv":[11.4,0.875,11.85,1.5],"rotation":90,"texture":"#0"},"south":{"uv":[11.4,0.875,11.85,1.5],"rotation":270,"texture":"#0"},"west":{"uv":[11.4,0.875,11.85,1.5],"rotation":90,"texture":"#0"},"up":{"uv":[11.85,1.5,11.4,0.875],"rotation":90,"texture":"#0"},"down":{"uv":[11.85,1.5,11.4,0.875],"rotation":90,"texture":"#0"}}},{"from":[7.043,18.09232,10.18647],"to":[10.987,18.26632,10.37787],"rotation":{"angle":-45,"axis":"z","origin":[8,17.33832,7.97667]},"faces":{"north":{"uv":[11.4,1.5,11.85,0.875],"rotation":90,"texture":"#0"},"east":{"uv":[11.4,1.5,11.85,0.875],"rotation":90,"texture":"#0"},"south":{"uv":[11.4,1.5,11.85,0.875],"rotation":270,"texture":"#0"},"west":{"uv":[11.4,1.5,11.85,0.875],"rotation":90,"texture":"#0"},"up":{"uv":[11.85,0.875,11.4,1.5],"rotation":90,"texture":"#0"},"down":{"uv":[11.85,0.875,11.4,1.5],"rotation":90,"texture":"#0"}}},{"from":[5.0756,-5.1201,7.52128],"to":[7.7244,-4.2049,8.47872],"rotation":{"angle":-22.5,"axis":"z","origin":[7.1,-4.8625,8]},"faces":{"north":{"uv":[2.55,6.735,3.688,3.825],"rotation":90,"texture":"#0"},"east":{"uv":[2.55,3.935,3.688,3.825],"rotation":270,"texture":"#0"},"south":{"uv":[2.55,6.735,3.688,3.825],"rotation":270,"texture":"#0"},"west":{"uv":[2.55,3.935,3.688,3.825],"rotation":270,"texture":"#0"},"up":{"uv":[2.55,6.735,3.688,3.825],"rotation":270,"texture":"#0"},"down":{"uv":[2.55,6.735,3.688,3.825],"rotation":270,"texture":"#0"}}},{"from":[4.33392,-5.62202,7.61702],"to":[5.06608,-3.50298,8.38298],"rotation":{"angle":-45,"axis":"z","origin":[4.9,-4.8625,8]},"faces":{"north":{"uv":[2.55,6.735,3.688,3.825],"rotation":180,"texture":"#0"},"east":{"uv":[2.55,6.735,3.688,3.825],"rotation":180,"texture":"#0"},"south":{"uv":[2.55,6.735,3.688,3.825],"rotation":180,"texture":"#0"},"west":{"uv":[2.55,6.735,3.688,3.825],"rotation":180,"texture":"#0"},"up":{"uv":[2.55,3.935,3.688,3.825],"rotation":180,"texture":"#0"},"down":{"uv":[2.55,3.935,3.688,3.825],"rotation":180,"texture":"#0"}}},{"from":[8.2756,-5.1201,7.52128],"to":[10.9244,-4.2049,8.47872],"rotation":{"angle":22.5,"axis":"z","origin":[8.9,-4.8625,8]},"faces":{"north":{"uv":[2.55,3.825,3.688,6.735],"rotation":90,"texture":"#0"},"east":{"uv":[2.55,3.825,3.688,3.935],"rotation":270,"texture":"#0"},"south":{"uv":[2.55,3.825,3.688,6.735],"rotation":270,"texture":"#0"},"west":{"uv":[2.55,3.825,3.688,3.935],"rotation":270,"texture":"#0"},"up":{"uv":[2.55,3.825,3.688,6.735],"rotation":270,"texture":"#0"},"down":{"uv":[2.55,3.825,3.688,6.735],"rotation":270,"texture":"#0"}}},{"from":[10.93392,-5.62202,7.61702],"to":[11.66608,-3.50298,8.38298],"rotation":{"angle":45,"axis":"z","origin":[11.1,-4.8625,8]},"faces":{"north":{"uv":[3.688,6.735,2.55,3.825],"rotation":180,"texture":"#0"},"east":{"uv":[3.688,6.735,2.55,3.825],"rotation":180,"texture":"#0"},"south":{"uv":[3.688,6.735,2.55,3.825],"rotation":180,"texture":"#0"},"west":{"uv":[3.688,6.735,2.55,3.825],"rotation":180,"texture":"#0"},"up":{"uv":[3.688,3.935,2.55,3.825],"rotation":180,"texture":"#0"},"down":{"uv":[3.688,3.935,2.55,3.825],"rotation":180,"texture":"#0"}}},{"from":[7.61702,-7.69598,9.74091],"to":[8.38298,-5.57694,10.47307],"rotation":{"angle":-45,"axis":"x","origin":[8,-4.4594,8]},"faces":{"north":{"uv":[3.688,6.735,2.55,3.825],"rotation":180,"texture":"#0"},"east":{"uv":[3.688,6.735,2.55,3.825],"rotation":180,"texture":"#0"},"south":{"uv":[3.688,6.735,2.55,3.825],"rotation":180,"texture":"#0"},"west":{"uv":[3.688,6.735,2.55,3.825],"rotation":180,"texture":"#0"},"up":{"uv":[3.688,3.935,2.55,3.825],"rotation":270,"texture":"#0"},"down":{"uv":[3.688,3.935,2.55,3.825],"rotation":90,"texture":"#0"}}},{"from":[7.52128,-5.43383,8.05283],"to":[8.47872,-4.51863,10.70163],"rotation":{"angle":-22.5,"axis":"x","origin":[8,-4.4594,8]},"faces":{"north":{"uv":[2.55,3.825,3.688,3.935],"rotation":270,"texture":"#0"},"east":{"uv":[2.55,3.825,3.688,6.735],"rotation":90,"texture":"#0"},"south":{"uv":[2.55,3.825,3.688,3.935],"rotation":270,"texture":"#0"},"west":{"uv":[2.55,3.825,3.688,6.735],"rotation":270,"texture":"#0"},"up":{"uv":[2.55,3.825,3.688,6.735],"texture":"#0"},"down":{"uv":[2.55,3.825,3.688,6.735],"rotation":180,"texture":"#0"}}},{"from":[7.52128,-5.43383,5.29837],"to":[8.47872,-4.51863,7.94717],"rotation":{"angle":22.5,"axis":"x","origin":[8,-4.4594,8]},"faces":{"north":{"uv":[2.55,3.935,3.688,3.825],"rotation":270,"texture":"#0"},"east":{"uv":[2.55,6.735,3.688,3.825],"rotation":90,"texture":"#0"},"south":{"uv":[2.55,3.935,3.688,3.825],"rotation":270,"texture":"#0"},"west":{"uv":[2.55,6.735,3.688,3.825],"rotation":270,"texture":"#0"},"up":{"uv":[2.55,6.735,3.688,3.825],"texture":"#0"},"down":{"uv":[2.55,6.735,3.688,3.825],"rotation":180,"texture":"#0"}}},{"from":[7.61702,-7.69598,5.52693],"to":[8.38298,-5.57694,6.25909],"rotation":{"angle":45,"axis":"x","origin":[8,-4.4594,8]},"faces":{"north":{"uv":[2.55,6.735,3.688,3.825],"rotation":180,"texture":"#0"},"east":{"uv":[2.55,6.735,3.688,3.825],"rotation":180,"texture":"#0"},"south":{"uv":[2.55,6.735,3.688,3.825],"rotation":180,"texture":"#0"},"west":{"uv":[2.55,6.735,3.688,3.825],"rotation":180,"texture":"#0"},"up":{"uv":[2.55,3.935,3.688,3.825],"rotation":270,"texture":"#0"},"down":{"uv":[2.55,3.935,3.688,3.825],"rotation":90,"texture":"#0"}}},{"from":[7.072,17.97632,5.84848],"to":[10.929,18.35332,10.09488],"rotation":{"angle":-45,"axis":"z","origin":[8,17.33832,8.01768]},"faces":{"north":{"uv":[2.4,2.525,3,0.625],"rotation":270,"texture":"#0"},"east":{"uv":[2.4,2.525,3,0.625],"rotation":270,"texture":"#0"},"south":{"uv":[2.4,2.525,3,0.625],"rotation":270,"texture":"#0"},"west":{"uv":[2.4,2.525,3,0.625],"rotation":270,"texture":"#0"},"up":{"uv":[3,0.625,2.4,2.525],"texture":"#0"},"down":{"uv":[3,0.625,2.4,2.525],"rotation":180,"texture":"#0"}}},{"from":[8.696,15.68532,5.84848],"to":[10.552,16.38132,10.09488],"rotation":{"angle":0,"axis":"y","origin":[8,17.33832,8.01768]},"faces":{"north":{"uv":[2.4,2.525,3,0.625],"rotation":270,"texture":"#0"},"east":{"uv":[2.4,2.525,3,0.625],"rotation":270,"texture":"#0"},"south":{"uv":[2.4,2.525,3,0.625],"rotation":270,"texture":"#0"},"west":{"uv":[2.4,2.525,3,0.625],"rotation":270,"texture":"#0"},"up":{"uv":[3,0.625,2.4,2.525],"texture":"#0"},"down":{"uv":[3,0.625,2.4,2.525],"rotation":180,"texture":"#0"}}}],"gui_light":"front","display":{"thirdperson_righthand":{"rotation":[12.5,0,0],"translation":[0,-2,-0.75],"scale":[0.41,0.41,0.41]},"thirdperson_lefthand":{"rotation":[12.5,0,0],"translation":[0,-2,-0.75],"scale":[0.41,0.41,0.41]},"firstperson_righthand":{"scale":[0,0,0]},"firstperson_lefthand":{"scale":[0,0,0]},"ground":{"rotation":[0,0,15],"scale":[0.52,0.52,0.51]},"gui":{"rotation":[10,155,0],"translation":[0,1,0],"scale":[0.5,0.5,0.5]},"head":{"rotation":[0,-180,0],"translation":[0,10.25,0],"scale":[4,4,4]},"fixed":{"translation":[0,-7.25,-4.25]}}}