{"credit":"MadewithBlockbench","texture_size":[32,32],"textures":{"0":"elitecreatures:japan_furniture_v1/window_2","particle":"elitecreatures:japan_furniture_v1/window_2"},"elements":[{"from":[-6.89004,-9.37076,5.5577],"to":[6.11956,-7.82916,14.9483],"rotation":{"angle":-22.5,"axis":"z","origin":[8,8,10.3]},"faces":{"north":{"uv":[4.9825,0,0,0.92],"rotation":180,"texture":"#0"},"east":{"uv":[4.9825,0,0,0.92],"rotation":180,"texture":"#0"},"south":{"uv":[0,0,4.9825,0.92],"rotation":180,"texture":"#0"},"west":{"uv":[0,0,1,1],"texture":"#0"},"up":{"uv":[1,8.5,5.5,9],"rotation":270,"texture":"#0"},"down":{"uv":[1,9,5.4532,15.1232],"rotation":270,"texture":"#0"}}},{"from":[-0.3848,-7.32887,5.5577],"to":[16.3848,-5.78727,14.8073],"rotation":{"angle":0,"axis":"y","origin":[8,8,10.3]},"faces":{"north":{"uv":[4.9825,0,0,0.92],"rotation":180,"texture":"#0"},"east":{"uv":[1,1,0,0],"texture":"#0"},"south":{"uv":[0,0,4.9825,0.92],"rotation":180,"texture":"#0"},"west":{"uv":[1,1,0,0],"texture":"#0"},"up":{"uv":[1,8.5,5.5,9],"rotation":270,"texture":"#0"},"down":{"uv":[1,9,5.4532,15.1232],"rotation":270,"texture":"#0"}}},{"from":[-14.81183,6.24587,5.5577],"to":[-13.27023,15.49547,15.1833],"rotation":{"angle":22.5,"axis":"z","origin":[8,8,10.3]},"faces":{"north":{"uv":[0,0,4.92,0.9825],"rotation":270,"texture":"#0"},"east":{"uv":[1,8.5,5.4982,8.9532],"rotation":180,"texture":"#0"},"south":{"uv":[0,0.9825,4.92,0],"rotation":270,"texture":"#0"},"west":{"uv":[1,10.5,5.4732,15.2282],"rotation":180,"texture":"#0"},"up":{"uv":[0,0,1,1],"rotation":90,"texture":"#0"},"down":{"uv":[0,0,4.92,0.9825],"rotation":270,"texture":"#0"}}},{"from":[-15.94377,6.1952,5.5107],"to":[-14.40217,9.8048,15.2773],"rotation":{"angle":0,"axis":"y","origin":[8,8,10.3]},"faces":{"north":{"uv":[0,0.9825,0.92,0],"rotation":270,"texture":"#0"},"east":{"uv":[1,8.5,5.4982,8.9532],"rotation":180,"texture":"#0"},"south":{"uv":[0,0.9825,4.92,0],"rotation":270,"texture":"#0"},"west":{"uv":[1,12.175,5.4833,13.7298],"rotation":180,"texture":"#0"},"up":{"uv":[0,0,4.92,0.9825],"rotation":270,"texture":"#0"},"down":{"uv":[0,0,1,1],"rotation":90,"texture":"#0"}}},{"from":[-14.81183,0.50453,5.5577],"to":[-13.27023,9.75413,15.1833],"rotation":{"angle":-22.5,"axis":"z","origin":[8,8,10.3]},"faces":{"north":{"uv":[0,0,4.92,0.9825],"rotation":270,"texture":"#0"},"east":{"uv":[1,8.5,5.4982,8.9532],"rotation":180,"texture":"#0"},"south":{"uv":[0,0.9825,4.92,0],"rotation":270,"texture":"#0"},"west":{"uv":[1,10.5,5.4732,15.2282],"rotation":180,"texture":"#0"},"up":{"uv":[0,0,4.92,0.9825],"rotation":270,"texture":"#0"},"down":{"uv":[1,0,0,1],"rotation":90,"texture":"#0"}}},{"from":[-3.468,-6.01089,9.3365],"to":[19.468,21.97711,11.2165],"rotation":{"angle":0,"axis":"y","origin":[8,8,10.3]},"faces":{"north":{"uv":[12.5,9.4,16,16],"texture":"#0"},"east":{"uv":[0,0,1,13.2],"texture":"#0"},"south":{"uv":[16,9.4,12.5,16],"texture":"#0"},"west":{"uv":[0,0,1,13.2],"texture":"#0"},"up":{"uv":[0,0,7,1],"texture":"#0"},"down":{"uv":[0,0,7,1],"texture":"#0"}}},{"from":[27.693,-0.20689,9.3365],"to":[29.244,15.96111,11.2165],"rotation":{"angle":0,"axis":"y","origin":[8,8,10.3]},"faces":{"north":{"uv":[7.15,10,6.75,14.3],"texture":"#0"},"east":{"uv":[1,0,0,8.6],"texture":"#0"},"south":{"uv":[6.75,10,7.15,14.3],"texture":"#0"},"west":{"uv":[1,0,0,8.6],"texture":"#0"},"up":{"uv":[0.8,0,0,1],"texture":"#0"},"down":{"uv":[0.8,0,0,1],"texture":"#0"}}},{"from":[29.197,2.98911,9.3365],"to":[30.56,12.95311,11.2165],"rotation":{"angle":0,"axis":"y","origin":[8,8,10.3]},"faces":{"north":{"uv":[5.85,11.25,5.5,13.9],"texture":"#0"},"east":{"uv":[1,0,0,5.3],"texture":"#0"},"south":{"uv":[5.5,11.25,5.85,13.9],"texture":"#0"},"west":{"uv":[1,0,0,5.3],"texture":"#0"},"up":{"uv":[0.7,0,0,1],"texture":"#0"},"down":{"uv":[0.7,0,0,1],"texture":"#0"}}},{"from":[26.142,-1.71089,9.3365],"to":[27.74,17.84111,11.2165],"rotation":{"angle":0,"axis":"y","origin":[8,8,10.3]},"faces":{"north":{"uv":[8.15,8.75,7.75,13.95],"texture":"#0"},"east":{"uv":[1,0,0,10.4],"texture":"#0"},"south":{"uv":[7.75,8.75,8.15,13.95],"texture":"#0"},"west":{"uv":[1,0,0,10.4],"texture":"#0"},"up":{"uv":[0.8,0,0,1],"texture":"#0"},"down":{"uv":[0.8,0,0,1],"texture":"#0"}}},{"from":[23.04,-3.21489,9.3365],"to":[26.236,18.96911,11.2165],"rotation":{"angle":0,"axis":"y","origin":[8,8,10.3]},"faces":{"north":{"uv":[9.85,8.25,9,14.15],"texture":"#0"},"east":{"uv":[1,0,0,11.8],"texture":"#0"},"south":{"uv":[9,8.25,9.85,14.15],"texture":"#0"},"west":{"uv":[1,0,0,11.8],"texture":"#0"},"up":{"uv":[1.7,0,0,1],"texture":"#0"},"down":{"uv":[1.7,0,0,1],"texture":"#0"}}},{"from":[19.233,-4.41889,9.3365],"to":[23.087,20.47311,11.2165],"rotation":{"angle":0,"axis":"y","origin":[8,8,10.3]},"faces":{"north":{"uv":[11.8,8,11,14.7],"texture":"#0"},"east":{"uv":[1,0,0,13.4],"texture":"#0"},"south":{"uv":[11,8,11.8,14.7],"texture":"#0"},"west":{"uv":[1,0,0,13.4],"texture":"#0"},"up":{"uv":[1.6,0,0,1],"texture":"#0"},"down":{"uv":[1.6,0,0,1],"texture":"#0"}}},{"from":[-0.3848,21.78727,5.5577],"to":[16.3848,23.32887,14.9073],"rotation":{"angle":0,"axis":"y","origin":[8,8,10.3]},"faces":{"north":{"uv":[4.9825,0.92,0,0],"rotation":180,"texture":"#0"},"east":{"uv":[1,0,0,1],"texture":"#0"},"south":{"uv":[0,0.92,4.9825,0],"rotation":180,"texture":"#0"},"west":{"uv":[1,0,0,1],"texture":"#0"},"up":{"uv":[1,9,5.4532,15.1232],"rotation":270,"texture":"#0"},"down":{"uv":[1,8.5,5.5,9],"rotation":270,"texture":"#0"}}},{"from":[-6.89004,23.82916,5.5577],"to":[6.11956,25.37076,14.9483],"rotation":{"angle":22.5,"axis":"z","origin":[8,8,10.3]},"faces":{"north":{"uv":[4.9825,0.92,0,0],"rotation":180,"texture":"#0"},"east":{"uv":[4.9825,0.92,0,0],"rotation":180,"texture":"#0"},"south":{"uv":[0,0.92,4.9825,0],"rotation":180,"texture":"#0"},"west":{"uv":[0,1,1,0],"texture":"#0"},"up":{"uv":[1,9,5.4532,15.1232],"rotation":270,"texture":"#0"},"down":{"uv":[1,8.5,5.5,9],"rotation":270,"texture":"#0"}}},{"from":[9.88044,-9.37076,5.5577],"to":[22.89004,-7.82916,14.9483],"rotation":{"angle":22.5,"axis":"z","origin":[8,8,10.3]},"faces":{"north":{"uv":[0,0,4.9825,0.92],"rotation":180,"texture":"#0"},"east":{"uv":[1,0,0,1],"texture":"#0"},"south":{"uv":[4.9825,0,0,0.92],"rotation":180,"texture":"#0"},"west":{"uv":[0,0,4.9825,0.92],"rotation":180,"texture":"#0"},"up":{"uv":[1,8.5,5.5,9],"rotation":270,"texture":"#0"},"down":{"uv":[1,9,5.4532,15.1232],"rotation":270,"texture":"#0"}}},{"from":[29.27023,6.24587,5.6047],"to":[30.81183,15.49547,15.0423],"rotation":{"angle":-22.5,"axis":"z","origin":[8,8,10.3]},"faces":{"north":{"uv":[0,0.9825,4.92,0],"rotation":270,"texture":"#0"},"east":{"uv":[1,10.5,5.4732,15.2282],"rotation":180,"texture":"#0"},"south":{"uv":[0,0,4.92,0.9825],"rotation":270,"texture":"#0"},"west":{"uv":[1,8.5,5.4982,8.9532],"rotation":180,"texture":"#0"},"up":{"uv":[0,1,1,0],"rotation":90,"texture":"#0"},"down":{"uv":[0,0.9825,4.92,0],"rotation":270,"texture":"#0"}}},{"from":[30.40217,6.1952,5.6107],"to":[31.94377,9.8048,14.9773],"rotation":{"angle":0,"axis":"y","origin":[8,8,10.3]},"faces":{"north":{"uv":[0,0,0.92,0.9825],"rotation":270,"texture":"#0"},"east":{"uv":[1,12.175,5.4833,13.7298],"rotation":180,"texture":"#0"},"south":{"uv":[0,0,4.92,0.9825],"rotation":270,"texture":"#0"},"west":{"uv":[1,8.5,5.4982,8.9532],"rotation":180,"texture":"#0"},"up":{"uv":[0,0.9825,4.92,0],"rotation":270,"texture":"#0"},"down":{"uv":[0,1,1,0],"rotation":90,"texture":"#0"}}},{"from":[29.27023,0.50453,5.6047],"to":[30.81183,9.75413,14.9423],"rotation":{"angle":22.5,"axis":"z","origin":[8,8,10.3]},"faces":{"north":{"uv":[0,0.9825,4.92,0],"rotation":270,"texture":"#0"},"east":{"uv":[1,10.5,5.4732,15.2282],"rotation":180,"texture":"#0"},"south":{"uv":[0,0,4.92,0.9825],"rotation":270,"texture":"#0"},"west":{"uv":[1,8.5,5.4982,8.9532],"rotation":180,"texture":"#0"},"up":{"uv":[0,0.9825,4.92,0],"rotation":270,"texture":"#0"},"down":{"uv":[1,1,0,0],"rotation":90,"texture":"#0"}}},{"from":[9.88044,23.82916,5.5577],"to":[22.89004,25.37076,14.9483],"rotation":{"angle":-22.5,"axis":"z","origin":[8,8,10.3]},"faces":{"north":{"uv":[0,0.92,4.9825,0],"rotation":180,"texture":"#0"},"east":{"uv":[1,1,0,0],"texture":"#0"},"south":{"uv":[4.9825,0.92,0,0],"rotation":180,"texture":"#0"},"west":{"uv":[0,0.92,4.9825,0],"rotation":180,"texture":"#0"},"up":{"uv":[1,9,5.4532,15.1232],"rotation":270,"texture":"#0"},"down":{"uv":[1,8.5,5.5,9],"rotation":270,"texture":"#0"}}},{"from":[-14.56,2.98911,9.3365],"to":[-13.197,12.95311,11.2165],"rotation":{"angle":0,"axis":"y","origin":[8,8,10.3]},"faces":{"north":{"uv":[5.5,11.25,5.85,13.9],"texture":"#0"},"east":{"uv":[0,0,1,5.3],"texture":"#0"},"south":{"uv":[5.85,11.25,5.5,13.9],"texture":"#0"},"west":{"uv":[0,0,1,5.3],"texture":"#0"},"up":{"uv":[0,0,0.7,1],"texture":"#0"},"down":{"uv":[0,0,0.7,1],"texture":"#0"}}},{"from":[-11.74,-1.71089,9.3365],"to":[-10.142,17.84111,11.2165],"rotation":{"angle":0,"axis":"y","origin":[8,8,10.3]},"faces":{"north":{"uv":[7.75,8.75,8.15,13.95],"texture":"#0"},"east":{"uv":[0,0,1,10.4],"texture":"#0"},"south":{"uv":[8.15,8.75,7.75,13.95],"texture":"#0"},"west":{"uv":[0,0,1,10.4],"texture":"#0"},"up":{"uv":[0,0,0.8,1],"texture":"#0"},"down":{"uv":[0,0,0.8,1],"texture":"#0"}}},{"from":[-13.244,-0.20689,9.3365],"to":[-11.693,15.96111,11.2165],"rotation":{"angle":0,"axis":"y","origin":[8,8,10.3]},"faces":{"north":{"uv":[6.75,10,7.15,14.3],"texture":"#0"},"east":{"uv":[0,0,1,8.6],"texture":"#0"},"south":{"uv":[7.15,10,6.75,14.3],"texture":"#0"},"west":{"uv":[0,0,1,8.6],"texture":"#0"},"up":{"uv":[0,0,0.8,1],"texture":"#0"},"down":{"uv":[0,0,0.8,1],"texture":"#0"}}},{"from":[-10.236,-3.21489,9.3365],"to":[-7.04,18.96911,11.2165],"rotation":{"angle":0,"axis":"y","origin":[8,8,10.3]},"faces":{"north":{"uv":[9,8.25,9.85,14.15],"texture":"#0"},"east":{"uv":[0,0,1,11.8],"texture":"#0"},"south":{"uv":[9.85,8.25,9,14.15],"texture":"#0"},"west":{"uv":[0,0,1,11.8],"texture":"#0"},"up":{"uv":[0,0,1.7,1],"texture":"#0"},"down":{"uv":[0,0,1.7,1],"texture":"#0"}}},{"from":[-7.087,-4.01889,9.3365],"to":[-3.233,20.47311,11.2165],"rotation":{"angle":0,"axis":"y","origin":[8,8,10.3]},"faces":{"north":{"uv":[11,8,11.8,14.7],"texture":"#0"},"east":{"uv":[0,0,1,13.4],"texture":"#0"},"south":{"uv":[11.8,8,11,14.7],"texture":"#0"},"west":{"uv":[0,0,1,13.4],"texture":"#0"},"up":{"uv":[0,0,1.6,1],"texture":"#0"},"down":{"uv":[0,0,1.6,1],"texture":"#0"}}},{"from":[14.8432,-6.95287,7.3437],"to":[16.9488,22.60073,13.2093],"rotation":{"angle":0,"axis":"y","origin":[8,8,10.3]},"faces":{"north":{"uv":[0,2.37,13.72,1.325],"rotation":270,"texture":"#0"},"east":{"uv":[0,0.2325,0.92,0],"rotation":270,"texture":"#0"},"south":{"uv":[0,2.37,13.72,1.325],"rotation":270,"texture":"#0"},"west":{"uv":[0,1.495,13.72,1.425],"rotation":270,"texture":"#0"},"up":{"uv":[0,0.2325,0.92,0],"rotation":270,"texture":"#0"},"down":{"uv":[0,0.2325,0.92,0],"rotation":270,"texture":"#0"}}},{"from":[9.9552,-6.95287,7.3437],"to":[12.0608,22.60073,13.2093],"rotation":{"angle":0,"axis":"y","origin":[8,8,10.3]},"faces":{"north":{"uv":[0,2.37,13.72,1.325],"rotation":270,"texture":"#0"},"east":{"uv":[0,0.2325,0.92,0],"rotation":270,"texture":"#0"},"south":{"uv":[0,2.37,13.72,1.325],"rotation":270,"texture":"#0"},"west":{"uv":[0,1.495,13.72,1.425],"rotation":270,"texture":"#0"},"up":{"uv":[0,0.2325,0.92,0],"rotation":270,"texture":"#0"},"down":{"uv":[0,0.2325,0.92,0],"rotation":270,"texture":"#0"}}},{"from":[19.5432,-4.69687,7.3437],"to":[21.6488,20.90873,13.2093],"rotation":{"angle":0,"axis":"y","origin":[8,8,10.3]},"faces":{"north":{"uv":[0,2.37,13.72,1.325],"rotation":270,"texture":"#0"},"east":{"uv":[0,0.2325,0.92,0],"rotation":270,"texture":"#0"},"south":{"uv":[0,2.37,13.72,1.325],"rotation":270,"texture":"#0"},"west":{"uv":[0,1.495,13.72,1.425],"rotation":270,"texture":"#0"},"up":{"uv":[0,0.2325,0.92,0],"rotation":270,"texture":"#0"},"down":{"uv":[0,0.2325,0.92,0],"rotation":270,"texture":"#0"}}},{"from":[23.8672,-2.62887,7.3437],"to":[25.9728,19.21673,13.2093],"rotation":{"angle":0,"axis":"y","origin":[8,8,10.3]},"faces":{"north":{"uv":[0,2.37,13.72,1.325],"rotation":270,"texture":"#0"},"east":{"uv":[0,0.2325,0.92,0],"rotation":270,"texture":"#0"},"south":{"uv":[0,2.37,13.72,1.325],"rotation":270,"texture":"#0"},"west":{"uv":[0,1.495,13.72,1.425],"rotation":270,"texture":"#0"},"up":{"uv":[0,0.2325,0.92,0],"rotation":270,"texture":"#0"},"down":{"uv":[0,0.2325,0.92,0],"rotation":270,"texture":"#0"}}},{"from":[-9.9728,-2.62887,7.3437],"to":[-7.8672,19.21673,13.2093],"rotation":{"angle":0,"axis":"y","origin":[8,8,10.3]},"faces":{"north":{"uv":[0,1.325,13.72,2.37],"rotation":270,"texture":"#0"},"east":{"uv":[0,1.425,13.72,1.495],"rotation":270,"texture":"#0"},"south":{"uv":[0,1.325,13.72,2.37],"rotation":270,"texture":"#0"},"west":{"uv":[0,0,0.92,0.2325],"rotation":270,"texture":"#0"},"up":{"uv":[0,0,0.92,0.2325],"rotation":270,"texture":"#0"},"down":{"uv":[0,0,0.92,0.2325],"rotation":270,"texture":"#0"}}},{"from":[-5.6488,-4.69687,7.3437],"to":[-3.5432,20.90873,13.2093],"rotation":{"angle":0,"axis":"y","origin":[8,8,10.3]},"faces":{"north":{"uv":[0,1.325,13.72,2.37],"rotation":270,"texture":"#0"},"east":{"uv":[0,1.425,13.72,1.495],"rotation":270,"texture":"#0"},"south":{"uv":[0,1.325,13.72,2.37],"rotation":270,"texture":"#0"},"west":{"uv":[0,0,0.92,0.2325],"rotation":270,"texture":"#0"},"up":{"uv":[0,0,0.92,0.2325],"rotation":270,"texture":"#0"},"down":{"uv":[0,0,0.92,0.2325],"rotation":270,"texture":"#0"}}},{"from":[-0.9488,-6.95287,7.3437],"to":[1.1568,22.60073,13.2093],"rotation":{"angle":0,"axis":"y","origin":[8,8,10.3]},"faces":{"north":{"uv":[0,1.325,13.72,2.37],"rotation":270,"texture":"#0"},"east":{"uv":[0,1.425,13.72,1.495],"rotation":270,"texture":"#0"},"south":{"uv":[0,1.325,13.72,2.37],"rotation":270,"texture":"#0"},"west":{"uv":[0,0,0.92,0.2325],"rotation":270,"texture":"#0"},"up":{"uv":[0,0,0.92,0.2325],"rotation":270,"texture":"#0"},"down":{"uv":[0,0,0.92,0.2325],"rotation":270,"texture":"#0"}}},{"from":[3.9392,-6.95287,7.3437],"to":[6.0448,22.60073,13.2093],"rotation":{"angle":0,"axis":"y","origin":[8,8,10.3]},"faces":{"north":{"uv":[0,1.325,13.72,2.37],"rotation":270,"texture":"#0"},"east":{"uv":[0,1.425,13.72,1.495],"rotation":270,"texture":"#0"},"south":{"uv":[0,1.325,13.72,2.37],"rotation":270,"texture":"#0"},"west":{"uv":[0,0,0.92,0.2325],"rotation":270,"texture":"#0"},"up":{"uv":[0,0,0.92,0.2325],"rotation":270,"texture":"#0"},"down":{"uv":[0,0,0.92,0.2325],"rotation":270,"texture":"#0"}}}],"gui_light":"front","display":{"thirdperson_righthand":{"rotation":[1.54,-20.03,8.68],"translation":[0,2.75,0.25],"scale":[0.38,0.38,0.39]},"thirdperson_lefthand":{"rotation":[1.54,-20.03,8.68],"translation":[0,2.75,0.25],"scale":[0.38,0.38,0.39]},"firstperson_righthand":{"scale":[0,0,0]},"firstperson_lefthand":{"scale":[0,0,0]},"ground":{"rotation":[36,0,0],"translation":[0,0.75,0],"scale":[0.37,0.37,0.37]},"gui":{"rotation":[18,157,0],"scale":[0.3,0.3,0.3]},"head":{"translation":[0,-12.5,-4.5],"scale":[2,2,2]},"fixed":{"translation":[0,0,-7]}}}