{"credit":"MadewithBlockbench","texture_size":[24,24],"textures":{"0":"elitecreatures:japan_furniture_v1/pillar_wood_2","particle":"elitecreatures:japan_furniture_v1/pillar_wood_2"},"elements":[{"from":[5.264,1.86754,5.264],"to":[10.736,12.81154,10.736],"rotation":{"angle":0,"axis":"y","origin":[8,8.17634,8]},"faces":{"north":{"uv":[0,10.64167,2.72917,16],"texture":"#0"},"east":{"uv":[0,10.64167,2.72917,16],"texture":"#0"},"south":{"uv":[0,10.64167,2.72917,16],"texture":"#0"},"west":{"uv":[0,10.64167,2.72917,16],"texture":"#0"},"up":{"uv":[1.375,1.64167,4.10417,4.35833],"texture":"#0"},"down":{"uv":[0,0,1,1],"texture":"#missing"}}},{"from":[4.9904,2.1685,10.2572],"to":[5.8112,12.92098,11.0096],"rotation":{"angle":0,"axis":"y","origin":[8,11.2133,8]},"faces":{"north":{"uv":[0.4,0,0.375,5.24],"texture":"#0"},"east":{"uv":[0.4,0,0.375,5.24],"texture":"#0"},"south":{"uv":[0,0,0.4,5.24],"texture":"#0"},"west":{"uv":[0.4,0,0,5.24],"texture":"#0"},"up":{"uv":[5.1097,0.5016,4.625,0],"texture":"#0"},"down":{"uv":[0,0,1,1],"texture":"#missing"}}},{"from":[10.1888,2.1685,10.2572],"to":[11.0096,12.92098,11.0096],"rotation":{"angle":0,"axis":"y","origin":[8,11.2133,8]},"faces":{"north":{"uv":[0.375,0,0.4,5.24],"texture":"#0"},"east":{"uv":[0,0,0.4,5.24],"texture":"#0"},"south":{"uv":[0.4,0,0,5.24],"texture":"#0"},"west":{"uv":[0.375,0,0.4,5.24],"texture":"#0"},"up":{"uv":[5.1097,0.5016,4.625,0],"texture":"#0"},"down":{"uv":[1,0,0,1],"texture":"#missing"}}},{"from":[4.9904,2.1685,4.9904],"to":[5.8112,12.92098,5.7428],"rotation":{"angle":0,"axis":"y","origin":[8,11.2133,8]},"faces":{"north":{"uv":[0.4,0,0,5.24],"texture":"#0"},"east":{"uv":[0.375,0,0.4,5.24],"texture":"#0"},"south":{"uv":[0.375,0,0.4,5.24],"texture":"#0"},"west":{"uv":[0,0,0.4,5.24],"texture":"#0"},"up":{"uv":[5.1097,0.5016,4.625,0],"texture":"#0"},"down":{"uv":[0,1,1,0],"texture":"#missing"}}},{"from":[10.1888,2.1685,4.9904],"to":[11.0096,12.92098,5.7428],"rotation":{"angle":0,"axis":"y","origin":[8,11.2133,8]},"faces":{"north":{"uv":[0,0,0.4,5.24],"texture":"#0"},"east":{"uv":[0.4,0,0,5.24],"texture":"#0"},"south":{"uv":[0.4,0,0.375,5.24],"texture":"#0"},"west":{"uv":[0.4,0,0.375,5.24],"texture":"#0"},"up":{"uv":[5.1097,0.5016,4.625,0],"texture":"#0"},"down":{"uv":[1,1,0,0],"texture":"#missing"}}},{"from":[4.4432,-0.2939,4.4432],"to":[11.5568,2.11378,11.5568],"rotation":{"angle":0,"axis":"y","origin":[8,11.2133,8]},"faces":{"north":{"uv":[1,0,4.46667,1.23583],"texture":"#0"},"east":{"uv":[1,0,4.46667,1.23583],"texture":"#0"},"south":{"uv":[1,0,4.46667,1.23583],"texture":"#0"},"west":{"uv":[1,0,4.46667,1.23583],"texture":"#0"},"up":{"uv":[1,1.25,4.49167,4.75417],"texture":"#0"},"down":{"uv":[1,1.25,4.49167,4.75417],"texture":"#0"}}}],"gui_light":"front","display":{"thirdperson_righthand":{"rotation":[18.25,0,0],"translation":[0,2.5,1.5],"scale":[0.56,0.56,0.57]},"thirdperson_lefthand":{"rotation":[18.25,0,0],"translation":[0,2.5,1.5],"scale":[0.56,0.56,0.57]},"firstperson_righthand":{"translation":[0,3,0],"scale":[0,0,0]},"firstperson_lefthand":{"translation":[0,3,0],"scale":[0,0,0]},"ground":{"translation":[0,3.25,0],"scale":[0.76,0.75,0.73]},"gui":{"rotation":[20,144,0],"translation":[0,1,0],"scale":[0.8,0.8,0.8]},"head":{"translation":[0,-11.25,0],"scale":[3.54,4,3.54]},"fixed":{"translation":[0,5,-6.75],"scale":[1.51,1.48,1.41]}}}