{"credit":"MadewithBlockbench","texture_size":[28,28],"textures":{"0":"elitecreatures:japan_furniture_v1/wall","particle":"elitecreatures:japan_furniture_v1/wall"},"elements":[{"from":[9.955,-0.14,2.985],"to":[11.935,15.79,9.865],"rotation":{"angle":0,"axis":"y","origin":[4.795,8,4]},"faces":{"north":{"uv":[1.75,0,2.79214,7.56],"texture":"#0"},"east":{"uv":[0,0,3.91714,7.56],"texture":"#0"},"south":{"uv":[2.79214,0,1.75,7.56],"texture":"#0"},"west":{"uv":[2.75,0,2.79214,7.56],"texture":"#0"},"up":{"uv":[3.935,3.04214,0,1.875],"rotation":90,"texture":"#0"},"down":{"uv":[1.75,7.5,2.79214,7.56],"texture":"#0"}}},{"from":[7.36668,15.42762,3.035],"to":[9.34668,18.35762,9.79],"rotation":{"angle":-22.5,"axis":"z","origin":[2.20668,10.56762,4]},"faces":{"north":{"uv":[1.54214,1.935,0,0],"texture":"#0"},"east":{"uv":[0,0,1,1],"texture":"#0"},"south":{"uv":[0,1.935,1.54214,0],"texture":"#0"},"west":{"uv":[0,1.7975,3.91714,0],"texture":"#0"},"up":{"uv":[0,0,1,1],"rotation":270,"texture":"#0"},"down":{"uv":[0,0,1,1],"rotation":90,"texture":"#0"}}},{"from":[8.83374,-0.14697,3.01],"to":[9.98874,13.08303,9.84],"rotation":{"angle":0,"axis":"y","origin":[3.67374,5.29303,4]},"faces":{"north":{"uv":[0.91714,0,0,7.56],"texture":"#0"},"east":{"uv":[0,0,1,1],"texture":"#0"},"south":{"uv":[0,0,0.91714,7.56],"texture":"#0"},"west":{"uv":[0,0,3.91714,7.56],"texture":"#0"},"up":{"uv":[0.91714,0,0,0],"rotation":180,"texture":"#0"},"down":{"uv":[0.91714,7.5,0,7.56],"texture":"#0"}}},{"from":[3.655,-0.17197,8.03874],"to":[10.485,13.05803,9.19374],"rotation":{"angle":0,"axis":"y","origin":[9.495,5.26803,2.87874]},"faces":{"north":{"uv":[0,0,3.91714,7.56],"texture":"#0"},"east":{"uv":[0.91714,0,0,7.56],"texture":"#0"},"south":{"uv":[0,0,1,1],"texture":"#0"},"west":{"uv":[0,0,0.91714,7.56],"texture":"#0"},"up":{"uv":[0.91714,0,0,0],"rotation":270,"texture":"#0"},"down":{"uv":[0.91714,7.5,0,7.56],"rotation":270,"texture":"#0"}}},{"from":[3.705,15.40262,6.57168],"to":[10.46,18.33262,8.55168],"rotation":{"angle":22.5,"axis":"x","origin":[9.495,10.54262,1.41168]},"faces":{"north":{"uv":[0,1.7975,3.91714,0],"texture":"#0"},"east":{"uv":[1.54214,1.935,0,0],"texture":"#0"},"south":{"uv":[0,0,1,1],"texture":"#0"},"west":{"uv":[0,1.935,1.54214,0],"texture":"#0"},"up":{"uv":[0,0,1,1],"texture":"#0"},"down":{"uv":[0,0,1,1],"texture":"#0"}}},{"from":[3.63,-0.165,9.16],"to":[10.51,15.765,11.14],"rotation":{"angle":0,"axis":"y","origin":[9.495,7.975,4]},"faces":{"north":{"uv":[2.75,0,2.79214,7.56],"texture":"#0"},"east":{"uv":[1.75,0,2.79214,7.56],"texture":"#0"},"south":{"uv":[0,0,3.91714,7.56],"texture":"#0"},"west":{"uv":[2.79214,0,1.75,7.56],"texture":"#0"},"up":{"uv":[3.935,3.04214,0,1.875],"rotation":180,"texture":"#0"},"down":{"uv":[1.75,7.5,2.79214,7.56],"rotation":270,"texture":"#0"}}},{"from":[9.01,-0.34,8.16],"to":[12.39,16.19,11.54],"rotation":{"angle":0,"axis":"y","origin":[4.875,8,4]},"faces":{"north":{"uv":[4.625,0,5.985,9.33143],"texture":"#0"},"east":{"uv":[4.625,0,5.985,9.33143],"texture":"#0"},"south":{"uv":[4.625,0,5.985,9.33143],"texture":"#0"},"west":{"uv":[4.625,0,5.985,9.33143],"texture":"#0"},"up":{"uv":[6.625,0,7.985,1.36],"texture":"#0"},"down":{"uv":[6.625,0,7.985,1.36],"texture":"#0"}}}],"gui_light":"front","display":{"thirdperson_righthand":{"rotation":[16.25,0,0],"translation":[0,0.75,0.25],"scale":[0.42,0.42,0.43]},"thirdperson_lefthand":{"rotation":[16.25,0,0],"translation":[0,0.75,0.25],"scale":[0.42,0.42,0.43]},"firstperson_righthand":{"scale":[0,0,0]},"firstperson_lefthand":{"scale":[0,0,0]},"ground":{"translation":[0,1.5,0],"scale":[0.5,0.5,0.5]},"gui":{"rotation":[19,122,0],"translation":[0,-0.5,0],"scale":[0.83,0.83,0.84]},"head":{"translation":[-1.25,-10.25,1.75],"scale":[4,4,4]},"fixed":{"translation":[0,0,-5.5]}}}