{"credit":"MadewithBlockbench","texture_size":[28,28],"textures":{"0":"elitecreatures:japan_furniture_v1/door_1","particle":"elitecreatures:japan_furniture_v1/door_1"},"elements":[{"from":[-0.56231,20.13999,7.34342],"to":[16.56231,24.80303,8.65658],"rotation":{"angle":0,"axis":"y","origin":[8,8,8]},"faces":{"north":{"uv":[8.55286,10.875,1.25,12.86357],"texture":"#0"},"east":{"uv":[1,0,0,1],"texture":"#0"},"south":{"uv":[1.25,10.875,8.55286,12.86357],"texture":"#0"},"west":{"uv":[1,0,0,1],"texture":"#0"},"up":{"uv":[1,0,0,1],"texture":"#0"},"down":{"uv":[1,0,0,1],"texture":"#0"}}},{"from":[-3.37621,23.95886,6.80744],"to":[19.37621,25.40601,9.19256],"rotation":{"angle":0,"axis":"y","origin":[8,8,8]},"faces":{"north":{"uv":[7.74214,0.625,7.125,10.32786],"rotation":270,"texture":"#0"},"east":{"uv":[7.74214,0.625,7.125,0.70286],"rotation":270,"texture":"#0"},"south":{"uv":[7.74214,10.32786,7.125,0.625],"rotation":270,"texture":"#0"},"west":{"uv":[7.74214,0.625,7.125,0.70286],"rotation":270,"texture":"#0"},"up":{"uv":[8.99214,10.32786,7.75,0.625],"rotation":270,"texture":"#0"},"down":{"uv":[7.74214,0.625,7.125,0.70286],"rotation":270,"texture":"#0"}}},{"from":[7.9464,18.63254,7.61141],"to":[16.62931,19.8117,8.65658],"rotation":{"angle":0,"axis":"y","origin":[8,8,8]},"faces":{"north":{"uv":[1.60286,4.13143,1.125,0.5],"rotation":270,"texture":"#0"},"east":{"uv":[16,1,15,0],"rotation":90,"texture":"#0"},"south":{"uv":[1.60286,0.5,1.125,4.13143],"rotation":270,"texture":"#0"},"west":{"uv":[1.60286,0.63143,1.125,0.5],"rotation":270,"texture":"#0"},"up":{"uv":[1.22786,4.13143,1.125,0.5],"rotation":90,"texture":"#0"},"down":{"uv":[1.21536,4.13143,1.22813,0.5],"rotation":90,"texture":"#0"}}},{"from":[7.9464,14.47868,7.61141],"to":[16.49531,16.05983,8.65658],"rotation":{"angle":0,"axis":"y","origin":[8,8,8]},"faces":{"north":{"uv":[2.49929,4.14571,1.875,0.5],"rotation":270,"texture":"#0"},"east":{"uv":[16,1,15,0],"rotation":90,"texture":"#0"},"south":{"uv":[2.49929,0.5,1.875,4.14571],"rotation":270,"texture":"#0"},"west":{"uv":[2.49929,0.64571,1.875,0.5],"rotation":270,"texture":"#0"},"up":{"uv":[1.98679,4.14571,1.875,0.5],"rotation":90,"texture":"#0"},"down":{"uv":[1.98679,4.14571,1.875,0.5],"rotation":90,"texture":"#0"}}},{"from":[-0.62931,18.63254,7.61141],"to":[8.0536,19.8117,8.65658],"rotation":{"angle":0,"axis":"y","origin":[1.87808,8.73698,8.1072]},"faces":{"north":{"uv":[1.60286,0.5,1.125,4.13143],"rotation":270,"texture":"#0"},"east":{"uv":[1.60286,0.5,1.125,0.63143],"rotation":270,"texture":"#0"},"south":{"uv":[1.60286,4.13143,1.125,0.5],"rotation":270,"texture":"#0"},"west":{"uv":[16,0,15,1],"rotation":90,"texture":"#0"},"up":{"uv":[1.22786,0.5,1.125,4.13143],"rotation":90,"texture":"#0"},"down":{"uv":[1.21536,0.5,1.22813,4.13143],"rotation":90,"texture":"#0"}}},{"from":[-0.49531,14.47868,8.81737],"to":[8.0536,16.05983,9.86254],"rotation":{"angle":-22.5,"axis":"y","origin":[3.28503,7.91625,7.866]},"faces":{"north":{"uv":[2.49929,0.5,1.875,4.14571],"rotation":270,"texture":"#0"},"east":{"uv":[2.49929,0.5,1.875,0.64571],"rotation":270,"texture":"#0"},"south":{"uv":[2.49929,4.14571,1.875,0.5],"rotation":270,"texture":"#0"},"west":{"uv":[16,0,15,1],"rotation":90,"texture":"#0"},"up":{"uv":[1.98679,0.5,1.875,4.14571],"rotation":90,"texture":"#0"},"down":{"uv":[1.98679,0.5,1.875,4.14571],"rotation":90,"texture":"#0"}}},{"from":[-0.49531,6.43895,8.81737],"to":[8.0536,8.0201,9.86254],"rotation":{"angle":-22.5,"axis":"y","origin":[3.28503,7.91625,7.866]},"faces":{"north":{"uv":[2.49929,0.5,1.875,4.14571],"rotation":270,"texture":"#0"},"east":{"uv":[2.49929,0.5,1.875,0.64571],"rotation":270,"texture":"#0"},"south":{"uv":[2.49929,4.14571,1.875,0.5],"rotation":270,"texture":"#0"},"west":{"uv":[16,0,15,1],"rotation":90,"texture":"#0"},"up":{"uv":[1.98679,0.5,1.875,4.14571],"rotation":90,"texture":"#0"},"down":{"uv":[1.98679,0.5,1.875,4.14571],"rotation":90,"texture":"#0"}}},{"from":[-2.30425,-2.63924,6.94144],"to":[-0.45511,24.80303,9.05856],"rotation":{"angle":0,"axis":"y","origin":[8,8,8]},"faces":{"north":{"uv":[0.73857,0,0,11.70286],"texture":"#0"},"east":{"uv":[0.73857,0,0.675,11.70286],"texture":"#0"},"south":{"uv":[0,0,0.73857,11.70286],"texture":"#0"},"west":{"uv":[0,0,0.73857,11.70286],"texture":"#0"},"up":{"uv":[1,0,0,1],"texture":"#0"},"down":{"uv":[0.73857,11.75,0,11.67786],"rotation":180,"texture":"#0"}}},{"from":[-0.46181,-2.57224,8.68338],"to":[0.41586,20.01269,9.99653],"rotation":{"angle":-22.5,"axis":"y","origin":[3.28503,7.91625,7.866]},"faces":{"north":{"uv":[10.61357,0,1.125,0.37429],"rotation":270,"texture":"#0"},"east":{"uv":[10.61357,0,1.125,0.075],"rotation":270,"texture":"#0"},"south":{"uv":[10.61357,0.37429,1.125,0],"rotation":270,"texture":"#0"},"west":{"uv":[10.61357,0.05,1.125,0],"rotation":270,"texture":"#0"},"up":{"uv":[1.36357,0,1.125,0.37429],"rotation":270,"texture":"#0"},"down":{"uv":[10.61357,0,10.5,0.37429],"rotation":90,"texture":"#0"}}},{"from":[-0.49531,-2.53874,8.81737],"to":[8.0536,-0.9576,9.86254],"rotation":{"angle":-22.5,"axis":"y","origin":[3.28503,7.91625,7.866]},"faces":{"north":{"uv":[2.49929,0.5,1.875,4.14571],"rotation":270,"texture":"#0"},"east":{"uv":[2.49929,0.5,1.875,0.64571],"rotation":270,"texture":"#0"},"south":{"uv":[2.49929,4.14571,1.875,0.5],"rotation":270,"texture":"#0"},"west":{"uv":[16,0,15,1],"rotation":90,"texture":"#0"},"up":{"uv":[1.98679,0.5,1.875,4.14571],"rotation":90,"texture":"#0"},"down":{"uv":[1.98679,0.5,1.875,4.14571],"rotation":90,"texture":"#0"}}},{"from":[7.9464,-2.53874,7.61141],"to":[16.49531,-0.9576,8.65658],"rotation":{"angle":0,"axis":"y","origin":[8,8,8]},"faces":{"north":{"uv":[2.49929,4.14571,1.875,0.5],"rotation":270,"texture":"#0"},"east":{"uv":[16,1,15,0],"rotation":90,"texture":"#0"},"south":{"uv":[2.49929,0.5,1.875,4.14571],"rotation":270,"texture":"#0"},"west":{"uv":[2.49929,0.64571,1.875,0.5],"rotation":270,"texture":"#0"},"up":{"uv":[1.98679,4.14571,1.875,0.5],"rotation":90,"texture":"#0"},"down":{"uv":[1.98679,4.14571,1.875,0.5],"rotation":90,"texture":"#0"}}},{"from":[8.0134,7.81241,7.74541],"to":[16.7633,15.28935,8.41539],"rotation":{"angle":0,"axis":"y","origin":[8,8,8]},"faces":{"north":{"uv":[3,2.525,6.70286,5.40286],"texture":"#0"},"east":{"uv":[0,0,1,1],"texture":"#0"},"south":{"uv":[6.70286,2.525,3,5.40286],"texture":"#0"},"west":{"uv":[6.625,2.525,6.70286,5.40286],"texture":"#0"},"up":{"uv":[0,0,1,1],"texture":"#0"},"down":{"uv":[0,0,1,1],"texture":"#0"}}},{"from":[7.9464,6.43895,7.61141],"to":[16.49531,8.0201,8.65658],"rotation":{"angle":0,"axis":"y","origin":[8,8,8]},"faces":{"north":{"uv":[2.49929,4.14571,1.875,0.5],"rotation":270,"texture":"#0"},"east":{"uv":[16,1,15,0],"rotation":90,"texture":"#0"},"south":{"uv":[2.49929,0.5,1.875,4.14571],"rotation":270,"texture":"#0"},"west":{"uv":[2.49929,0.64571,1.875,0.5],"rotation":270,"texture":"#0"},"up":{"uv":[1.98679,4.14571,1.875,0.5],"rotation":90,"texture":"#0"},"down":{"uv":[1.98679,4.14571,1.875,0.5],"rotation":90,"texture":"#0"}}},{"from":[15.58414,-2.57224,7.47742],"to":[16.46181,20.01269,8.79057],"rotation":{"angle":0,"axis":"y","origin":[8,8,8]},"faces":{"north":{"uv":[10.61357,0.37429,1.125,0],"rotation":270,"texture":"#0"},"east":{"uv":[10.61357,0,1.125,0.05],"rotation":270,"texture":"#0"},"south":{"uv":[10.61357,0,1.125,0.37429],"rotation":270,"texture":"#0"},"west":{"uv":[10.61357,0.075,1.125,0],"rotation":270,"texture":"#0"},"up":{"uv":[1.36357,0.37429,1.125,0],"rotation":270,"texture":"#0"},"down":{"uv":[10.61357,0.37429,10.5,0],"rotation":90,"texture":"#0"}}},{"from":[16.45511,-2.63924,6.94144],"to":[18.30425,24.80303,9.05856],"rotation":{"angle":0,"axis":"y","origin":[8,8,8]},"faces":{"north":{"uv":[0,0,0.73857,11.70286],"texture":"#0"},"east":{"uv":[0.73857,0,0,11.70286],"texture":"#0"},"south":{"uv":[0.73857,0,0,11.70286],"texture":"#0"},"west":{"uv":[0.675,0,0.73857,11.70286],"texture":"#0"},"up":{"uv":[0,0,1,1],"texture":"#0"},"down":{"uv":[0,11.75,0.73857,11.67786],"rotation":180,"texture":"#0"}}},{"from":[8.0134,-1.16529,7.74541],"to":[16.7633,6.57965,8.41539],"rotation":{"angle":0,"axis":"y","origin":[8,8,8]},"faces":{"north":{"uv":[3,2.525,6.73143,5.82786],"texture":"#0"},"east":{"uv":[0,0,1,1],"texture":"#0"},"south":{"uv":[6.73143,2.525,3,5.82786],"texture":"#0"},"west":{"uv":[6.5875,2.525,6.73143,5.82786],"texture":"#0"},"up":{"uv":[0,0,1,1],"texture":"#0"},"down":{"uv":[0,0,1,1],"texture":"#0"}}},{"from":[8.0134,15.85213,7.74541],"to":[16.7633,19.30922,8.41539],"rotation":{"angle":0,"axis":"y","origin":[8,8,8]},"faces":{"north":{"uv":[3,2.525,6.73143,3.99929],"texture":"#0"},"east":{"uv":[0,0,1,1],"texture":"#0"},"south":{"uv":[6.73143,2.525,3,3.99929],"texture":"#0"},"west":{"uv":[6.5875,2.525,6.73143,3.99929],"texture":"#0"},"up":{"uv":[0,0,1,1],"texture":"#0"},"down":{"uv":[0,0,1,1],"texture":"#0"}}},{"from":[-0.7633,15.85213,8.95137],"to":[7.9866,19.30922,9.62135],"rotation":{"angle":-22.5,"axis":"y","origin":[3.28503,7.91625,7.866]},"faces":{"north":{"uv":[6.73143,2.525,3,3.99929],"texture":"#0"},"east":{"uv":[6.73143,2.525,6.5875,3.99929],"texture":"#0"},"south":{"uv":[3,2.525,6.73143,3.99929],"texture":"#0"},"west":{"uv":[1,0,0,1],"texture":"#0"},"up":{"uv":[1,0,0,1],"texture":"#0"},"down":{"uv":[1,0,0,1],"texture":"#0"}}},{"from":[-0.7633,7.81241,8.95137],"to":[7.9866,15.28935,9.62135],"rotation":{"angle":-22.5,"axis":"y","origin":[3.28503,7.91625,7.866]},"faces":{"north":{"uv":[6.70286,2.525,3,5.40286],"texture":"#0"},"east":{"uv":[6.70286,2.525,6.625,5.40286],"texture":"#0"},"south":{"uv":[3,2.525,6.70286,5.40286],"texture":"#0"},"west":{"uv":[1,0,0,1],"texture":"#0"},"up":{"uv":[1,0,0,1],"texture":"#0"},"down":{"uv":[1,0,0,1],"texture":"#0"}}},{"from":[-0.7633,-1.16529,8.95137],"to":[7.9866,6.57965,9.62135],"rotation":{"angle":-22.5,"axis":"y","origin":[3.28503,7.91625,7.866]},"faces":{"north":{"uv":[6.73143,2.525,3,5.82786],"texture":"#0"},"east":{"uv":[6.73143,2.525,6.5875,5.82786],"texture":"#0"},"south":{"uv":[3,2.525,6.73143,5.82786],"texture":"#0"},"west":{"uv":[1,0,0,1],"texture":"#0"},"up":{"uv":[1,0,0,1],"texture":"#0"},"down":{"uv":[1,0,0,1],"texture":"#0"}}},{"from":[-3.37621,19.671,6.80744],"to":[19.37621,21.11816,9.19256],"rotation":{"angle":0,"axis":"y","origin":[8,8,8]},"faces":{"north":{"uv":[7.74214,10.32786,7.125,0.625],"rotation":270,"texture":"#0"},"east":{"uv":[7.74214,0.625,7.125,0.70286],"rotation":270,"texture":"#0"},"south":{"uv":[7.74214,0.625,7.125,10.32786],"rotation":270,"texture":"#0"},"west":{"uv":[7.74214,0.625,7.125,0.70286],"rotation":270,"texture":"#0"},"up":{"uv":[8.99214,10.32786,7.75,0.625],"rotation":270,"texture":"#0"},"down":{"uv":[7.74214,0.625,7.125,0.70286],"rotation":270,"texture":"#0"}}},{"from":[5.34689,9.00497,8.21439],"to":[7.83921,13.56081,9.39355],"rotation":{"angle":-22.5,"axis":"y","origin":[3.28503,7.91625,7.866]},"faces":{"north":{"uv":[11.71643,1.375,10.625,3.24196],"texture":"#0"},"east":{"uv":[11.71643,1.375,11.6625,3.24196],"texture":"#0"},"south":{"uv":[10.625,1.375,12.71643,3.24196],"texture":"#0"},"west":{"uv":[10.70393,1.8125,10.6375,3.07946],"texture":"#0"},"up":{"uv":[10.70393,1.8125,10.6375,3.07946],"texture":"#0"},"down":{"uv":[10.70393,1.8125,10.6375,3.07946],"texture":"#0"}}},{"from":[8.16079,9.00497,7.00843],"to":[10.65311,13.56081,8.18759],"rotation":{"angle":0,"axis":"y","origin":[11.61788,11.28289,7.59801]},"faces":{"north":{"uv":[10.625,1.375,11.71643,3.24196],"texture":"#0"},"east":{"uv":[10.6375,1.8125,10.70393,3.07946],"texture":"#0"},"south":{"uv":[12.71643,1.375,10.625,3.24196],"texture":"#0"},"west":{"uv":[11.6625,1.375,11.71643,3.24196],"texture":"#0"},"up":{"uv":[10.6375,1.8125,10.70393,3.07946],"texture":"#0"},"down":{"uv":[10.6375,1.8125,10.70393,3.07946],"texture":"#0"}}}],"gui_light":"front","display":{"thirdperson_righthand":{"rotation":[8.5,0,0],"translation":[-0.25,0,0],"scale":[0.37,0.37,0.36]},"thirdperson_lefthand":{"rotation":[8.5,0,0],"translation":[-0.25,0,0],"scale":[0.37,0.37,0.36]},"firstperson_righthand":{"scale":[0,0,0]},"firstperson_lefthand":{"scale":[0,0,0]},"ground":{"translation":[0,0.25,0],"scale":[0.33,0.33,0.31]},"gui":{"rotation":[24,164,0],"translation":[0,-1.75,0],"scale":[0.53,0.53,0.53]},"head":{"translation":[0,-1,-9],"scale":[4,4,4]},"fixed":{"translation":[0,-2,-3.25]}}}