{"credit":"MadewithBlockbench","texture_size":[64,64],"textures":{"0":"elitecreatures:japan_furniture_v1/bookshelf","particle":"elitecreatures:japan_furniture_v1/bookshelf"},"elements":[{"from":[2,4,6],"to":[14,4.5,10],"faces":{"north":{"uv":[0,8,12,8.5],"texture":"#0"},"east":{"uv":[0,8.5,4,9],"texture":"#0"},"south":{"uv":[0,8,12,8.5],"texture":"#0"},"west":{"uv":[0,8.5,4,9],"texture":"#0"},"up":{"uv":[0,4,12,8],"texture":"#0"},"down":{"uv":[0,4,12,8],"texture":"#0"}}},{"from":[2,0,6],"to":[14,0.5,10],"faces":{"north":{"uv":[0,8,12,8.5],"texture":"#0"},"east":{"uv":[0,8.5,4,9],"texture":"#0"},"south":{"uv":[0,8,12,8.5],"texture":"#0"},"west":{"uv":[0,8.5,4,9],"texture":"#0"},"up":{"uv":[0,4,12,8],"texture":"#0"},"down":{"uv":[0,4,12,8],"texture":"#0"}}},{"from":[12.5,0.5,6],"to":[13,4,10],"faces":{"north":{"uv":[4,0,4.5,4],"texture":"#0"},"east":{"uv":[0,0,4,4],"texture":"#0"},"south":{"uv":[4.5,0,4,4],"texture":"#0"},"west":{"uv":[0,0,4,4],"texture":"#0"}}},{"from":[10.75,0.5,6],"to":[11.25,4,10],"faces":{"north":{"uv":[4,0,4.5,4],"texture":"#0"},"east":{"uv":[4.5,0,8.5,4],"texture":"#0"},"south":{"uv":[4.5,0,4,4],"texture":"#0"},"west":{"uv":[4.5,0,8.5,4],"texture":"#0"}}},{"from":[8.75,0.5,6],"to":[9.25,4,10],"faces":{"north":{"uv":[4,0,4.5,4],"texture":"#0"},"east":{"uv":[4.5,0,8.5,4],"texture":"#0"},"south":{"uv":[4.5,0,4,4],"texture":"#0"},"west":{"uv":[4.5,0,8.5,4],"texture":"#0"}}},{"from":[6.75,0.5,6],"to":[7.25,4,10],"faces":{"north":{"uv":[4,0,4.5,4],"texture":"#0"},"east":{"uv":[4.5,0,8.5,4],"texture":"#0"},"south":{"uv":[4.5,0,4,4],"texture":"#0"},"west":{"uv":[4.5,0,8.5,4],"texture":"#0"}}},{"from":[4.75,0.5,6],"to":[5.25,4,10],"faces":{"north":{"uv":[4,0,4.5,4],"texture":"#0"},"east":{"uv":[4.5,0,8.5,4],"texture":"#0"},"south":{"uv":[4.5,0,4,4],"texture":"#0"},"west":{"uv":[4.5,0,8.5,4],"texture":"#0"}}},{"from":[3,0.5,6],"to":[3.5,4,10],"faces":{"north":{"uv":[4,0,4.5,4],"texture":"#0"},"east":{"uv":[0,0,4,4],"texture":"#0"},"south":{"uv":[4.5,0,4,4],"texture":"#0"},"west":{"uv":[0,0,4,4],"texture":"#0"}}}],"gui_light":"front","display":{"thirdperson_righthand":{"rotation":[16.25,0,0],"translation":[-0.25,3,1.5],"scale":[0.44,0.46,0.48]},"thirdperson_lefthand":{"rotation":[16.25,0,0],"translation":[-0.25,3,1.5],"scale":[0.44,0.46,0.48]},"firstperson_righthand":{"scale":[0,0,0]},"firstperson_lefthand":{"scale":[0,0,0]},"ground":{"translation":[0,4,0],"scale":[0.66,0.66,0.67]},"gui":{"rotation":[24,164,0],"translation":[0,6,0],"scale":[1.26,1.21,1.21]},"head":{"translation":[0,-11,-4.75],"scale":[4,4,4]},"fixed":{"translation":[0,5.25,-3.25],"scale":[1.3,1.25,1.25]}}}