{
	"credit": "Made with Blockbench",
	"texture_size": [28, 28],
	"textures": {
		"0": "elitecreatures:japan_furniture_v1/door_2",
		"particle": "elitecreatures:japan_furniture_v1/door_2"
	},
	"elements": [
		{
			"from": [-2.6974, 25.0866, 6.8786],
			"to": [18.6974, 26.4474, 9.1214],
			"rotation": {"angle": 0, "axis": "y", "origin": [8, 10.08, 8]},
			"faces": {
				"north": {"uv": [16, 0, 15.13286, 11.95286], "rotation": 270, "texture": "#0"},
				"east": {"uv": [7.74214, 0.625, 7.125, 0.70286], "rotation": 270, "texture": "#0"},
				"south": {"uv": [16, 11.95286, 15.13286, 0], "rotation": 270, "texture": "#0"},
				"west": {"uv": [7.74214, 0.625, 7.125, 0.70286], "rotation": 270, "texture": "#0"},
				"up": {"uv": [15.125, 11.95286, 13.88286, 0], "rotation": 270, "texture": "#0"},
				"down": {"uv": [7.74214, 0.625, 7.125, 0.70286], "rotation": 270, "texture": "#0"}
			}
		},
		{
			"from": [-1.6894, 0.0756, 7.0046],
			"to": [0.0494, 25.8804, 8.9954],
			"rotation": {"angle": 0, "axis": "y", "origin": [8, 10.08, 8]},
			"faces": {
				"north": {"uv": [0.73857, 0, 0, 11.70286], "texture": "#0"},
				"east": {"uv": [0.73857, 0, 0.675, 11.70286], "texture": "#0"},
				"south": {"uv": [0, 0, 0.73857, 11.70286], "texture": "#0"},
				"west": {"uv": [0.125, 0, 0.86357, 11.70286], "texture": "#0"},
				"up": {"uv": [1, 0, 0, 1], "texture": "#0"},
				"down": {"uv": [0.73857, 11.75, 0, 11.67786], "rotation": 180, "texture": "#0"}
			}
		},
		{
			"from": [15.9506, 0.0756, 7.0046],
			"to": [17.6894, 25.8804, 8.9954],
			"rotation": {"angle": 0, "axis": "y", "origin": [8, 10.08, 8]},
			"faces": {
				"north": {"uv": [0, 0, 0.73857, 11.70286], "texture": "#0"},
				"east": {"uv": [0.86357, 0, 0.125, 11.70286], "texture": "#0"},
				"south": {"uv": [0.73857, 0, 0, 11.70286], "texture": "#0"},
				"west": {"uv": [0.675, 0, 0.73857, 11.70286], "texture": "#0"},
				"up": {"uv": [0, 0, 1, 1], "texture": "#0"},
				"down": {"uv": [0, 11.75, 0.73857, 11.67786], "rotation": 180, "texture": "#0"}
			}
		},
		{
			"from": [-0.70036, 0.1701, 8.51339],
			"to": [0.28244, 1.6569, 16.55219],
			"rotation": {"angle": 0, "axis": "y", "origin": [0.40063, 12.663, 7.51641]},
			"faces": {
				"north": {"uv": [16, 0, 15, 1], "rotation": 90, "texture": "#0"},
				"east": {"uv": [2.49929, 0.5, 1.875, 4.14571], "rotation": 270, "texture": "#0"},
				"south": {"uv": [2.49929, 0.5, 1.875, 0.64571], "rotation": 270, "texture": "#0"},
				"west": {"uv": [2.49929, 4.14571, 1.875, 0.5], "rotation": 270, "texture": "#0"},
				"up": {"uv": [1.98679, 0.5, 1.875, 4.14571], "rotation": 180, "texture": "#0"},
				"down": {"uv": [2.48679, 0.5, 2.375, 4.14571], "texture": "#0"}
			}
		},
		{
			"from": [-0.70036, 20.2041, 8.38739],
			"to": [0.28244, 21.3129, 16.55219],
			"rotation": {"angle": 0, "axis": "y", "origin": [0.40063, 12.663, 7.51641]},
			"faces": {
				"north": {"uv": [16, 0, 15, 1], "rotation": 90, "texture": "#0"},
				"east": {"uv": [1.60286, 0.5, 1.125, 4.13143], "rotation": 270, "texture": "#0"},
				"south": {"uv": [1.60286, 0.5, 1.125, 0.63143], "rotation": 270, "texture": "#0"},
				"west": {"uv": [1.60286, 4.13143, 1.125, 0.5], "rotation": 270, "texture": "#0"},
				"up": {"uv": [1.22786, 0.5, 1.125, 4.13143], "rotation": 180, "texture": "#0"},
				"down": {"uv": [1.21536, 0.5, 1.22813, 4.13143], "texture": "#0"}
			}
		},
		{
			"from": [-0.82636, 0.1386, 8.54489],
			"to": [0.40844, 25.1559, 9.62219],
			"rotation": {"angle": 0, "axis": "y", "origin": [0.40063, 12.663, 7.51641]},
			"faces": {
				"north": {"uv": [11.34571, 15.51143, 0, 15.6], "rotation": 270, "texture": "#0"},
				"east": {"uv": [11.34571, 15.51143, 0, 16], "rotation": 270, "texture": "#0"},
				"south": {"uv": [11.34571, 15.51143, 0, 15.6], "rotation": 270, "texture": "#0"},
				"west": {"uv": [11.34571, 16, 0, 15.51143], "rotation": 270, "texture": "#0"},
				"up": {"uv": [1.36357, 0, 1.125, 0.37429], "texture": "#0"},
				"down": {"uv": [11.34571, 15.51143, 11.125, 16], "texture": "#0"}
			}
		},
		{
			"from": [-3.89597, 0.09135, 14.59646],
			"to": [-2.66117, 25.10865, 15.67376],
			"rotation": {"angle": 22.5, "axis": "y", "origin": [0.40063, 12.663, 7.51641]},
			"faces": {
				"north": {"uv": [11.34571, 15.6, 0, 15.51143], "rotation": 270, "texture": "#0"},
				"east": {"uv": [11.34571, 16, 0, 15.51143], "rotation": 270, "texture": "#0"},
				"south": {"uv": [11.34571, 15.88643, 0, 16], "rotation": 270, "texture": "#0"},
				"west": {"uv": [11.34571, 15.51143, 0, 16], "rotation": 270, "texture": "#0"},
				"up": {"uv": [2.375, 1.6875, 2.48679, 3.13321], "rotation": 180, "texture": "#0"},
				"down": {"uv": [11.34571, 16, 11.125, 15.51143], "texture": "#0"}
			}
		},
		{
			"from": [-0.70036, 23.6691, 7.75739],
			"to": [0.28244, 25.1559, 17.05619],
			"rotation": {"angle": 0, "axis": "y", "origin": [0.40063, 12.663, 7.51641]},
			"faces": {
				"north": {"uv": [15, 0, 16, 1], "rotation": 90, "texture": "#0"},
				"east": {"uv": [1.875, 0.5, 2.49929, 4.14571], "rotation": 270, "texture": "#0"},
				"south": {"uv": [1.875, 0.5, 2.49929, 0.64571], "rotation": 270, "texture": "#0"},
				"west": {"uv": [1.875, 4.14571, 2.49929, 0.5], "rotation": 270, "texture": "#0"},
				"up": {"uv": [2.49929, 4.12571, 2.395, 0.5], "rotation": 180, "texture": "#0"},
				"down": {"uv": [1.875, 0.5, 1.98679, 4.14571], "texture": "#0"}
			}
		},
		{
			"from": [-0.70036, 15.1011, 8.51339],
			"to": [0.28244, 16.5879, 16.55219],
			"rotation": {"angle": 0, "axis": "y", "origin": [0.40063, 12.663, 7.51641]},
			"faces": {
				"north": {"uv": [15, 0, 16, 1], "rotation": 90, "texture": "#0"},
				"east": {"uv": [2.875, 0.5, 3.49929, 4.14571], "rotation": 270, "texture": "#0"},
				"south": {"uv": [2.875, 0.5, 3.49929, 0.64571], "rotation": 270, "texture": "#0"},
				"west": {"uv": [2.875, 4.14571, 3.49929, 0.5], "rotation": 270, "texture": "#0"},
				"up": {"uv": [2.875, 0.5, 2.98679, 4.14571], "rotation": 180, "texture": "#0"},
				"down": {"uv": [2.875, 0.5, 2.98679, 4.14571], "texture": "#0"}
			}
		},
		{
			"from": [-0.70036, 10.1871, 8.51339],
			"to": [0.28244, 11.6739, 16.55219],
			"rotation": {"angle": 0, "axis": "y", "origin": [0.40063, 12.663, 7.51641]},
			"faces": {
				"north": {"uv": [15, 0, 16, 1], "rotation": 90, "texture": "#0"},
				"east": {"uv": [2.875, 0.5, 3.49929, 4.14571], "rotation": 270, "texture": "#0"},
				"south": {"uv": [2.875, 0.5, 3.49929, 0.64571], "rotation": 270, "texture": "#0"},
				"west": {"uv": [2.875, 4.14571, 3.49929, 0.5], "rotation": 270, "texture": "#0"},
				"up": {"uv": [2.875, 0.5, 2.98679, 4.14571], "rotation": 180, "texture": "#0"},
				"down": {"uv": [2.875, 0.5, 2.98679, 4.14571], "texture": "#0"}
			}
		},
		{
			"from": [-0.70036, 5.1471, 8.51339],
			"to": [0.28244, 6.6339, 16.55219],
			"rotation": {"angle": 0, "axis": "y", "origin": [0.40063, 12.663, 7.51641]},
			"faces": {
				"north": {"uv": [15, 0, 16, 1], "rotation": 90, "texture": "#0"},
				"east": {"uv": [2.875, 0.5, 3.49929, 4.14571], "rotation": 270, "texture": "#0"},
				"south": {"uv": [2.875, 0.5, 3.49929, 0.64571], "rotation": 270, "texture": "#0"},
				"west": {"uv": [2.875, 4.14571, 3.49929, 0.5], "rotation": 270, "texture": "#0"},
				"up": {"uv": [2.875, 0.5, 2.98679, 4.14571], "rotation": 180, "texture": "#0"},
				"down": {"uv": [2.875, 0.5, 2.98679, 4.14571], "texture": "#0"}
			}
		},
		{
			"from": [-0.70036, 19.6371, 8.51339],
			"to": [0.28244, 21.1239, 16.55219],
			"rotation": {"angle": 0, "axis": "y", "origin": [0.40063, 12.663, 7.51641]},
			"faces": {
				"north": {"uv": [15, 0, 16, 1], "rotation": 90, "texture": "#0"},
				"east": {"uv": [2.875, 0.5, 3.49929, 4.14571], "rotation": 270, "texture": "#0"},
				"south": {"uv": [2.875, 0.5, 3.49929, 0.64571], "rotation": 270, "texture": "#0"},
				"west": {"uv": [2.875, 4.14571, 3.49929, 0.5], "rotation": 270, "texture": "#0"},
				"up": {"uv": [2.875, 0.5, 2.98679, 4.14571], "rotation": 180, "texture": "#0"},
				"down": {"uv": [2.875, 0.5, 2.98679, 4.14571], "texture": "#0"}
			}
		},
		{
			"from": [0.82121, 9.81361, 15.90329],
			"to": [1.19921, 10.69561, 16.15529],
			"rotation": {"angle": 0, "axis": "y", "origin": [0.40063, 12.663, 7.51641]},
			"faces": {
				"north": {"uv": [5.375, 0, 5.4125, 0.025], "rotation": 270, "texture": "#0"},
				"east": {"uv": [5.375, 0, 5.4125, 0.025], "rotation": 270, "texture": "#0"},
				"south": {"uv": [5.375, 0, 5.4125, 0.025], "rotation": 270, "texture": "#0"},
				"west": {"uv": [5.375, 0, 5.4125, 0.025], "rotation": 270, "texture": "#0"},
				"up": {"uv": [5.375, 0, 5.4125, 0.025], "texture": "#0"},
				"down": {"uv": [5.375, 0, 5.4125, 0.025], "rotation": 180, "texture": "#0"}
			}
		},
		{
			"from": [0.82121, 9.81361, 14.89529],
			"to": [1.19921, 10.69561, 15.14729],
			"rotation": {"angle": 0, "axis": "y", "origin": [0.40063, 12.663, 7.51641]},
			"faces": {
				"north": {"uv": [5.375, 0, 5.4125, 0.025], "rotation": 270, "texture": "#0"},
				"east": {"uv": [5.375, 0, 5.4125, 0.025], "rotation": 270, "texture": "#0"},
				"south": {"uv": [5.375, 0, 5.4125, 0.025], "rotation": 270, "texture": "#0"},
				"west": {"uv": [5.375, 0, 5.4125, 0.025], "rotation": 270, "texture": "#0"},
				"up": {"uv": [5.375, 0, 5.4125, 0.025], "texture": "#0"},
				"down": {"uv": [5.375, 0, 5.4125, 0.025], "rotation": 180, "texture": "#0"}
			}
		},
		{
			"from": [0.82121, 10.69561, 14.89529],
			"to": [1.19921, 10.94761, 16.15529],
			"rotation": {"angle": 0, "axis": "y", "origin": [0.40063, 12.663, 7.51641]},
			"faces": {
				"north": {"uv": [5.375, 0, 5.4125, 0.025], "rotation": 270, "texture": "#0"},
				"east": {"uv": [5.375, 0, 5.4125, 0.025], "rotation": 270, "texture": "#0"},
				"south": {"uv": [5.375, 0, 5.4125, 0.025], "rotation": 270, "texture": "#0"},
				"west": {"uv": [5.375, 0, 5.4125, 0.025], "rotation": 270, "texture": "#0"},
				"up": {"uv": [5.375, 0, 5.4125, 0.025], "texture": "#0"},
				"down": {"uv": [5.375, 0, 5.4125, 0.025], "rotation": 180, "texture": "#0"}
			}
		},
		{
			"from": [0.82121, 9.56161, 14.89529],
			"to": [1.19921, 9.81361, 16.15529],
			"rotation": {"angle": 0, "axis": "y", "origin": [0.40063, 12.663, 7.51641]},
			"faces": {
				"north": {"uv": [5.375, 0, 5.4125, 0.025], "rotation": 270, "texture": "#0"},
				"east": {"uv": [5.375, 0, 5.4125, 0.025], "rotation": 270, "texture": "#0"},
				"south": {"uv": [5.375, 0, 5.4125, 0.025], "rotation": 270, "texture": "#0"},
				"west": {"uv": [5.375, 0, 5.4125, 0.025], "rotation": 270, "texture": "#0"},
				"up": {"uv": [5.375, 0, 5.4125, 0.025], "texture": "#0"},
				"down": {"uv": [5.375, 0, 5.4125, 0.025], "rotation": 180, "texture": "#0"}
			}
		},
		{
			"from": [0.14522, 10.59973, 15.39929],
			"to": [1.21622, 11.07223, 15.65129],
			"rotation": {"angle": 0, "axis": "y", "origin": [0.40063, 12.663, 7.51641]},
			"faces": {
				"north": {"uv": [5.375, 0, 5.4125, 0.025], "texture": "#0"},
				"east": {"uv": [5.375, 0, 5.4125, 0.025], "rotation": 90, "texture": "#0"},
				"south": {"uv": [5.375, 0, 5.4125, 0.025], "rotation": 180, "texture": "#0"},
				"west": {"uv": [5.375, 0, 5.4125, 0.025], "rotation": 270, "texture": "#0"},
				"up": {"uv": [5.375, 0, 5.4125, 0.025], "rotation": 180, "texture": "#0"},
				"down": {"uv": [5.375, 0, 5.4125, 0.025], "rotation": 180, "texture": "#0"}
			}
		},
		{
			"from": [-0.32236, 20.6451, 8.51339],
			"to": [-0.09556, 24.2739, 16.55219],
			"rotation": {"angle": 0, "axis": "y", "origin": [0.40063, 12.663, 7.51641]},
			"faces": {
				"north": {"uv": [15, 0, 16, 1], "rotation": 90, "texture": "#0"},
				"east": {"uv": [4, 0.5, 5.64571, 4.14571], "rotation": 270, "texture": "#0"},
				"south": {"uv": [1.875, 0.5, 2.49929, 0.64571], "rotation": 270, "texture": "#0"},
				"west": {"uv": [4, 4.14571, 5.64571, 0.5], "rotation": 270, "texture": "#0"},
				"up": {"uv": [1.875, 0.5, 1.98679, 4.14571], "rotation": 180, "texture": "#0"},
				"down": {"uv": [1.875, 0.5, 1.98679, 4.14571], "texture": "#0"}
			}
		},
		{
			"from": [-0.32236, 15.7311, 8.51339],
			"to": [-0.09556, 20.6199, 16.55219],
			"rotation": {"angle": 0, "axis": "y", "origin": [0.40063, 12.663, 7.51641]},
			"faces": {
				"north": {"uv": [15, 0, 16, 1], "rotation": 90, "texture": "#0"},
				"east": {"uv": [4, 0.5, 5.64571, 4.14571], "rotation": 270, "texture": "#0"},
				"south": {"uv": [1.875, 0.5, 2.49929, 0.64571], "rotation": 270, "texture": "#0"},
				"west": {"uv": [4, 4.14571, 5.64571, 0.5], "rotation": 270, "texture": "#0"},
				"up": {"uv": [1.875, 0.5, 1.98679, 4.14571], "rotation": 180, "texture": "#0"},
				"down": {"uv": [1.875, 0.5, 1.98679, 4.14571], "texture": "#0"}
			}
		},
		{
			"from": [-0.32236, 10.8171, 8.51339],
			"to": [-0.09556, 15.9579, 16.55219],
			"rotation": {"angle": 0, "axis": "y", "origin": [0.40063, 12.663, 7.51641]},
			"faces": {
				"north": {"uv": [15, 0, 16, 1], "rotation": 90, "texture": "#0"},
				"east": {"uv": [4, 0.5, 5.64571, 4.14571], "rotation": 270, "texture": "#0"},
				"south": {"uv": [1.875, 0.5, 2.49929, 0.64571], "rotation": 270, "texture": "#0"},
				"west": {"uv": [4, 4.14571, 5.64571, 0.5], "rotation": 270, "texture": "#0"},
				"up": {"uv": [1.875, 0.5, 1.98679, 4.14571], "rotation": 180, "texture": "#0"},
				"down": {"uv": [1.875, 0.5, 1.98679, 4.14571], "texture": "#0"}
			}
		},
		{
			"from": [-0.32236, 5.7771, 8.51339],
			"to": [-0.09556, 11.0439, 16.55219],
			"rotation": {"angle": 0, "axis": "y", "origin": [0.40063, 12.663, 7.51641]},
			"faces": {
				"north": {"uv": [15, 0, 16, 1], "rotation": 90, "texture": "#0"},
				"east": {"uv": [4, 0.5, 5.64571, 4.14571], "rotation": 270, "texture": "#0"},
				"south": {"uv": [1.875, 0.5, 2.49929, 0.64571], "rotation": 270, "texture": "#0"},
				"west": {"uv": [4, 4.14571, 5.64571, 0.5], "rotation": 270, "texture": "#0"},
				"up": {"uv": [1.875, 0.5, 1.98679, 4.14571], "rotation": 180, "texture": "#0"},
				"down": {"uv": [1.875, 0.5, 1.98679, 4.14571], "texture": "#0"}
			}
		},
		{
			"from": [-0.32236, 0.7371, 8.51339],
			"to": [-0.09556, 6.0039, 16.55219],
			"rotation": {"angle": 0, "axis": "y", "origin": [0.40063, 12.663, 7.51641]},
			"faces": {
				"north": {"uv": [15, 0, 16, 1], "rotation": 90, "texture": "#0"},
				"east": {"uv": [4, 0.5, 5.64571, 4.14571], "rotation": 270, "texture": "#0"},
				"south": {"uv": [1.875, 0.5, 2.49929, 0.64571], "rotation": 270, "texture": "#0"},
				"west": {"uv": [4, 4.14571, 5.64571, 0.5], "rotation": 270, "texture": "#0"},
				"up": {"uv": [1.875, 0.5, 1.98679, 4.14571], "rotation": 180, "texture": "#0"},
				"down": {"uv": [1.875, 0.5, 1.98679, 4.14571], "texture": "#0"}
			}
		},
		{
			"from": [-0.16978, 7.83854, 12.09719],
			"to": [0.52322, 8.94104, 13.23119],
			"rotation": {"angle": 0, "axis": "y", "origin": [0.40063, 12.663, 7.51641]},
			"faces": {
				"north": {"uv": [2.9, 3, 2.96179, 3.04571], "rotation": 270, "texture": "#0"},
				"east": {"uv": [3, 0.74866, 3.5, 0.25], "rotation": 270, "texture": "#0"},
				"south": {"uv": [2.9, 3, 2.96179, 3.04571], "rotation": 270, "texture": "#0"},
				"west": {"uv": [2.9, 3, 2.96179, 3.04571], "rotation": 270, "texture": "#0"},
				"up": {"uv": [2.9, 3, 2.96179, 3.04571], "texture": "#0"},
				"down": {"uv": [2.9, 3, 2.96179, 3.04571], "rotation": 180, "texture": "#0"}
			}
		},
		{
			"from": [-0.16978, 2.92454, 12.09719],
			"to": [0.52322, 4.02704, 13.23119],
			"rotation": {"angle": 0, "axis": "y", "origin": [0.40063, 12.663, 7.51641]},
			"faces": {
				"north": {"uv": [2.9, 3, 2.96179, 3.04571], "rotation": 270, "texture": "#0"},
				"east": {"uv": [3, 0.74866, 3.5, 0.25], "rotation": 270, "texture": "#0"},
				"south": {"uv": [2.9, 3, 2.96179, 3.04571], "rotation": 270, "texture": "#0"},
				"west": {"uv": [2.9, 3, 2.96179, 3.04571], "rotation": 270, "texture": "#0"},
				"up": {"uv": [2.9, 3, 2.96179, 3.04571], "texture": "#0"},
				"down": {"uv": [2.9, 3, 2.96179, 3.04571], "rotation": 180, "texture": "#0"}
			}
		},
		{
			"from": [-0.16978, 13.00454, 12.09719],
			"to": [0.52322, 14.10704, 13.23119],
			"rotation": {"angle": 0, "axis": "y", "origin": [0.40063, 12.663, 7.51641]},
			"faces": {
				"north": {"uv": [2.9, 3, 2.96179, 3.04571], "rotation": 270, "texture": "#0"},
				"east": {"uv": [3, 0.74866, 3.5, 0.25], "rotation": 270, "texture": "#0"},
				"south": {"uv": [2.9, 3, 2.96179, 3.04571], "rotation": 270, "texture": "#0"},
				"west": {"uv": [2.9, 3, 2.96179, 3.04571], "rotation": 270, "texture": "#0"},
				"up": {"uv": [2.9, 3, 2.96179, 3.04571], "texture": "#0"},
				"down": {"uv": [2.9, 3, 2.96179, 3.04571], "rotation": 180, "texture": "#0"}
			}
		},
		{
			"from": [-0.16978, 17.54054, 12.09719],
			"to": [0.52322, 18.64304, 13.23119],
			"rotation": {"angle": 0, "axis": "y", "origin": [0.40063, 12.663, 7.51641]},
			"faces": {
				"north": {"uv": [2.9, 3, 2.96179, 3.04571], "rotation": 270, "texture": "#0"},
				"east": {"uv": [3, 0.74866, 3.5, 0.25], "rotation": 270, "texture": "#0"},
				"south": {"uv": [2.9, 3, 2.96179, 3.04571], "rotation": 270, "texture": "#0"},
				"west": {"uv": [2.9, 3, 2.96179, 3.04571], "rotation": 270, "texture": "#0"},
				"up": {"uv": [2.9, 3, 2.96179, 3.04571], "texture": "#0"},
				"down": {"uv": [2.9, 3, 2.96179, 3.04571], "rotation": 180, "texture": "#0"}
			}
		},
		{
			"from": [-0.16978, 22.07654, 12.09719],
			"to": [0.52322, 23.17904, 13.23119],
			"rotation": {"angle": 0, "axis": "y", "origin": [0.40063, 12.663, 7.51641]},
			"faces": {
				"north": {"uv": [2.9, 3, 2.96179, 3.04571], "rotation": 270, "texture": "#0"},
				"east": {"uv": [3, 0.74866, 3.5, 0.25], "rotation": 270, "texture": "#0"},
				"south": {"uv": [2.9, 3, 2.96179, 3.04571], "rotation": 270, "texture": "#0"},
				"west": {"uv": [2.9, 3, 2.96179, 3.04571], "rotation": 270, "texture": "#0"},
				"up": {"uv": [2.9, 3, 2.96179, 3.04571], "texture": "#0"},
				"down": {"uv": [2.9, 3, 2.96179, 3.04571], "rotation": 180, "texture": "#0"}
			}
		},
		{
			"from": [15.47678, 22.07654, 12.09719],
			"to": [16.16978, 23.17904, 13.23119],
			"rotation": {"angle": 0, "axis": "y", "origin": [15.59937, 12.663, 7.51641]},
			"faces": {
				"north": {"uv": [2.9, 3.04571, 2.96179, 3], "rotation": 270, "texture": "#0"},
				"east": {"uv": [2.9, 3.04571, 2.96179, 3], "rotation": 270, "texture": "#0"},
				"south": {"uv": [2.9, 3.04571, 2.96179, 3], "rotation": 270, "texture": "#0"},
				"west": {"uv": [3, 0.25, 3.5, 0.74866], "rotation": 270, "texture": "#0"},
				"up": {"uv": [2.96179, 3, 2.9, 3.04571], "texture": "#0"},
				"down": {"uv": [2.96179, 3, 2.9, 3.04571], "rotation": 180, "texture": "#0"}
			}
		},
		{
			"from": [15.47678, 17.54054, 12.09719],
			"to": [16.16978, 18.64304, 13.23119],
			"rotation": {"angle": 0, "axis": "y", "origin": [15.59937, 12.663, 7.51641]},
			"faces": {
				"north": {"uv": [2.9, 3.04571, 2.96179, 3], "rotation": 270, "texture": "#0"},
				"east": {"uv": [2.9, 3.04571, 2.96179, 3], "rotation": 270, "texture": "#0"},
				"south": {"uv": [2.9, 3.04571, 2.96179, 3], "rotation": 270, "texture": "#0"},
				"west": {"uv": [3, 0.25, 3.5, 0.74866], "rotation": 270, "texture": "#0"},
				"up": {"uv": [2.96179, 3, 2.9, 3.04571], "texture": "#0"},
				"down": {"uv": [2.96179, 3, 2.9, 3.04571], "rotation": 180, "texture": "#0"}
			}
		},
		{
			"from": [15.47678, 13.00454, 12.09719],
			"to": [16.16978, 14.10704, 13.23119],
			"rotation": {"angle": 0, "axis": "y", "origin": [15.59937, 12.663, 7.51641]},
			"faces": {
				"north": {"uv": [2.9, 3.04571, 2.96179, 3], "rotation": 270, "texture": "#0"},
				"east": {"uv": [2.9, 3.04571, 2.96179, 3], "rotation": 270, "texture": "#0"},
				"south": {"uv": [2.9, 3.04571, 2.96179, 3], "rotation": 270, "texture": "#0"},
				"west": {"uv": [3, 0.25, 3.5, 0.74866], "rotation": 270, "texture": "#0"},
				"up": {"uv": [2.96179, 3, 2.9, 3.04571], "texture": "#0"},
				"down": {"uv": [2.96179, 3, 2.9, 3.04571], "rotation": 180, "texture": "#0"}
			}
		},
		{
			"from": [15.47678, 2.92454, 12.09719],
			"to": [16.16978, 4.02704, 13.23119],
			"rotation": {"angle": 0, "axis": "y", "origin": [15.59937, 12.663, 7.51641]},
			"faces": {
				"north": {"uv": [2.9, 3.04571, 2.96179, 3], "rotation": 270, "texture": "#0"},
				"east": {"uv": [2.9, 3.04571, 2.96179, 3], "rotation": 270, "texture": "#0"},
				"south": {"uv": [2.9, 3.04571, 2.96179, 3], "rotation": 270, "texture": "#0"},
				"west": {"uv": [3, 0.25, 3.5, 0.74866], "rotation": 270, "texture": "#0"},
				"up": {"uv": [2.96179, 3, 2.9, 3.04571], "texture": "#0"},
				"down": {"uv": [2.96179, 3, 2.9, 3.04571], "rotation": 180, "texture": "#0"}
			}
		},
		{
			"from": [15.47678, 7.83854, 12.09719],
			"to": [16.16978, 8.94104, 13.23119],
			"rotation": {"angle": 0, "axis": "y", "origin": [15.59937, 12.663, 7.51641]},
			"faces": {
				"north": {"uv": [2.9, 3.04571, 2.96179, 3], "rotation": 270, "texture": "#0"},
				"east": {"uv": [2.9, 3.04571, 2.96179, 3], "rotation": 270, "texture": "#0"},
				"south": {"uv": [2.9, 3.04571, 2.96179, 3], "rotation": 270, "texture": "#0"},
				"west": {"uv": [3, 0.25, 3.5, 0.74866], "rotation": 270, "texture": "#0"},
				"up": {"uv": [2.96179, 3, 2.9, 3.04571], "texture": "#0"},
				"down": {"uv": [2.96179, 3, 2.9, 3.04571], "rotation": 180, "texture": "#0"}
			}
		},
		{
			"from": [16.09556, 0.7371, 8.51339],
			"to": [16.32236, 6.0039, 16.55219],
			"rotation": {"angle": 0, "axis": "y", "origin": [15.59937, 12.663, 7.51641]},
			"faces": {
				"north": {"uv": [15, 1, 16, 0], "rotation": 90, "texture": "#0"},
				"east": {"uv": [4, 0.5, 5.64571, 4.14571], "rotation": 270, "texture": "#0"},
				"south": {"uv": [1.875, 0.64571, 2.49929, 0.5], "rotation": 270, "texture": "#0"},
				"west": {"uv": [4, 4.14571, 5.64571, 0.5], "rotation": 270, "texture": "#0"},
				"up": {"uv": [1.98679, 0.5, 1.875, 4.14571], "rotation": 180, "texture": "#0"},
				"down": {"uv": [1.98679, 0.5, 1.875, 4.14571], "texture": "#0"}
			}
		},
		{
			"from": [16.09556, 5.7771, 8.51339],
			"to": [16.32236, 11.0439, 16.55219],
			"rotation": {"angle": 0, "axis": "y", "origin": [15.59937, 12.663, 7.51641]},
			"faces": {
				"north": {"uv": [15, 1, 16, 0], "rotation": 90, "texture": "#0"},
				"east": {"uv": [4, 0.5, 5.64571, 4.14571], "rotation": 270, "texture": "#0"},
				"south": {"uv": [1.875, 0.64571, 2.49929, 0.5], "rotation": 270, "texture": "#0"},
				"west": {"uv": [4, 4.14571, 5.64571, 0.5], "rotation": 270, "texture": "#0"},
				"up": {"uv": [1.98679, 0.5, 1.875, 4.14571], "rotation": 180, "texture": "#0"},
				"down": {"uv": [1.98679, 0.5, 1.875, 4.14571], "texture": "#0"}
			}
		},
		{
			"from": [16.09556, 10.8171, 8.51339],
			"to": [16.32236, 15.9579, 16.55219],
			"rotation": {"angle": 0, "axis": "y", "origin": [15.59937, 12.663, 7.51641]},
			"faces": {
				"north": {"uv": [15, 1, 16, 0], "rotation": 90, "texture": "#0"},
				"east": {"uv": [4, 0.5, 5.64571, 4.14571], "rotation": 270, "texture": "#0"},
				"south": {"uv": [1.875, 0.64571, 2.49929, 0.5], "rotation": 270, "texture": "#0"},
				"west": {"uv": [4, 4.14571, 5.64571, 0.5], "rotation": 270, "texture": "#0"},
				"up": {"uv": [1.98679, 0.5, 1.875, 4.14571], "rotation": 180, "texture": "#0"},
				"down": {"uv": [1.98679, 0.5, 1.875, 4.14571], "texture": "#0"}
			}
		},
		{
			"from": [16.09556, 15.7311, 8.51339],
			"to": [16.32236, 20.6199, 16.55219],
			"rotation": {"angle": 0, "axis": "y", "origin": [15.59937, 12.663, 7.51641]},
			"faces": {
				"north": {"uv": [15, 1, 16, 0], "rotation": 90, "texture": "#0"},
				"east": {"uv": [4, 0.5, 5.64571, 4.14571], "rotation": 270, "texture": "#0"},
				"south": {"uv": [1.875, 0.64571, 2.49929, 0.5], "rotation": 270, "texture": "#0"},
				"west": {"uv": [4, 4.14571, 5.64571, 0.5], "rotation": 270, "texture": "#0"},
				"up": {"uv": [1.98679, 0.5, 1.875, 4.14571], "rotation": 180, "texture": "#0"},
				"down": {"uv": [1.98679, 0.5, 1.875, 4.14571], "texture": "#0"}
			}
		},
		{
			"from": [16.09556, 20.6451, 8.51339],
			"to": [16.32236, 24.2739, 16.55219],
			"rotation": {"angle": 0, "axis": "y", "origin": [15.59937, 12.663, 7.51641]},
			"faces": {
				"north": {"uv": [15, 1, 16, 0], "rotation": 90, "texture": "#0"},
				"east": {"uv": [4, 0.5, 5.64571, 4.14571], "rotation": 270, "texture": "#0"},
				"south": {"uv": [1.875, 0.64571, 2.49929, 0.5], "rotation": 270, "texture": "#0"},
				"west": {"uv": [4, 4.14571, 5.64571, 0.5], "rotation": 270, "texture": "#0"},
				"up": {"uv": [1.98679, 0.5, 1.875, 4.14571], "rotation": 180, "texture": "#0"},
				"down": {"uv": [1.98679, 0.5, 1.875, 4.14571], "texture": "#0"}
			}
		},
		{
			"from": [14.78378, 10.59973, 15.39929],
			"to": [15.85478, 11.07223, 15.65129],
			"rotation": {"angle": 0, "axis": "y", "origin": [15.59937, 12.663, 7.51641]},
			"faces": {
				"north": {"uv": [5.4125, 0, 5.375, 0.025], "texture": "#0"},
				"east": {"uv": [5.375, 0.025, 5.4125, 0], "rotation": 270, "texture": "#0"},
				"south": {"uv": [5.4125, 0, 5.375, 0.025], "rotation": 180, "texture": "#0"},
				"west": {"uv": [5.375, 0.025, 5.4125, 0], "rotation": 90, "texture": "#0"},
				"up": {"uv": [5.4125, 0, 5.375, 0.025], "rotation": 180, "texture": "#0"},
				"down": {"uv": [5.4125, 0, 5.375, 0.025], "rotation": 180, "texture": "#0"}
			}
		},
		{
			"from": [14.80079, 9.56161, 14.89529],
			"to": [15.17879, 9.81361, 16.15529],
			"rotation": {"angle": 0, "axis": "y", "origin": [15.59937, 12.663, 7.51641]},
			"faces": {
				"north": {"uv": [5.375, 0.025, 5.4125, 0], "rotation": 270, "texture": "#0"},
				"east": {"uv": [5.375, 0.025, 5.4125, 0], "rotation": 270, "texture": "#0"},
				"south": {"uv": [5.375, 0.025, 5.4125, 0], "rotation": 270, "texture": "#0"},
				"west": {"uv": [5.375, 0.025, 5.4125, 0], "rotation": 270, "texture": "#0"},
				"up": {"uv": [5.4125, 0, 5.375, 0.025], "texture": "#0"},
				"down": {"uv": [5.4125, 0, 5.375, 0.025], "rotation": 180, "texture": "#0"}
			}
		},
		{
			"from": [14.80079, 10.69561, 14.89529],
			"to": [15.17879, 10.94761, 16.15529],
			"rotation": {"angle": 0, "axis": "y", "origin": [15.59937, 12.663, 7.51641]},
			"faces": {
				"north": {"uv": [5.375, 0.025, 5.4125, 0], "rotation": 270, "texture": "#0"},
				"east": {"uv": [5.375, 0.025, 5.4125, 0], "rotation": 270, "texture": "#0"},
				"south": {"uv": [5.375, 0.025, 5.4125, 0], "rotation": 270, "texture": "#0"},
				"west": {"uv": [5.375, 0.025, 5.4125, 0], "rotation": 270, "texture": "#0"},
				"up": {"uv": [5.4125, 0, 5.375, 0.025], "texture": "#0"},
				"down": {"uv": [5.4125, 0, 5.375, 0.025], "rotation": 180, "texture": "#0"}
			}
		},
		{
			"from": [14.80079, 9.81361, 14.89529],
			"to": [15.17879, 10.69561, 15.14729],
			"rotation": {"angle": 0, "axis": "y", "origin": [15.59937, 12.663, 7.51641]},
			"faces": {
				"north": {"uv": [5.375, 0.025, 5.4125, 0], "rotation": 270, "texture": "#0"},
				"east": {"uv": [5.375, 0.025, 5.4125, 0], "rotation": 270, "texture": "#0"},
				"south": {"uv": [5.375, 0.025, 5.4125, 0], "rotation": 270, "texture": "#0"},
				"west": {"uv": [5.375, 0.025, 5.4125, 0], "rotation": 270, "texture": "#0"},
				"up": {"uv": [5.4125, 0, 5.375, 0.025], "texture": "#0"},
				"down": {"uv": [5.4125, 0, 5.375, 0.025], "rotation": 180, "texture": "#0"}
			}
		},
		{
			"from": [14.80079, 9.81361, 15.90329],
			"to": [15.17879, 10.69561, 16.15529],
			"rotation": {"angle": 0, "axis": "y", "origin": [15.59937, 12.663, 7.51641]},
			"faces": {
				"north": {"uv": [5.375, 0.025, 5.4125, 0], "rotation": 270, "texture": "#0"},
				"east": {"uv": [5.375, 0.025, 5.4125, 0], "rotation": 270, "texture": "#0"},
				"south": {"uv": [5.375, 0.025, 5.4125, 0], "rotation": 270, "texture": "#0"},
				"west": {"uv": [5.375, 0.025, 5.4125, 0], "rotation": 270, "texture": "#0"},
				"up": {"uv": [5.4125, 0, 5.375, 0.025], "texture": "#0"},
				"down": {"uv": [5.4125, 0, 5.375, 0.025], "rotation": 180, "texture": "#0"}
			}
		},
		{
			"from": [15.71756, 19.6371, 8.51339],
			"to": [16.70036, 21.1239, 16.55219],
			"rotation": {"angle": 0, "axis": "y", "origin": [15.59937, 12.663, 7.51641]},
			"faces": {
				"north": {"uv": [15, 1, 16, 0], "rotation": 90, "texture": "#0"},
				"east": {"uv": [2.875, 0.5, 3.49929, 4.14571], "rotation": 270, "texture": "#0"},
				"south": {"uv": [2.875, 0.64571, 3.49929, 0.5], "rotation": 270, "texture": "#0"},
				"west": {"uv": [2.875, 4.14571, 3.49929, 0.5], "rotation": 270, "texture": "#0"},
				"up": {"uv": [2.98679, 0.5, 2.875, 4.14571], "rotation": 180, "texture": "#0"},
				"down": {"uv": [2.98679, 0.5, 2.875, 4.14571], "texture": "#0"}
			}
		},
		{
			"from": [15.71756, 5.1471, 8.51339],
			"to": [16.70036, 6.6339, 16.55219],
			"rotation": {"angle": 0, "axis": "y", "origin": [15.59937, 12.663, 7.51641]},
			"faces": {
				"north": {"uv": [15, 1, 16, 0], "rotation": 90, "texture": "#0"},
				"east": {"uv": [2.875, 0.5, 3.49929, 4.14571], "rotation": 270, "texture": "#0"},
				"south": {"uv": [2.875, 0.64571, 3.49929, 0.5], "rotation": 270, "texture": "#0"},
				"west": {"uv": [2.875, 4.14571, 3.49929, 0.5], "rotation": 270, "texture": "#0"},
				"up": {"uv": [2.98679, 0.5, 2.875, 4.14571], "rotation": 180, "texture": "#0"},
				"down": {"uv": [2.98679, 0.5, 2.875, 4.14571], "texture": "#0"}
			}
		},
		{
			"from": [15.71756, 10.1871, 8.51339],
			"to": [16.70036, 11.6739, 16.55219],
			"rotation": {"angle": 0, "axis": "y", "origin": [15.59937, 12.663, 7.51641]},
			"faces": {
				"north": {"uv": [15, 1, 16, 0], "rotation": 90, "texture": "#0"},
				"east": {"uv": [2.875, 0.5, 3.49929, 4.14571], "rotation": 270, "texture": "#0"},
				"south": {"uv": [2.875, 0.64571, 3.49929, 0.5], "rotation": 270, "texture": "#0"},
				"west": {"uv": [2.875, 4.14571, 3.49929, 0.5], "rotation": 270, "texture": "#0"},
				"up": {"uv": [2.98679, 0.5, 2.875, 4.14571], "rotation": 180, "texture": "#0"},
				"down": {"uv": [2.98679, 0.5, 2.875, 4.14571], "texture": "#0"}
			}
		},
		{
			"from": [15.71756, 15.1011, 8.51339],
			"to": [16.70036, 16.5879, 16.55219],
			"rotation": {"angle": 0, "axis": "y", "origin": [15.59937, 12.663, 7.51641]},
			"faces": {
				"north": {"uv": [15, 1, 16, 0], "rotation": 90, "texture": "#0"},
				"east": {"uv": [2.875, 0.5, 3.49929, 4.14571], "rotation": 270, "texture": "#0"},
				"south": {"uv": [2.875, 0.64571, 3.49929, 0.5], "rotation": 270, "texture": "#0"},
				"west": {"uv": [2.875, 4.14571, 3.49929, 0.5], "rotation": 270, "texture": "#0"},
				"up": {"uv": [2.98679, 0.5, 2.875, 4.14571], "rotation": 180, "texture": "#0"},
				"down": {"uv": [2.98679, 0.5, 2.875, 4.14571], "texture": "#0"}
			}
		},
		{
			"from": [15.71756, 23.6691, 7.75739],
			"to": [16.70036, 25.1559, 17.05619],
			"rotation": {"angle": 0, "axis": "y", "origin": [15.59937, 12.663, 7.51641]},
			"faces": {
				"north": {"uv": [15, 1, 16, 0], "rotation": 90, "texture": "#0"},
				"east": {"uv": [1.875, 0.5, 2.49929, 4.14571], "rotation": 270, "texture": "#0"},
				"south": {"uv": [1.875, 0.64571, 2.49929, 0.5], "rotation": 270, "texture": "#0"},
				"west": {"uv": [1.875, 4.14571, 2.49929, 0.5], "rotation": 270, "texture": "#0"},
				"up": {"uv": [2.395, 4.12571, 2.49929, 0.5], "rotation": 180, "texture": "#0"},
				"down": {"uv": [1.98679, 0.5, 1.875, 4.14571], "texture": "#0"}
			}
		},
		{
			"from": [18.66117, 0.09135, 14.59646],
			"to": [19.89597, 25.10865, 15.67376],
			"rotation": {"angle": -22.5, "axis": "y", "origin": [15.59937, 12.663, 7.51641]},
			"faces": {
				"north": {"uv": [11.34571, 15.51143, 0, 15.6], "rotation": 270, "texture": "#0"},
				"east": {"uv": [11.34571, 16, 0, 15.51143], "rotation": 270, "texture": "#0"},
				"south": {"uv": [11.34571, 16, 0, 15.88643], "rotation": 270, "texture": "#0"},
				"west": {"uv": [11.34571, 15.51143, 0, 16], "rotation": 270, "texture": "#0"},
				"up": {"uv": [2.48679, 1.6875, 2.375, 3.13321], "rotation": 180, "texture": "#0"},
				"down": {"uv": [11.125, 16, 11.34571, 15.51143], "texture": "#0"}
			}
		},
		{
			"from": [15.59156, 0.1386, 8.54489],
			"to": [16.82636, 25.1559, 9.62219],
			"rotation": {"angle": 0, "axis": "y", "origin": [15.59937, 12.663, 7.51641]},
			"faces": {
				"north": {"uv": [11.34571, 15.51143, 0, 15.6], "rotation": 270, "texture": "#0"},
				"east": {"uv": [11.34571, 15.51143, 0, 16], "rotation": 270, "texture": "#0"},
				"south": {"uv": [11.34571, 15.6, 0, 15.51143], "rotation": 270, "texture": "#0"},
				"west": {"uv": [11.34571, 16, 0, 15.51143], "rotation": 270, "texture": "#0"},
				"up": {"uv": [1.125, 0, 1.36357, 0.37429], "texture": "#0"},
				"down": {"uv": [11.125, 15.51143, 11.34571, 16], "texture": "#0"}
			}
		},
		{
			"from": [15.71756, 20.2041, 8.38739],
			"to": [16.70036, 21.3129, 16.55219],
			"rotation": {"angle": 0, "axis": "y", "origin": [15.59937, 12.663, 7.51641]},
			"faces": {
				"north": {"uv": [16, 1, 15, 0], "rotation": 90, "texture": "#0"},
				"east": {"uv": [1.60286, 0.5, 1.125, 4.13143], "rotation": 270, "texture": "#0"},
				"south": {"uv": [1.60286, 0.63143, 1.125, 0.5], "rotation": 270, "texture": "#0"},
				"west": {"uv": [1.60286, 4.13143, 1.125, 0.5], "rotation": 270, "texture": "#0"},
				"up": {"uv": [1.125, 0.5, 1.22786, 4.13143], "rotation": 180, "texture": "#0"},
				"down": {"uv": [1.22813, 0.5, 1.21536, 4.13143], "texture": "#0"}
			}
		},
		{
			"from": [15.71756, 0.1701, 8.51339],
			"to": [16.70036, 1.6569, 16.55219],
			"rotation": {"angle": 0, "axis": "y", "origin": [15.59937, 12.663, 7.51641]},
			"faces": {
				"north": {"uv": [16, 1, 15, 0], "rotation": 90, "texture": "#0"},
				"east": {"uv": [2.49929, 0.5, 1.875, 4.14571], "rotation": 270, "texture": "#0"},
				"south": {"uv": [2.49929, 0.64571, 1.875, 0.5], "rotation": 270, "texture": "#0"},
				"west": {"uv": [2.49929, 4.14571, 1.875, 0.5], "rotation": 270, "texture": "#0"},
				"up": {"uv": [1.875, 0.5, 1.98679, 4.14571], "rotation": 180, "texture": "#0"},
				"down": {"uv": [2.375, 0.5, 2.48679, 4.14571], "texture": "#0"}
			}
		}
	],
	"gui_light": "front",
	"display": {
		"thirdperson_righthand": {
			"rotation": [8.5, 0, 0],
			"translation": [-0.25, 0, 0],
			"scale": [0.37, 0.37, 0.36]
		},
		"thirdperson_lefthand": {
			"rotation": [8.5, 0, 0],
			"translation": [-0.25, 0, 0],
			"scale": [0.37, 0.37, 0.36]
		},
		"firstperson_righthand": {
			"scale": [0, 0, 0]
		},
		"firstperson_lefthand": {
			"scale": [0, 0, 0]
		},
		"ground": {
			"translation": [0, 0.25, 0],
			"scale": [0.33, 0.33, 0.31]
		},
		"gui": {
			"rotation": [24, 164, 0],
			"translation": [0, -3, 0],
			"scale": [0.53, 0.53, 0.53]
		},
		"head": {
			"translation": [0, -12, -9],
			"scale": [4, 4, 4]
		},
		"fixed": {
			"translation": [0, -2, -3.25]
		}
	},
	"groups": [
		{
			"name": "group",
			"origin": [8, 8, 8],
			"color": 0,
			"children": []
		},
		{
			"name": "group",
			"origin": [14.03125, 10.05, 7.6162],
			"color": 0,
			"children": [
				0,
				1,
				2,
				3,
				4,
				5,
				6,
				7,
				8,
				9,
				10,
				11,
				12,
				13,
				14,
				15,
				16,
				17,
				18,
				19,
				20,
				21,
				22,
				23,
				24,
				25,
				26,
				27,
				28,
				29,
				30,
				31,
				32,
				33,
				34,
				35,
				36,
				37,
				38,
				39,
				40,
				41,
				42,
				43,
				44,
				45,
				46,
				47,
				48,
				49,
				50
			]
		}
	]
}