{"credit":"MadewithBlockbench","texture_size":[28,28],"textures":{"0":"elitecreatures:japan_furniture_v1/pillar_1","particle":"elitecreatures:japan_furniture_v1/pillar_1"},"elements":[{"from":[15.00812,-3.52472,6.72476],"to":[17.60372,-0.28022,9.32036],"rotation":{"angle":0,"axis":"y","origin":[16.30592,4.96232,8.02256]},"faces":{"north":{"uv":[0.02188,0,0.98438,1.22812],"texture":"#0"},"east":{"uv":[0.02188,0,0.98438,1.22812],"texture":"#0"},"south":{"uv":[0.02188,0,0.98438,1.22812],"texture":"#0"},"west":{"uv":[0.02188,0,0.98438,1.22812],"texture":"#0"},"up":{"uv":[0.02188,0,0.98438,1.22812],"texture":"#0"},"down":{"uv":[0,0,1,1.25],"texture":"#0"}}},{"from":[15.26768,-1.18868,6.98432],"to":[17.34416,27.36292,9.0608],"rotation":{"angle":0,"axis":"y","origin":[16.30592,4.96232,8.02256]},"faces":{"north":{"uv":[0,5,0.75,16],"texture":"#0"},"east":{"uv":[0.75,5,0,16],"texture":"#0"},"south":{"uv":[0.75,5,0,16],"texture":"#0"},"west":{"uv":[0.75,5,1.5,16],"texture":"#0"},"up":{"uv":[0,0,0.8,0.8],"texture":"#0"},"down":{"uv":[0,0,0.8,0.8],"texture":"#0"}}},{"from":[-6.2758,22.14085,7.24388],"to":[22.2758,24.21733,8.80124],"rotation":{"angle":0,"axis":"y","origin":[8,9.61897,8.02256]},"faces":{"north":{"uv":[3.425,0,4.225,11],"rotation":270,"texture":"#0"},"east":{"uv":[1.175,0.75,1.975,1.35],"rotation":90,"texture":"#0"},"south":{"uv":[3.425,0,4.225,11],"rotation":270,"texture":"#0"},"west":{"uv":[1.175,0.75,1.975,1.35],"rotation":90,"texture":"#0"},"up":{"uv":[3.5125,0,4.1,11],"rotation":270,"texture":"#0"},"down":{"uv":[3.5125,0,4.1,11],"rotation":270,"texture":"#0"}}},{"from":[7.9622,26.80285,6.73988],"to":[23.5358,28.50133,9.30524],"rotation":{"angle":0,"axis":"y","origin":[8,8.86297,8.02256]},"faces":{"north":{"uv":[5.925,0,6.69529,6.34143],"rotation":270,"texture":"#0"},"east":{"uv":[4.925,1.375,5.64556,2.34092],"rotation":270,"texture":"#0"},"south":{"uv":[5.925,6.34143,6.69529,0],"rotation":270,"texture":"#0"},"west":{"uv":[4.925,1.375,5.64556,2.34092],"rotation":270,"texture":"#0"},"up":{"uv":[0.8,0,1.4,11],"rotation":90,"texture":"#0"},"down":{"uv":[4.8,2.375,5.69529,8.71643],"rotation":270,"texture":"#0"}}},{"from":[-8.7958,28.31485,6.23588],"to":[24.7958,31.90333,9.80924],"rotation":{"angle":0,"axis":"y","origin":[8,30.10909,8.02256]},"faces":{"north":{"uv":[7.175,0,8.80243,15.23429],"rotation":270,"texture":"#0"},"east":{"uv":[12.575,1.025,12.66671,1.11107],"rotation":90,"texture":"#0"},"south":{"uv":[7.175,15.23429,8.80243,0],"rotation":270,"texture":"#0"},"west":{"uv":[12.575,1.025,12.66671,1.11107],"rotation":90,"texture":"#0"},"up":{"uv":[10.74757,0,12.375,15.23429],"rotation":270,"texture":"#0"},"down":{"uv":[10.74757,0,12.375,15.23429],"rotation":270,"texture":"#0"}}},{"from":[22.95166,29.03738,6.2574],"to":[25.40614,31.56998,9.7633],"rotation":{"angle":45,"axis":"z","origin":[24.7459,30.90218,7.99106]},"faces":{"north":{"uv":[9.425,0,10.53814,1.14857],"texture":"#0"},"south":{"uv":[10.53814,0,9.425,1.14857],"texture":"#0"},"west":{"uv":[0.8,0,1.4,11],"texture":"#0"},"up":{"uv":[0.8,0,1.6,0.6],"texture":"#0"},"down":{"uv":[8.99757,14.23137,10.61449,15.125],"rotation":270,"texture":"#0"}}},{"from":[24.74877,30.05042,6.20438],"to":[26.53137,31.9064,9.80438],"rotation":{"angle":0,"axis":"y","origin":[24.66657,31.84466,7.99106]},"faces":{"north":{"uv":[12.6375,0.0625,13.19171,0.98607],"rotation":90,"texture":"#0"},"east":{"uv":[8.99757,15.25808,10.6412,16],"rotation":180,"texture":"#0"},"south":{"uv":[12.6375,0.98607,13.19171,0.0625],"rotation":90,"texture":"#0"},"west":{"uv":[12.575,1.025,12.66671,1.11107],"rotation":90,"texture":"#0"},"up":{"uv":[10.74757,15.23137,12.36449,16],"rotation":270,"texture":"#0"},"down":{"uv":[12.575,1.025,12.66671,1.11107],"rotation":90,"texture":"#0"}}},{"from":[-10.53137,30.05042,6.20438],"to":[-8.74877,31.9064,9.80438],"rotation":{"angle":0,"axis":"y","origin":[-8.66657,31.84466,7.99106]},"faces":{"north":{"uv":[12.6375,0.98607,13.19171,0.0625],"rotation":90,"texture":"#0"},"east":{"uv":[12.575,1.11107,12.66671,1.025],"rotation":90,"texture":"#0"},"south":{"uv":[12.6375,0.0625,13.19171,0.98607],"rotation":90,"texture":"#0"},"west":{"uv":[10.6412,15.25808,8.99757,16],"rotation":180,"texture":"#0"},"up":{"uv":[10.74757,16,12.36449,15.23137],"rotation":270,"texture":"#0"},"down":{"uv":[12.575,1.11107,12.66671,1.025],"rotation":90,"texture":"#0"}}},{"from":[-9.40614,29.03738,6.2574],"to":[-6.95166,31.56998,9.7633],"rotation":{"angle":-45,"axis":"z","origin":[-8.7459,30.90218,7.99106]},"faces":{"north":{"uv":[10.53814,0,9.425,1.14857],"texture":"#0"},"east":{"uv":[1.4,0,0.8,11],"texture":"#0"},"south":{"uv":[9.425,0,10.53814,1.14857],"texture":"#0"},"up":{"uv":[1.6,0,0.8,0.6],"texture":"#0"},"down":{"uv":[8.99757,15.125,10.61449,14.23137],"rotation":270,"texture":"#0"}}},{"from":[13.96212,20.96781,7.33838],"to":[15.92772,23.17029,8.73824],"rotation":{"angle":-22.5,"axis":"z","origin":[19.16592,24.14805,8.03831]},"faces":{"north":{"uv":[2.1,0.575,3.09886,1.46643],"rotation":270,"texture":"#0"},"east":{"uv":[0.8,0,1.6,0.6],"rotation":90,"texture":"#0"},"south":{"uv":[2.1,1.46643,3.09886,0.575],"rotation":270,"texture":"#0"},"west":{"uv":[5.4125,0,5.48636,0.13429],"rotation":270,"texture":"#0"},"up":{"uv":[5.4125,0,5.48636,0.13429],"rotation":270,"texture":"#0"},"down":{"uv":[0.8,0,1.4,11],"rotation":90,"texture":"#0"}}},{"from":[22.2002,17.73085,7.33838],"to":[24.9218,19.93333,8.73824],"rotation":{"angle":22.5,"axis":"z","origin":[8,9.61897,8.02256]},"faces":{"north":{"uv":[4.425,0,5.48636,1.23429],"rotation":270,"texture":"#0"},"east":{"uv":[6.71242,0,5.9125,1.25856],"rotation":180,"texture":"#0"},"south":{"uv":[4.425,1.23429,5.48636,0],"rotation":270,"texture":"#0"},"west":{"uv":[0.8,0,1.6,0.6],"rotation":90,"texture":"#0"},"up":{"uv":[5.4125,0,5.48636,0.13429],"rotation":270,"texture":"#0"},"down":{"uv":[0.8,0,1.4,11],"rotation":90,"texture":"#0"}}},{"from":[14.75612,-3.65072,6.47276],"to":[17.85572,-2.92622,9.57236],"rotation":{"angle":0,"axis":"y","origin":[16.30592,4.96232,8.02256]},"faces":{"north":{"uv":[1.275,0,2.865,0.36771],"texture":"#0"},"east":{"uv":[1.275,0,2.865,0.36771],"texture":"#0"},"south":{"uv":[1.275,0,2.865,0.36771],"texture":"#0"},"west":{"uv":[1.275,0,2.865,0.36771],"texture":"#0"},"up":{"uv":[1.275,0,2.865,0.08021],"texture":"#0"},"down":{"uv":[1.275,0,2.865,0.08021],"texture":"#0"}}},{"from":[-1.85572,-3.65072,6.47276],"to":[1.24388,-2.92622,9.57236],"rotation":{"angle":0,"axis":"y","origin":[-0.30592,4.96232,8.02256]},"faces":{"north":{"uv":[2.865,0,1.275,0.36771],"texture":"#0"},"east":{"uv":[2.865,0,1.275,0.36771],"texture":"#0"},"south":{"uv":[2.865,0,1.275,0.36771],"texture":"#0"},"west":{"uv":[2.865,0,1.275,0.36771],"texture":"#0"},"up":{"uv":[2.865,0,1.275,0.08021],"texture":"#0"},"down":{"uv":[2.865,0,1.275,0.08021],"texture":"#0"}}},{"from":[-1.60372,-3.52472,6.72476],"to":[0.99188,-0.28022,9.32036],"rotation":{"angle":0,"axis":"y","origin":[-0.30592,4.96232,8.02256]},"faces":{"north":{"uv":[0.98438,0,0.02188,1.22812],"texture":"#0"},"east":{"uv":[0.98438,0,0.02188,1.22812],"texture":"#0"},"south":{"uv":[0.98438,0,0.02188,1.22812],"texture":"#0"},"west":{"uv":[0.98438,0,0.02188,1.22812],"texture":"#0"},"up":{"uv":[0.98438,0,0.02188,1.22812],"texture":"#0"},"down":{"uv":[1,0,0,1.25],"texture":"#0"}}},{"from":[-1.97754,24.41283,6.53576],"to":[-1.30218,25.10331,9.63536],"rotation":{"angle":0,"axis":"y","origin":[0.12414,24.12807,6.57356]},"faces":{"north":{"uv":[0,1.375,0.36533,1.44833],"rotation":270,"texture":"#0"},"east":{"uv":[0,3.14833,0.36533,1.375],"rotation":270,"texture":"#0"},"south":{"uv":[0,3.125,0.36533,3.14833],"rotation":270,"texture":"#0"},"west":{"uv":[0,1.375,0.36533,3.14833],"rotation":270,"texture":"#0"},"up":{"uv":[0.3125,1.375,0.36533,3.14833],"texture":"#0"},"down":{"uv":[0.0625,1.375,0,3.14833],"rotation":180,"texture":"#0"}}},{"from":[1.54027,23.16781,6.26738],"to":[4.89187,23.82679,6.87974],"rotation":{"angle":0,"axis":"y","origin":[3.21607,23.51305,6.57356]},"faces":{"north":{"uv":[0,1.375,0.36533,3.14833],"rotation":270,"texture":"#0"},"east":{"uv":[0,1.375,0.36533,1.44833],"rotation":270,"texture":"#0"},"south":{"uv":[0,3.14833,0.36533,1.375],"rotation":270,"texture":"#0"},"west":{"uv":[0,3.125,0.36533,3.14833],"rotation":270,"texture":"#0"},"up":{"uv":[0.3125,1.375,0.36533,3.14833],"rotation":90,"texture":"#0"},"down":{"uv":[0.0625,1.375,0,3.14833],"rotation":90,"texture":"#0"}}},{"from":[4.64424,22.55039,6.33038],"to":[8.27934,23.20937,6.81674],"rotation":{"angle":-22.5,"axis":"z","origin":[6.32004,22.89563,6.57356]},"faces":{"north":{"uv":[0,1.375,0.36533,3.14833],"rotation":270,"texture":"#0"},"east":{"uv":[0,1.375,0.36533,1.44833],"rotation":270,"texture":"#0"},"south":{"uv":[0,3.14833,0.36533,1.375],"rotation":270,"texture":"#0"},"west":{"uv":[0,3.125,0.36533,3.14833],"rotation":270,"texture":"#0"},"up":{"uv":[0.3125,1.375,0.36533,3.14833],"rotation":90,"texture":"#0"},"down":{"uv":[0.0625,1.375,0,3.14833],"rotation":90,"texture":"#0"}}},{"from":[14.6402,20.56207,6.23588],"to":[17.9918,21.25255,6.91124],"rotation":{"angle":22.5,"axis":"z","origin":[8,21.41131,4.80956]},"faces":{"north":{"uv":[0,3.14833,0.36533,1.375],"rotation":270,"texture":"#0"},"east":{"uv":[0,3.14833,0.36533,3.125],"rotation":270,"texture":"#0"},"south":{"uv":[0,1.375,0.36533,3.14833],"rotation":270,"texture":"#0"},"west":{"uv":[0,1.44833,0.36533,1.375],"rotation":270,"texture":"#0"},"up":{"uv":[0.3125,3.14833,0.36533,1.375],"rotation":90,"texture":"#0"},"down":{"uv":[0.0625,3.14833,0,1.375],"rotation":90,"texture":"#0"}}},{"from":[11.10813,23.16781,6.26738],"to":[14.45973,23.82679,6.87974],"rotation":{"angle":0,"axis":"y","origin":[12.78393,23.51305,6.57356]},"faces":{"north":{"uv":[0,3.14833,0.36533,1.375],"rotation":270,"texture":"#0"},"east":{"uv":[0,3.14833,0.36533,3.125],"rotation":270,"texture":"#0"},"south":{"uv":[0,1.375,0.36533,3.14833],"rotation":270,"texture":"#0"},"west":{"uv":[0,1.44833,0.36533,1.375],"rotation":270,"texture":"#0"},"up":{"uv":[0.3125,3.14833,0.36533,1.375],"rotation":90,"texture":"#0"},"down":{"uv":[0.0625,3.14833,0,1.375],"rotation":90,"texture":"#0"}}},{"from":[7.72066,22.55039,6.29888],"to":[11.35576,23.20937,6.84824],"rotation":{"angle":22.5,"axis":"z","origin":[9.67996,22.89563,6.57356]},"faces":{"north":{"uv":[0,3.14833,0.36533,1.375],"rotation":270,"texture":"#0"},"east":{"uv":[0,3.14833,0.36533,3.125],"rotation":270,"texture":"#0"},"south":{"uv":[0,1.375,0.36533,3.14833],"rotation":270,"texture":"#0"},"west":{"uv":[0,1.44833,0.36533,1.375],"rotation":270,"texture":"#0"},"up":{"uv":[0.3125,3.14833,0.36533,1.375],"rotation":90,"texture":"#0"},"down":{"uv":[0.0625,3.14833,0,1.375],"rotation":90,"texture":"#0"}}},{"from":[-1.55166,23.78283,6.23588],"to":[1.79994,24.47331,6.91124],"rotation":{"angle":-22.5,"axis":"z","origin":[0.12414,24.12807,6.57356]},"faces":{"north":{"uv":[0,1.375,0.36533,3.14833],"rotation":270,"texture":"#0"},"east":{"uv":[0,1.375,0.36533,1.44833],"rotation":270,"texture":"#0"},"south":{"uv":[0,3.14833,0.36533,1.375],"rotation":270,"texture":"#0"},"west":{"uv":[0,3.125,0.36533,3.14833],"rotation":270,"texture":"#0"},"up":{"uv":[0.3125,1.375,0.36533,3.14833],"rotation":90,"texture":"#0"},"down":{"uv":[0.0625,1.375,0,3.14833],"rotation":90,"texture":"#0"}}},{"from":[-1.80366,24.66483,9.38588],"to":[1.29594,25.35531,10.06124],"rotation":{"angle":0,"axis":"y","origin":[0.12414,24.12807,6.57356]},"faces":{"north":{"uv":[0,3.14833,0.36533,1.375],"rotation":270,"texture":"#0"},"east":{"uv":[0,3.125,0.36533,3.14833],"rotation":270,"texture":"#0"},"south":{"uv":[0,1.375,0.36533,3.14833],"rotation":270,"texture":"#0"},"west":{"uv":[0,1.375,0.36533,1.44833],"rotation":270,"texture":"#0"},"up":{"uv":[0.3125,1.375,0.36533,3.14833],"rotation":270,"texture":"#0"},"down":{"uv":[0.0625,1.375,0,3.14833],"rotation":270,"texture":"#0"}}},{"from":[0.74658,24.41283,6.28628],"to":[1.42194,25.10331,9.63788],"rotation":{"angle":-22.5,"axis":"x","origin":[0.95826,24.50607,7.83608]},"faces":{"north":{"uv":[0,3.125,0.36533,3.14833],"rotation":270,"texture":"#0"},"east":{"uv":[0,1.375,0.36533,3.14833],"rotation":270,"texture":"#0"},"south":{"uv":[0,1.375,0.36533,1.44833],"rotation":270,"texture":"#0"},"west":{"uv":[0,3.14833,0.36533,1.375],"rotation":270,"texture":"#0"},"up":{"uv":[0.3125,1.375,0.36533,3.14833],"rotation":180,"texture":"#0"},"down":{"uv":[0.0625,1.375,0,3.14833],"texture":"#0"}}},{"from":[17.30218,24.41283,6.53576],"to":[17.97754,25.10331,9.63536],"rotation":{"angle":0,"axis":"y","origin":[15.87586,24.12807,6.57356]},"faces":{"north":{"uv":[0,1.44833,0.36533,1.375],"rotation":270,"texture":"#0"},"east":{"uv":[0,3.14833,0.36533,1.375],"rotation":270,"texture":"#0"},"south":{"uv":[0,3.14833,0.36533,3.125],"rotation":270,"texture":"#0"},"west":{"uv":[0,1.375,0.36533,3.14833],"rotation":270,"texture":"#0"},"up":{"uv":[0.36533,1.375,0.3125,3.14833],"texture":"#0"},"down":{"uv":[0,1.375,0.0625,3.14833],"rotation":180,"texture":"#0"}}},{"from":[14.57806,24.41283,6.28628],"to":[15.25342,25.10331,9.63788],"rotation":{"angle":-22.5,"axis":"x","origin":[15.04174,24.50607,7.83608]},"faces":{"north":{"uv":[0,3.14833,0.36533,3.125],"rotation":270,"texture":"#0"},"east":{"uv":[0,1.375,0.36533,3.14833],"rotation":270,"texture":"#0"},"south":{"uv":[0,1.44833,0.36533,1.375],"rotation":270,"texture":"#0"},"west":{"uv":[0,3.14833,0.36533,1.375],"rotation":270,"texture":"#0"},"up":{"uv":[0.36533,1.375,0.3125,3.14833],"rotation":180,"texture":"#0"},"down":{"uv":[0,1.375,0.0625,3.14833],"texture":"#0"}}},{"from":[14.70406,24.66483,9.38588],"to":[17.80366,25.35531,10.06124],"rotation":{"angle":0,"axis":"y","origin":[15.87586,24.12807,6.57356]},"faces":{"north":{"uv":[0,1.375,0.36533,3.14833],"rotation":270,"texture":"#0"},"east":{"uv":[0,1.44833,0.36533,1.375],"rotation":270,"texture":"#0"},"south":{"uv":[0,3.14833,0.36533,1.375],"rotation":270,"texture":"#0"},"west":{"uv":[0,3.14833,0.36533,3.125],"rotation":270,"texture":"#0"},"up":{"uv":[0.3125,3.14833,0.36533,1.375],"rotation":270,"texture":"#0"},"down":{"uv":[0.0625,3.14833,0,1.375],"rotation":270,"texture":"#0"}}},{"from":[6.3242,21.88998,6.04175],"to":[9.6758,28.37646,8.85911],"rotation":{"angle":-22.5,"axis":"x","origin":[8,25.00722,7.70243]},"faces":{"north":{"uv":[0.64375,1.53125,3.19975,2.97625],"rotation":270,"texture":"#0"},"east":{"uv":[0.64375,3.03125,3.19975,3.97625],"rotation":270,"texture":"#0"},"south":{"uv":[0.69375,1.54375,0.68413,1.58875],"rotation":270,"texture":"#0"},"west":{"uv":[0.64375,3.97625,3.19975,3.03125],"rotation":270,"texture":"#0"},"up":{"uv":[2.71375,3.03125,1.76875,3.96225],"rotation":180,"texture":"#0"},"down":{"uv":[1.76875,3.96225,2.71375,3.03125],"rotation":180,"texture":"#0"}}},{"from":[-8.9218,17.73085,7.33838],"to":[-6.2002,19.93333,8.73824],"rotation":{"angle":-22.5,"axis":"z","origin":[8,9.61897,8.02256]},"faces":{"north":{"uv":[4.425,1.23429,5.48636,0],"rotation":270,"texture":"#0"},"east":{"uv":[0.8,0.6,1.6,0],"rotation":90,"texture":"#0"},"south":{"uv":[4.425,0,5.48636,1.23429],"rotation":270,"texture":"#0"},"west":{"uv":[6.71242,0,5.9125,1.25856],"rotation":180,"texture":"#0"},"up":{"uv":[5.4125,0.13429,5.48636,0],"rotation":270,"texture":"#0"},"down":{"uv":[0.8,11,1.4,0],"rotation":90,"texture":"#0"}}},{"from":[0.07228,20.96781,7.33838],"to":[2.03788,23.17029,8.73824],"rotation":{"angle":22.5,"axis":"z","origin":[-3.16592,24.14805,8.03831]},"faces":{"north":{"uv":[2.1,1.46643,3.09886,0.575],"rotation":270,"texture":"#0"},"east":{"uv":[5.4125,0.13429,5.48636,0],"rotation":270,"texture":"#0"},"south":{"uv":[2.1,0.575,3.09886,1.46643],"rotation":270,"texture":"#0"},"west":{"uv":[0.8,0.6,1.6,0],"rotation":90,"texture":"#0"},"up":{"uv":[5.4125,0.13429,5.48636,0],"rotation":270,"texture":"#0"},"down":{"uv":[0.8,11,1.4,0],"rotation":90,"texture":"#0"}}},{"from":[-7.5358,26.80285,6.73988],"to":[8.0378,28.50133,9.30524],"rotation":{"angle":0,"axis":"y","origin":[8,8.86297,8.02256]},"faces":{"north":{"uv":[5.925,6.34143,6.69529,0],"rotation":270,"texture":"#0"},"east":{"uv":[0.8,0.6,1.6,0],"rotation":90,"texture":"#0"},"south":{"uv":[5.925,0,6.69529,6.34143],"rotation":270,"texture":"#0"},"west":{"uv":[4.925,1.375,5.64556,2.34092],"rotation":270,"texture":"#0"},"up":{"uv":[0.8,11,1.4,0],"rotation":90,"texture":"#0"},"down":{"uv":[4.8,2.375,5.69529,8.71643],"rotation":270,"texture":"#0"}}},{"from":[-1.34416,-1.18868,6.98432],"to":[0.73232,27.36292,9.0608],"rotation":{"angle":0,"axis":"y","origin":[-0.30592,4.96232,8.02256]},"faces":{"north":{"uv":[0.75,5,0,16],"texture":"#0"},"east":{"uv":[1.5,5,0.75,16],"texture":"#0"},"south":{"uv":[0,5,0.75,16],"texture":"#0"},"west":{"uv":[0.75,5,0,16],"texture":"#0"},"up":{"uv":[0.8,0,0,0.8],"texture":"#0"},"down":{"uv":[0.8,0,0,0.8],"texture":"#0"}}}],"gui_light":"front","display":{"thirdperson_righthand":{"rotation":[18,0,0],"translation":[0,0,0.75],"scale":[0.37,0.37,0.37]},"thirdperson_lefthand":{"rotation":[18,0,0],"translation":[0,0,0.75],"scale":[0.37,0.37,0.37]},"firstperson_righthand":{"scale":[0,0,0]},"firstperson_lefthand":{"scale":[0,0,0]},"ground":{"translation":[0,1.75,0],"scale":[0.53,0.53,0.53]},"gui":{"rotation":[21,154,0],"translation":[0,-2.75,0.25],"scale":[0.4,0.4,0.4]},"head":{"rotation":[0,-180,0],"translation":[0.25,3.25,0],"scale":[4,4,4]},"fixed":{"translation":[0,0,-9]}}}