{"credit":"MadewithBlockbench","texture_size":[24,24],"textures":{"0":"elitecreatures:japan_furniture_v1/lamp_7","particle":"elitecreatures:japan_furniture_v1/lamp_7"},"elements":[{"from":[5.475,24.35,4.3],"to":[10.525,25.55,5.6],"rotation":{"angle":0,"axis":"y","origin":[9.05,23.85,1.8]},"faces":{"north":{"uv":[1,3.5,4.33333,4.25],"rotation":180,"texture":"#0"},"east":{"uv":[0.175,3.3,0,4.45833],"texture":"#0"},"south":{"uv":[0.175,3.3,0,4.45833],"texture":"#0"},"west":{"uv":[0.175,3.3,0,4.45833],"texture":"#0"},"up":{"uv":[0.175,3.3,0,4.45833],"texture":"#0"},"down":{"uv":[0.175,3.3,0,4.45833],"texture":"#0"}}},{"from":[4.0784,26.0254,4.0784],"to":[11.9216,26.7746,11.9216],"rotation":{"angle":0,"axis":"y","origin":[8,-12.89132,8]},"faces":{"north":{"uv":[1.15,3.5,4.33333,3.95],"rotation":180,"texture":"#0"},"east":{"uv":[1.15,3.5,4.33333,3.95],"rotation":180,"texture":"#0"},"south":{"uv":[1.15,3.5,4.33333,3.95],"rotation":180,"texture":"#0"},"west":{"uv":[1.15,3.5,4.33333,3.95],"rotation":180,"texture":"#0"},"up":{"uv":[6.0125,4.525,10.9913,9.4413],"rotation":180,"texture":"#0"},"down":{"uv":[0,0,1,1],"texture":"#0"}}},{"from":[5.0784,26.7746,5.0784],"to":[10.9216,27.7238,10.9216],"rotation":{"angle":0,"axis":"y","origin":[8,-13.24212,8]},"faces":{"north":{"uv":[1.15,3.5,4.33333,3.95],"rotation":180,"texture":"#0"},"east":{"uv":[1.15,3.5,4.33333,3.95],"rotation":180,"texture":"#0"},"south":{"uv":[1.15,3.5,4.33333,3.95],"rotation":180,"texture":"#0"},"west":{"uv":[1.15,3.5,4.33333,3.95],"rotation":180,"texture":"#0"},"up":{"uv":[1.075,3.525,1.13333,3.675],"rotation":180,"texture":"#0"},"down":{"uv":[0,0,1,1],"texture":"#0"}}},{"from":[5.66272,27.41872,5.66272],"to":[10.33728,28.47808,10.33728],"rotation":{"angle":0,"axis":"y","origin":[8,-5.63466,8]},"faces":{"north":{"uv":[1.15,3.5,4.33333,3.95],"rotation":180,"texture":"#0"},"east":{"uv":[1.15,3.5,4.33333,3.95],"rotation":180,"texture":"#0"},"south":{"uv":[1.15,3.5,4.33333,3.95],"rotation":180,"texture":"#0"},"west":{"uv":[1.15,3.5,4.33333,3.95],"rotation":180,"texture":"#0"},"up":{"uv":[1.075,3.525,1.13333,3.675],"rotation":180,"texture":"#0"},"down":{"uv":[0,0,1,1],"texture":"#0"}}},{"from":[6.17692,28.49461,6.17692],"to":[9.82308,29.22091,9.82308],"rotation":{"angle":0,"axis":"y","origin":[8,1.56498,8]},"faces":{"north":{"uv":[1.15,3.5,4.33333,3.95],"rotation":180,"texture":"#0"},"east":{"uv":[1.15,3.5,4.33333,3.95],"rotation":180,"texture":"#0"},"south":{"uv":[1.15,3.5,4.33333,3.95],"rotation":180,"texture":"#0"},"west":{"uv":[1.15,3.5,4.33333,3.95],"rotation":180,"texture":"#0"},"up":{"uv":[1.075,3.525,1.13333,3.675],"rotation":180,"texture":"#0"},"down":{"uv":[0,0,1,1],"texture":"#0"}}},{"from":[3.20141,25.26506,6.97692],"to":[4.02771,26.41122,9.02308],"rotation":{"angle":0,"axis":"y","origin":[3.61456,25.53814,8]},"faces":{"north":{"uv":[1.3,4.4641,1.4641,4.4],"rotation":270,"texture":"#0"},"east":{"uv":[1.3,4.4641,1.4641,4.4],"rotation":270,"texture":"#0"},"south":{"uv":[1.3,4.4641,1.4641,4.4],"rotation":270,"texture":"#0"},"west":{"uv":[1.25,5.8641,1.4641,4.4],"rotation":270,"texture":"#0"},"up":{"uv":[1.3,4.4641,1.4641,4.4],"rotation":270,"texture":"#0"},"down":{"uv":[1.3,4.4641,1.4641,4.4],"rotation":270,"texture":"#0"}}},{"from":[2.87692,29.29461,6.97692],"to":[7.92308,30.52091,9.02308],"rotation":{"angle":45,"axis":"z","origin":[8,28.85776,8]},"faces":{"north":{"uv":[1.3,4.4641,1.4641,4.4],"rotation":270,"texture":"#0"},"east":{"uv":[1.3,4.4641,1.4641,4.4],"rotation":270,"texture":"#0"},"south":{"uv":[1.3,4.4641,1.4641,4.4],"rotation":270,"texture":"#0"},"west":{"uv":[1.3,4.4641,1.4641,4.4],"rotation":270,"texture":"#0"},"up":{"uv":[4.6141,4.4,1.25,5.8641],"texture":"#0"},"down":{"uv":[1.3,4.4641,1.4641,4.4],"rotation":270,"texture":"#0"}}},{"from":[4.0808,-0.0099,4.0808],"to":[11.9192,2.4099,11.9192],"rotation":{"angle":0,"axis":"y","origin":[8,18.8457,8]},"faces":{"north":{"uv":[0,0,5.2006,1.7132],"texture":"#0"},"east":{"uv":[0,0,5.2006,1.7132],"texture":"#0"},"south":{"uv":[0,0,5.2006,1.7132],"texture":"#0"},"west":{"uv":[0,0,5.2006,1.7132],"texture":"#0"},"up":{"uv":[0,10.7744,5.2256,16],"texture":"#0"},"down":{"uv":[0,0,4.7506,0.175],"texture":"#0"}}},{"from":[5.16,0.845,5.16],"to":[10.84,19.555,10.84],"rotation":{"angle":0,"axis":"y","origin":[8,16.465,8]},"faces":{"north":{"uv":[12.28833,0,15.95,12.47333],"texture":"#0"},"east":{"uv":[12.28833,0,15.95,12.47333],"texture":"#0"},"south":{"uv":[12.28833,0,15.95,12.47333],"texture":"#0"},"west":{"uv":[12.28833,0,15.95,12.47333],"texture":"#0"},"up":{"uv":[0.8,15.24917,4.52417,11.525],"rotation":270,"texture":"#0"},"down":{"uv":[0,0,1,1],"texture":"#0"}}},{"from":[10.5,18.55,4.3],"to":[11.7,25.65,5.5],"rotation":{"angle":0,"axis":"y","origin":[8,22.1,8]},"faces":{"north":{"uv":[0,3.3,0.75,8.13333],"texture":"#0"},"east":{"uv":[0.75,3.3,0,8.13333],"texture":"#0"},"south":{"uv":[0.75,3.3,0,8.13333],"texture":"#0"},"west":{"uv":[0.75,3.3,0,8.13333],"texture":"#0"},"up":{"uv":[0.75,3.3,0,8.13333],"texture":"#0"},"down":{"uv":[0.75,3.3,0,8.13333],"texture":"#0"}}},{"from":[10.5,18.55,10.5],"to":[11.7,25.65,11.7],"rotation":{"angle":0,"axis":"y","origin":[8,22.1,8]},"faces":{"north":{"uv":[0,2.3,3.33333,2.4],"rotation":270,"texture":"#0"},"east":{"uv":[0,3.3,0.75,8.13333],"texture":"#0"},"south":{"uv":[0.75,3.3,0,8.13333],"texture":"#0"},"west":{"uv":[0,2.3,3.33333,2.4],"rotation":270,"texture":"#0"},"up":{"uv":[0,2.3,3.33333,2.4],"rotation":270,"texture":"#0"},"down":{"uv":[0,2.3,3.33333,2.4],"rotation":270,"texture":"#0"}}},{"from":[4.3,18.55,4.3],"to":[5.5,25.65,5.5],"rotation":{"angle":0,"axis":"y","origin":[8,22.1,8]},"faces":{"north":{"uv":[0.75,3.3,0,8.13333],"texture":"#0"},"east":{"uv":[0,3.3,0.75,8.13333],"texture":"#0"},"south":{"uv":[0,3.3,0.75,8.13333],"texture":"#0"},"west":{"uv":[0,3.3,0.75,8.13333],"texture":"#0"},"up":{"uv":[0,3.3,0.75,8.13333],"texture":"#0"},"down":{"uv":[0,3.3,0.75,8.13333],"texture":"#0"}}},{"from":[4.3,18.55,10.5],"to":[5.5,25.65,11.7],"rotation":{"angle":0,"axis":"y","origin":[8,22.1,8]},"faces":{"north":{"uv":[0,2.4,3.33333,2.3],"rotation":270,"texture":"#0"},"east":{"uv":[0,2.4,3.33333,2.3],"rotation":270,"texture":"#0"},"south":{"uv":[0,3.3,0.75,8.13333],"texture":"#0"},"west":{"uv":[0.75,3.3,0,8.13333],"texture":"#0"},"up":{"uv":[0,2.4,3.33333,2.3],"rotation":270,"texture":"#0"},"down":{"uv":[0,2.4,3.33333,2.3],"rotation":270,"texture":"#0"}}},{"from":[5.5,18.55,4.3],"to":[10.5,19.75,5.4],"rotation":{"angle":0,"axis":"y","origin":[6.95,23.85,8]},"faces":{"north":{"uv":[0,2.3,3.33333,3.225],"texture":"#0"},"east":{"uv":[0,2.3,3.33333,2.4],"rotation":270,"texture":"#0"},"south":{"uv":[0,2.3,3.33333,2.4],"rotation":270,"texture":"#0"},"west":{"uv":[0,2.3,3.33333,2.4],"rotation":270,"texture":"#0"},"up":{"uv":[0,2.3,3.33333,2.4],"rotation":180,"texture":"#0"},"down":{"uv":[0,2.3,3.33333,2.4],"texture":"#0"}}},{"from":[5.5,18.55,10.3],"to":[10.5,19.75,11.4],"rotation":{"angle":0,"axis":"y","origin":[9.05,23.85,8]},"faces":{"north":{"uv":[3.33333,2.3,0,3.225],"texture":"#0"},"east":{"uv":[0,2.4,3.33333,2.3],"rotation":270,"texture":"#0"},"south":{"uv":[0,2.4,3.33333,2.3],"rotation":270,"texture":"#0"},"west":{"uv":[0,2.4,3.33333,2.3],"rotation":270,"texture":"#0"},"up":{"uv":[3.33333,2.3,0,2.4],"rotation":180,"texture":"#0"},"down":{"uv":[3.33333,2.3,0,2.4],"texture":"#0"}}},{"from":[4.5,18.55,5.45],"to":[5.6,19.75,10.45],"rotation":{"angle":0,"axis":"y","origin":[9.05,23.85,8]},"faces":{"north":{"uv":[0,2.4,3.33333,2.3],"rotation":270,"texture":"#0"},"east":{"uv":[3.33333,2.3,0,3.225],"texture":"#0"},"south":{"uv":[0,2.4,3.33333,2.3],"rotation":270,"texture":"#0"},"west":{"uv":[0,2.3,3.33333,3.225],"texture":"#0"},"up":{"uv":[3.33333,2.3,0,2.4],"rotation":270,"texture":"#0"},"down":{"uv":[3.33333,2.3,0,2.4],"rotation":270,"texture":"#0"}}},{"from":[10.5,18.55,5.45],"to":[11.6,19.75,10.45],"rotation":{"angle":0,"axis":"y","origin":[9.05,23.85,5.9]},"faces":{"north":{"uv":[0,2.3,3.33333,2.4],"rotation":270,"texture":"#0"},"east":{"uv":[0,2.3,3.33333,3.225],"texture":"#0"},"south":{"uv":[0,2.3,3.33333,2.4],"rotation":270,"texture":"#0"},"west":{"uv":[0,2.3,3.33333,2.4],"rotation":270,"texture":"#0"},"up":{"uv":[0,2.3,3.33333,2.4],"rotation":270,"texture":"#0"},"down":{"uv":[0,2.3,3.33333,2.4],"rotation":270,"texture":"#0"}}},{"from":[5.5,18.55,10.6],"to":[10.5,19.75,11.7],"rotation":{"angle":0,"axis":"y","origin":[6.95,23.85,8]},"faces":{"north":{"uv":[0,2.4,3.33333,2.3],"rotation":270,"texture":"#0"},"east":{"uv":[0,2.4,3.33333,2.3],"rotation":270,"texture":"#0"},"south":{"uv":[3.33333,2.3,0,3.225],"texture":"#0"},"west":{"uv":[0,2.4,3.33333,2.3],"rotation":270,"texture":"#0"},"up":{"uv":[0,2.4,3.33333,2.3],"rotation":180,"texture":"#0"},"down":{"uv":[0,2.4,3.33333,2.3],"texture":"#0"}}},{"from":[5.475,24.35,10.4],"to":[10.525,25.55,11.7],"rotation":{"angle":0,"axis":"y","origin":[9.05,23.85,14.2]},"faces":{"north":{"uv":[0,3.3,0.175,4.45833],"texture":"#0"},"east":{"uv":[0,3.3,0.175,4.45833],"texture":"#0"},"south":{"uv":[4.33333,3.5,1,4.25],"rotation":180,"texture":"#0"},"west":{"uv":[0,3.3,0.175,4.45833],"texture":"#0"},"up":{"uv":[0.175,4.45833,0,3.3],"texture":"#0"},"down":{"uv":[0.175,4.45833,0,3.3],"texture":"#0"}}},{"from":[10.4,24.35,5.475],"to":[11.7,25.55,10.525],"rotation":{"angle":0,"axis":"y","origin":[8,24.95,8]},"faces":{"north":{"uv":[0.175,3.3,0,4.45833],"texture":"#0"},"east":{"uv":[1,3.5,4.33333,4.25],"rotation":180,"texture":"#0"},"south":{"uv":[0.175,3.3,0,4.45833],"texture":"#0"},"west":{"uv":[0.175,3.3,0,4.45833],"texture":"#0"},"up":{"uv":[0.175,3.3,0,4.45833],"rotation":90,"texture":"#0"},"down":{"uv":[0.175,3.3,0,4.45833],"rotation":270,"texture":"#0"}}},{"from":[4.3,24.35,5.475],"to":[5.6,25.55,10.525],"rotation":{"angle":0,"axis":"y","origin":[8,24.95,8]},"faces":{"north":{"uv":[0,3.3,0.175,4.45833],"texture":"#0"},"east":{"uv":[0,3.3,0.175,4.45833],"texture":"#0"},"south":{"uv":[0,3.3,0.175,4.45833],"texture":"#0"},"west":{"uv":[4.33333,3.5,1,4.25],"rotation":180,"texture":"#0"},"up":{"uv":[0.175,4.45833,0,3.3],"rotation":90,"texture":"#0"},"down":{"uv":[0.175,4.45833,0,3.3],"rotation":270,"texture":"#0"}}},{"from":[11.97229,25.26506,6.97692],"to":[12.79859,26.41122,9.02308],"rotation":{"angle":0,"axis":"y","origin":[12.38544,25.53814,8]},"faces":{"north":{"uv":[1.3,4.4,1.4641,4.4641],"rotation":270,"texture":"#0"},"east":{"uv":[1.25,4.4,1.4641,5.8641],"rotation":270,"texture":"#0"},"south":{"uv":[1.3,4.4,1.4641,4.4641],"rotation":270,"texture":"#0"},"west":{"uv":[1.3,4.4,1.4641,4.4641],"rotation":270,"texture":"#0"},"up":{"uv":[1.3,4.4,1.4641,4.4641],"rotation":270,"texture":"#0"},"down":{"uv":[1.3,4.4,1.4641,4.4641],"rotation":270,"texture":"#0"}}},{"from":[8.07692,29.29461,6.97692],"to":[13.12308,30.52091,9.02308],"rotation":{"angle":-45,"axis":"z","origin":[8,28.85776,8]},"faces":{"north":{"uv":[1.3,4.4,1.4641,4.4641],"rotation":270,"texture":"#0"},"east":{"uv":[1.3,4.4,1.4641,4.4641],"rotation":270,"texture":"#0"},"south":{"uv":[1.3,4.4,1.4641,4.4641],"rotation":270,"texture":"#0"},"west":{"uv":[1.3,4.4,1.4641,4.4641],"rotation":270,"texture":"#0"},"up":{"uv":[1.25,4.4,4.6141,5.8641],"texture":"#0"},"down":{"uv":[1.3,4.4,1.4641,4.4641],"rotation":270,"texture":"#0"}}},{"from":[6.97692,25.26506,3.20141],"to":[9.02308,26.41122,4.02771],"rotation":{"angle":0,"axis":"y","origin":[8,26.79994,8]},"faces":{"north":{"uv":[1.25,5.8641,1.4641,4.4],"rotation":270,"texture":"#0"},"east":{"uv":[1.3,4.4641,1.4641,4.4],"rotation":270,"texture":"#0"},"south":{"uv":[1.3,4.4641,1.4641,4.4],"rotation":270,"texture":"#0"},"west":{"uv":[1.3,4.4641,1.4641,4.4],"rotation":270,"texture":"#0"},"up":{"uv":[1.3,4.4641,1.4641,4.4],"texture":"#0"},"down":{"uv":[1.3,4.4641,1.4641,4.4],"rotation":180,"texture":"#0"}}},{"from":[6.97692,28.69189,4.33202],"to":[9.02308,29.91819,9.37817],"rotation":{"angle":-45,"axis":"x","origin":[8,26.79994,8]},"faces":{"north":{"uv":[1.3,4.4641,1.4641,4.4],"rotation":270,"texture":"#0"},"east":{"uv":[1.3,4.4641,1.4641,4.4],"rotation":270,"texture":"#0"},"south":{"uv":[1.3,4.4641,1.4641,4.4],"rotation":270,"texture":"#0"},"west":{"uv":[1.3,4.4641,1.4641,4.4],"rotation":270,"texture":"#0"},"up":{"uv":[4.6141,4.4,1.25,5.8641],"rotation":90,"texture":"#0"},"down":{"uv":[1.3,4.4641,1.4641,4.4],"rotation":180,"texture":"#0"}}},{"from":[6.97692,25.26506,11.97229],"to":[9.02308,26.41122,12.79859],"rotation":{"angle":0,"axis":"y","origin":[8,26.79994,8]},"faces":{"north":{"uv":[1.3,4.4,1.4641,4.4641],"rotation":270,"texture":"#0"},"east":{"uv":[1.3,4.4,1.4641,4.4641],"rotation":270,"texture":"#0"},"south":{"uv":[1.25,4.4,1.4641,5.8641],"rotation":270,"texture":"#0"},"west":{"uv":[1.3,4.4,1.4641,4.4641],"rotation":270,"texture":"#0"},"up":{"uv":[1.3,4.4,1.4641,4.4641],"texture":"#0"},"down":{"uv":[1.3,4.4,1.4641,4.4641],"rotation":180,"texture":"#0"}}},{"from":[6.97692,28.69189,6.62183],"to":[9.02308,29.91819,11.66798],"rotation":{"angle":45,"axis":"x","origin":[8,26.79994,8]},"faces":{"north":{"uv":[1.3,4.4,1.4641,4.4641],"rotation":270,"texture":"#0"},"east":{"uv":[1.3,4.4,1.4641,4.4641],"rotation":270,"texture":"#0"},"south":{"uv":[1.3,4.4,1.4641,4.4641],"rotation":270,"texture":"#0"},"west":{"uv":[1.3,4.4,1.4641,4.4641],"rotation":270,"texture":"#0"},"up":{"uv":[1.25,4.4,4.6141,5.8641],"rotation":90,"texture":"#0"},"down":{"uv":[1.3,4.4,1.4641,4.4641],"rotation":180,"texture":"#0"}}},{"from":[5.5,19.75,4.35],"to":[10.5,20.75,5.35],"faces":{"north":{"uv":[6.54167,13.27083,9.9375,14],"texture":"#0"},"east":{"uv":[5.66667,13.33333,6.33333,14],"texture":"#0"},"south":{"uv":[6.54167,13.27083,9.9375,14],"texture":"#0"},"west":{"uv":[5.66667,13.33333,6.33333,14],"texture":"#0"},"up":{"uv":[6.54167,13.27083,9.9375,14],"texture":"#0"},"down":{"uv":[6.54167,13.27083,9.9375,14],"texture":"#0"}}},{"from":[5.5,23.5,4.35],"to":[10.5,24.5,5.35],"rotation":{"angle":0,"axis":"y","origin":[0,16,0]},"faces":{"north":{"uv":[6.54167,14,9.9375,13.27083],"texture":"#0"},"east":{"uv":[5.66667,14,6.33333,13.33333],"texture":"#0"},"south":{"uv":[6.54167,14,9.9375,13.27083],"texture":"#0"},"west":{"uv":[5.66667,14,6.33333,13.33333],"texture":"#0"},"up":{"uv":[6.54167,14,9.9375,13.27083],"texture":"#0"},"down":{"uv":[6.54167,14,9.9375,13.27083],"texture":"#0"}}},{"from":[5.5,23.5,10.65],"to":[10.5,24.5,11.65],"rotation":{"angle":0,"axis":"y","origin":[0,16,16]},"faces":{"north":{"uv":[9.9375,14,6.54167,13.27083],"texture":"#0"},"east":{"uv":[6.33333,14,5.66667,13.33333],"texture":"#0"},"south":{"uv":[9.9375,14,6.54167,13.27083],"texture":"#0"},"west":{"uv":[6.33333,14,5.66667,13.33333],"texture":"#0"},"up":{"uv":[6.54167,13.27083,9.9375,14],"texture":"#0"},"down":{"uv":[6.54167,13.27083,9.9375,14],"texture":"#0"}}},{"from":[5.5,19.75,10.65],"to":[10.5,20.75,11.65],"rotation":{"angle":0,"axis":"y","origin":[0,0,16]},"faces":{"north":{"uv":[9.9375,13.27083,6.54167,14],"texture":"#0"},"east":{"uv":[6.33333,13.33333,5.66667,14],"texture":"#0"},"south":{"uv":[9.9375,13.27083,6.54167,14],"texture":"#0"},"west":{"uv":[6.33333,13.33333,5.66667,14],"texture":"#0"},"up":{"uv":[6.54167,14,9.9375,13.27083],"texture":"#0"},"down":{"uv":[6.54167,14,9.9375,13.27083],"texture":"#0"}}},{"from":[10.65,23.5,5.5],"to":[11.65,24.5,10.5],"rotation":{"angle":0,"axis":"y","origin":[0,16,16]},"faces":{"north":{"uv":[6.33333,14,5.66667,13.33333],"texture":"#0"},"east":{"uv":[9.9375,14,6.54167,13.27083],"texture":"#0"},"south":{"uv":[6.33333,14,5.66667,13.33333],"texture":"#0"},"west":{"uv":[9.9375,14,6.54167,13.27083],"texture":"#0"},"up":{"uv":[6.54167,13.27083,9.9375,14],"rotation":270,"texture":"#0"},"down":{"uv":[6.54167,13.27083,9.9375,14],"rotation":90,"texture":"#0"}}},{"from":[10.65,19.75,5.5],"to":[11.65,20.75,10.5],"rotation":{"angle":0,"axis":"y","origin":[0,0,16]},"faces":{"north":{"uv":[6.33333,13.33333,5.66667,14],"texture":"#0"},"east":{"uv":[9.9375,13.27083,6.54167,14],"texture":"#0"},"south":{"uv":[6.33333,13.33333,5.66667,14],"texture":"#0"},"west":{"uv":[9.9375,13.27083,6.54167,14],"texture":"#0"},"up":{"uv":[6.54167,14,9.9375,13.27083],"rotation":270,"texture":"#0"},"down":{"uv":[6.54167,14,9.9375,13.27083],"rotation":90,"texture":"#0"}}},{"from":[4.35,19.75,5.5],"to":[5.35,20.75,10.5],"rotation":{"angle":0,"axis":"y","origin":[-16,0,16]},"faces":{"north":{"uv":[5.66667,13.33333,6.33333,14],"texture":"#0"},"east":{"uv":[6.54167,13.27083,9.9375,14],"texture":"#0"},"south":{"uv":[5.66667,13.33333,6.33333,14],"texture":"#0"},"west":{"uv":[6.54167,13.27083,9.9375,14],"texture":"#0"},"up":{"uv":[6.54167,13.27083,9.9375,14],"rotation":270,"texture":"#0"},"down":{"uv":[6.54167,13.27083,9.9375,14],"rotation":90,"texture":"#0"}}},{"from":[4.35,23.5,5.5],"to":[5.35,24.5,10.5],"rotation":{"angle":0,"axis":"y","origin":[-16,16,16]},"faces":{"north":{"uv":[5.66667,14,6.33333,13.33333],"texture":"#0"},"east":{"uv":[6.54167,14,9.9375,13.27083],"texture":"#0"},"south":{"uv":[5.66667,14,6.33333,13.33333],"texture":"#0"},"west":{"uv":[6.54167,14,9.9375,13.27083],"texture":"#0"},"up":{"uv":[6.54167,14,9.9375,13.27083],"rotation":270,"texture":"#0"},"down":{"uv":[6.54167,14,9.9375,13.27083],"rotation":90,"texture":"#0"}}},{"from":[2.44,25.24,2.44],"to":[13.56,25.86,13.56],"rotation":{"angle":0,"axis":"y","origin":[8,-19.312,8]},"faces":{"north":{"uv":[4.825,10.275,12.23833,10.68833],"rotation":180,"texture":"#0"},"east":{"uv":[4.825,10.275,12.23833,10.68833],"rotation":180,"texture":"#0"},"south":{"uv":[4.825,10.275,12.23833,10.68833],"rotation":180,"texture":"#0"},"west":{"uv":[4.825,10.275,12.23833,10.68833],"rotation":180,"texture":"#0"},"up":{"uv":[4.825,3.275,12.23833,10.68833],"rotation":180,"texture":"#0"},"down":{"uv":[1.3,4.4641,1.4641,4.4],"rotation":270,"texture":"#0"}}},{"from":[5.5,30,5.5],"to":[10.5,31,10.5],"faces":{"north":{"uv":[5.52083,12,9.22917,12.97917],"texture":"#0"},"east":{"uv":[5.52083,12,9.22917,12.97917],"texture":"#0"},"south":{"uv":[5.52083,12,9.22917,12.97917],"texture":"#0"},"west":{"uv":[5.52083,12,9.22917,12.97917],"texture":"#0"},"up":{"uv":[6.75,5.51667,9.98333,8.75],"texture":"#0"},"down":{"uv":[6.75,5.51667,9.98333,8.75],"texture":"#0"}}}],"gui_light":"front","display":{"thirdperson_righthand":{"rotation":[15.75,0,0],"translation":[0,-0.25,0],"scale":[0.29,0.29,0.29]},"thirdperson_lefthand":{"rotation":[15.75,0,0],"translation":[0,-0.25,0],"scale":[0.29,0.29,0.29]},"firstperson_righthand":{"scale":[0,0,0]},"firstperson_lefthand":{"scale":[0,0,0]},"ground":{"scale":[0.37,0.37,0.37]},"gui":{"rotation":[17,49,0],"translation":[0,-3,0],"scale":[0.51,0.51,0.5]},"head":{"translation":[0,-25.5,0],"scale":[2,2,2]},"fixed":{"translation":[0,-5.75,-7]}}}