{
	"format_version": "1.9.0",
	"credit": "Model by Guespper",
	"textures": {
		"0": "custom:item/3d/cellphone",
		"particle": "custom:item/3d/cellphone"
	},
	"elements": [
		{
			"from": [5.995, -0.005, 7.745],
			"to": [10.005, 8.005, 8.255],
			"rotation": {"angle": 0, "axis": "y", "origin": [9, 0, 9]},
			"faces": {
				"north": {"uv": [4, 0, 8, 8], "texture": "#0"},
				"east": {"uv": [8, 0, 8.5, 8], "texture": "#0"},
				"south": {"uv": [0, 0, 4, 8], "texture": "#0"},
				"west": {"uv": [0, 8, 0.5, 16], "texture": "#0"},
				"up": {"uv": [5, 8, 9, 8.5], "texture": "#0"},
				"down": {"uv": [9, 0.5, 13, 0], "texture": "#0"}
			}
		},
		{
			"from": [7.24, 2.99, 7.74],
			"to": [8.76, 5.01, 7.76],
			"rotation": {"angle": 0, "axis": "y", "origin": [8, 0, 7.75]},
			"faces": {
				"north": {"uv": [9.5, 1.25, 11.75, 4.25], "texture": "#0"},
				"east": {"uv": [0, 0, 0, 2], "texture": "#0"},
				"south": {"uv": [1, 8, 2.5, 10], "texture": "#0"},
				"west": {"uv": [0, 0, 0, 2], "texture": "#0"},
				"up": {"uv": [0, 0, 1.5, 0], "texture": "#0"},
				"down": {"uv": [0, 0, 1.5, 0], "texture": "#0"}
			}
		},
		{
			"from": [8.5, 5.75, 7.5],
			"to": [9.75, 7.5, 8],
			"rotation": {"angle": 0, "axis": "y", "origin": [7, 5.75, 6]},
			"faces": {
				"north": {"uv": [4.25, 0.5, 5.5, 2.25], "texture": "#0"},
				"east": {"uv": [5.25, 0.5, 5.5, 2.25], "texture": "#0"},
				"south": {"uv": [4.25, 0.5, 5.5, 2.25], "texture": "#0"},
				"west": {"uv": [4.25, 0.5, 4.5, 2.25], "texture": "#0"},
				"up": {"uv": [4.25, 0.5, 5.5, 0.75], "texture": "#0"},
				"down": {"uv": [4.25, 2, 5.5, 2.25], "texture": "#0"}
			}
		}
	],
	"display": {
		"thirdperson_righthand": {
			"translation": [0, 6.25, 0.5]
		},
		"thirdperson_lefthand": {
			"translation": [0, 6.5, 0.5]
		},
		"firstperson_righthand": {
			"rotation": [0, -22.5, 0],
			"translation": [0, 6.5, 0.5]
		},
		"firstperson_lefthand": {
			"rotation": [0, -22.5, 0],
			"translation": [0, 6.5, -0.5]
		},
		"ground": {
			"translation": [0, 4.25, 0]
		},
		"gui": {
			"rotation": [0, 0, -45],
			"translation": [5, 5, 0],
			"scale": [1.75, 1.75, 1.75]
		},
		"head": {
			"rotation": [0, -180, 0],
			"translation": [0, 21.5, 0],
			"scale": [2, 2, 2]
		},
		"fixed": {
			"rotation": [0, -180, 45],
			"translation": [5.5, 5.5, -0.5],
			"scale": [2, 2, 2]
		}
	}
}