{
	"credit": "Made with Blockbench",
	"textures": {
		"0": "custom:item/3d/knight_killer_purple/knight_killer",
		"1": "custom:item/3d/knight_killer_purple/knight_killer_effect",
		"particle": "custom:item/3d/knight_killer_blue/knight_killer"
	},
	"elements": [
		{
			"from": [7.75, 5.35, 7.75],
			"to": [8.25, 5.85, 8.25],
			"rotation": {"angle": 0, "axis": "y", "origin": [7, 6.75, 7]},
			"faces": {
				"north": {"uv": [11, 5, 11.5, 5.5], "texture": "#0"},
				"east": {"uv": [11, 8, 11.5, 8.5], "texture": "#0"},
				"south": {"uv": [11, 9, 11.5, 9.5], "texture": "#0"},
				"west": {"uv": [10, 11, 10.5, 11.5], "texture": "#0"},
				"up": {"uv": [11.5, 10.5, 11, 10], "texture": "#0"},
				"down": {"uv": [11.5, 11, 11, 11.5], "texture": "#0"}
			}
		},
		{
			"from": [7.6, 5.85, 7.6],
			"to": [8.4, 11.1, 8.4],
			"rotation": {"angle": 0, "axis": "y", "origin": [7, 7.25, 7]},
			"faces": {
				"north": {"uv": [8, 0, 9, 5.25], "texture": "#0"},
				"east": {"uv": [8, 6, 9, 11.25], "texture": "#0"},
				"south": {"uv": [8, 0, 9, 5.25], "texture": "#0"},
				"west": {"uv": [8, 6, 9, 11.25], "texture": "#0"},
				"up": {"uv": [11, 9, 10, 8], "texture": "#0"},
				"down": {"uv": [11, 9, 10, 10], "texture": "#0"}
			}
		},
		{
			"from": [6.5, 11.1, 7.5],
			"to": [9.2, 11.75, 8.5],
			"rotation": {"angle": 0, "axis": "y", "origin": [9, 10, 7]},
			"faces": {
				"north": {"uv": [10, 6, 12.25, 6.5], "texture": "#0"},
				"east": {"uv": [10, 10, 11, 10.5], "texture": "#0"},
				"south": {"uv": [10, 7, 12.25, 7.5], "texture": "#0"},
				"west": {"uv": [11, 2, 12, 2.5], "texture": "#0"},
				"up": {"uv": [12.25, 1, 10, 0], "texture": "#0"},
				"down": {"uv": [12.25, 1, 10, 2], "texture": "#0"}
			}
		},
		{
			"from": [6.15, 11.1, 7.5],
			"to": [6.6, 11.75, 8.5],
			"rotation": {"angle": -22.5, "axis": "z", "origin": [6.575, 11.3, 8]},
			"faces": {
				"north": {"uv": [12, 4, 12.25, 4.5], "texture": "#0"},
				"east": {"uv": [11, 3, 12, 3.5], "texture": "#0"},
				"south": {"uv": [12, 5, 12.25, 5.5], "texture": "#0"},
				"west": {"uv": [11, 4, 12, 4.5], "texture": "#0"},
				"up": {"uv": [12.25, 3, 12, 2], "texture": "#0"},
				"down": {"uv": [12.25, 3, 12, 4], "texture": "#0"}
			}
		},
		{
			"from": [7.5, 4.25, 8],
			"to": [8.5, 5.4, 8],
			"rotation": {"angle": 0, "axis": "y", "origin": [7, 3.5, 7]},
			"faces": {
				"north": {"uv": [10, 2, 11, 3.25], "texture": "#0"},
				"east": {"uv": [0, 0, 0, 1.25], "texture": "#0"},
				"south": {"uv": [10, 4, 11, 5.25], "texture": "#0"},
				"west": {"uv": [0, 0, 0, 1.25], "texture": "#0"},
				"up": {"uv": [1, 0, 0, 0], "texture": "#0"},
				"down": {"uv": [1, 0, 0, 0], "texture": "#0"}
			}
		},
		{
			"from": [6.2, 11.7, 8],
			"to": [9.95, 24.35, 8],
			"rotation": {"angle": 0, "axis": "y", "origin": [7.2, 10.95, 7]},
			"faces": {
				"north": {"uv": [7.7125, 0.0625, 3.9625, 12.8125], "texture": "#0"},
				"east": {"uv": [0, 0, 0, 12.75], "texture": "#0"},
				"south": {"uv": [4, 0, 7.75, 12.75], "texture": "#0"},
				"west": {"uv": [0, 0, 0, 12.75], "texture": "#0"},
				"up": {"uv": [3.75, 0, 0, 0], "texture": "#0"},
				"down": {"uv": [3.75, 0, 0, 0], "texture": "#0"}
			}
		},
		{
			"from": [4, 11.3, 8.05],
			"to": [12, 25.05, 8.05],
			"rotation": {"angle": 0, "axis": "y", "origin": [7, 11.8, 7.05]},
			"faces": {
				"north": {"uv": [16, 0, 8, 13.75], "texture": "#1"},
				"east": {"uv": [0, 0, 0, 13.75], "texture": "#1"},
				"south": {"uv": [8, 0, 16, 13.75], "texture": "#1"},
				"west": {"uv": [0, 0, 0, 13.75], "texture": "#1"},
				"up": {"uv": [8, 0, 0, 0], "texture": "#1"},
				"down": {"uv": [8, 0, 0, 0], "texture": "#1"}
			}
		}
	],
	"gui_light": "front",
	"display": {
		"thirdperson_righthand": {
			"rotation": [0, -90, 0],
			"translation": [0, -2.5, 0.5]
		},
		"thirdperson_lefthand": {
			"rotation": [0, 90, 0],
			"translation": [0, -2.5, 0.5]
		},
		"firstperson_righthand": {
			"rotation": [0, -90, 0],
			"translation": [2, -1.75, 0.5]
		},
		"firstperson_lefthand": {
			"rotation": [0, 90, 0],
			"translation": [2, -1.75, 0.5]
		},
		"gui": {
			"rotation": [0, 180, 45],
			"translation": [-4.75, -5, 0]
		},
		"fixed": {
			"rotation": [0, 0, 45],
			"translation": [5, -5.75, 0],
			"scale": [1.2, 1.2, 1.2]
		}
	},
	"groups": [
		{
			"name": "group",
			"origin": [6.575, 11.3, 8],
			"color": 0,
			"children": [0, 1, 2, 3]
		},
		{
			"name": "group",
			"origin": [7, 10.75, 7],
			"color": 0,
			"children": [4, 5]
		},
		6
	]
}