{
	"format_version": "1.9.0",
	"credit": "Made with Blockbench",
	"texture_size": [64, 64],
	"textures": {
		"0": "custom:item/3d/kunai",
		"particle": "custom:item/3d/kunai"
	},
	"elements": [
		{
			"name": "Cabo",
			"from": [6, -3, 5],
			"to": [10, 10, 9],
			"rotation": {"angle": 0, "axis": "y", "origin": [6, -3, 7]},
			"faces": {
				"north": {"uv": [6.5, 5, 7.5, 8.25], "texture": "#0"},
				"east": {"uv": [7.5, 5, 8.5, 8.25], "texture": "#0"},
				"south": {"uv": [0, 8, 1, 11.25], "texture": "#0"},
				"west": {"uv": [1, 8, 2, 11.25], "texture": "#0"},
				"up": {"uv": [9.5, 4.5, 8.5, 3.5], "texture": "#0"},
				"down": {"uv": [9.5, 4.5, 8.5, 5.5], "texture": "#0"}
			}
		},
		{
			"name": "Cabo D. Maior C",
			"from": [6.5, 10, 5.5],
			"to": [9.5, 11, 8.5],
			"rotation": {"angle": 0, "axis": "y", "origin": [7.5, 10, 7.5]},
			"faces": {
				"north": {"uv": [9.5, 5, 10.25, 5.25], "texture": "#0"},
				"east": {"uv": [9.5, 5.25, 10.25, 5.5], "texture": "#0"},
				"south": {"uv": [7, 9.5, 7.75, 9.75], "texture": "#0"},
				"west": {"uv": [9.5, 7.75, 10.25, 8], "texture": "#0"},
				"up": {"uv": [9.25, 6.25, 8.5, 5.5], "texture": "#0"},
				"down": {"uv": [9.25, 6.25, 8.5, 7], "texture": "#0"}
			}
		},
		{
			"name": "Cabo D. Menor C",
			"from": [7, 11, 6],
			"to": [9, 12, 8],
			"rotation": {"angle": 0, "axis": "y", "origin": [8, 11, 7]},
			"faces": {
				"north": {"uv": [9.75, 8.75, 10.25, 9], "texture": "#0"},
				"east": {"uv": [9, 9.75, 9.5, 10], "texture": "#0"},
				"south": {"uv": [9.75, 9, 10.25, 9.25], "texture": "#0"},
				"west": {"uv": [9.5, 9.75, 10, 10], "texture": "#0"},
				"up": {"uv": [8.25, 9.75, 7.75, 9.25], "texture": "#0"},
				"down": {"uv": [8.75, 9.25, 8.25, 9.75], "texture": "#0"}
			}
		},
		{
			"name": "Cabo D. Maior B",
			"from": [6.5, -4, 5.5],
			"to": [9.5, -3, 8.5],
			"rotation": {"angle": 0, "axis": "y", "origin": [7.5, -4, 7.5]},
			"faces": {
				"north": {"uv": [9.5, 8, 10.25, 8.25], "texture": "#0"},
				"east": {"uv": [9.5, 8.25, 10.25, 8.5], "texture": "#0"},
				"south": {"uv": [9.5, 8.5, 10.25, 8.75], "texture": "#0"},
				"west": {"uv": [9.25, 9.5, 10, 9.75], "texture": "#0"},
				"up": {"uv": [9.25, 7.75, 8.5, 7], "texture": "#0"},
				"down": {"uv": [7.75, 8.75, 7, 9.5], "texture": "#0"}
			}
		},
		{
			"name": "Cabo D. Menor B",
			"from": [7, -5, 6],
			"to": [9, -4, 8],
			"rotation": {"angle": 0, "axis": "y", "origin": [8, -5, 7]},
			"faces": {
				"north": {"uv": [10, 6, 10.5, 6.25], "texture": "#0"},
				"east": {"uv": [10, 6.25, 10.5, 6.5], "texture": "#0"},
				"south": {"uv": [10, 6.5, 10.5, 6.75], "texture": "#0"},
				"west": {"uv": [10, 6.75, 10.5, 7], "texture": "#0"},
				"up": {"uv": [9.25, 9.75, 8.75, 9.25], "texture": "#0"},
				"down": {"uv": [9.75, 8.75, 9.25, 9.25], "texture": "#0"}
			}
		},
		{
			"name": "Circulo",
			"from": [9, -8, 6.5],
			"to": [10, -6, 7.5],
			"rotation": {"angle": 0, "axis": "y", "origin": [9, -8, 5.5]},
			"faces": {
				"north": {"uv": [7, 10, 7.25, 10.5], "texture": "#0"},
				"east": {"uv": [7.25, 10, 7.5, 10.5], "texture": "#0"},
				"south": {"uv": [8, 10, 8.25, 10.5], "texture": "#0"},
				"west": {"uv": [8.25, 10, 8.5, 10.5], "texture": "#0"},
				"up": {"uv": [10.5, 7.25, 10.25, 7], "texture": "#0"},
				"down": {"uv": [10.5, 7.25, 10.25, 7.5], "texture": "#0"}
			}
		},
		{
			"name": "Circulo",
			"from": [6, -8, 6.5],
			"to": [7, -6, 7.5],
			"rotation": {"angle": 0, "axis": "y", "origin": [6, -8, 5.5]},
			"faces": {
				"north": {"uv": [9, 10, 9.25, 10.5], "texture": "#0"},
				"east": {"uv": [9.25, 10, 9.5, 10.5], "texture": "#0"},
				"south": {"uv": [9.5, 10, 9.75, 10.5], "texture": "#0"},
				"west": {"uv": [10, 9.5, 10.25, 10], "texture": "#0"},
				"up": {"uv": [7.75, 10.5, 7.5, 10.25], "texture": "#0"},
				"down": {"uv": [10.5, 7.5, 10.25, 7.75], "texture": "#0"}
			}
		},
		{
			"name": "Circulo",
			"from": [6, -6, 6.5],
			"to": [10, -5, 7.5],
			"rotation": {"angle": 0, "axis": "y", "origin": [9, -5, 5.5]},
			"faces": {
				"north": {"uv": [9.25, 7.5, 10.25, 7.75], "texture": "#0"},
				"east": {"uv": [7.75, 10.25, 8, 10.5], "texture": "#0"},
				"south": {"uv": [9.25, 9.25, 10.25, 9.5], "texture": "#0"},
				"west": {"uv": [10.25, 7.75, 10.5, 8], "texture": "#0"},
				"up": {"uv": [10.5, 3.75, 9.5, 3.5], "texture": "#0"},
				"down": {"uv": [10.5, 3.75, 9.5, 4], "texture": "#0"}
			}
		},
		{
			"name": "Circulo",
			"from": [6, -9, 6.5],
			"to": [10, -8, 7.5],
			"rotation": {"angle": 0, "axis": "y", "origin": [9, -8, 5.5]},
			"faces": {
				"north": {"uv": [9.5, 4, 10.5, 4.25], "texture": "#0"},
				"east": {"uv": [10.25, 8, 10.5, 8.25], "texture": "#0"},
				"south": {"uv": [9.5, 4.25, 10.5, 4.5], "texture": "#0"},
				"west": {"uv": [10.25, 8.25, 10.5, 8.5], "texture": "#0"},
				"up": {"uv": [10.5, 4.75, 9.5, 4.5], "texture": "#0"},
				"down": {"uv": [10.5, 4.75, 9.5, 5], "texture": "#0"}
			}
		},
		{
			"name": "Lamina principal meio",
			"from": [7, 12, 6.5],
			"to": [9, 28, 7.5],
			"rotation": {"angle": 0, "axis": "y", "origin": [7, 12, 6.5]},
			"faces": {
				"north": {"uv": [4, 8, 4.5, 12], "texture": "#0"},
				"east": {"uv": [4.5, 8, 5, 12], "texture": "#0"},
				"south": {"uv": [5, 8, 5.5, 12], "texture": "#0"},
				"west": {"uv": [5.5, 8, 6, 12], "texture": "#0"},
				"up": {"uv": [9.25, 9.25, 8.75, 8.75], "texture": "#0"},
				"down": {"uv": [9.5, 8.25, 9, 8.75], "texture": "#0"}
			}
		},
		{
			"name": "Ponta da lamina principal",
			"from": [8, 27, 6.5],
			"to": [9.414, 28.414, 7.5],
			"rotation": {"angle": 45, "axis": "z", "origin": [8, 27, 6.5]},
			"faces": {
				"north": {"uv": [9.75, 10, 10, 10.25], "texture": "#0"},
				"east": {"uv": [9.75, 5.5, 10.25, 5.75], "texture": "#0"},
				"south": {"uv": [10, 10, 10.25, 10.25], "texture": "#0"},
				"west": {"uv": [9.75, 5.75, 10.25, 6], "texture": "#0"},
				"up": {"uv": [10, 6.5, 9.75, 6], "texture": "#0"},
				"down": {"uv": [10, 6.5, 9.75, 7], "texture": "#0"}
			}
		},
		{
			"name": "Lamina principal lateral",
			"from": [6, 11, 6.5],
			"to": [10, 23, 7.5],
			"rotation": {"angle": 0, "axis": "y", "origin": [8, 17, 6.5]},
			"faces": {
				"north": {"uv": [2, 8, 3, 11], "texture": "#0"},
				"east": {"uv": [6, 8, 6.5, 11], "texture": "#0"},
				"south": {"uv": [3, 8, 4, 11], "texture": "#0"},
				"west": {"uv": [6.5, 8.25, 7, 11.25], "texture": "#0"},
				"up": {"uv": [9.5, 8.25, 8.5, 7.75], "texture": "#0"},
				"down": {"uv": [8.75, 8.75, 7.75, 9.25], "texture": "#0"}
			}
		},
		{
			"name": "Lamina inferior direita",
			"from": [-1.53209, 12.28558, 6.5],
			"to": [6.46791, 14.28558, 7.5],
			"rotation": {"angle": -45, "axis": "z", "origin": [4.46791, 12.28558, 6.5]},
			"faces": {
				"north": {"uv": [7, 8.25, 9, 8.75], "texture": "#0"},
				"east": {"uv": [9.25, 5.5, 9.75, 6], "texture": "#0"},
				"south": {"uv": [8.5, 0, 10.5, 0.5], "texture": "#0"},
				"west": {"uv": [9.25, 6, 9.75, 6.5], "texture": "#0"},
				"up": {"uv": [10.5, 1, 8.5, 0.5], "texture": "#0"},
				"down": {"uv": [10.5, 1, 8.5, 1.5], "texture": "#0"}
			}
		},
		{
			"name": "Lamina inferior esquerda",
			"from": [8.12836, 16.1423, 6.5],
			"to": [16.12836, 18.1423, 7.5],
			"rotation": {"angle": 45, "axis": "z", "origin": [16.12836, 16.1423, 6.5]},
			"faces": {
				"north": {"uv": [8.5, 1.5, 10.5, 2], "texture": "#0"},
				"east": {"uv": [9.25, 6.5, 9.75, 7], "texture": "#0"},
				"south": {"uv": [8.5, 2, 10.5, 2.5], "texture": "#0"},
				"west": {"uv": [9.25, 7, 9.75, 7.5], "texture": "#0"},
				"up": {"uv": [10.5, 3, 8.5, 2.5], "texture": "#0"},
				"down": {"uv": [10.5, 3, 8.5, 3.5], "texture": "#0"}
			}
		},
		{
			"name": "Ponta da lamina inferior direita",
			"from": [-0.12816, 16.14253, 6.5],
			"to": [1.28584, 17.55653, 7.5],
			"rotation": {"angle": 0, "axis": "z", "origin": [-0.12816, 16.14253, 6.5]},
			"faces": {
				"north": {"uv": [10.25, 5, 10.5, 5.25], "texture": "#0"},
				"east": {"uv": [7, 9.75, 7.5, 10], "texture": "#0"},
				"south": {"uv": [10.25, 5.25, 10.5, 5.5], "texture": "#0"},
				"west": {"uv": [9.75, 7, 10.25, 7.25], "texture": "#0"},
				"up": {"uv": [7.75, 10.25, 7.5, 9.75], "texture": "#0"},
				"down": {"uv": [8, 9.75, 7.75, 10.25], "texture": "#0"}
			}
		},
		{
			"name": "Ponta da lamina inferior esquerda",
			"from": [14.71974, 16.26554, 6.5],
			"to": [16.13374, 17.67954, 7.5],
			"rotation": {"angle": 0, "axis": "z", "origin": [14.71974, 16.26554, 6.5]},
			"faces": {
				"north": {"uv": [10.25, 5.5, 10.5, 5.75], "texture": "#0"},
				"east": {"uv": [9.75, 7.25, 10.25, 7.5], "texture": "#0"},
				"south": {"uv": [10.25, 5.75, 10.5, 6], "texture": "#0"},
				"west": {"uv": [8, 9.75, 8.5, 10], "texture": "#0"},
				"up": {"uv": [8.75, 10.25, 8.5, 9.75], "texture": "#0"},
				"down": {"uv": [9, 9.75, 8.75, 10.25], "texture": "#0"}
			}
		},
		{
			"name": "Fio da lamina principal",
			"from": [-0.25, 12, 7],
			"to": [16.25, 32, 7],
			"rotation": {"angle": 0, "axis": "y", "origin": [4, 17, 7]},
			"faces": {
				"north": {"uv": [0, 0, 4.25, 5], "texture": "#0"},
				"east": {"uv": [0, 0, 0, 5], "texture": "#0"},
				"south": {"uv": [4.25, 0, 8.5, 5], "texture": "#0"},
				"west": {"uv": [0, 0, 0, 5], "texture": "#0"},
				"up": {"uv": [4.25, 0, 0, 0], "texture": "#0"},
				"down": {"uv": [0, 0, 4.25, 0], "texture": "#0"}
			}
		},
		{
			"name": "Fio da lamina inferior direita",
			"from": [6.72698, 9.99254, 7],
			"to": [19.72698, 15.99254, 7],
			"rotation": {"angle": 45, "axis": "z", "origin": [9.72698, 13.99254, 6]},
			"faces": {
				"north": {"uv": [0, 5, 3.25, 6.5], "texture": "#0"},
				"east": {"uv": [0, 0, 0, 1.5], "texture": "#0"},
				"south": {"uv": [3.25, 5, 6.5, 6.5], "texture": "#0"},
				"west": {"uv": [0, 0, 0, 1.5], "texture": "#0"},
				"up": {"uv": [3.25, 0, 0, 0], "texture": "#0"},
				"down": {"uv": [0, 0, 3.25, 0], "texture": "#0"}
			}
		},
		{
			"name": "Fio da lamina inferior esquerda",
			"from": [-3.02512, 11.9209, 7],
			"to": [9.97488, 17.9209, 7],
			"rotation": {"angle": -45, "axis": "z", "origin": [3.97488, 15.9209, 6]},
			"faces": {
				"north": {"uv": [0, 6.5, 3.25, 8], "texture": "#0"},
				"east": {"uv": [0, 0, 0, 1.5], "texture": "#0"},
				"south": {"uv": [3.25, 6.5, 6.5, 8], "texture": "#0"},
				"west": {"uv": [0, 0, 0, 1.5], "texture": "#0"},
				"up": {"uv": [0, 0, 3.25, 0], "texture": "#0"},
				"down": {"uv": [0, 0, 3.25, 0], "texture": "#0"}
			}
		}
	],
	"display": {
		"thirdperson_righthand": {
			"rotation": [0, 90, 180],
			"translation": [0, -5.5, 0],
			"scale": [0.2, 0.2, 0.2]
		},
		"thirdperson_lefthand": {
			"rotation": [0, 90, -180],
			"translation": [0, -5.5, 0],
			"scale": [0.2, 0.2, 0.2]
		},
		"firstperson_righthand": {
			"rotation": [0, 0, 32],
			"translation": [0, 1.5, 0],
			"scale": [0.3, 0.3, 0.3]
		},
		"firstperson_lefthand": {
			"rotation": [0, 0, 32],
			"translation": [0, 1.5, 0],
			"scale": [0.3, 0.3, 0.3]
		},
		"ground": {
			"rotation": [0, 0, 28],
			"translation": [0, 2.25, 0],
			"scale": [0.2, 0.2, 0.2]
		},
		"gui": {
			"rotation": [0, 15, 30],
			"translation": [0, -1.25, 0],
			"scale": [0.4, 0.4, 0.4]
		},
		"head": {
			"translation": [0, 9.75, 0],
			"scale": [0.2, 0.2, 0.2]
		},
		"fixed": {
			"translation": [0, -1.25, 0.75],
			"scale": [0.3, 0.3, 0.3]
		},
		"on_shelf": {
			"scale": [0.3, 0.3, 0.3]
		}
	},
	"groups": [
		{
			"name": "Cabo",
			"origin": [0, 0, 0],
			"color": 0,
			"children": [0, 1, 2, 3, 4, 5, 6, 7, 8]
		},
		{
			"name": "Lâmina",
			"origin": [8, 8, 8],
			"color": 0,
			"children": [9, 10, 11, 12, 13, 14, 15]
		},
		{
			"name": "Fio da lamina",
			"origin": [9.72698, 13.99254, 6],
			"color": 0,
			"children": [16, 17, 18]
		}
	]
}