{
	"format_version": "1.9.0",
	"credit": "Made with Blockbench",
	"texture_size": [64, 64],
	"textures": {
		"3": "custom:item/3d/mythosis_scythe"
	},
	"elements": [
		{
			"from": [7.5, -15, 7.5],
			"to": [8.5, 7, 8.5],
			"rotation": {"angle": -45, "axis": "y", "origin": [8, -15, 8]},
			"faces": {
				"north": {"uv": [10.25, 8.25, 10.5, 13.75], "texture": "#3"},
				"east": {"uv": [0, 10.5, 0.25, 16], "texture": "#3"},
				"south": {"uv": [0.25, 10.5, 0.5, 16], "texture": "#3"},
				"west": {"uv": [0.5, 10.5, 0.75, 16], "texture": "#3"},
				"up": {"uv": [11.5, 10, 11.25, 9.75], "texture": "#3"},
				"down": {"uv": [10.25, 11.25, 10, 11.5], "texture": "#3"}
			}
		},
		{
			"from": [7.875, -15, 7],
			"to": [8.125, 7, 9],
			"rotation": {"angle": 0, "axis": "y", "origin": [8.375, -15, 7.5]},
			"faces": {
				"north": {"uv": [0.75, 10.5, 1, 16], "texture": "#3"},
				"east": {"uv": [8, 8, 8.5, 13.5], "texture": "#3"},
				"south": {"uv": [1, 10.5, 1.25, 16], "texture": "#3"},
				"west": {"uv": [8.5, 8, 9, 13.5], "texture": "#3"},
				"up": {"uv": [11.5, 9.75, 11.25, 9.25], "texture": "#3"},
				"down": {"uv": [10, 11.25, 9.75, 11.75], "texture": "#3"}
			}
		},
		{
			"from": [7.5, 7, 6.75],
			"to": [9.5, 12, 8.75],
			"rotation": {"angle": -45, "axis": "y", "origin": [8, 7, 7.25]},
			"faces": {
				"north": {"uv": [7.25, 10.5, 7.75, 11.75], "texture": "#3"},
				"east": {"uv": [10.75, 6, 11.25, 7.25], "texture": "#3"},
				"south": {"uv": [10.75, 7.25, 11.25, 8.5], "texture": "#3"},
				"west": {"uv": [10.75, 8.5, 11.25, 9.75], "texture": "#3"},
				"up": {"uv": [11.75, 6.5, 11.25, 6], "texture": "#3"},
				"down": {"uv": [11.75, 6.5, 11.25, 7], "texture": "#3"}
			}
		},
		{
			"from": [6, 11, 6],
			"to": [10, 16, 11],
			"rotation": {"angle": -22.5, "axis": "x", "origin": [6.5, 11, 6.5]},
			"faces": {
				"north": {"uv": [10, 2.5, 11, 3.75], "texture": "#3"},
				"east": {"uv": [10, 0, 11.25, 1.25], "texture": "#3"},
				"south": {"uv": [10, 3.75, 11, 5], "texture": "#3"},
				"west": {"uv": [10, 1.25, 11.25, 2.5], "texture": "#3"},
				"up": {"uv": [2.25, 11.75, 1.25, 10.5], "texture": "#3"},
				"down": {"uv": [3.25, 10.5, 2.25, 11.75], "texture": "#3"}
			}
		},
		{
			"from": [5.75, 12, 1],
			"to": [10.25, 14, 7],
			"rotation": {"angle": 0, "axis": "y", "origin": [6.25, 12, 1.5]},
			"faces": {
				"north": {"uv": [11, 3.5, 12.25, 4], "texture": "#3"},
				"east": {"uv": [10.5, 10, 12, 10.5], "texture": "#3"},
				"south": {"uv": [11, 4, 12.25, 4.5], "texture": "#3"},
				"west": {"uv": [10.5, 10.5, 12, 11], "texture": "#3"},
				"up": {"uv": [10.25, 9.75, 9, 8.25], "texture": "#3"},
				"down": {"uv": [10.25, 9.75, 9, 11.25], "texture": "#3"}
			}
		},
		{
			"from": [5.75, 15.93506, 9.22135],
			"to": [10.25, 17.93506, 13.22135],
			"rotation": {"angle": -22.5, "axis": "x", "origin": [6.25, 15.93506, 9.72135]},
			"faces": {
				"north": {"uv": [11, 2.5, 12.25, 3], "texture": "#3"},
				"east": {"uv": [11, 4.5, 12, 5], "texture": "#3"},
				"south": {"uv": [11, 3, 12.25, 3.5], "texture": "#3"},
				"west": {"uv": [11.25, 0.75, 12.25, 1.25], "texture": "#3"},
				"up": {"uv": [4.5, 11.5, 3.25, 10.5], "texture": "#3"},
				"down": {"uv": [5.75, 10.5, 4.5, 11.5], "texture": "#3"}
			}
		},
		{
			"from": [7, -16, 7],
			"to": [9, -15, 9],
			"rotation": {"angle": 0, "axis": "y", "origin": [7.5, -16, 7.5]},
			"faces": {
				"north": {"uv": [10, 5, 10.5, 5.25], "texture": "#3"},
				"east": {"uv": [10.75, 9.75, 11.25, 10], "texture": "#3"},
				"south": {"uv": [11.25, 2.25, 11.75, 2.5], "texture": "#3"},
				"west": {"uv": [9.25, 11.25, 9.75, 11.5], "texture": "#3"},
				"up": {"uv": [11.75, 1.75, 11.25, 1.25], "texture": "#3"},
				"down": {"uv": [11.75, 1.75, 11.25, 2.25], "texture": "#3"}
			}
		},
		{
			"from": [7.5, -12.95, 9.525],
			"to": [8.5, -9.95, 12.525],
			"rotation": {"angle": 45, "axis": "x", "origin": [-0.5, -10.62139, 2.66429]},
			"faces": {
				"north": {"uv": [11.25, 7, 11.5, 7.75], "texture": "#3"},
				"east": {"uv": [10.75, 11, 11.5, 11.75], "texture": "#3"},
				"south": {"uv": [11.25, 7.75, 11.5, 8.5], "texture": "#3"},
				"west": {"uv": [11.25, 0, 12, 0.75], "texture": "#3"},
				"up": {"uv": [11.5, 9.25, 11.25, 8.5], "texture": "#3"},
				"down": {"uv": [9.25, 11.25, 9, 12], "texture": "#3"}
			}
		},
		{
			"from": [8, -15, 2],
			"to": [8, 6, 22],
			"rotation": {"angle": -22.5, "axis": "x", "origin": [0, -15, 2]},
			"faces": {
				"north": {"uv": [0, 0, 0, 5.25], "texture": "#3"},
				"east": {"uv": [0, 0, 5, 5.25], "texture": "#3"},
				"south": {"uv": [0, 0, 0, 5.25], "texture": "#3"},
				"west": {"uv": [5, 0, 10, 5.25], "texture": "#3"},
				"up": {"uv": [0, 5, 0, 0], "texture": "#3"},
				"down": {"uv": [0, 0, 0, 5], "texture": "#3"}
			}
		},
		{
			"from": [8, 8, 9],
			"to": [8, 19, 27],
			"rotation": {"angle": 0, "axis": "y", "origin": [0, 8, 9]},
			"faces": {
				"north": {"uv": [0, 0, 0, 2.75], "texture": "#3"},
				"east": {"uv": [0, 5.25, 4.5, 8], "texture": "#3"},
				"south": {"uv": [0, 0, 0, 2.75], "texture": "#3"},
				"west": {"uv": [4.5, 5.25, 9, 8], "texture": "#3"},
				"up": {"uv": [0, 4.5, 0, 0], "texture": "#3"},
				"down": {"uv": [0, 0, 0, 4.5], "texture": "#3"}
			}
		},
		{
			"from": [8, 10, 0],
			"to": [8, 16, 6],
			"rotation": {"angle": 0, "axis": "y", "origin": [0, 10, 0]},
			"faces": {
				"north": {"uv": [0, 0, 0, 1.5], "texture": "#3"},
				"east": {"uv": [9, 5.25, 10.5, 6.75], "texture": "#3"},
				"south": {"uv": [0, 0, 0, 1.5], "texture": "#3"},
				"west": {"uv": [9, 6.75, 10.5, 8.25], "texture": "#3"},
				"up": {"uv": [0, 1.5, 0, 0], "texture": "#3"},
				"down": {"uv": [0, 0, 0, 1.5], "texture": "#3"}
			}
		},
		{
			"from": [5.5, 14, -1],
			"to": [10.5, 14, 3],
			"rotation": {"angle": -45, "axis": "x", "origin": [-2.5, 14, -1]},
			"faces": {
				"north": {"uv": [0, 0, 1.25, 0], "texture": "#3"},
				"east": {"uv": [0, 0, 1, 0], "texture": "#3"},
				"south": {"uv": [0, 0, 1.25, 0], "texture": "#3"},
				"west": {"uv": [0, 0, 1, 0], "texture": "#3"},
				"up": {"uv": [11.75, 6, 10.5, 5], "texture": "#3"},
				"down": {"uv": [7, 10.5, 5.75, 11.5], "texture": "#3"}
			}
		},
		{
			"from": [7.875, 9, 10],
			"to": [8.125, 19, 26],
			"rotation": {"angle": 0, "axis": "y", "origin": [-0.125, 9, 10]},
			"faces": {
				"north": {"uv": [7.75, 10.5, 8, 13], "texture": "#3"},
				"east": {"uv": [0, 8, 4, 10.5], "texture": "#3"},
				"south": {"uv": [10.5, 11, 10.75, 13.5], "texture": "#3"},
				"west": {"uv": [4, 8, 8, 10.5], "texture": "#3"},
				"up": {"uv": [10.75, 10, 10.5, 6], "texture": "#3"},
				"down": {"uv": [7.25, 10.5, 7, 14.5], "texture": "#3"}
			}
		}
	],
	"display": {
		"thirdperson_righthand": {
			"rotation": [0, -180, 0],
			"translation": [0, 9.75, 1.5],
			"scale": [0.75, 0.75, 0.75]
		},
		"thirdperson_lefthand": {
			"rotation": [0, -180, 0],
			"translation": [0, 9.75, 0],
			"scale": [0.75, 0.75, 0.75]
		},
		"firstperson_righthand": {
			"rotation": [0, -175, 0],
			"translation": [-2.25, 1.5, 0],
			"scale": [0.75, 0.75, 0.75]
		},
		"firstperson_lefthand": {
			"rotation": [0, -175, 0],
			"translation": [-2.25, 1.5, 0],
			"scale": [0.75, 0.75, 0.75]
		},
		"ground": {
			"rotation": [0, 0, 34],
			"translation": [0, 10, 0],
			"scale": [0.5, 0.5, 0.5]
		},
		"gui": {
			"rotation": [-90, -45, -90],
			"translation": [2, 0.25, 0],
			"scale": [0.4, 0.4, 0.4]
		},
		"head": {
			"rotation": [-17, -180, 0],
			"translation": [0, 27, -9]
		},
		"fixed": {
			"rotation": [-90, 45, 90],
			"translation": [-2.5, 0.25, 0],
			"scale": [0.5, 0.5, 0.5]
		},
		"on_shelf": {
			"rotation": [-90, 45, 90],
			"scale": [0.5, 0.5, 0.5]
		}
	}
}