{
	"credit": "Made with Blockbench",
	"texture_size": [32, 32],
	"textures": {
		"1": "custom:item/3d/soul_devorer",
		"particle": "custom:item/3d/soul_devorer"
	},
	"elements": [
		{
			"from": [7.5, 0.35, 6.79289],
			"to": [8.5, 1.85, 8.29289],
			"rotation": {"angle": 45, "axis": "x", "origin": [7.5, 0.35, 7.29289]},
			"faces": {
				"north": {"uv": [9.5, 6, 10, 6.75], "texture": "#1"},
				"east": {"uv": [8, 4, 8.75, 4.75], "texture": "#1"},
				"south": {"uv": [9.5, 7, 10, 7.75], "texture": "#1"},
				"west": {"uv": [6, 8, 6.75, 8.75], "texture": "#1"},
				"up": {"uv": [0.5, 10.75, 0, 10], "texture": "#1"},
				"down": {"uv": [2, 10, 1.5, 10.75], "texture": "#1"}
			}
		},
		{
			"from": [7.25, 0.6, 7.04289],
			"to": [8.75, 1.6, 8.04289],
			"rotation": {"angle": 45, "axis": "x", "origin": [7.5, 0.35, 7.29289]},
			"faces": {
				"north": {"uv": [10, 0, 10.75, 0.5], "texture": "#1"},
				"east": {"uv": [6, 11, 6.5, 11.5], "texture": "#1"},
				"south": {"uv": [10, 1.5, 10.75, 2], "texture": "#1"},
				"west": {"uv": [6.5, 11, 7, 11.5], "texture": "#1"},
				"up": {"uv": [3.75, 10.5, 3, 10], "texture": "#1"},
				"down": {"uv": [4.75, 10, 4, 10.5], "texture": "#1"}
			}
		},
		{
			"from": [7.35, 1.41421, 6.86612],
			"to": [8.6, 1.91421, 9.11612],
			"rotation": {"angle": 0, "axis": "y", "origin": [7.35, 1.41421, 6.86612]},
			"faces": {
				"north": {"uv": [2, 12, 2.625, 12.25], "texture": "#1"},
				"east": {"uv": [10.5, 9.5, 11.625, 9.75], "texture": "#1"},
				"south": {"uv": [12, 2, 12.625, 2.25], "texture": "#1"},
				"west": {"uv": [10, 10.5, 11.125, 10.75], "texture": "#1"},
				"up": {"uv": [8.125, 6.125, 7.5, 5], "texture": "#1"},
				"down": {"uv": [8.125, 6.5, 7.5, 7.625], "texture": "#1"}
			}
		},
		{
			"from": [7.35, 2.43921, 7.36612],
			"to": [8.6, 2.93921, 8.61612],
			"rotation": {"angle": 0, "axis": "y", "origin": [7.35, 2.43921, 7.36612]},
			"faces": {
				"north": {"uv": [12, 2.5, 12.625, 2.75], "texture": "#1"},
				"east": {"uv": [3, 12, 3.625, 12.25], "texture": "#1"},
				"south": {"uv": [12, 3, 12.625, 3.25], "texture": "#1"},
				"west": {"uv": [12, 3.5, 12.625, 3.75], "texture": "#1"},
				"up": {"uv": [8.625, 9.625, 8, 9], "texture": "#1"},
				"down": {"uv": [9.625, 8, 9, 8.625], "texture": "#1"}
			}
		},
		{
			"from": [7.6, 1.91421, 7.61612],
			"to": [8.35, 7.41421, 8.36612],
			"rotation": {"angle": 0, "axis": "y", "origin": [7.35, 1.91421, 7.36612]},
			"faces": {
				"north": {"uv": [13.625, 8.625, 14, 11.25], "texture": "#1"},
				"east": {"uv": [14.125, 8.625, 14.5, 11.25], "texture": "#1"},
				"south": {"uv": [12.625, 8.625, 13, 11.25], "texture": "#1"},
				"west": {"uv": [13.125, 8.625, 13.5, 11.25], "texture": "#1"}
			}
		},
		{
			"from": [7.35, 6.41421, 7.36612],
			"to": [8.6, 6.91421, 8.61612],
			"rotation": {"angle": 0, "axis": "y", "origin": [7.35, 6.41421, 7.36612]},
			"faces": {
				"north": {"uv": [12, 4, 12.625, 4.25], "texture": "#1"},
				"east": {"uv": [12, 4.5, 12.625, 4.75], "texture": "#1"},
				"south": {"uv": [5, 12, 5.625, 12.25], "texture": "#1"},
				"west": {"uv": [12, 5, 12.625, 5.25], "texture": "#1"},
				"up": {"uv": [9.625, 9.625, 9, 9], "texture": "#1"},
				"down": {"uv": [1.125, 9.5, 0.5, 10.125], "texture": "#1"}
			}
		},
		{
			"from": [7.375, 7.41421, 7.36612],
			"to": [8.625, 7.91421, 8.61612],
			"rotation": {"angle": 0, "axis": "y", "origin": [7.375, 7.41421, 7.36612]},
			"faces": {
				"north": {"uv": [12, 5.5, 12.625, 5.75], "texture": "#1"},
				"east": {"uv": [12, 6, 12.625, 6.25], "texture": "#1"},
				"south": {"uv": [12, 6.5, 12.625, 6.75], "texture": "#1"},
				"west": {"uv": [7, 12, 7.625, 12.25], "texture": "#1"},
				"up": {"uv": [10.125, 1.125, 9.5, 0.5], "texture": "#1"},
				"down": {"uv": [2.625, 9.5, 2, 10.125], "texture": "#1"}
			}
		},
		{
			"from": [7.6285, -0.65597, 8.49228],
			"to": [8.3715, 0.09403, 9.74228],
			"rotation": {"angle": 40, "axis": "x", "origin": [7.6285, 0.09403, 9.2673]},
			"faces": {
				"east": {"uv": [0.5, 11.5, 0.875, 12.125], "rotation": 270, "texture": "#1"},
				"south": {"uv": [12.375, 7.375, 12, 7], "texture": "#1"},
				"west": {"uv": [11.5, 1, 11.875, 1.625], "rotation": 90, "texture": "#1"},
				"up": {"uv": [11.5, 0, 11.875, 0.625], "rotation": 180, "texture": "#1"},
				"down": {"uv": [1, 11.5, 1.375, 12.125], "texture": "#1"}
			}
		},
		{
			"from": [7.6285, -2.10721, 8.26604],
			"to": [8.3285, -1.10721, 9.76604],
			"rotation": {"angle": -40, "axis": "x", "origin": [7.625, -2.10721, 9.26604]},
			"faces": {
				"north": {"uv": [12, 0.5, 12.375, 1], "texture": "#1"},
				"east": {"uv": [10.5, 3, 11.25, 3.5], "texture": "#1"},
				"south": {"uv": [12, 1, 12.375, 1.5], "texture": "#1"},
				"west": {"uv": [3.5, 10.5, 4.25, 11], "texture": "#1"},
				"up": {"uv": [1.875, 11.75, 1.5, 11], "texture": "#1"},
				"down": {"uv": [11.375, 4, 11, 4.75], "texture": "#1"}
			}
		},
		{
			"from": [7.6285, -2.42861, 6.11698],
			"to": [8.3285, -1.42861, 7.61698],
			"rotation": {"angle": 40, "axis": "x", "origin": [7.625, -2.42861, 7.11698]},
			"faces": {
				"north": {"uv": [1.5, 12, 1.875, 12.5], "texture": "#1"},
				"east": {"uv": [10.5, 3.5, 11.25, 4], "texture": "#1"},
				"south": {"uv": [12, 1.5, 12.375, 2], "texture": "#1"},
				"west": {"uv": [10.5, 5, 11.25, 5.5], "texture": "#1"},
				"up": {"uv": [5.375, 11.75, 5, 11], "texture": "#1"},
				"down": {"uv": [5.875, 11, 5.5, 11.75], "texture": "#1"}
			}
		},
		{
			"from": [7.59525, -3.45711, 7.20302],
			"to": [8.35025, -2.74711, 7.91302],
			"rotation": {"angle": 45, "axis": "x", "origin": [0, -3.45711, 8.20302]},
			"faces": {
				"north": {"uv": [12, 8, 12.375, 8.375], "texture": "#1"},
				"east": {"uv": [8.5, 12, 8.875, 12.375], "texture": "#1"},
				"south": {"uv": [12, 8.5, 12.375, 8.875], "texture": "#1"},
				"west": {"uv": [9, 12, 9.375, 12.375], "texture": "#1"},
				"up": {"uv": [9.875, 12.375, 9.5, 12], "texture": "#1"},
				"down": {"uv": [12.375, 9.5, 12, 9.875], "texture": "#1"}
			}
		},
		{
			"from": [7.6, -2.75, 7.49591],
			"to": [8.35, 0.25, 8.49591],
			"rotation": {"angle": 0, "axis": "y", "origin": [7.625, -2.75, 8.49591]},
			"faces": {
				"north": {"uv": [8.5, 5, 8.875, 6.5], "texture": "#1"},
				"east": {"uv": [7, 5, 7.5, 6.5], "texture": "#1"},
				"south": {"uv": [8.5, 6.5, 8.875, 8], "texture": "#1"},
				"west": {"uv": [7, 6.5, 7.5, 8], "texture": "#1"},
				"up": {"uv": [0.375, 12.5, 0, 12], "texture": "#1"},
				"down": {"uv": [12.375, 0, 12, 0.5], "texture": "#1"}
			}
		},
		{
			"from": [7.6285, -0.80059, 6.31036],
			"to": [8.3715, -0.05059, 7.56036],
			"rotation": {"angle": -40, "axis": "x", "origin": [7.6285, -0.05059, 6.56036]},
			"faces": {
				"north": {"uv": [8, 12, 8.375, 12.375], "texture": "#1"},
				"east": {"uv": [2, 11.5, 2.625, 11.875], "texture": "#1"},
				"west": {"uv": [3, 11.5, 3.625, 11.875], "texture": "#1"},
				"up": {"uv": [11.875, 3.625, 11.5, 3], "texture": "#1"},
				"down": {"uv": [4.375, 11.5, 4, 12.125], "texture": "#1"}
			}
		},
		{
			"from": [7.5, 8, 5.75],
			"to": [8.5, 9, 7.25],
			"rotation": {"angle": -22.5, "axis": "x", "origin": [7.5, 8, 5.75]},
			"faces": {
				"north": {"uv": [7, 11, 7.5, 11.5], "texture": "#1"},
				"east": {"uv": [10, 4, 10.75, 4.5], "texture": "#1"},
				"south": {"uv": [7.5, 11, 8, 11.5], "texture": "#1"},
				"west": {"uv": [10, 4.5, 10.75, 5], "texture": "#1"},
				"up": {"uv": [5.5, 10.75, 5, 10], "texture": "#1"},
				"down": {"uv": [10.5, 5, 10, 5.75], "texture": "#1"}
			}
		},
		{
			"from": [7.75, 7.3975, 6.0026],
			"to": [8.25, 9.1475, 7.0026],
			"rotation": {"angle": 22.5, "axis": "x", "origin": [7.5, 7.8975, 5.7526]},
			"faces": {
				"north": {"uv": [0, 13.75, 0.25, 14.625], "texture": "#1"},
				"east": {"uv": [1.375, 13.75, 1.875, 14.625], "texture": "#1"},
				"south": {"uv": [0.375, 13.75, 0.625, 14.625], "texture": "#1"},
				"west": {"uv": [0.75, 13.75, 1.25, 14.625], "texture": "#1"},
				"up": {"uv": [2.375, 13.75, 2.625, 14.25], "texture": "#1"},
				"down": {"uv": [2, 13.75, 2.25, 14.25], "texture": "#1"}
			}
		},
		{
			"from": [7.525, 8.35327, 2.83052],
			"to": [8.475, 9.85327, 3.83052],
			"rotation": {"angle": -22.5, "axis": "x", "origin": [7.507, 11.25327, 2.33052]},
			"faces": {
				"north": {"uv": [8.5, 3, 9, 4], "texture": "#1"},
				"east": {"uv": [0, 12.875, 0.5, 13.625], "texture": "#1"},
				"south": {"uv": [0, 9, 0.5, 9.75], "texture": "#1"},
				"west": {"uv": [0.625, 12.875, 1.125, 13.625], "texture": "#1"},
				"up": {"uv": [7.5, 12, 7, 11.5], "texture": "#1"},
				"down": {"uv": [12, 7, 11.5, 7.375], "texture": "#1"}
			}
		},
		{
			"from": [7.525, 9.39133, 2.52186],
			"to": [8.475, 9.89133, 3.02186],
			"rotation": {"angle": -22.5, "axis": "x", "origin": [7.525, 10.79133, 2.52186]},
			"faces": {
				"north": {"uv": [0.5, 12.5, 1, 12.75], "texture": "#1"},
				"east": {"uv": [4.5, 12.5, 4.75, 12.75], "texture": "#1"},
				"west": {"uv": [5, 12.5, 5.25, 12.75], "texture": "#1"},
				"up": {"uv": [13, 0.75, 12.5, 0.5], "texture": "#1"},
				"down": {"uv": [1.5, 12.5, 1, 12.75], "texture": "#1"}
			}
		},
		{
			"from": [7.7525, 6.27664, 4.79455],
			"to": [8.2475, 7.02664, 6.29455],
			"rotation": {"angle": -22.5, "axis": "x", "origin": [7.75, 7.67664, 4.79455]},
			"faces": {
				"north": {"uv": [3.5, 12.5, 3.75, 12.875], "texture": "#1"},
				"east": {"uv": [10.5, 10, 11.25, 10.375], "texture": "#1"},
				"west": {"uv": [11, 2, 11.75, 2.375], "texture": "#1"},
				"up": {"uv": [11.75, 10.75, 11.5, 10], "texture": "#1"},
				"down": {"uv": [10.75, 11.5, 10.5, 12.25], "texture": "#1"}
			}
		},
		{
			"from": [7.7525, 6.8507, 9.8196],
			"to": [8.2475, 7.6007, 11.3196],
			"rotation": {"angle": 22.5, "axis": "x", "origin": [7.75, 8.2507, 9.8196]},
			"faces": {
				"north": {"uv": [4.5, 15.25, 4.7475, 15.625], "texture": "#1"},
				"east": {"uv": [3.625, 15.25, 4.375, 15.625], "texture": "#1"},
				"south": {"uv": [4.5, 14.75, 4.7475, 15.125], "texture": "#1"},
				"west": {"uv": [3.625, 14.75, 4.375, 15.125], "texture": "#1"},
				"up": {"uv": [3.25, 14.75, 3.4975, 15.5], "texture": "#1"},
				"down": {"uv": [2.875, 14.75, 3.1225, 15.5], "texture": "#1"}
			}
		},
		{
			"from": [7.5, 8.24895, 3.99843],
			"to": [8.493, 9.24895, 5.99843],
			"rotation": {"angle": 22.5, "axis": "x", "origin": [8.0035, 8.74895, 5.24843]},
			"faces": {
				"north": {"uv": [8, 11, 8.5, 11.5], "texture": "#1"},
				"east": {"uv": [9, 0, 10, 0.5], "texture": "#1"},
				"west": {"uv": [0.5, 9, 1.5, 9.5], "texture": "#1"},
				"up": {"uv": [9.5, 1.5, 9, 0.5], "texture": "#1"},
				"down": {"uv": [2, 9, 1.5, 10], "texture": "#1"}
			}
		},
		{
			"from": [7.5035, 8.57403, 6.38582],
			"to": [8.4965, 10.07403, 7.13582],
			"rotation": {"angle": 22.5, "axis": "x", "origin": [7.5035, 8.57403, 7.13582]},
			"faces": {
				"north": {"uv": [10, 6, 10.5, 6.75], "texture": "#1"},
				"east": {"uv": [4.5, 10.5, 4.875, 11.25], "texture": "#1"},
				"south": {"uv": [6.5, 10, 7, 10.75], "texture": "#1"},
				"west": {"uv": [0, 11, 0.375, 11.75], "texture": "#1"},
				"up": {"uv": [8, 11.875, 7.5, 11.5], "texture": "#1"}
			}
		},
		{
			"from": [7.5035, 9.95671, 4.96194],
			"to": [8.4965, 10.45671, 6.46194],
			"rotation": {"angle": 22.5, "axis": "x", "origin": [7.5035, 8.95671, 6.21194]},
			"faces": {
				"north": {"uv": [12.5, 1, 13, 1.25], "texture": "#1"},
				"east": {"uv": [11.5, 7.5, 12.25, 7.75], "texture": "#1"},
				"west": {"uv": [8, 11.5, 8.75, 11.75], "texture": "#1"},
				"up": {"uv": [7.5, 10.75, 7, 10], "texture": "#1"},
				"down": {"uv": [10.5, 7, 10, 7.75], "texture": "#1"}
			}
		},
		{
			"from": [7.65, 9, 6.58579],
			"to": [8.35, 11, 8.58579],
			"rotation": {"angle": 45, "axis": "x", "origin": [7.5, 9, 6.58579]},
			"faces": {
				"north": {"uv": [7.5, 10, 7.875, 11], "texture": "#1"},
				"east": {"uv": [7, 3, 8, 4], "texture": "#1"},
				"south": {"uv": [8, 10, 8.375, 11], "texture": "#1"},
				"west": {"uv": [7, 4, 8, 5], "texture": "#1"},
				"up": {"uv": [10.375, 9, 10, 8], "texture": "#1"},
				"down": {"uv": [8.875, 10, 8.5, 11], "texture": "#1"}
			}
		},
		{
			"from": [7.4, 9.25, 6.83579],
			"to": [8.6, 10.75, 8.33579],
			"rotation": {"angle": 45, "axis": "x", "origin": [7.5, 9, 6.58579]},
			"faces": {
				"north": {"uv": [4, 9, 4.625, 9.75], "texture": "#1"},
				"east": {"uv": [7, 8, 7.75, 8.75], "texture": "#1"},
				"south": {"uv": [9, 4, 9.625, 4.75], "texture": "#1"},
				"west": {"uv": [8, 8, 8.75, 8.75], "texture": "#1"},
				"up": {"uv": [9.625, 5.75, 9, 5], "texture": "#1"},
				"down": {"uv": [6.625, 9, 6, 9.75], "texture": "#1"}
			}
		},
		{
			"from": [7.75, 9.95984, 7.625],
			"to": [8.25, 25.95984, 8.375],
			"rotation": {"angle": 0, "axis": "y", "origin": [7.75, 9.95984, 7.625]},
			"faces": {
				"north": {"uv": [6, 0, 6.25, 8], "texture": "#1"},
				"east": {"uv": [5, 0, 5.375, 8], "texture": "#1"},
				"south": {"uv": [6.5, 0, 6.75, 8], "texture": "#1"},
				"west": {"uv": [5.5, 0, 5.875, 8], "texture": "#1"}
			}
		},
		{
			"from": [7.625, 9.95984, 7.125],
			"to": [8.375, 12.95984, 8.875],
			"rotation": {"angle": 0, "axis": "y", "origin": [7.5, 9.95984, 7.15]},
			"faces": {
				"north": {"uv": [8.5, 0, 8.875, 1.5], "texture": "#1"},
				"east": {"uv": [7, 0, 7.875, 1.5], "texture": "#1"},
				"south": {"uv": [8.5, 1.5, 8.875, 3], "texture": "#1"},
				"west": {"uv": [7, 1.5, 7.875, 3], "texture": "#1"}
			}
		},
		{
			"from": [7.745, 25.14135, 8.32854],
			"to": [8.255, 25.67135, 8.85854],
			"rotation": {"angle": -45, "axis": "x", "origin": [7.745, 24.96635, 7.62854]},
			"faces": {
				"north": {"uv": [5.5, 12.5, 5.75, 12.75], "texture": "#1"},
				"east": {"uv": [6, 12.5, 6.25, 12.75], "texture": "#1"},
				"south": {"uv": [6.5, 12.5, 6.75, 12.75], "texture": "#1"},
				"west": {"uv": [7, 12.5, 7.25, 12.75], "texture": "#1"},
				"up": {"uv": [12.75, 7.25, 12.5, 7], "texture": "#1"},
				"down": {"uv": [7.75, 12.5, 7.5, 12.75], "texture": "#1"}
			}
		},
		{
			"from": [7.6225, 12.05912, 7.21601],
			"to": [8.3775, 13.29412, 8.45101],
			"rotation": {"angle": -45, "axis": "x", "origin": [7.9975, 13.01712, 7.57401]},
			"faces": {
				"north": {"uv": [11.5, 4, 11.875, 4.625], "texture": "#1"},
				"east": {"uv": [9.5, 2, 10.125, 2.625], "texture": "#1"},
				"south": {"uv": [4.5, 11.5, 4.875, 12.125], "texture": "#1"},
				"west": {"uv": [9.5, 3, 10.125, 3.625], "texture": "#1"},
				"up": {"uv": [11.875, 5.625, 11.5, 5], "texture": "#1"},
				"down": {"uv": [6.375, 11.5, 6, 12.125], "texture": "#1"}
			}
		},
		{
			"from": [7.985, 11.21, 5.875],
			"to": [8.015, 29.21, 10.125],
			"rotation": {"angle": 0, "axis": "y", "origin": [7.985, 8.2, 6.625]},
			"faces": {
				"east": {"uv": [0, 0, 2.125, 9], "texture": "#1"},
				"west": {"uv": [2.5, 0, 4.625, 9], "texture": "#1"}
			}
		},
		{
			"from": [7.4, 7.85, 5.75],
			"to": [8.6, 8.85, 6.75],
			"rotation": {"angle": -45, "axis": "x", "origin": [7.5, 7.85, 5.75]},
			"faces": {
				"north": {"uv": [10.5, 5.5, 11.125, 6], "texture": "#1"},
				"east": {"uv": [8.5, 11, 9, 11.5], "texture": "#1"},
				"south": {"uv": [10.5, 6, 11.125, 6.5], "texture": "#1"},
				"west": {"uv": [9, 11, 9.5, 11.5], "texture": "#1"},
				"up": {"uv": [11.125, 7, 10.5, 6.5], "texture": "#1"},
				"down": {"uv": [11.125, 7, 10.5, 7.5], "texture": "#1"}
			}
		},
		{
			"from": [7.5, 8, 8.75],
			"to": [8.5, 9, 10.25],
			"rotation": {"angle": 22.5, "axis": "x", "origin": [7.5, 8, 10.25]},
			"faces": {
				"north": {"uv": [11, 9, 11.5, 9.5], "texture": "#1"},
				"east": {"uv": [9, 10, 9.75, 10.5], "texture": "#1"},
				"south": {"uv": [9.5, 11, 10, 11.5], "texture": "#1"},
				"west": {"uv": [10, 9, 10.75, 9.5], "texture": "#1"},
				"up": {"uv": [10.5, 10.25, 10, 9.5], "texture": "#1"},
				"down": {"uv": [1, 10.5, 0.5, 11.25], "texture": "#1"}
			}
		},
		{
			"from": [7.5035, 8.57403, 8.86418],
			"to": [8.4965, 10.07403, 9.61418],
			"rotation": {"angle": -22.5, "axis": "x", "origin": [7.5035, 8.57403, 8.86418]},
			"faces": {
				"north": {"uv": [10.5, 0.5, 11, 1.25], "texture": "#1"},
				"east": {"uv": [11, 0, 11.375, 0.75], "texture": "#1"},
				"south": {"uv": [1, 10.5, 1.5, 11.25], "texture": "#1"},
				"west": {"uv": [11, 1, 11.375, 1.75], "texture": "#1"},
				"up": {"uv": [12, 8.375, 11.5, 8], "texture": "#1"}
			}
		},
		{
			"from": [7.5, 8.24895, 10.00157],
			"to": [8.493, 9.24895, 12.00157],
			"rotation": {"angle": -22.5, "axis": "x", "origin": [8.0035, 8.74895, 10.75157]},
			"faces": {
				"east": {"uv": [9, 1.5, 10, 2], "texture": "#1"},
				"south": {"uv": [10, 11, 10.5, 11.5], "texture": "#1"},
				"west": {"uv": [2, 9, 3, 9.5], "texture": "#1"},
				"up": {"uv": [9.5, 3, 9, 2], "texture": "#1"},
				"down": {"uv": [3.5, 9, 3, 10], "texture": "#1"}
			}
		},
		{
			"from": [7.525, 8.41068, 12.1809],
			"to": [8.475, 9.91068, 13.1809],
			"rotation": {"angle": 22.5, "axis": "x", "origin": [7.4785, 11.31068, 13.5309]},
			"faces": {
				"north": {"uv": [9, 3, 9.5, 3.75], "texture": "#1"},
				"east": {"uv": [1.25, 12.875, 1.75, 13.625], "texture": "#1"},
				"south": {"uv": [3.5, 9, 4, 10], "texture": "#1"},
				"west": {"uv": [1.875, 12.875, 2.375, 13.625], "texture": "#1"},
				"up": {"uv": [12, 9, 11.5, 8.5], "texture": "#1"},
				"down": {"uv": [9.5, 11.5, 9, 11.875], "texture": "#1"}
			}
		},
		{
			"from": [7.525, 9.39133, 12.97814],
			"to": [8.475, 9.89133, 13.47814],
			"rotation": {"angle": 22.5, "axis": "x", "origin": [7.525, 10.79133, 13.47814]},
			"faces": {
				"east": {"uv": [12.5, 7.5, 12.75, 7.75], "texture": "#1"},
				"south": {"uv": [1.5, 12.5, 2, 12.75], "texture": "#1"},
				"west": {"uv": [8, 12.5, 8.25, 12.75], "texture": "#1"},
				"up": {"uv": [13, 1.75, 12.5, 1.5], "texture": "#1"},
				"down": {"uv": [2.5, 12.5, 2, 12.75], "texture": "#1"}
			}
		},
		{
			"from": [7.75, 7.3975, 8.9974],
			"to": [8.25, 9.1475, 9.9974],
			"rotation": {"angle": -22.5, "axis": "x", "origin": [7.5, 7.8975, 10.2474]},
			"faces": {
				"north": {"uv": [0, 14.75, 0.25, 15.625], "texture": "#1"},
				"east": {"uv": [1.375, 14.75, 1.875, 15.625], "texture": "#1"},
				"south": {"uv": [0.375, 14.75, 0.625, 15.625], "texture": "#1"},
				"west": {"uv": [0.75, 14.75, 1.25, 15.625], "texture": "#1"},
				"up": {"uv": [2.375, 14.75, 2.625, 15.25], "texture": "#1"},
				"down": {"uv": [2, 14.75, 2.25, 15.25], "texture": "#1"}
			}
		},
		{
			"from": [7.4, 7.85, 9.25],
			"to": [8.6, 8.85, 10.25],
			"rotation": {"angle": 45, "axis": "x", "origin": [7.5, 7.85, 10.25]},
			"faces": {
				"north": {"uv": [10.5, 7.5, 11.125, 8], "texture": "#1"},
				"east": {"uv": [10.5, 11, 11, 11.5], "texture": "#1"},
				"south": {"uv": [10.5, 8, 11.125, 8.5], "texture": "#1"},
				"west": {"uv": [11, 11, 11.5, 11.5], "texture": "#1"},
				"up": {"uv": [11.125, 9, 10.5, 8.5], "texture": "#1"},
				"down": {"uv": [9.625, 10.5, 9, 11], "texture": "#1"}
			}
		},
		{
			"from": [7.5035, 9.57403, 9.61418],
			"to": [8.4965, 10.07403, 11.11418],
			"rotation": {"angle": -22.5, "axis": "x", "origin": [7.5035, 8.57403, 8.86418]},
			"faces": {
				"east": {"uv": [11.5, 9, 12.25, 9.25], "texture": "#1"},
				"south": {"uv": [3, 12.5, 3.5, 12.75], "texture": "#1"},
				"west": {"uv": [9.5, 11.5, 10.25, 11.75], "texture": "#1"},
				"up": {"uv": [3, 11.25, 2.5, 10.5], "texture": "#1"},
				"down": {"uv": [3.5, 10.5, 3, 11.25], "texture": "#1"}
			}
		}
	],
	"gui_light": "front",
	"display": {
		"thirdperson_righthand": {
			"translation": [0, 1.25, 1]
		},
		"thirdperson_lefthand": {
			"translation": [0, 1.25, 1]
		},
		"firstperson_righthand": {
			"rotation": [5.75, 0, 0],
			"translation": [2.75, 0.5, 0],
			"scale": [0.7, 0.7, 0.7]
		},
		"firstperson_lefthand": {
			"rotation": [5.75, 0, 0],
			"translation": [2.75, 0.5, 0],
			"scale": [0.7, 0.7, 0.7]
		},
		"ground": {
			"rotation": [-45, 0, 0],
			"translation": [0, 3, 0],
			"scale": [0.7, 0.7, 0.7]
		},
		"gui": {
			"rotation": [-30, 59, 81],
			"translation": [1.75, -2.5, 0],
			"scale": [0.9, 0.9, 0.9]
		},
		"head": {
			"rotation": [0, -90, 0]
		},
		"fixed": {
			"rotation": [0, -90, 0],
			"translation": [0, 0, -1],
			"scale": [2, 2, 2]
		}
	}
}