{
	"credit": "Made with Blockbench",
	"texture_size": [32, 32],
	"textures": {
		"0": "custom:item/3d/umbrella",
		"particle": "custom:item/3d/umbrella"
	},
	"elements": [
		{
			"from": [7.5, 0, 7],
			"to": [8, 14.5, 7.5],
			"rotation": {"angle": 0, "axis": "y", "origin": [7, 0, 7]},
			"faces": {
				"north": {"uv": [5, 8, 5.25, 15.25], "texture": "#0"},
				"east": {"uv": [5.5, 8, 5.75, 15.25], "texture": "#0"},
				"south": {"uv": [6, 8, 6.25, 15.25], "texture": "#0"},
				"west": {"uv": [6.5, 8, 6.75, 15.25], "texture": "#0"},
				"up": {"uv": [7.25, 9.75, 7, 9.5], "texture": "#0"},
				"down": {"uv": [7.75, 9.5, 7.5, 9.75], "texture": "#0"}
			}
		},
		{
			"from": [7.75, -2.25, 5],
			"to": [7.75, 0.25, 7.5],
			"rotation": {"angle": 0, "axis": "y", "origin": [7.25, -14.25, 8]},
			"faces": {
				"north": {"uv": [0, 0, 0, 1.25], "texture": "#0"},
				"east": {"uv": [7, 8, 8.25, 9.25], "texture": "#0"},
				"south": {"uv": [0, 0, 0, 1.25], "texture": "#0"},
				"west": {"uv": [8.5, 8, 9.75, 9.25], "texture": "#0"},
				"up": {"uv": [0, 1.25, 0, 0], "texture": "#0"},
				"down": {"uv": [0, 0, 0, 1.25], "texture": "#0"}
			}
		},
		{
			"from": [12.75, 12, 2.25],
			"to": [12.75, 14, 12.25],
			"rotation": {"angle": 0, "axis": "y", "origin": [12.75, 16, 6.25]},
			"faces": {
				"north": {"uv": [0, 0, 0, 1], "texture": "#0"},
				"east": {"uv": [5, 2, 10, 3], "texture": "#0"},
				"south": {"uv": [0, 0, 0, 1], "texture": "#0"},
				"west": {"uv": [5, 3, 10, 4], "texture": "#0"},
				"up": {"uv": [0, 5, 0, 0], "texture": "#0"},
				"down": {"uv": [0, 0, 0, 5], "texture": "#0"}
			}
		},
		{
			"from": [2.75, 12, 2.25],
			"to": [2.75, 14, 12.25],
			"rotation": {"angle": 0, "axis": "y", "origin": [2.75, 16, 6.25]},
			"faces": {
				"north": {"uv": [0, 0, 0, 1], "texture": "#0"},
				"east": {"uv": [5, 0, 10, 1], "texture": "#0"},
				"south": {"uv": [0, 0, 0, 1], "texture": "#0"},
				"west": {"uv": [5, 1, 10, 2], "texture": "#0"},
				"up": {"uv": [0, 5, 0, 0], "texture": "#0"},
				"down": {"uv": [0, 0, 0, 5], "texture": "#0"}
			}
		},
		{
			"from": [2.75, 12, 12.25],
			"to": [12.75, 14, 12.25],
			"rotation": {"angle": 0, "axis": "y", "origin": [8.75, 16, 12.25]},
			"faces": {
				"north": {"uv": [5, 4, 10, 5], "texture": "#0"},
				"east": {"uv": [0, 0, 0, 1], "texture": "#0"},
				"south": {"uv": [5, 5, 10, 6], "texture": "#0"},
				"west": {"uv": [0, 0, 0, 1], "texture": "#0"},
				"up": {"uv": [5, 0, 0, 0], "texture": "#0"},
				"down": {"uv": [5, 0, 0, 0], "texture": "#0"}
			}
		},
		{
			"from": [2.75, 12, 2.25],
			"to": [12.75, 14, 2.25],
			"rotation": {"angle": 0, "axis": "y", "origin": [8.75, 16, 2.25]},
			"faces": {
				"north": {"uv": [5, 6, 10, 7], "texture": "#0"},
				"east": {"uv": [0, 0, 0, 1], "texture": "#0"},
				"south": {"uv": [5, 7, 10, 8], "texture": "#0"},
				"west": {"uv": [0, 0, 0, 1], "texture": "#0"},
				"up": {"uv": [5, 0, 0, 0], "texture": "#0"},
				"down": {"uv": [5, 0, 0, 0], "texture": "#0"}
			}
		},
		{
			"from": [2.75, 14, 2.25],
			"to": [12.75, 14, 12.25],
			"rotation": {"angle": 0, "axis": "y", "origin": [6.75, 14, 6.25]},
			"faces": {
				"north": {"uv": [0, 0, 5, 0], "texture": "#0"},
				"east": {"uv": [0, 0, 5, 0], "texture": "#0"},
				"south": {"uv": [0, 0, 5, 0], "texture": "#0"},
				"west": {"uv": [0, 0, 5, 0], "texture": "#0"},
				"up": {"uv": [5, 5, 0, 0], "texture": "#0"},
				"down": {"uv": [5, 5, 0, 10], "texture": "#0"}
			}
		}
	],
	"gui_light": "front",
	"display": {
		"thirdperson_righthand": {
			"rotation": [76, 0, 0],
			"translation": [0, 1.75, 13.25],
			"scale": [1.9, 1.9, 1.9]
		},
		"thirdperson_lefthand": {
			"rotation": [76, 0, 0],
			"translation": [-1, 1.75, 13.25],
			"scale": [1.9, 1.9, 1.9]
		},
		"firstperson_righthand": {
			"rotation": [15, 0, 0],
			"translation": [0, 7, 3],
			"scale": [1.6, 1.6, 1.6]
		},
		"firstperson_lefthand": {
			"rotation": [15, 0, 0],
			"translation": [0, 7, 3],
			"scale": [1.6, 1.6, 1.6]
		},
		"ground": {
			"rotation": [0, 0, -45],
			"translation": [0, 3, 1],
			"scale": [0.5, 0.5, 0.5]
		},
		"gui": {
			"rotation": [63, 148, -52],
			"translation": [1.25, 0.5, 0],
			"scale": [0.9, 0.9, 0.9]
		},
		"head": {
			"translation": [0.25, -6.75, 1.75],
			"scale": [2.3, 2.3, 2.3]
		},
		"fixed": {
			"rotation": [0, 0, 45],
			"translation": [0, 0, 1.5]
		}
	},
	"groups": [
		{
			"name": "group",
			"origin": [8, 8, 8],
			"color": 0,
			"children": [0, 1, 2, 3, 4, 5, 6]
		}
	]
}