{"sources":[{"source":"entity","prefix":"entity/","type":"directory"},{"type":"single","resource":"elitecreatures:casino_decoration_v1/casino_monitor"},{"type":"single","resource":"elitecreatures:casino_decoration_v1/casino_sofa_red"},{"type":"single","resource":"elitecreatures:casino_decoration_v1/casino_vending_machine"},{"type":"single","resource":"elitecreatures:casino_decoration_v1/casino_chair_bar_red"},{"type":"single","resource":"elitecreatures:casino_decoration_v1/casino_sofa_red_no_rest"},{"type":"single","resource":"elitecreatures:casino_decoration_v1/casino_sofa_red_single"},{"type":"single","resource":"elitecreatures:casino_decoration_v1/casino_table_billiards_stick_stand"},{"type":"single","resource":"elitecreatures:casino_decoration_v1/casino_table_blackjack"},{"type":"single","resource":"elitecreatures:casino_decoration_v1/casino_chair_bar_brown"},{"type":"single","resource":"elitecreatures:casino_decoration_v1/casino_moniter_animate"},{"type":"single","resource":"elitecreatures:casino_decoration_v1/casino_table_blank"},{"type":"single","resource":"elitecreatures:casino_decoration_v1/casino_barrier"},{"type":"single","resource":"elitecreatures:casino_decoration_v1/casino_table_wood"},{"type":"single","resource":"modelengine:entity/penguin_rocket"},{"type":"single","resource":"elitecreatures:casino_decoration_v1/casino_chair_brown"},{"type":"single","resource":"elitecreatures:casino_decoration_v1/casino_game_slot"},{"type":"single","resource":"elitecreatures:casino_decoration_v1/casino_table_roulette"},{"type":"single","resource":"elitecreatures:casino_decoration_v1/casino_game_bigwin"},{"type":"single","resource":"elitecreatures:casino_decoration_v1/casino_bush"},{"type":"single","resource":"elitecreatures:casino_decoration_v1/casino_table_billiards"},{"type":"single","resource":"elitecreatures:casino_decoration_v1/casino_pot_tree"},{"type":"single","resource":"modelengine:entity/combat_drone"},{"type":"single","resource":"elitecreatures:casino_decoration_v1/casino_card_and_token"},{"type":"single","resource":"modelengine:entity/autobots"},{"type":"single","resource":"elitecreatures:casino_decoration_v1/casino_chips"},{"type":"single","resource":"elitecreatures:casino_decoration_v1/casino_table_craps"},{"type":"single","resource":"modelengine:entity/penguin_face"}]}