{"sources":[{"type":"single","resource":"cosmetics:body/backpack"},{"type":"single","resource":"cosmetics:body/bee_nest"},{"type":"single","resource":"cosmetics:body/leather_backpack"},{"type":"single","resource":"cosmetics:body/red_parrot"},{"type":"single","resource":"cosmetics:body/squirrel_tail"},{"type":"single","resource":"cosmetics:entity/amogus/amogus"},{"type":"single","resource":"cosmetics:entity/amogus_body_icon"},{"type":"single","resource":"cosmetics:entity/amogus_eye_icon"},{"type":"single","resource":"cosmetics:entity/locomotive/locomotive"},{"type":"single","resource":"cosmetics:entity/star_kite/star_kite"},{"type":"single","resource":"cosmetics:hat/chef_hat"},{"type":"single","resource":"cosmetics:hat/cowboy_hat"},{"type":"single","resource":"cosmetics:hat/snow_fox_sleeping"},{"type":"single","resource":"cosmetics:hat/witch_hat"},{"type":"single","resource":"z_cosmetics:cursor_default"},{"type":"single","resource":"z_cosmetics:cursor_pointer"},{"type":"single","resource":"z_cosmetics:cursor_scroll"},{"type":"single","resource":"z_cosmetics:dyeing_pointer"},{"type":"single","resource":"z_cosmetics:fullscreen_black_item"},{"type":"single","resource":"z_cosmetics:tutorial"},{"type":"single","resource":"z_cosmetics:tutorial_dont_show_again"},{"type":"single","resource":"cosmetics:entity/ballon_cluster/ballon_cluster"},{"type":"single","resource":"cosmetics:entity/wings_enderdragon/dragon"},{"type":"single","resource":"medievalroyalv2:furniture/medievalroyalv2/medievalroyal_tablecandleholder"},{"type":"single","resource":"elitecreatures:casino_decoration_v1/casino_monitor"},{"type":"single","resource":"elitecreatures:hospital_furniture_v1/hospital_sofa_single_white"},{"type":"single","resource":"z_cosmetics:cursor_scroll"},{"type":"single","resource":"medievalroyalv2:furniture/medievalroyalv2/medievalroyal_bed"},{"type":"single","resource":"elitecreatures:casino_decoration_v1/casino_table_billiards_stick_stand"},{"type":"single","resource":"cosmetics:body/leather_backpack"},{"type":"single","resource":"elitecreatures:casino_decoration_v1/casino_table_blackjack"},{"type":"single","resource":"elitecreatures:nightclub_furniture_v1/nightclub_light"},{"type":"single","resource":"elitecreatures:nightclub_furniture_v1/nightclub_ball_discotect"},{"type":"single","resource":"elitecreatures:casino_decoration_v1/casino_chair_bar_brown"},{"type":"single","resource":"elitecreatures:hospital_furniture_v1/hospital_curtain"},{"type":"single","resource":"elitecreatures:nightclub_furniture_v1/nightclub_tower_beer"},{"type":"single","resource":"elitecreatures:casino_decoration_v1/casino_barrier"},{"type":"single","resource":"elitecreatures:nightclub_furniture_v2/nightclub_bar_02"},{"type":"single","resource":"cosmetics:hat/cowboy_hat"},{"type":"single","resource":"elitecreatures:nightclub_furniture_v2/nightclub_bar_01"},{"type":"single","resource":"elitecreatures:nightclub_furniture_v2/nightclub_bar_03"},{"type":"single","resource":"z_cosmetics:cursor_default"},{"type":"single","resource":"elitecreatures:lab_furniture_v1/trolleytexture"},{"type":"single","resource":"elitecreatures:nightclub_furniture_v1/nightclub_chair_3"},{"type":"single","resource":"elitecreatures:nightclub_furniture_v1/nightclub_chair_2"},{"type":"single","resource":"elitecreatures:nightclub_furniture_v1/nightclub_chair"},{"type":"single","resource":"bank_pack:bank_tall_chair"},{"type":"single","resource":"elitecreatures:nightclub_furniture_v2/nightclub_led_sing_animation"},{"type":"single","resource":"medievalroyalv2:furniture/medievalroyalv2/medievalroyal_carpet"},{"type":"single","resource":"elitecreatures:casino_decoration_v1/casino_pot_tree"},{"type":"single","resource":"bank_pack:bank_pot"},{"type":"single","resource":"z_cosmetics:cursor_pointer"},{"type":"single","resource":"elitecreatures:lab_furniture_v1/computertexture"},{"type":"single","resource":"elitecreatures:casino_decoration_v1/casino_chips"},{"type":"single","resource":"elitecreatures:lab_furniture_v1/cupboard04texture"},{"type":"single","resource":"elitecreatures:casino_decoration_v1/casino_sofa_red"},{"type":"single","resource":"elitecreatures:hospital_furniture_v1/hospital_sofa_single_brown_no_back_rest"},{"type":"single","resource":"cosmetics:entity/star_kite/star_kite"},{"type":"single","resource":"elitecreatures:lab_furniture_v1/cupboard05texture"},{"type":"single","resource":"elitecreatures:nightclub_furniture_v2/nightclub_dance_floor"},{"type":"single","resource":"medievalroyalv2:furniture/medievalroyalv2/medievalroyal_throne"},{"type":"single","resource":"elitecreatures:hospital_furniture_v1/hospital_bedside_table"},{"type":"single","resource":"medievalroyalv2:furniture/medievalroyalv2/medievalroyal_painting_3x2"},{"type":"single","resource":"bank_pack:bank_money_case"},{"type":"single","resource":"custom/angelwings"},{"type":"single","resource":"elitecreatures:hospital_furniture_v1/hospital_chair_white_no_back_rest"},{"type":"single","resource":"elitecreatures:nightclub_furniture_v2/nightclub_ice_bucket"},{"type":"single","resource":"elitecreatures:nightclub_furniture_v1/nightclub_shelf_1"},{"type":"single","resource":"bank_pack:bank_barrier"},{"type":"single","resource":"elitecreatures:hospital_furniture_v1/hospital_chair_white_with_back_rest_2"},{"type":"single","resource":"elitecreatures:nightclub_furniture_v1/nightclub_shelf_2"},{"type":"single","resource":"elitecreatures:casino_decoration_v1/casino_moniter_animate"},{"type":"single","resource":"elitecreatures:nightclub_furniture_v1/nightclub_fridge_2"},{"type":"single","resource":"elitecreatures:lab_furniture_v1/cupboard01texture"},{"type":"single","resource":"elitecreatures:nightclub_furniture_v1/nightclub_fridge_1"},{"type":"single","resource":"elitecreatures:hospital_furniture_v1/hospital_bed_blue_with_single_barrier"},{"type":"single","resource":"elitecreatures:nightclub_furniture_v1/nightclub_mixer"},{"type":"single","resource":"bank_pack:bank_greek_balance"},{"type":"single","resource":"z_cosmetics:tutorial_dont_show_again"},{"type":"single","resource":"cosmetics:body/red_parrot"},{"type":"single","resource":"elitecreatures:nightclub_furniture_v2/nightclub_table"},{"type":"single","resource":"z_cosmetics:fullscreen_black_item"},{"type":"single","resource":"cosmetics:entity/amogus/amogus"},{"type":"single","resource":"elitecreatures:casino_decoration_v1/casino_card_and_token"},{"type":"single","resource":"elitecreatures:hospital_furniture_v1/hospital_sofa_single_brown"},{"type":"single","resource":"elitecreatures:lab_furniture_v1/fireextinguishertexture"},{"type":"single","resource":"elitecreatures:hospital_furniture_v1/hospital_curtain_2"},{"type":"single","resource":"cosmetics:entity/amogus_eye_icon"},{"type":"single","resource":"elitecreatures:hospital_furniture_v1/hospital_chair_white_with_back_rest"},{"type":"single","resource":"medievalroyalv2:furniture/medievalroyalv2/medievalroyal_pillow"},{"type":"single","resource":"elitecreatures:lab_furniture_v1/scienceequipment05texture"},{"type":"single","resource":"elitecreatures:casino_decoration_v1/casino_vending_machine"},{"type":"single","resource":"elitecreatures:lab_furniture_v1/bobbletexture"},{"type":"single","resource":"elitecreatures:lab_furniture_v1/chemicalstexture"},{"type":"single","resource":"elitecreatures:nightclub_furniture_v2/nightclub_bar_shelf"},{"type":"single","resource":"elitecreatures:lab_furniture_v1/refrigeratortexture"},{"type":"single","resource":"elitecreatures:nightclub_furniture_v1/nightclub_sofa_double"},{"type":"single","resource":"elitecreatures:casino_decoration_v1/casino_sofa_red_no_rest"},{"type":"single","resource":"cosmetics:entity/wings_enderdragon/dragon"},{"type":"single","resource":"medievalroyalv2:furniture/medievalroyalv2/medievalroyal_painting_2x1"},{"type":"single","resource":"z_cosmetics:dyeing_pointer"},{"type":"single","resource":"elitecreatures:lab_furniture_v1/doortexture"},{"type":"single","resource":"cosmetics:body/backpack"},{"type":"single","resource":"bank_pack:bank_money"},{"type":"single","resource":"bank_pack:bank_safe_door"},{"type":"single","resource":"elitecreatures:hospital_furniture_v1/hospital_cupboard_6"},{"type":"single","resource":"elitecreatures:hospital_furniture_v1/hospital_cupboard_5"},{"type":"single","resource":"elitecreatures:casino_decoration_v1/casino_table_blank"},{"type":"single","resource":"elitecreatures:hospital_furniture_v1/hospital_chair_white"},{"type":"single","resource":"elitecreatures:hospital_furniture_v1/hospital_cupboard_2"},{"type":"single","resource":"elitecreatures:lab_furniture_v1/computertexturea"},{"type":"single","resource":"elitecreatures:hospital_furniture_v1/hospital_cupboard_4"},{"type":"single","resource":"elitecreatures:hospital_furniture_v1/hospital_cupboard_3"},{"type":"single","resource":"elitecreatures:hospital_furniture_v1/hospital_stand"},{"type":"single","resource":"elitecreatures:lab_furniture_v1/scienceequipment07texture"},{"type":"single","resource":"elitecreatures:hospital_furniture_v1/hospital_shelf_with_handle"},{"type":"single","resource":"elitecreatures:lab_furniture_v1/scienceequipment06texture"},{"type":"single","resource":"elitecreatures:casino_decoration_v1/casino_chair_brown"},{"type":"single","resource":"elitecreatures:lab_furniture_v1/scienceequipment01texture"},{"type":"single","resource":"elitecreatures:lab_furniture_v1/scienceequipment03texture"},{"type":"single","resource":"elitecreatures:lab_furniture_v1/scienceequipment04texture"},{"type":"single","resource":"demonwings:entity/demonwings/demonwings"},{"type":"single","resource":"custom/demonwings"},{"type":"single","resource":"elitecreatures:lab_furniture_v1/tabletexture"},{"type":"single","resource":"elitecreatures:hospital_furniture_v1/hospital_wheelchair"},{"type":"single","resource":"bank_pack:bank_glass"},{"type":"single","resource":"elitecreatures:casino_decoration_v1/casino_bush"},{"type":"single","resource":"elitecreatures:nightclub_furniture_v1/nightclub_speaker"},{"type":"single","resource":"elitecreatures:nightclub_furniture_v2/nightclub_chair_brown"},{"type":"single","resource":"elitecreatures:casino_decoration_v1/casino_table_craps"},{"type":"single","resource":"elitecreatures:nightclub_furniture_v2/nightclub_sofa"},{"type":"single","resource":"elitecreatures:hospital_furniture_v1/hospital_ambulance_bed"},{"type":"single","resource":"medievalroyalv2:furniture/medievalroyalv2/medievalroyal_mirror"},{"type":"single","resource":"elitecreatures:hospital_furniture_v1/hospital_cupboard"},{"type":"single","resource":"cosmetics:entity/ballon_cluster/ballon_cluster"},{"type":"single","resource":"cosmetics:hat/snow_fox_sleeping"},{"type":"single","resource":"elitecreatures:nightclub_furniture_v2/nightclub_bar_cooler"},{"type":"single","resource":"bank_pack:bank_table"},{"type":"single","resource":"elitecreatures:lab_furniture_v1/chairtexture"},{"type":"single","resource":"elitecreatures:lab_furniture_v1/cupboard02texture"},{"type":"single","resource":"cosmetics:hat/witch_hat"},{"type":"single","resource":"elitecreatures:hospital_furniture_v1/hospital_sofa_third_white"},{"type":"single","resource":"elitecreatures:lab_furniture_v1/cupboard03texture"},{"type":"single","resource":"elitecreatures:casino_decoration_v1/casino_chair_bar_red"},{"type":"single","resource":"cosmetics:entity/locomotive/locomotive"},{"type":"single","resource":"cosmetics:body/squirrel_tail"},{"type":"single","resource":"elitecreatures:hospital_furniture_v1/hospital_bed"},{"type":"single","resource":"elitecreatures:casino_decoration_v1/casino_sofa_red_single"},{"type":"single","resource":"elitecreatures:nightclub_furniture_v2/nightclub_sofa_long"},{"type":"single","resource":"cosmetics:entity/amogus_body_icon"},{"type":"single","resource":"cosmetics:body/bee_nest"},{"type":"single","resource":"medievalroyalv2:furniture/medievalroyalv2/medievalroyal_chandelier"},{"type":"single","resource":"bank_pack:bank_sign"},{"type":"single","resource":"elitecreatures:nightclub_furniture_v2/nightclub_sofa_corner"},{"type":"single","resource":"elitecreatures:casino_decoration_v1/casino_table_wood"},{"type":"single","resource":"elitecreatures:hospital_furniture_v1/hospital_bed_with_barrier"},{"type":"single","resource":"bank_pack:bank_chair"},{"type":"single","resource":"elitecreatures:casino_decoration_v1/casino_game_slot"},{"type":"single","resource":"elitecreatures:nightclub_furniture_v1/nightclub_sign"},{"type":"single","resource":"elitecreatures:casino_decoration_v1/casino_table_roulette"},{"type":"single","resource":"elitecreatures:nightclub_furniture_v2/nightclub_bar_chair_red"},{"type":"single","resource":"elitecreatures:nightclub_furniture_v2/nightclub_table_long"},{"type":"single","resource":"z_cosmetics:tutorial"},{"type":"single","resource":"elitecreatures:casino_decoration_v1/casino_game_bigwin"},{"type":"single","resource":"elitecreatures:hospital_furniture_v1/hospital_shelf"},{"type":"single","resource":"bank_pack:bank_computer"},{"type":"single","resource":"elitecreatures:lab_furniture_v1/whiteboardtexture"},{"type":"single","resource":"angelwings:entity/angelwings/angel"},{"type":"single","resource":"bank_pack:bank_camera"},{"type":"single","resource":"elitecreatures:casino_decoration_v1/casino_table_billiards"},{"type":"single","resource":"elitecreatures:nightclub_furniture_v1/nightclub_pole"},{"type":"single","resource":"elitecreatures:hospital_furniture_v1/hospital_trash"},{"type":"single","resource":"elitecreatures:nightclub_furniture_v2/nightclub_dj_set"},{"type":"single","resource":"cosmetics:hat/chef_hat"},{"type":"single","resource":"bank_pack:bank_atm"},{"type":"single","resource":"medievalroyalv2:furniture/medievalroyalv2/medievalroyal_torch"},{"type":"single","resource":"bank_pack:bank_chair_1"},{"type":"single","resource":"elitecreatures:hospital_furniture_v1/hospital_sitfix"},{"type":"single","resource":"bank_pack:bank_locker"},{"type":"single","resource":"elitecreatures:nightclub_furniture_v2/nightclub_led_sing"},{"type":"single","resource":"bank_pack:bank_document"}]}