{"sources":[{"type":"single","resource":"cosmetics:body/backpack"},{"type":"single","resource":"cosmetics:body/bee_nest"},{"type":"single","resource":"cosmetics:body/leather_backpack"},{"type":"single","resource":"cosmetics:body/red_parrot"},{"type":"single","resource":"cosmetics:body/squirrel_tail"},{"type":"single","resource":"cosmetics:entity/amogus/amogus"},{"type":"single","resource":"cosmetics:entity/amogus_body_icon"},{"type":"single","resource":"cosmetics:entity/amogus_eye_icon"},{"type":"single","resource":"cosmetics:entity/locomotive/locomotive"},{"type":"single","resource":"cosmetics:entity/star_kite/star_kite"},{"type":"single","resource":"cosmetics:hat/chef_hat"},{"type":"single","resource":"cosmetics:hat/cowboy_hat"},{"type":"single","resource":"cosmetics:hat/snow_fox_sleeping"},{"type":"single","resource":"cosmetics:hat/witch_hat"},{"type":"single","resource":"z_cosmetics:cursor_default"},{"type":"single","resource":"z_cosmetics:cursor_pointer"},{"type":"single","resource":"z_cosmetics:cursor_scroll"},{"type":"single","resource":"z_cosmetics:dyeing_pointer"},{"type":"single","resource":"z_cosmetics:fullscreen_black_item"},{"type":"single","resource":"z_cosmetics:tutorial"},{"type":"single","resource":"z_cosmetics:tutorial_dont_show_again"},{"type":"single","resource":"cosmetics:entity/ballon_cluster/ballon_cluster"},{"type":"single","resource":"cosmetics:entity/wings_enderdragon/dragon"},{"type":"single","resource":"elitecreatures:casino_decoration_v1/casino_monitor"},{"type":"single","resource":"elitecreatures:casino_decoration_v1/casino_vending_machine"},{"type":"single","resource":"hmccosmetics:icons/colorful"},{"type":"single","resource":"z_cosmetics:cursor_scroll"},{"type":"single","resource":"elitecreatures:casino_decoration_v1/casino_sofa_red_no_rest"},{"type":"single","resource":"elitecreatures:casino_decoration_v1/casino_table_billiards_stick_stand"},{"type":"single","resource":"cosmetics:body/leather_backpack"},{"type":"single","resource":"cosmetics:entity/wings_enderdragon/dragon"},{"type":"single","resource":"elitecreatures:casino_decoration_v1/casino_table_blackjack"},{"type":"single","resource":"z_cosmetics:dyeing_pointer"},{"type":"single","resource":"cosmetics:body/backpack"},{"type":"single","resource":"bank_pack:bank_money"},{"type":"single","resource":"bank_pack:bank_safe_door"},{"type":"single","resource":"elitecreatures:casino_decoration_v1/casino_chair_bar_brown"},{"type":"single","resource":"elitecreatures:casino_decoration_v1/casino_table_blank"},{"type":"single","resource":"elitecreatures:casino_decoration_v1/casino_barrier"},{"type":"single","resource":"cosmetics:hat/cowboy_hat"},{"type":"single","resource":"elitecreatures:casino_decoration_v1/casino_chair_brown"},{"type":"single","resource":"z_cosmetics:cursor_default"},{"type":"single","resource":"demonwings:entity/demonwings/demonwings"},{"type":"single","resource":"custom/demonwings"},{"type":"single","resource":"bank_pack:bank_glass"},{"type":"single","resource":"elitecreatures:casino_decoration_v1/casino_bush"},{"type":"single","resource":"bank_pack:bank_tall_chair"},{"type":"single","resource":"elitecreatures:casino_decoration_v1/casino_pot_tree"},{"type":"single","resource":"bank_pack:bank_pot"},{"type":"single","resource":"z_cosmetics:cursor_pointer"},{"type":"single","resource":"elitecreatures:casino_decoration_v1/casino_chips"},{"type":"single","resource":"elitecreatures:casino_decoration_v1/casino_table_craps"},{"type":"single","resource":"cosmetics:entity/ballon_cluster/ballon_cluster"},{"type":"single","resource":"cosmetics:hat/snow_fox_sleeping"},{"type":"single","resource":"bank_pack:bank_table"},{"type":"single","resource":"elitecreatures:casino_decoration_v1/casino_sofa_red"},{"type":"single","resource":"cosmetics:hat/witch_hat"},{"type":"single","resource":"cosmetics:entity/star_kite/star_kite"},{"type":"single","resource":"elitecreatures:casino_decoration_v1/casino_chair_bar_red"},{"type":"single","resource":"cosmetics:entity/locomotive/locomotive"},{"type":"single","resource":"bank_pack:bank_money_case"},{"type":"single","resource":"custom/angelwings"},{"type":"single","resource":"cosmetics:body/squirrel_tail"},{"type":"single","resource":"elitecreatures:casino_decoration_v1/casino_sofa_red_single"},{"type":"single","resource":"cosmetics:entity/amogus_body_icon"},{"type":"single","resource":"bank_pack:bank_barrier"},{"type":"single","resource":"cosmetics:body/bee_nest"},{"type":"single","resource":"elitecreatures:casino_decoration_v1/casino_moniter_animate"},{"type":"single","resource":"bank_pack:bank_sign"},{"type":"single","resource":"elitecreatures:casino_decoration_v1/casino_table_wood"},{"type":"single","resource":"bank_pack:bank_greek_balance"},{"type":"single","resource":"z_cosmetics:tutorial_dont_show_again"},{"type":"single","resource":"bank_pack:bank_chair"},{"type":"single","resource":"elitecreatures:casino_decoration_v1/casino_game_slot"},{"type":"single","resource":"hmccosmetics:icons/arrow_back"},{"type":"single","resource":"cosmetics:body/red_parrot"},{"type":"single","resource":"elitecreatures:casino_decoration_v1/casino_table_roulette"},{"type":"single","resource":"z_cosmetics:tutorial"},{"type":"single","resource":"elitecreatures:casino_decoration_v1/casino_game_bigwin"},{"type":"single","resource":"bank_pack:bank_computer"},{"type":"single","resource":"angelwings:entity/angelwings/angel"},{"type":"single","resource":"bank_pack:bank_camera"},{"type":"single","resource":"elitecreatures:casino_decoration_v1/casino_table_billiards"},{"type":"single","resource":"z_cosmetics:fullscreen_black_item"},{"type":"single","resource":"cosmetics:entity/amogus/amogus"},{"type":"single","resource":"elitecreatures:casino_decoration_v1/casino_card_and_token"},{"type":"single","resource":"cosmetics:hat/chef_hat"},{"type":"single","resource":"bank_pack:bank_atm"},{"type":"single","resource":"bank_pack:bank_chair_1"},{"type":"single","resource":"bank_pack:bank_locker"},{"type":"single","resource":"cosmetics:entity/amogus_eye_icon"},{"type":"single","resource":"hmccosmetics:icons/arrow_next"},{"type":"single","resource":"bank_pack:bank_document"}]}