{
	"credit": "by 2m3v",
	"parent": "games:cards/parent",
	"textures": {
		"4": "games:item/cards/uno/yellow/2"
	},
	"elements": [
		{
			"from": [5, 0, 3],
			"to": [11, 0, 12],
			"faces": {
				"north": {"uv": [15.75, 0, 16, 12], "texture": "#4"},
				"east": {"uv": [16, 0.25, 16, 12.25], "texture": "#4"},
				"south": {"uv": [15, 0, 16, 12], "texture": "#4"},
				"west": {"uv": [13, 0, 16, 12], "texture": "#4"},
				"up": {"uv": [0, 0, 6, 9], "texture": "#4"},
				"down": {"uv": [6, 0, 12, 9], "texture": "#4"}
			}
		}
	]
}