{"credit":"MadewithBlockbench","texture_size":[64,64],"textures":{"0":"elitecreatures:nightclub_furniture_v1/nightclub_speaker","particle":"elitecreatures:nightclub_furniture_v1/nightclub_speaker"},"elements":[{"from":[0,0,0],"to":[16,24,16],"faces":{"north":{"uv":[0,0,4,6],"texture":"#0"},"east":{"uv":[4,0,8,6],"texture":"#0"},"south":{"uv":[4,0,8,6],"texture":"#0"},"west":{"uv":[4,0,8,6],"texture":"#0"},"up":{"uv":[12,4,8,0],"texture":"#0"},"down":{"uv":[12,0,8,4],"texture":"#0"}}}],"gui_light":"front","display":{"thirdperson_righthand":{"translation":[0,3,1],"scale":[0.55,0.55,0.55]},"thirdperson_lefthand":{"translation":[0,3,1],"scale":[0.55,0.55,0.55]},"firstperson_righthand":{"translation":[0,3,1],"scale":[0.55,0.55,0.55]},"firstperson_lefthand":{"translation":[0,3,1],"scale":[0.55,0.55,0.55]},"ground":{"scale":[0.33,0.33,0.33]},"gui":{"rotation":[30,225,0],"translation":[0,-1.25,0],"scale":[0.3,0.3,0.3]},"head":{"rotation":[0,-180,0],"translation":[0,-30.25,0],"scale":[1.6,1.6,1.6]},"fixed":{"translation":[0,-2.25,0],"scale":[0.5,0.5,0.5]}}}