{"credit":"MadewithBlockbench","texture_size":[64,64],"textures":{"0":"elitecreatures:nightclub_furniture_v1/nightclub_chair","particle":"elitecreatures:nightclub_furniture_v1/nightclub_chair"},"elements":[{"from":[6,0,6],"to":[10,1,10],"faces":{"north":{"uv":[4.5,1.25,5.5,1.5],"texture":"#0"},"east":{"uv":[4.5,1.25,5.5,1.5],"texture":"#0"},"south":{"uv":[4.5,1.25,5.5,1.5],"texture":"#0"},"west":{"uv":[4.5,1.25,5.5,1.5],"texture":"#0"},"up":{"uv":[5.5,1.25,4.5,0.25],"texture":"#0"},"down":{"uv":[5.5,0.25,4.5,1.25],"texture":"#0"}}},{"from":[7,1,7],"to":[9,14,9],"faces":{"north":{"uv":[4,0,4.5,3.25],"texture":"#0"},"east":{"uv":[4,0,4.5,3.25],"texture":"#0"},"south":{"uv":[4,0,4.5,3.25],"texture":"#0"},"west":{"uv":[4,0,4.5,3.25],"texture":"#0"}}},{"from":[0,14,0],"to":[16,15,16],"faces":{"north":{"uv":[4.5,0,8.5,0.25],"texture":"#0"},"east":{"uv":[4.5,0,8.5,0.25],"texture":"#0"},"south":{"uv":[4.5,0,8.5,0.25],"texture":"#0"},"west":{"uv":[4.5,0,8.5,0.25],"texture":"#0"},"up":{"uv":[4,4,0,0],"texture":"#0"},"down":{"uv":[4,4,0,8],"texture":"#0"}}}],"gui_light":"front","display":{"thirdperson_righthand":{"translation":[0,3,2],"scale":[0.55,0.55,0.55]},"thirdperson_lefthand":{"translation":[0,3,2],"scale":[0.55,0.55,0.55]},"firstperson_righthand":{"rotation":[0,-90,25],"translation":[1.13,3.2,1.13],"scale":[0.68,0.68,0.68]},"firstperson_lefthand":{"rotation":[0,-90,25],"translation":[1.13,3.2,1.13],"scale":[0.68,0.68,0.68]},"ground":{"translation":[0,2,0],"scale":[0.5,0.5,0.5]},"gui":{"rotation":[30,225,0],"translation":[0,-1.25,0],"scale":[0.5,0.5,0.5]},"head":{"translation":[0,-30.5,0],"scale":[1.6,1.6,1.6]},"fixed":{"rotation":[0,180,0]}}}