{"credit":"MadewithBlockbench","texture_size":[128,128],"textures":{"0":"elitecreatures:nightclub_furniture_v1/nightclub_shelf_1","particle":"elitecreatures:nightclub_furniture_v1/nightclub_shelf_1"},"elements":[{"from":[15,0,0],"to":[16,32,16],"faces":{"north":{"uv":[2,0,2.125,4],"texture":"#0"},"east":{"uv":[0,0,2,4],"texture":"#0"},"south":{"uv":[2,0,2.125,4],"texture":"#0"},"west":{"uv":[0,0,2,4],"texture":"#0"},"up":{"uv":[2.125,2,2.25,0],"texture":"#0"},"down":{"uv":[2.25,0,2.125,2],"texture":"#0"}}},{"from":[0,0,0],"to":[1,32,16],"faces":{"north":{"uv":[2,0,2.125,4],"texture":"#0"},"east":{"uv":[0,0,2,4],"texture":"#0"},"south":{"uv":[2,0,2.125,4],"texture":"#0"},"west":{"uv":[2,0,0,4],"texture":"#0"},"up":{"uv":[2.25,2,2.125,0],"texture":"#0"},"down":{"uv":[2.25,0,2.125,2],"texture":"#0"}}},{"from":[1,0,15],"to":[15,32,16],"faces":{"north":{"uv":[0,4,1.75,8],"texture":"#0"},"east":{"uv":[4,0,4.125,4],"texture":"#0"},"south":{"uv":[0,4,1.75,8],"texture":"#0"},"west":{"uv":[4,0,4.125,4],"texture":"#0"},"up":{"uv":[4,2,2.25,1.875],"texture":"#0"},"down":{"uv":[4,1.875,2.25,2],"texture":"#0"}}},{"from":[1,1,5],"to":[15,31,5],"faces":{"north":{"uv":[1.75,4,3.5,7.75],"texture":"#0"},"east":{"uv":[0,0,0,3.75],"texture":"#0"},"west":{"uv":[0,0,0,3.75],"texture":"#0"},"up":{"uv":[1.75,0,0,0],"texture":"#0"},"down":{"uv":[1.75,0,0,0],"texture":"#0"}}},{"from":[1,31,0],"to":[15,32,15],"faces":{"north":{"uv":[2.125,2.25,3.875,2.375],"texture":"#0"},"east":{"uv":[2.125,2.375,4,2.5],"texture":"#0"},"south":{"uv":[2.125,2.25,3.875,2.375],"texture":"#0"},"west":{"uv":[2.125,2.375,4,2.5],"texture":"#0"},"up":{"uv":[4,1.875,2.25,0],"texture":"#0"},"down":{"uv":[4,0,2.25,1.875],"texture":"#0"}}},{"from":[1,0,0],"to":[15,1,15],"faces":{"north":{"uv":[2.125,2.25,3.875,2.375],"texture":"#0"},"east":{"uv":[2.125,2.375,4,2.5],"texture":"#0"},"south":{"uv":[2.125,2.25,3.875,2.375],"texture":"#0"},"west":{"uv":[2.125,2.375,4,2.5],"texture":"#0"},"up":{"uv":[4,1.875,2.25,0],"texture":"#0"},"down":{"uv":[4,0,2.25,1.875],"texture":"#0"}}},{"from":[1,16,0],"to":[15,17,15],"faces":{"north":{"uv":[2.125,2.25,3.875,2.375],"texture":"#0"},"east":{"uv":[2.125,2.375,4,2.5],"texture":"#0"},"south":{"uv":[2.125,2.25,3.875,2.375],"texture":"#0"},"west":{"uv":[2.125,2.375,4,2.5],"texture":"#0"},"up":{"uv":[4,1.875,2.25,0],"texture":"#0"},"down":{"uv":[4,0,2.25,1.875],"texture":"#0"}}}],"gui_light":"front","display":{"thirdperson_righthand":{"translation":[0,0.75,1],"scale":[0.25,0.25,0.25]},"thirdperson_lefthand":{"translation":[0,0.75,1],"scale":[0.25,0.25,0.25]},"firstperson_righthand":{"rotation":[-18,-180,3],"translation":[1.13,3.2,1.13],"scale":[0.43,0.43,0.43]},"firstperson_lefthand":{"rotation":[-18,-180,3],"translation":[1.13,3.2,1.13],"scale":[0.43,0.43,0.43]},"ground":{"translation":[0,2,0],"scale":[0.5,0.5,0.5]},"gui":{"rotation":[30,225,0],"translation":[0,-2.25,0],"scale":[0.31,0.31,0.31]},"head":{"rotation":[0,-180,0],"translation":[0,-30.25,0],"scale":[1.6,1.6,1.6]},"fixed":{"translation":[0,-2.5,0],"scale":[0.38,0.38,0.38]}}}