{"credit":"MadewithBlockbench","texture_size":[64,64],"textures":{"0":"elitecreatures:nightclub_furniture_v1/nightclub_mixer","particle":"elitecreatures:nightclub_furniture_v1/nightclub_mixer"},"elements":[{"from":[-16,0,0],"to":[16,2,16],"faces":{"north":{"uv":[0,4,8,4.5],"texture":"#0"},"east":{"uv":[0,4.5,4,5],"texture":"#0"},"south":{"uv":[0,4,8,4.5],"texture":"#0"},"west":{"uv":[0,4.5,4,5],"texture":"#0"},"up":{"uv":[8,4,0,0],"texture":"#0"},"down":{"uv":[8,0,0,4],"texture":"#0"}}},{"from":[4,2,0],"to":[16,5,16],"faces":{"north":{"uv":[4,4.5,7,5.25],"texture":"#0"},"east":{"uv":[0,5,4,5.75],"texture":"#0"},"south":{"uv":[4,4.5,7,5.25],"texture":"#0"},"west":{"uv":[0,5,4,5.75],"texture":"#0"},"up":{"uv":[11,4,8,0],"texture":"#0"}}},{"from":[-16,2,0],"to":[-4,5,16],"faces":{"north":{"uv":[4,4.5,7,5.25],"texture":"#0"},"east":{"uv":[0,5,4,5.75],"texture":"#0"},"south":{"uv":[4,4.5,7,5.25],"texture":"#0"},"west":{"uv":[0,5,4,5.75],"texture":"#0"},"up":{"uv":[8,4,11,0],"texture":"#0"}}}],"gui_light":"front","display":{"thirdperson_righthand":{"translation":[-1.75,3,1],"scale":[0.55,0.55,0.55]},"thirdperson_lefthand":{"translation":[-10.5,3,1],"scale":[0.55,0.55,0.55]},"firstperson_lefthand":{"translation":[-16.25,0,0]},"ground":{"translation":[4,2,0],"scale":[0.5,0.5,0.5]},"gui":{"rotation":[30,225,0],"translation":[-1.75,0,0],"scale":[0.32,0.32,0.32]},"head":{"translation":[8,0,0]},"fixed":{"rotation":[-90,-180,0],"translation":[-12.75,-0.75,-11.5],"scale":[1.6,1.6,1.6]}}}