{"credit":"MadewithBlockbench","texture_size":[128,128],"textures":{"0":"elitecreatures:nightclub_furniture_v1/nightclub_sofa_double","particle":"elitecreatures:nightclub_furniture_v1/nightclub_sofa_double"},"elements":[{"from":[21,0,0],"to":[24,12,16],"faces":{"north":{"uv":[3.625,0.875,4,2.375],"texture":"#0"},"east":{"uv":[0,5,2,6.5],"texture":"#0"},"south":{"uv":[3.625,0.875,4,2.375],"texture":"#0"},"west":{"uv":[0,5,2,6.5],"texture":"#0"},"up":{"uv":[3.625,2.875,3.25,0.875],"texture":"#0"},"down":{"uv":[3.625,0.875,3.25,2.875],"texture":"#0"}}},{"from":[18,5,0],"to":[21,12,14],"faces":{"north":{"uv":[3.625,2.375,4,3.25],"texture":"#0"},"east":{"uv":[4,0.875,5.75,1.75],"texture":"#0"},"south":{"uv":[3.625,2.375,4,3.25],"texture":"#0"},"west":{"uv":[4,0.875,5.75,1.75],"texture":"#0"},"up":{"uv":[4.375,3.5,4,1.75],"texture":"#0"},"down":{"uv":[4.375,1.75,4,3.5],"texture":"#0"}}},{"from":[-5,5,0],"to":[-2,12,14],"rotation":{"angle":0,"axis":"y","origin":[16,0,0]},"faces":{"north":{"uv":[4,2.375,3.625,3.25],"texture":"#0"},"east":{"uv":[5.75,0.875,4,1.75],"texture":"#0"},"south":{"uv":[4,2.375,3.625,3.25],"texture":"#0"},"west":{"uv":[5.75,0.875,4,1.75],"texture":"#0"},"up":{"uv":[4,3.5,4.375,1.75],"texture":"#0"},"down":{"uv":[4,1.75,4.375,3.5],"texture":"#0"}}},{"from":[-8,0,0],"to":[-5,12,16],"rotation":{"angle":0,"axis":"y","origin":[16,0,0]},"faces":{"north":{"uv":[4,0.875,3.625,2.375],"texture":"#0"},"east":{"uv":[2,5,0,6.5],"texture":"#0"},"south":{"uv":[4,0.875,3.625,2.375],"texture":"#0"},"west":{"uv":[2,5,0,6.5],"texture":"#0"},"up":{"uv":[3.25,2.875,3.625,0.875],"texture":"#0"},"down":{"uv":[3.25,0.875,3.625,2.875],"texture":"#0"}}},{"from":[-5,0,0],"to":[21,1,14],"faces":{"north":{"uv":[2,5.625,5.25,5.75],"texture":"#0"},"east":{"uv":[2,5.75,3.75,5.875],"texture":"#0"},"south":{"uv":[2,5.625,5.25,5.75],"texture":"#0"},"west":{"uv":[2,5.75,3.75,5.875],"texture":"#0"},"up":{"uv":[3.25,1.75,0,0],"texture":"#0"},"down":{"uv":[3.25,0,0,1.75],"texture":"#0"}}},{"from":[-5,0,14],"to":[21,12,16],"faces":{"north":{"uv":[0,3.5,3.25,5],"texture":"#0"},"east":{"uv":[3.25,2.875,3.5,4.375],"texture":"#0"},"south":{"uv":[0,3.5,3.25,5],"texture":"#0"},"west":{"uv":[3.25,2.875,3.5,4.375],"texture":"#0"},"up":{"uv":[5.25,5.25,2,5],"texture":"#0"},"down":{"uv":[5.25,5,2,5.25],"texture":"#0"}}},{"from":[-5,1,0],"to":[21,5,14],"faces":{"north":{"uv":[0,6.5,3.25,7],"texture":"#0"},"east":{"uv":[2,6,3.75,6.5],"texture":"#0"},"south":{"uv":[0,6.5,3.25,7],"texture":"#0"},"west":{"uv":[2,6,3.75,6.5],"texture":"#0"},"up":{"uv":[3.25,3.5,0,1.75],"texture":"#0"},"down":{"uv":[3.25,1.75,0,3.5],"texture":"#0"}}},{"from":[-2,5,11],"to":[18,12,14],"faces":{"north":{"uv":[3.25,0,5.75,0.875],"texture":"#0"},"east":{"uv":[3.625,3.25,4,4.125],"texture":"#0"},"south":{"uv":[3.25,0,5.75,0.875],"texture":"#0"},"west":{"uv":[3.625,3.25,4,4.125],"texture":"#0"},"up":{"uv":[4.5,5.625,2,5.25],"texture":"#0"},"down":{"uv":[4.5,5.25,2,5.625],"texture":"#0"}}}],"gui_light":"front","display":{"thirdperson_righthand":{"translation":[0,3,1],"scale":[0.55,0.55,0.55]},"thirdperson_lefthand":{"translation":[0,3,1],"scale":[0.55,0.55,0.55]},"firstperson_righthand":{"rotation":[0,88,25],"translation":[1.13,3.2,1.13],"scale":[0.68,0.68,0.68]},"firstperson_lefthand":{"rotation":[0,88,25],"translation":[1.13,3.2,1.13],"scale":[0.68,0.68,0.68]},"ground":{"translation":[0,3,0],"scale":[0.25,0.25,0.25]},"gui":{"rotation":[30,225,0],"scale":[0.31,0.31,0.31]},"head":{"rotation":[0,-180,0],"translation":[0,-27,-0.5],"scale":[2,2,2]},"fixed":{"translation":[0,0,-2],"scale":[0.5,0.5,0.5]}}}