{"credit":"MadewithBlockbench","texture_size":[64,64],"textures":{"0":"elitecreatures:nightclub_furniture_v1/nightclub_fridge_1","particle":"elitecreatures:nightclub_furniture_v1/nightclub_fridge_1"},"elements":[{"from":[-16,0,0],"to":[16,16,16],"faces":{"north":{"uv":[0,0,8,4],"texture":"#0"},"east":{"uv":[8,4,12,8],"texture":"#0"},"south":{"uv":[8,0,16,4],"texture":"#0"},"west":{"uv":[8,4,12,8],"texture":"#0"},"up":{"uv":[8,12,0,8],"texture":"#0"},"down":{"uv":[8,4,0,8],"texture":"#0"}}}],"gui_light":"front","display":{"thirdperson_righthand":{"translation":[-1.5,3,1],"scale":[0.55,0.55,0.55]},"thirdperson_lefthand":{"translation":[-10.75,3,1],"scale":[0.55,0.55,0.55]},"firstperson_righthand":{"rotation":[0,-90,25],"translation":[1.13,3.2,1.13],"scale":[0.68,0.68,0.68]},"firstperson_lefthand":{"rotation":[0,-90,25],"translation":[1.13,3.2,1.13],"scale":[0.68,0.68,0.68]},"ground":{"translation":[4.25,2,0],"scale":[0.5,0.5,0.5]},"gui":{"rotation":[30,56,0],"translation":[1.75,0.75,0],"scale":[0.37,0.37,0.37]},"head":{"translation":[12.75,-30.5,0],"scale":[1.6,1.6,1.6]},"fixed":{"rotation":[0,180,0],"translation":[-5.5,0,0],"scale":[0.71,0.71,0.71]}}}