{"credit":"MadewithBlockbench","texture_size":[32,32],"textures":{"0":"elitecreatures:nightclub_furniture_v1/nightclub_tower_beer","particle":"elitecreatures:nightclub_furniture_v1/nightclub_tower_beer"},"elements":[{"from":[5,0,5],"to":[11,5,11],"faces":{"north":{"uv":[2,4.5,5,7],"texture":"#0"},"east":{"uv":[2,4.5,5,7],"texture":"#0"},"south":{"uv":[2,4.5,5,7],"texture":"#0"},"west":{"uv":[2,4.5,5,7],"texture":"#0"},"up":{"uv":[3,11,0,8],"texture":"#0"},"down":{"uv":[3,8,0,11],"texture":"#0"}}},{"from":[6,5,6],"to":[10,8,10],"faces":{"north":{"uv":[2,3,4,4.5],"texture":"#0"},"east":{"uv":[2,3,4,4.5],"texture":"#0"},"south":{"uv":[2,3,4,4.5],"texture":"#0"},"west":{"uv":[2,3,4,4.5],"texture":"#0"}}},{"from":[7,6,4],"to":[9,7,6],"faces":{"north":{"uv":[4,0,5,0.5],"texture":"#0"},"east":{"uv":[4,0,5,0.5],"texture":"#0"},"south":{"uv":[4,0,5,0.5],"texture":"#0"},"west":{"uv":[4,0,5,0.5],"texture":"#0"},"up":{"uv":[6,1,5,0],"texture":"#0"},"down":{"uv":[6,0,5,1],"texture":"#0"}}},{"from":[7,5,3],"to":[9,8,4],"faces":{"north":{"uv":[4,3,5,4.5],"texture":"#0"},"east":{"uv":[5,3,5.5,4.5],"texture":"#0"},"south":{"uv":[4,3,5,4.5],"texture":"#0"},"west":{"uv":[5,3,5.5,4.5],"texture":"#0"},"up":{"uv":[5,1,4,0.5],"texture":"#0"},"down":{"uv":[5,0.5,4,1],"texture":"#0"}}},{"from":[6,24,6],"to":[10,26,10],"faces":{"north":{"uv":[2,0,4,1],"texture":"#0"},"east":{"uv":[2,0,4,1],"texture":"#0"},"south":{"uv":[2,0,4,1],"texture":"#0"},"west":{"uv":[2,0,4,1],"texture":"#0"},"up":{"uv":[6,3,4,1],"texture":"#0"}}},{"from":[6,8,6],"to":[10,24,10],"faces":{"north":{"uv":[0,0,2,8],"texture":"#0"},"east":{"uv":[0,0,2,8],"texture":"#0"},"south":{"uv":[0,0,2,8],"texture":"#0"},"west":{"uv":[0,0,2,8],"texture":"#0"},"up":{"uv":[4,3,2,1],"texture":"#0"}}}],"gui_light":"front","display":{"thirdperson_righthand":{"translation":[0,3,2.5],"scale":[0.55,0.55,0.55]},"thirdperson_lefthand":{"translation":[0,3,2.5],"scale":[0.55,0.55,0.55]},"gui":{"rotation":[30,225,0],"translation":[0,-2.25,0],"scale":[0.46,0.46,0.46]},"fixed":{"rotation":[-90,0,0],"translation":[0.25,0.5,-13.5],"scale":[1.6,1.6,1.6]}}}