{"credit":"MadewithBlockbench","texture_size":[64,32],"textures":{"2":"elitecreatures:casino_decoration_v1/casino_card_and_token"},"elements":[{"from":[8.7706,0.1,6.34672],"to":[11.7706,0.1,10.34672],"rotation":{"angle":-45,"axis":"y","origin":[1.48156,0.54,16.54175]},"faces":{"up":{"uv":[9.5,12,8,8],"texture":"#2"},"down":{"uv":[8,0,9.5,4],"texture":"#2"}}},{"from":[8.7091,0.11,18.02566],"to":[12.7091,0.11,21.02566],"rotation":{"angle":22.5,"axis":"y","origin":[1.48156,0.54,16.54175]},"faces":{"up":{"uv":[11,12,9.5,8],"rotation":90,"texture":"#2"},"down":{"uv":[8,0,9.5,4],"rotation":270,"texture":"#2"}}},{"from":[9.5648,0.12,12.5915],"to":[13.5648,0.12,15.5915],"rotation":{"angle":0,"axis":"y","origin":[1.48156,0.54,16.54175]},"faces":{"up":{"uv":[9.5,8,8,4],"rotation":90,"texture":"#2"},"down":{"uv":[8,0,9.5,4],"rotation":270,"texture":"#2"}}},{"from":[-13.62077,0.1,15.139],"to":[-9.62077,0.1,18.139],"rotation":{"angle":0,"axis":"y","origin":[-2.51844,0.54,18.54175]},"faces":{"up":{"uv":[11,8,9.5,4],"rotation":270,"texture":"#2"},"down":{"uv":[8,0,9.5,4],"rotation":90,"texture":"#2"}}},{"from":[-11.69505,0.12,25.90426],"to":[-7.69505,0.12,28.90426],"rotation":{"angle":-45,"axis":"y","origin":[-2.51844,0.54,18.54175]},"faces":{"up":{"uv":[9.5,8,8,4],"rotation":270,"texture":"#2"},"down":{"uv":[8,0,9.5,4],"rotation":90,"texture":"#2"}}},{"from":[-12.76813,0.11,20.88551],"to":[-8.76813,0.11,23.88551],"rotation":{"angle":-22.5,"axis":"y","origin":[-2.51844,0.54,18.54175]},"faces":{"up":{"uv":[11,12,9.5,8],"rotation":270,"texture":"#2"},"down":{"uv":[8,0,9.5,4],"rotation":90,"texture":"#2"}}},{"from":[-2.04212,0.09,4.50579],"to":[0.95788,0.09,8.50579],"rotation":{"angle":0,"axis":"y","origin":[-0.51844,0.54,15.54175]},"faces":{"up":{"uv":[9.5,0,8,4],"rotation":180,"texture":"#2"},"down":{"uv":[8,8,9.5,4],"rotation":180,"texture":"#2"}}},{"from":[-7.65255,0.08,4.17685],"to":[-4.65255,0.08,8.17685],"rotation":{"angle":-22.5,"axis":"y","origin":[-0.51844,0.54,15.54175]},"faces":{"up":{"uv":[9.5,0,8,4],"rotation":180,"texture":"#2"},"down":{"uv":[8,8,9.5,4],"rotation":180,"texture":"#2"}}},{"from":[3.71449,0.1,5.17489],"to":[6.71449,0.1,9.17489],"rotation":{"angle":22.5,"axis":"y","origin":[-0.51844,0.54,15.54175]},"faces":{"up":{"uv":[9.5,0,8,4],"rotation":180,"texture":"#2"},"down":{"uv":[8,12,9.5,8],"rotation":180,"texture":"#2"}}},{"from":[-2.54478,0,25.07305],"to":[0.45522,2,29.07305],"rotation":{"angle":0,"axis":"y","origin":[-0.51844,0.54,16.54175]},"faces":{"north":{"uv":[9.5,0,11,2],"texture":"#2"},"east":{"uv":[9.5,2,11.5,4],"texture":"#2"},"south":{"uv":[9.5,0,11,2],"texture":"#2"},"west":{"uv":[9.5,2,11.5,4],"texture":"#2"},"up":{"uv":[9.5,4,8,0],"texture":"#2"},"down":{"uv":[8,4,9.5,8],"texture":"#2"}}},{"from":[12.5,1,13.75],"to":[14.5,2,15.75],"rotation":{"angle":-45,"axis":"y","origin":[1,1,13]},"faces":{"north":{"uv":[2,0,4,2],"texture":"#2"},"east":{"uv":[2,0,4,2],"texture":"#2"},"south":{"uv":[2,0,4,2],"texture":"#2"},"west":{"uv":[2,0,4,2],"texture":"#2"},"up":{"uv":[2,4,0,0],"texture":"#2"},"down":{"uv":[2,0,0,4],"texture":"#2"}}},{"from":[12.5,0,13.75],"to":[14.5,1,15.75],"rotation":{"angle":-45,"axis":"y","origin":[1,1,13]},"faces":{"north":{"uv":[2,0,4,2],"texture":"#2"},"east":{"uv":[2,0,4,2],"texture":"#2"},"south":{"uv":[2,0,4,2],"texture":"#2"},"west":{"uv":[2,0,4,2],"texture":"#2"},"up":{"uv":[2,4,0,0],"texture":"#2"},"down":{"uv":[2,0,0,4],"texture":"#2"}}},{"from":[14.5,0,10.75],"to":[16.5,1,12.75],"rotation":{"angle":-45,"axis":"y","origin":[1,1,13]},"faces":{"north":{"uv":[2,8,4,10],"texture":"#2"},"east":{"uv":[2,8,4,10],"texture":"#2"},"south":{"uv":[2,8,4,10],"texture":"#2"},"west":{"uv":[2,8,4,10],"texture":"#2"},"up":{"uv":[2,12,0,8],"texture":"#2"},"down":{"uv":[2,8,0,12],"texture":"#2"}}},{"from":[6.5,1,14.75],"to":[8.5,2,16.75],"rotation":{"angle":-45,"axis":"y","origin":[0,1,7]},"faces":{"north":{"uv":[2,0,4,2],"texture":"#2"},"east":{"uv":[2,0,4,2],"texture":"#2"},"south":{"uv":[2,0,4,2],"texture":"#2"},"west":{"uv":[2,0,4,2],"texture":"#2"},"up":{"uv":[2,4,0,0],"texture":"#2"},"down":{"uv":[2,0,0,4],"texture":"#2"}}},{"from":[6.5,0,14.75],"to":[8.5,1,16.75],"rotation":{"angle":-45,"axis":"y","origin":[0,1,7]},"faces":{"north":{"uv":[2,0,4,2],"texture":"#2"},"east":{"uv":[2,0,4,2],"texture":"#2"},"south":{"uv":[2,0,4,2],"texture":"#2"},"west":{"uv":[2,0,4,2],"texture":"#2"},"up":{"uv":[2,4,0,0],"texture":"#2"},"down":{"uv":[2,0,0,4],"texture":"#2"}}},{"from":[0.94454,0,16.07627],"to":[2.94454,1,18.07627],"rotation":{"angle":-22.5,"axis":"y","origin":[1.94454,0.5,17.07627]},"faces":{"north":{"uv":[2,4,4,6],"texture":"#2"},"east":{"uv":[2,4,4,6],"texture":"#2"},"south":{"uv":[2,4,4,6],"texture":"#2"},"west":{"uv":[2,4,4,6],"texture":"#2"},"up":{"uv":[2,8,0,4],"texture":"#2"},"down":{"uv":[2,4,0,8],"texture":"#2"}}},{"from":[0.94454,1,16.07627],"to":[2.94454,2,18.07627],"rotation":{"angle":-22.5,"axis":"y","origin":[1.94454,0.5,17.07627]},"faces":{"north":{"uv":[2,4,4,6],"texture":"#2"},"east":{"uv":[2,4,4,6],"texture":"#2"},"south":{"uv":[2,4,4,6],"texture":"#2"},"west":{"uv":[2,4,4,6],"texture":"#2"},"up":{"uv":[2,8,0,4],"texture":"#2"},"down":{"uv":[2,4,0,8],"texture":"#2"}}},{"from":[-12.19759,0,10.93414],"to":[-10.19759,1,12.93414],"rotation":{"angle":-22.5,"axis":"y","origin":[-11.19759,1,11.93414]},"faces":{"north":{"uv":[2,0,4,2],"texture":"#2"},"east":{"uv":[2,0,4,2],"texture":"#2"},"south":{"uv":[2,0,4,2],"texture":"#2"},"west":{"uv":[2,0,4,2],"texture":"#2"},"up":{"uv":[2,4,0,0],"texture":"#2"},"down":{"uv":[2,0,0,4],"texture":"#2"}}},{"from":[2.5,0,15.75],"to":[4.5,1,17.75],"rotation":{"angle":-45,"axis":"y","origin":[1,1,9]},"faces":{"north":{"uv":[2,0,4,2],"texture":"#2"},"east":{"uv":[2,0,4,2],"texture":"#2"},"south":{"uv":[2,0,4,2],"texture":"#2"},"west":{"uv":[2,0,4,2],"texture":"#2"},"up":{"uv":[2,4,0,0],"texture":"#2"},"down":{"uv":[2,0,0,4],"texture":"#2"}}},{"from":[-0.88388,0,13.83363],"to":[1.11612,1,15.83363],"rotation":{"angle":-22.5,"axis":"y","origin":[0.11612,0.5,14.83363]},"faces":{"north":{"uv":[2,8,4,10],"texture":"#2"},"east":{"uv":[2,8,4,10],"texture":"#2"},"south":{"uv":[2,8,4,10],"texture":"#2"},"west":{"uv":[2,8,4,10],"texture":"#2"},"up":{"uv":[2,12,0,8],"texture":"#2"},"down":{"uv":[2,8,0,12],"texture":"#2"}}},{"from":[-3.71231,1,15.24784],"to":[-1.71231,2,17.24784],"rotation":{"angle":-45,"axis":"y","origin":[-2.71231,1.5,16.24784]},"faces":{"north":{"uv":[2,0,4,2],"texture":"#2"},"east":{"uv":[2,0,4,2],"texture":"#2"},"south":{"uv":[2,0,4,2],"texture":"#2"},"west":{"uv":[2,0,4,2],"texture":"#2"},"up":{"uv":[2,4,0,0],"texture":"#2"},"down":{"uv":[2,0,0,4],"texture":"#2"}}},{"from":[-3.71231,2,15.24784],"to":[-1.71231,3,17.24784],"rotation":{"angle":22.5,"axis":"y","origin":[-2.71231,2.5,16.24784]},"faces":{"north":{"uv":[2,0,4,2],"texture":"#2"},"east":{"uv":[2,0,4,2],"texture":"#2"},"south":{"uv":[2,0,4,2],"texture":"#2"},"west":{"uv":[2,0,4,2],"texture":"#2"},"up":{"uv":[2,4,0,0],"rotation":90,"texture":"#2"},"down":{"uv":[2,0,0,4],"rotation":270,"texture":"#2"}}},{"from":[-12.19759,1,10.93414],"to":[-10.19759,2,12.93414],"rotation":{"angle":-22.5,"axis":"y","origin":[-11.19759,1,11.93414]},"faces":{"north":{"uv":[2,0,4,2],"texture":"#2"},"east":{"uv":[2,0,4,2],"texture":"#2"},"south":{"uv":[2,0,4,2],"texture":"#2"},"west":{"uv":[2,0,4,2],"texture":"#2"},"up":{"uv":[2,4,0,0],"texture":"#2"},"down":{"uv":[2,0,0,4],"texture":"#2"}}},{"from":[-11.04954,0,8.1625],"to":[-9.04954,1,10.1625],"rotation":{"angle":0,"axis":"y","origin":[-10.04954,1,9.1625]},"faces":{"north":{"uv":[2,4,4,6],"texture":"#2"},"east":{"uv":[2,4,4,6],"texture":"#2"},"south":{"uv":[2,4,4,6],"texture":"#2"},"west":{"uv":[2,4,4,6],"texture":"#2"},"up":{"uv":[2,8,0,4],"texture":"#2"},"down":{"uv":[2,4,0,8],"texture":"#2"}}},{"from":[-11.04954,1,8.1625],"to":[-9.04954,2,10.1625],"rotation":{"angle":0,"axis":"y","origin":[-10.04954,1,9.1625]},"faces":{"north":{"uv":[2,4,4,6],"texture":"#2"},"east":{"uv":[2,4,4,6],"texture":"#2"},"south":{"uv":[2,4,4,6],"texture":"#2"},"west":{"uv":[2,4,4,6],"texture":"#2"},"up":{"uv":[2,8,0,4],"texture":"#2"},"down":{"uv":[2,4,0,8],"texture":"#2"}}},{"from":[-2.5,0,1.75],"to":[-0.5,1,3.75],"rotation":{"angle":-45,"axis":"y","origin":[1,1,13]},"faces":{"north":{"uv":[2,0,4,2],"texture":"#2"},"east":{"uv":[2,0,4,2],"texture":"#2"},"south":{"uv":[2,0,4,2],"texture":"#2"},"west":{"uv":[2,0,4,2],"texture":"#2"},"up":{"uv":[2,4,0,0],"texture":"#2"},"down":{"uv":[2,0,0,4],"texture":"#2"}}},{"from":[5.48008,1,2.98439],"to":[7.48008,2,4.98439],"rotation":{"angle":0,"axis":"y","origin":[6.48008,1.5,3.98439]},"faces":{"north":{"uv":[2,0,4,2],"texture":"#2"},"east":{"uv":[2,0,4,2],"texture":"#2"},"south":{"uv":[2,0,4,2],"texture":"#2"},"west":{"uv":[2,0,4,2],"texture":"#2"},"up":{"uv":[2,4,0,0],"rotation":90,"texture":"#2"},"down":{"uv":[2,0,0,4],"rotation":270,"texture":"#2"}}},{"from":[5.48008,2,2.98439],"to":[7.48008,3,4.98439],"rotation":{"angle":-22.5,"axis":"y","origin":[6.48008,1.5,3.98439]},"faces":{"north":{"uv":[2,0,4,2],"texture":"#2"},"east":{"uv":[2,0,4,2],"texture":"#2"},"south":{"uv":[2,0,4,2],"texture":"#2"},"west":{"uv":[2,0,4,2],"texture":"#2"},"up":{"uv":[2,4,0,0],"texture":"#2"},"down":{"uv":[2,0,0,4],"texture":"#2"}}},{"from":[7.6014,0,5.10571],"to":[9.6014,1,7.10571],"rotation":{"angle":0,"axis":"y","origin":[8.6014,0.5,6.10571]},"faces":{"north":{"uv":[2,4,4,6],"texture":"#2"},"east":{"uv":[2,4,4,6],"texture":"#2"},"south":{"uv":[2,4,4,6],"texture":"#2"},"west":{"uv":[2,4,4,6],"texture":"#2"},"up":{"uv":[2,8,0,4],"texture":"#2"},"down":{"uv":[2,4,0,8],"texture":"#2"}}}],"gui_light":"front","display":{"thirdperson_righthand":{"rotation":[75,45,0],"translation":[0,6.25,2.25],"scale":[0.375,0.375,0.375]},"thirdperson_lefthand":{"rotation":[75,45,0],"translation":[-4,3.5,2.25],"scale":[0.375,0.375,0.375]},"firstperson_righthand":{"rotation":[0,45,0],"translation":[0,6,0],"scale":[0.4,0.4,0.4]},"firstperson_lefthand":{"rotation":[0,45,0],"translation":[-1.75,4.5,0],"scale":[0.4,0.4,0.4]},"ground":{"translation":[0,3,0],"scale":[0.25,0.25,0.25]},"gui":{"rotation":[30,225,0],"scale":[0.625,0.625,0.625]},"head":{"translation":[0,-31,0],"scale":[1.5,1.5,1.5]},"fixed":{"rotation":[-90,0,0],"translation":[9,-7,-9.5],"scale":[1.11,1.11,1.11]}}}