{"credit":"MadewithBlockbench","texture_size":[64,64],"textures":{"0":"elitecreatures:casino_decoration_v1/casino_table_wood","particle":"elitecreatures:casino_decoration_v1/casino_table_wood"},"elements":[{"from":[-15,3,2],"to":[15,4,14],"faces":{"north":{"uv":[7.5,3,15,3.25],"texture":"#0"},"east":{"uv":[10.5,3.25,7.5,3.5],"texture":"#0"},"south":{"uv":[7.5,3,15,3.25],"texture":"#0"},"west":{"uv":[7.5,3.25,10.5,3.5],"texture":"#0"},"up":{"uv":[15,3,7.5,0],"texture":"#0"},"down":{"uv":[15,0,7.5,3],"texture":"#0"}}},{"from":[-15,7.5,0],"to":[15,9.5,16],"faces":{"north":{"uv":[0,4,7.5,4.5],"texture":"#0"},"east":{"uv":[0,4.5,4,5],"texture":"#0"},"south":{"uv":[0,4,7.5,4.5],"texture":"#0"},"west":{"uv":[0,4.5,4,5],"texture":"#0"},"up":{"uv":[7.5,4,0,0],"texture":"#0"},"down":{"uv":[7.5,0,0,4],"texture":"#0"}}},{"from":[-15,9.5,0],"to":[15,10,16],"faces":{"north":{"uv":[0,9,7.5,9.125],"texture":"#0"},"east":{"uv":[0,9.5,4,9.625],"texture":"#0"},"south":{"uv":[0,9,7.5,9.125],"texture":"#0"},"west":{"uv":[0,9.5,4,9.625],"texture":"#0"},"up":{"uv":[7.5,9,0,5],"texture":"#0"},"down":{"uv":[7.5,5,0,9],"texture":"#0"}}},{"from":[15,0,3],"to":[16,2,13],"rotation":{"angle":0,"axis":"y","origin":[16,0,0]},"faces":{"north":{"uv":[8,3.5,7.75,4],"texture":"#0"},"east":{"uv":[8,3.5,10.5,4],"texture":"#0"},"south":{"uv":[7.75,3.5,8,4],"texture":"#0"},"west":{"uv":[8,3.5,10.5,4],"texture":"#0"},"up":{"uv":[7.75,6,7.5,3.5],"texture":"#0"},"down":{"uv":[7.75,3.5,7.5,6],"texture":"#0"}}},{"from":[15,8,3],"to":[16,10,13],"rotation":{"angle":0,"axis":"y","origin":[16,16,0]},"faces":{"north":{"uv":[8,4,7.75,3.5],"texture":"#0"},"east":{"uv":[8,4,10.5,3.5],"texture":"#0"},"south":{"uv":[7.75,4,8,3.5],"texture":"#0"},"west":{"uv":[8,4,10.5,3.5],"texture":"#0"},"up":{"uv":[7.75,6,7.5,3.5],"texture":"#0"},"down":{"uv":[7.75,3.5,7.5,6],"texture":"#0"}}},{"from":[15,2,11],"to":[16,8,13],"rotation":{"angle":0,"axis":"y","origin":[16,0,0]},"faces":{"north":{"uv":[8.5,4,8.25,5.5],"texture":"#0"},"east":{"uv":[7.75,4,8.25,5.5],"texture":"#0"},"south":{"uv":[8.25,4,8.5,5.5],"texture":"#0"},"west":{"uv":[8.25,4,7.75,5.5],"texture":"#0"}}},{"from":[15,2,3],"to":[16,8,5],"rotation":{"angle":0,"axis":"y","origin":[16,0,16]},"faces":{"north":{"uv":[8.5,4,8.25,5.5],"texture":"#0"},"east":{"uv":[8.25,4,7.75,5.5],"texture":"#0"},"south":{"uv":[8.25,4,8.5,5.5],"texture":"#0"},"west":{"uv":[7.75,4,8.25,5.5],"texture":"#0"}}},{"from":[-16,8,3],"to":[-15,10,13],"rotation":{"angle":0,"axis":"y","origin":[0,16,0]},"faces":{"north":{"uv":[7.75,4,8,3.5],"texture":"#0"},"east":{"uv":[10.5,4,8,3.5],"texture":"#0"},"south":{"uv":[8,4,7.75,3.5],"texture":"#0"},"west":{"uv":[10.5,4,8,3.5],"texture":"#0"},"up":{"uv":[7.5,6,7.75,3.5],"texture":"#0"},"down":{"uv":[7.5,3.5,7.75,6],"texture":"#0"}}},{"from":[-16,2,3],"to":[-15,8,5],"rotation":{"angle":0,"axis":"y","origin":[0,0,16]},"faces":{"north":{"uv":[8.25,4,8.5,5.5],"texture":"#0"},"east":{"uv":[8.25,4,7.75,5.5],"texture":"#0"},"south":{"uv":[8.5,4,8.25,5.5],"texture":"#0"},"west":{"uv":[7.75,4,8.25,5.5],"texture":"#0"}}},{"from":[-16,0,3],"to":[-15,2,13],"faces":{"north":{"uv":[7.75,3.5,8,4],"texture":"#0"},"east":{"uv":[10.5,3.5,8,4],"texture":"#0"},"south":{"uv":[8,3.5,7.75,4],"texture":"#0"},"west":{"uv":[10.5,3.5,8,4],"texture":"#0"},"up":{"uv":[7.5,6,7.75,3.5],"texture":"#0"},"down":{"uv":[7.5,3.5,7.75,6],"texture":"#0"}}},{"from":[-16,2,11],"to":[-15,8,13],"faces":{"north":{"uv":[8.25,4,8.5,5.5],"texture":"#0"},"east":{"uv":[7.75,4,8.25,5.5],"texture":"#0"},"south":{"uv":[8.5,4,8.25,5.5],"texture":"#0"},"west":{"uv":[8.25,4,7.75,5.5],"texture":"#0"}}}],"gui_light":"front","display":{"thirdperson_righthand":{"translation":[2,0,0],"scale":[0.25,0.25,0.25]},"thirdperson_lefthand":{"translation":[-1.75,0,0],"scale":[0.25,0.25,0.25]},"firstperson_righthand":{"translation":[1.5,1.75,0],"scale":[0.25,0.25,0.25]},"firstperson_lefthand":{"translation":[-2.75,1.75,0],"scale":[0.25,0.25,0.25]},"ground":{"translation":[3.5,1.75,0],"scale":[0.42,0.42,0.42]},"gui":{"rotation":[31,135,0],"translation":[-2,1.5,0],"scale":[0.32,0.32,0.32]},"head":{"translation":[-0.75,-29,0],"scale":[1.7,1.65,1.78]},"fixed":{"translation":[3.25,1,-3.75],"scale":[0.38,0.38,0.38]}}}