{"credit":"MadewithBlockbench","texture_size":[128,128],"textures":{"0":"elitecreatures:casino_decoration_v1/casino_game_slot","particle":"elitecreatures:casino_decoration_v1/casino_game_slot"},"elements":[{"from":[0,-4,0],"to":[16,0,16],"faces":{"north":{"uv":[4,2,6,2.5],"texture":"#0"},"east":{"uv":[8,2,6,2.5],"texture":"#0"},"south":{"uv":[4,2.5,6,3],"texture":"#0"},"west":{"uv":[6,2,8,2.5],"texture":"#0"},"up":{"uv":[6,2,4,0],"texture":"#0"},"down":{"uv":[8,0,6,2],"texture":"#0"}}},{"from":[6,-0.5,1],"to":[10,0.5,5],"rotation":{"angle":0,"axis":"y","origin":[0,-0.5,0]},"faces":{"north":{"uv":[4.625,5.25,5.125,5.375],"texture":"#0"},"east":{"uv":[4.625,5.25,5.125,5.375],"texture":"#0"},"south":{"uv":[4.625,5.25,5.125,5.375],"texture":"#0"},"west":{"uv":[4.625,5.25,5.125,5.375],"texture":"#0"},"up":{"uv":[5.125,5.25,4.625,4.75],"texture":"#0"}}},{"from":[7,0,2],"to":[9,1,4],"rotation":{"angle":45,"axis":"y","origin":[8,1,3]},"faces":{"north":{"uv":[4.375,5,4.625,5.125],"texture":"#0"},"east":{"uv":[4.375,5,4.625,5.125],"texture":"#0"},"south":{"uv":[4.375,5,4.625,5.125],"texture":"#0"},"west":{"uv":[4.375,5,4.625,5.125],"texture":"#0"},"up":{"uv":[4.625,5,4.375,4.75],"texture":"#0"}}},{"from":[0,-16,2],"to":[16,-4,16],"faces":{"north":{"uv":[1.125,3,3.125,4.5],"texture":"#0"},"east":{"uv":[1.125,4.5,2.875,6],"texture":"#0"},"south":{"uv":[3.125,3,5.125,4.5],"texture":"#0"},"west":{"uv":[2.875,4.5,1.125,6],"texture":"#0"},"down":{"uv":[6,2.5,8,4.25],"texture":"#0"}}},{"from":[14,-16,1],"to":[16,-4,2],"faces":{"north":{"uv":[2.875,4.5,3.125,6],"texture":"#0"},"east":{"uv":[3.5,4.5,3.625,6],"texture":"#0"},"west":{"uv":[3.125,4.5,3.25,6],"texture":"#0"},"down":{"uv":[3.5,4.5,3.25,4.625],"texture":"#0"}}},{"from":[0,-16,1],"to":[2,-4,2],"rotation":{"angle":0,"axis":"y","origin":[16,0,0]},"faces":{"north":{"uv":[3.125,4.5,2.875,6],"texture":"#0"},"east":{"uv":[3.25,4.5,3.125,6],"texture":"#0"},"west":{"uv":[3.625,4.5,3.5,6],"texture":"#0"},"down":{"uv":[3.25,4.5,3.5,4.625],"texture":"#0"}}},{"from":[0,0,7],"to":[16,23,16],"faces":{"north":{"uv":[0,0,2,2.875],"texture":"#0"},"east":{"uv":[0,2.875,1.125,5.75],"texture":"#0"},"south":{"uv":[2,0,4,2.875],"texture":"#0"},"west":{"uv":[0,2.875,1.125,5.75],"texture":"#0"}}},{"from":[14,0,6],"to":[15,23,7],"faces":{"north":{"uv":[5.125,3,5.25,5.875],"texture":"#0"},"east":{"uv":[5.375,3,5.25,5.875],"texture":"#0"},"west":{"uv":[5.25,3,5.375,5.875],"texture":"#0"}}},{"from":[1,0,6],"to":[2,23,7],"rotation":{"angle":0,"axis":"y","origin":[16,0,0]},"faces":{"north":{"uv":[5.25,3,5.125,5.875],"texture":"#0"},"east":{"uv":[5.375,3,5.25,5.875],"texture":"#0"},"west":{"uv":[5.25,3,5.375,5.875],"texture":"#0"}}},{"from":[0,23,4],"to":[16,30,16],"faces":{"north":{"uv":[0,8.375,2,9.25],"texture":"#0"},"east":{"uv":[2,7.5,3.5,8.375],"texture":"#0"},"south":{"uv":[0,7.5,2,8.375],"texture":"#0"},"west":{"uv":[3.5,7.5,2,8.375],"texture":"#0"},"up":{"uv":[2,7.5,0,6],"texture":"#0"},"down":{"uv":[4,6,2,7.5],"texture":"#0"}}},{"from":[2,0,6],"to":[14,1,7],"faces":{"north":{"uv":[3.625,4.5,5.125,4.625],"texture":"#0"},"up":{"uv":[5.125,4.75,3.625,4.625],"texture":"#0"},"down":{"uv":[5.125,4.625,3.625,4.75],"texture":"#0"}}},{"from":[2,22,6],"to":[14,23,7],"rotation":{"angle":0,"axis":"y","origin":[0,16,0]},"faces":{"north":{"uv":[3.625,4.625,5.125,4.5],"texture":"#0"},"up":{"uv":[5.125,4.75,3.625,4.625],"texture":"#0"},"down":{"uv":[5.125,4.625,3.625,4.75],"texture":"#0"}}}],"gui_light":"front","display":{"thirdperson_righthand":{"translation":[0,3.5,2.25],"scale":[0.23,0.23,0.23]},"thirdperson_lefthand":{"translation":[0,3.5,2.25],"scale":[0.23,0.23,0.23]},"firstperson_righthand":{"translation":[-1.25,3.5,2.25],"scale":[0.23,0.23,0.23]},"firstperson_lefthand":{"translation":[-1.25,3.5,2.25],"scale":[0.23,0.23,0.23]},"ground":{"translation":[0,10.75,0],"scale":[0.51,0.51,0.51]},"gui":{"rotation":[31,135,0],"scale":[0.25,0.25,0.25]},"head":{"rotation":[0,-180,0],"translation":[0,-4.75,0.75],"scale":[1.6,1.6,1.6]},"fixed":{"translation":[0,0.25,-3],"scale":[0.33,0.33,0.33]}}}