{"credit":"MadewithBlockbench","texture_size":[128,128],"textures":{"0":"elitecreatures:casino_decoration_v1/casino_table_billiards","particle":"elitecreatures:casino_decoration_v1/casino_table_billiards"},"elements":[{"from":[-16,12,-4],"to":[32,18,20],"faces":{"north":{"uv":[6,0,12,0.75],"texture":"#0"},"east":{"uv":[6,0.75,9,1.5],"texture":"#0"},"south":{"uv":[6,0,12,0.75],"texture":"#0"},"west":{"uv":[6,0.75,9,1.5],"texture":"#0"},"up":{"uv":[6,3,0,0],"texture":"#0"},"down":{"uv":[6,3,0,6],"texture":"#0"}}},{"from":[29,0,-4],"to":[32,12,-1],"faces":{"north":{"uv":[6,1.5,6.375,3],"texture":"#0"},"east":{"uv":[6.375,1.5,6,3],"texture":"#0"},"south":{"uv":[6,1.5,6.375,3],"texture":"#0"},"west":{"uv":[6.375,1.5,6,3],"texture":"#0"},"up":{"uv":[6.375,3.375,6,3],"texture":"#0"},"down":{"uv":[6.375,3,6,3.375],"texture":"#0"}}},{"from":[-16,0,-4],"to":[-13,12,-1],"rotation":{"angle":0,"axis":"y","origin":[16,0,0]},"faces":{"north":{"uv":[6.375,1.5,6,3],"texture":"#0"},"east":{"uv":[6,1.5,6.375,3],"texture":"#0"},"south":{"uv":[6.375,1.5,6,3],"texture":"#0"},"west":{"uv":[6,1.5,6.375,3],"texture":"#0"},"up":{"uv":[6,3.375,6.375,3],"texture":"#0"},"down":{"uv":[6,3,6.375,3.375],"texture":"#0"}}},{"from":[-16,0,17],"to":[-13,12,20],"rotation":{"angle":0,"axis":"y","origin":[16,0,16]},"faces":{"north":{"uv":[6,1.5,6.375,3],"texture":"#0"},"east":{"uv":[6.375,1.5,6,3],"texture":"#0"},"south":{"uv":[6,1.5,6.375,3],"texture":"#0"},"west":{"uv":[6.375,1.5,6,3],"texture":"#0"},"up":{"uv":[6,3,6.375,3.375],"texture":"#0"},"down":{"uv":[6,3.375,6.375,3],"texture":"#0"}}},{"from":[29,0,17],"to":[32,12,20],"rotation":{"angle":0,"axis":"y","origin":[0,0,16]},"faces":{"north":{"uv":[6.375,1.5,6,3],"texture":"#0"},"east":{"uv":[6,1.5,6.375,3],"texture":"#0"},"south":{"uv":[6.375,1.5,6,3],"texture":"#0"},"west":{"uv":[6,1.5,6.375,3],"texture":"#0"},"up":{"uv":[6.375,3,6,3.375],"texture":"#0"},"down":{"uv":[6.375,3.375,6,3],"texture":"#0"}}},{"from":[30,18,0],"to":[32,19,16],"faces":{"north":{"uv":[6.5,2.125,6.75,2.25],"texture":"#0"},"east":{"uv":[7.125,1.5,9.125,1.625],"texture":"#0"},"south":{"uv":[6.5,2.125,6.75,2.25],"texture":"#0"},"west":{"uv":[7.125,1.625,9.125,1.75],"texture":"#0"},"up":{"uv":[7.125,3.5,6.875,1.5],"texture":"#0"}}},{"from":[-16,18,0],"to":[-14,19,16],"rotation":{"angle":0,"axis":"y","origin":[16,0,0]},"faces":{"north":{"uv":[6.75,2.125,6.5,2.25],"texture":"#0"},"east":{"uv":[9.125,1.625,7.125,1.75],"texture":"#0"},"south":{"uv":[6.75,2.125,6.5,2.25],"texture":"#0"},"west":{"uv":[9.125,1.5,7.125,1.625],"texture":"#0"},"up":{"uv":[6.875,3.5,7.125,1.5],"texture":"#0"}}},{"from":[10,18,-4],"to":[28,19,-2],"faces":{"north":{"uv":[9,1,11.25,1.125],"texture":"#0"},"east":{"uv":[9,1.25,9.25,1.375],"texture":"#0"},"south":{"uv":[9,1.125,11.25,1.25],"texture":"#0"},"west":{"uv":[9,1.25,9.25,1.375],"texture":"#0"},"up":{"uv":[11.25,1,9,0.75],"texture":"#0"}}},{"from":[-12,18,-4],"to":[6,19,-2],"rotation":{"angle":0,"axis":"y","origin":[16,0,0]},"faces":{"north":{"uv":[11.25,1,9,1.125],"texture":"#0"},"east":{"uv":[9.25,1.25,9,1.375],"texture":"#0"},"south":{"uv":[11.25,1.125,9,1.25],"texture":"#0"},"west":{"uv":[9.25,1.25,9,1.375],"texture":"#0"},"up":{"uv":[9,1,11.25,0.75],"texture":"#0"}}},{"from":[6,18,-4],"to":[10,19,-3],"faces":{"north":{"uv":[6.375,1.5,6.875,1.625],"texture":"#0"},"south":{"uv":[6.375,1.625,6.875,1.75],"texture":"#0"},"up":{"uv":[6.875,1.875,6.375,1.75],"texture":"#0"}}},{"from":[28,18,-4],"to":[32,19,-3],"faces":{"north":{"uv":[6.375,2.25,6.875,2.375],"texture":"#0"},"east":{"uv":[6.375,2.625,6.5,2.75],"texture":"#0"},"south":{"uv":[6.375,2.375,6.875,2.5],"texture":"#0"},"up":{"uv":[6.875,2.625,6.375,2.5],"texture":"#0"}}},{"from":[31,18,-3],"to":[32,19,0],"faces":{"east":{"uv":[6.5,1.875,6.875,2],"texture":"#0"},"west":{"uv":[6.5,2,6.875,2.125],"texture":"#0"},"up":{"uv":[6.5,2.25,6.375,1.875],"texture":"#0"}}},{"from":[-16,18,-4],"to":[-12,19,-3],"rotation":{"angle":0,"axis":"y","origin":[16,0,0]},"faces":{"north":{"uv":[6.875,2.25,6.375,2.375],"texture":"#0"},"south":{"uv":[6.875,2.375,6.375,2.5],"texture":"#0"},"west":{"uv":[6.5,2.625,6.375,2.75],"texture":"#0"},"up":{"uv":[6.375,2.625,6.875,2.5],"texture":"#0"}}},{"from":[-16,18,-3],"to":[-15,19,0],"rotation":{"angle":0,"axis":"y","origin":[16,0,0]},"faces":{"east":{"uv":[6.875,2,6.5,2.125],"texture":"#0"},"west":{"uv":[6.875,1.875,6.5,2],"texture":"#0"},"up":{"uv":[6.375,2.25,6.5,1.875],"texture":"#0"}}},{"from":[31,18,16],"to":[32,19,19],"rotation":{"angle":0,"axis":"y","origin":[0,0,16]},"faces":{"east":{"uv":[6.875,1.875,6.5,2],"texture":"#0"},"west":{"uv":[6.875,2,6.5,2.125],"texture":"#0"},"up":{"uv":[6.5,1.875,6.375,2.25],"texture":"#0"}}},{"from":[28,18,19],"to":[32,19,20],"rotation":{"angle":0,"axis":"y","origin":[0,0,16]},"faces":{"north":{"uv":[6.875,2.375,6.375,2.5],"texture":"#0"},"east":{"uv":[6.5,2.625,6.375,2.75],"texture":"#0"},"south":{"uv":[6.875,2.25,6.375,2.375],"texture":"#0"},"up":{"uv":[6.875,2.5,6.375,2.625],"texture":"#0"}}},{"from":[10,18,18],"to":[28,19,20],"rotation":{"angle":0,"axis":"y","origin":[0,0,16]},"faces":{"north":{"uv":[11.25,1.125,9,1.25],"texture":"#0"},"east":{"uv":[9.25,1.25,9,1.375],"texture":"#0"},"south":{"uv":[11.25,1,9,1.125],"texture":"#0"},"west":{"uv":[9.25,1.25,9,1.375],"texture":"#0"},"up":{"uv":[11.25,0.75,9,1],"texture":"#0"}}},{"from":[6,18,19],"to":[10,19,20],"rotation":{"angle":0,"axis":"y","origin":[0,0,16]},"faces":{"north":{"uv":[6.875,1.625,6.375,1.75],"texture":"#0"},"south":{"uv":[6.875,1.5,6.375,1.625],"texture":"#0"},"up":{"uv":[6.875,1.75,6.375,1.875],"texture":"#0"}}},{"from":[-12,18,18],"to":[6,19,20],"rotation":{"angle":0,"axis":"y","origin":[16,0,16]},"faces":{"north":{"uv":[9,1.125,11.25,1.25],"texture":"#0"},"east":{"uv":[9,1.25,9.25,1.375],"texture":"#0"},"south":{"uv":[9,1,11.25,1.125],"texture":"#0"},"west":{"uv":[9,1.25,9.25,1.375],"texture":"#0"},"up":{"uv":[9,0.75,11.25,1],"texture":"#0"}}},{"from":[-16,18,19],"to":[-12,19,20],"rotation":{"angle":0,"axis":"y","origin":[16,0,16]},"faces":{"north":{"uv":[6.375,2.375,6.875,2.5],"texture":"#0"},"south":{"uv":[6.375,2.25,6.875,2.375],"texture":"#0"},"west":{"uv":[6.375,2.625,6.5,2.75],"texture":"#0"},"up":{"uv":[6.375,2.5,6.875,2.625],"texture":"#0"}}},{"from":[-16,18,16],"to":[-15,19,19],"rotation":{"angle":0,"axis":"y","origin":[16,0,16]},"faces":{"east":{"uv":[6.5,2,6.875,2.125],"texture":"#0"},"west":{"uv":[6.5,1.875,6.875,2],"texture":"#0"},"up":{"uv":[6.375,1.875,6.5,2.25],"texture":"#0"}}}],"display":{"thirdperson_righthand":{"scale":[0.25,0.25,0.25]},"thirdperson_lefthand":{"scale":[0.25,0.25,0.25]},"firstperson_righthand":{"scale":[0.22,0.22,0.22]},"firstperson_lefthand":{"translation":[-3,0,0],"scale":[0.22,0.22,0.22]},"ground":{"translation":[0,1.75,0],"scale":[0.27,0.27,0.27]},"gui":{"rotation":[31,135,0],"translation":[0.25,-1.25,0],"scale":[0.23,0.23,0.23]},"head":{"translation":[0,-30.5,0],"scale":[1.6,1.6,1.6]},"fixed":{"translation":[0,-2,-6.25],"scale":[0.38,0.38,0.38]}}}