{"credit":"Made with Blockbench","texture_size":[32,32],"textures":{"0":"elitecreatures:summoning_circle_decoration_v1/bloodsplatter2texture","particle":"elitecreatures:summoning_circle_decoration_v1/bloodsplatter2texture"},"elements":[{"from":[0,0.025,0],"to":[16,0.025,16],"faces":{"north":{"uv":[0,0,8,0],"texture":"#0"},"east":{"uv":[0,0,8,0],"texture":"#0"},"south":{"uv":[0,0,8,0],"texture":"#0"},"west":{"uv":[0,0,8,0],"texture":"#0"},"up":{"uv":[8,8,0,0],"texture":"#0"},"down":{"uv":[8,0,0,8],"texture":"#0"}}}],"gui_light":"front","display":{"thirdperson_righthand":{"rotation":[67.5,0,0],"translation":[0,4.75,3.75],"scale":[0.64453,0.64453,0.64453]},"thirdperson_lefthand":{"rotation":[67.5,0,0],"translation":[0,4.75,3.75],"scale":[0.64453,0.64453,0.64453]},"firstperson_righthand":{"translation":[2.25,6,0],"scale":[0.5332,0.5332,0.5332]},"firstperson_lefthand":{"translation":[2.25,6,0],"scale":[0.5332,0.5332,0.5332]},"ground":{"translation":[0,9,0]},"gui":{"rotation":[30,135,0],"translation":[0,5.75,0],"scale":[0.94727,0.94727,0.94727]},"head":{"rotation":[0,180,0],"translation":[0,-30.4,0],"scale":[1.6,1.6,1.6]},"fixed":{"rotation":[-90,0,0],"translation":[0,0,-16],"scale":[2,2,2]}}}