{"credit":"Made with Blockbench","texture_size":[32,32],"textures":{"3":"elitecreatures:summoning_circle_decoration_v1/bloodchalicetexture"},"elements":[{"from":[6.5,0,6.5],"to":[9.5,0.5,9.5],"faces":{"north":{"uv":[7,5.5,8.5,5.75],"texture":"#3"},"east":{"uv":[7,5.5,8.5,5.75],"texture":"#3"},"south":{"uv":[7,5.5,8.5,5.75],"texture":"#3"},"west":{"uv":[7,5.5,8.5,5.75],"texture":"#3"},"up":{"uv":[7.5,3.5,6,2],"texture":"#3"},"down":{"uv":[7.5,3.5,6,2],"texture":"#3"}}},{"from":[7.5,0.5,7.5],"to":[8.5,3,8.5],"faces":{"north":{"uv":[6.5,6.5,6,7.75],"texture":"#3"},"east":{"uv":[6,6.5,6.5,7.75],"texture":"#3"},"south":{"uv":[6.5,6.5,6,7.75],"texture":"#3"},"west":{"uv":[6,6.5,6.5,7.75],"texture":"#3"},"up":{"uv":[6,7.5,5.5,7],"texture":"#3"},"down":{"uv":[7.5,6.5,7,7],"texture":"#3"}}},{"from":[10,3,6],"to":[10,8,10],"rotation":{"angle":0,"axis":"y","origin":[1.5,0,-1.25]},"faces":{"north":{"uv":[0,0,0,2.5],"texture":"#3"},"east":{"uv":[4,2.5,6,5],"texture":"#3"},"south":{"uv":[0,0,0,2.5],"texture":"#3"},"west":{"uv":[2,0,4,2.5],"texture":"#3"},"up":{"uv":[0,2,0,0],"texture":"#3"},"down":{"uv":[0,0,0,2],"texture":"#3"}}},{"from":[6,3,6],"to":[10,7,10],"rotation":{"angle":0,"axis":"y","origin":[1.5,0,-1.25]},"faces":{"up":{"uv":[6,7,4,5],"texture":"#3"},"down":{"uv":[8,0,6,2],"texture":"#3"}}},{"from":[6,3,6],"to":[6,8,10],"rotation":{"angle":0,"axis":"y","origin":[14.5,0,-1.25]},"faces":{"north":{"uv":[0,0,0,2.5],"texture":"#3"},"east":{"uv":[0,2.5,2,5],"texture":"#3"},"south":{"uv":[0,0,0,2.5],"texture":"#3"},"west":{"uv":[4,2.5,6,5],"texture":"#3"},"up":{"uv":[0,2,0,0],"texture":"#3"},"down":{"uv":[0,0,0,2],"texture":"#3"}}},{"from":[6,3,6],"to":[10,8,6],"rotation":{"angle":0,"axis":"y","origin":[8,5.5,8]},"faces":{"north":{"uv":[4,2.5,6,5],"texture":"#3"},"east":{"uv":[0,0,0,2.5],"texture":"#3"},"south":{"uv":[2,5,4,7.5],"texture":"#3"},"west":{"uv":[0,0,0,2.5],"texture":"#3"},"up":{"uv":[2,0,0,0],"texture":"#3"},"down":{"uv":[2,0,0,0],"texture":"#3"}}},{"from":[6,3,10],"to":[10,8,10],"rotation":{"angle":0,"axis":"y","origin":[8,5.5,8]},"faces":{"north":{"uv":[4,0,6,2.5],"texture":"#3"},"east":{"uv":[0,0,0,2.5],"texture":"#3"},"south":{"uv":[4,2.5,6,5],"texture":"#3"},"west":{"uv":[0,0,0,2.5],"texture":"#3"},"up":{"uv":[2,0,0,0],"texture":"#3"},"down":{"uv":[2,0,0,0],"texture":"#3"}}},{"from":[7.5,4,9.75],"to":[8.5,5,10.25],"rotation":{"angle":-45,"axis":"z","origin":[8,4.5,10]},"faces":{"north":{"uv":[7,7,7.5,7.5],"texture":"#3"},"east":{"uv":[7.5,2,7.75,2.5],"texture":"#3"},"south":{"uv":[0,7.5,0.5,8],"texture":"#3"},"west":{"uv":[2.5,7.5,2.75,8],"texture":"#3"},"up":{"uv":[8,2.75,7.5,2.5],"texture":"#3"},"down":{"uv":[3.5,7.5,3,7.75],"texture":"#3"}}},{"from":[7.5,4,5.75],"to":[8.5,5,6.25],"rotation":{"angle":-45,"axis":"z","origin":[8,4.5,6]},"faces":{"north":{"uv":[0.5,7.5,0,8],"texture":"#3"},"east":{"uv":[7.75,2,7.5,2.5],"texture":"#3"},"south":{"uv":[7.5,7,7,7.5],"texture":"#3"},"west":{"uv":[2.75,7.5,2.5,8],"texture":"#3"},"up":{"uv":[8,2.5,7.5,2.75],"texture":"#3"},"down":{"uv":[3.5,7.75,3,7.5],"texture":"#3"}}},{"from":[5.75,4,7.5],"to":[6.25,5,8.5],"rotation":{"angle":45,"axis":"x","origin":[6,4.5,8]},"faces":{"north":{"uv":[2.5,7.5,2.75,8],"texture":"#3"},"east":{"uv":[7,7,7.5,7.5],"texture":"#3"},"south":{"uv":[7.5,2,7.75,2.5],"texture":"#3"},"west":{"uv":[0,7.5,0.5,8],"texture":"#3"},"up":{"uv":[8,2.75,7.5,2.5],"rotation":90,"texture":"#3"},"down":{"uv":[3.5,7.5,3,7.75],"rotation":270,"texture":"#3"}}},{"from":[9.75,4,7.5],"to":[10.25,5,8.5],"rotation":{"angle":45,"axis":"x","origin":[10,4.5,8]},"faces":{"north":{"uv":[2.75,7.5,2.5,8],"texture":"#3"},"east":{"uv":[0.5,7.5,0,8],"texture":"#3"},"south":{"uv":[7.75,2,7.5,2.5],"texture":"#3"},"west":{"uv":[7.5,7,7,7.5],"texture":"#3"},"up":{"uv":[8,2.5,7.5,2.75],"rotation":90,"texture":"#3"},"down":{"uv":[3.5,7.75,3,7.5],"rotation":270,"texture":"#3"}}}],"gui_light":"front","display":{"thirdperson_righthand":{"rotation":[67.5,0,0],"translation":[0,2,1.5],"scale":[0.62891,0.62891,0.62891]},"thirdperson_lefthand":{"rotation":[67.5,0,0],"translation":[0,2,1.5],"scale":[0.62891,0.62891,0.62891]},"firstperson_righthand":{"translation":[4.5,5,0],"scale":[0.65039,0.65039,0.65039]},"firstperson_lefthand":{"translation":[4.5,5,0],"scale":[0.65039,0.65039,0.65039]},"ground":{"translation":[0,9,0]},"gui":{"rotation":[30,135,0],"translation":[0,4.5,0],"scale":[1.48438,1.48438,1.48438]},"head":{"rotation":[0,180,0],"translation":[0,-30.4,0],"scale":[1.6,1.6,1.6]},"fixed":{"rotation":[-90,0,0],"translation":[0,0,-16],"scale":[2,2,2]}}}