{"credit":"Made with Blockbench","texture_size":[32,32],"textures":{"2":"elitecreatures:summoning_circle_decoration_v1/bookstackstexture","particle":"elitecreatures:summoning_circle_decoration_v1/bookstackstexture"},"elements":[{"from":[3,6,4],"to":[11,7,10],"rotation":{"angle":0,"axis":"y","origin":[8,1.5,9]},"faces":{"north":{"uv":[12,0.5,16,1],"texture":"#2"},"east":{"uv":[0,12.5,3,13],"texture":"#2"},"south":{"uv":[12,1,16,1.5],"texture":"#2"},"west":{"uv":[3,12.5,6,13],"texture":"#2"},"up":{"uv":[4,9,0,6],"texture":"#2"},"down":{"uv":[8,6,4,9],"texture":"#2"}}},{"from":[3,8,4],"to":[11,9,10],"rotation":{"angle":0,"axis":"y","origin":[8,1.5,9]},"faces":{"north":{"uv":[12,1.5,16,2],"texture":"#2"},"east":{"uv":[6,12.5,9,13],"texture":"#2"},"south":{"uv":[12,2,16,2.5],"texture":"#2"},"west":{"uv":[9,12.5,12,13],"texture":"#2"},"up":{"uv":[12,3,8,0],"texture":"#2"},"down":{"uv":[12,3,8,6],"texture":"#2"}}},{"from":[4,7,5],"to":[10,8,10],"rotation":{"angle":0,"axis":"y","origin":[8,1.5,9]},"faces":{"north":{"uv":[12,12.5,15,13],"texture":"#2"},"east":{"uv":[8,13,10.5,13.5],"texture":"#2"},"south":{"uv":[0,13,3,13.5],"texture":"#2"},"west":{"uv":[10.5,13,13,13.5],"texture":"#2"},"up":{"uv":[3,11.5,0,9],"texture":"#2"},"down":{"uv":[6,9,3,11.5],"texture":"#2"}}},{"from":[3,6,10],"to":[11,9,11],"rotation":{"angle":0,"axis":"y","origin":[8,1.5,9]},"faces":{"north":{"uv":[11,7.5,15,9],"texture":"#2"},"east":{"uv":[7,9,7.5,10.5],"texture":"#2"},"south":{"uv":[11,9,15,10.5],"texture":"#2"},"west":{"uv":[7.5,9,8,10.5],"texture":"#2"},"up":{"uv":[16,3,12,2.5],"texture":"#2"},"down":{"uv":[16,3,12,3.5],"texture":"#2"}}},{"from":[4,0,10],"to":[12,3,11],"rotation":{"angle":22.5,"axis":"y","origin":[8,1.5,9]},"faces":{"north":{"uv":[11,7.5,15,9],"texture":"#2"},"east":{"uv":[7,9,7.5,10.5],"texture":"#2"},"south":{"uv":[11,9,15,10.5],"texture":"#2"},"west":{"uv":[7.5,9,8,10.5],"texture":"#2"},"up":{"uv":[16,3,12,2.5],"texture":"#2"},"down":{"uv":[16,3,12,3.5],"texture":"#2"}}},{"from":[4,0,4],"to":[12,1,10],"rotation":{"angle":22.5,"axis":"y","origin":[8,1.5,9]},"faces":{"north":{"uv":[12,0.5,16,1],"texture":"#2"},"east":{"uv":[0,12.5,3,13],"texture":"#2"},"south":{"uv":[12,1,16,1.5],"texture":"#2"},"west":{"uv":[3,12.5,6,13],"texture":"#2"},"up":{"uv":[4,9,0,6],"texture":"#2"},"down":{"uv":[8,6,4,9],"texture":"#2"}}},{"from":[4,2,4],"to":[12,3,10],"rotation":{"angle":22.5,"axis":"y","origin":[8,1.5,9]},"faces":{"north":{"uv":[12,1.5,16,2],"texture":"#2"},"east":{"uv":[6,12.5,9,13],"texture":"#2"},"south":{"uv":[12,2,16,2.5],"texture":"#2"},"west":{"uv":[9,12.5,12,13],"texture":"#2"},"up":{"uv":[12,3,8,0],"texture":"#2"},"down":{"uv":[12,3,8,6],"texture":"#2"}}},{"from":[5,1,5],"to":[11,2,10],"rotation":{"angle":22.5,"axis":"y","origin":[8,1.5,9]},"faces":{"north":{"uv":[12,12.5,15,13],"texture":"#2"},"east":{"uv":[8,13,10.5,13.5],"texture":"#2"},"south":{"uv":[0,13,3,13.5],"texture":"#2"},"west":{"uv":[10.5,13,13,13.5],"texture":"#2"},"up":{"uv":[3,11.5,0,9],"texture":"#2"},"down":{"uv":[6,9,3,11.5],"texture":"#2"}}},{"from":[4,5,5],"to":[12,6,11],"rotation":{"angle":-22.5,"axis":"y","origin":[8,1.5,9]},"faces":{"north":{"uv":[10,11,14,11.5],"texture":"#2"},"east":{"uv":[12,3.5,15,4],"texture":"#2"},"south":{"uv":[11,10.5,15,11],"texture":"#2"},"west":{"uv":[12,4,15,4.5],"texture":"#2"},"up":{"uv":[4,3,0,0],"texture":"#2"},"down":{"uv":[4,3,0,6],"texture":"#2"}}},{"from":[5,4,6],"to":[11,5,11],"rotation":{"angle":-22.5,"axis":"y","origin":[8,1.5,9]},"faces":{"north":{"uv":[12,4.5,15,5],"texture":"#2"},"east":{"uv":[3,13,5.5,13.5],"texture":"#2"},"south":{"uv":[12,5,15,5.5],"texture":"#2"},"west":{"uv":[5.5,13,8,13.5],"texture":"#2"},"up":{"uv":[11,8.5,8,6],"texture":"#2"},"down":{"uv":[11,8.5,8,11],"texture":"#2"}}},{"from":[4,3,5],"to":[12,4,11],"rotation":{"angle":-22.5,"axis":"y","origin":[8,1.5,9]},"faces":{"north":{"uv":[0,11.5,4,12],"texture":"#2"},"east":{"uv":[12,5.5,15,6],"texture":"#2"},"south":{"uv":[10,11.5,14,12],"texture":"#2"},"west":{"uv":[10,12,13,12.5],"texture":"#2"},"up":{"uv":[8,3,4,0],"texture":"#2"},"down":{"uv":[8,3,4,6],"texture":"#2"}}},{"from":[4,3,11],"to":[12,6,12],"rotation":{"angle":-22.5,"axis":"y","origin":[8,1.5,9]},"faces":{"north":{"uv":[6,11,10,12.5],"texture":"#2"},"east":{"uv":[6,9,6.5,10.5],"texture":"#2"},"south":{"uv":[11,6,15,7.5],"texture":"#2"},"west":{"uv":[6.5,9,7,10.5],"texture":"#2"},"up":{"uv":[4,12.5,0,12],"texture":"#2"},"down":{"uv":[16,0,12,0.5],"texture":"#2"}}}],"gui_light":"front","display":{"thirdperson_righthand":{"rotation":[67.5,0,0],"translation":[0,2.5,1.5],"scale":[0.43359,0.43359,0.43359]},"thirdperson_lefthand":{"rotation":[67.5,0,0],"translation":[0,2.5,1.5],"scale":[0.43359,0.43359,0.43359]},"firstperson_righthand":{"translation":[3.75,4.25,0],"scale":[0.44141,0.44141,0.44141]},"firstperson_lefthand":{"translation":[3.75,4.25,0],"scale":[0.44141,0.44141,0.44141]},"ground":{"translation":[0,6,0],"scale":[0.8,0.8,0.8]},"gui":{"rotation":[30,135,0],"translation":[0,3.25,0],"scale":[1.0625,1.0625,1.0625]},"head":{"rotation":[0,180,0],"translation":[0,-30.4,0],"scale":[1.6,1.6,1.6]},"fixed":{"rotation":[-90,0,0],"translation":[0,0,-16],"scale":[2,2,2]}}}