{"credit":"Made with Blockbench","texture_size":[32,32],"textures":{"1":"elitecreatures:summoning_circle_decoration_v1/candelabraanimation01","3":"elitecreatures:summoning_circle_decoration_v1/candelabratexture","particle":"elitecreatures:summoning_circle_decoration_v1/candelabratexture"},"elements":[{"from":[6.5,0,6.5],"to":[9.5,1,9.5],"faces":{"north":{"uv":[11,11.5,12.5,12],"texture":"#3"},"east":{"uv":[1,12,2.5,12.5],"texture":"#3"},"south":{"uv":[12,1,13.5,1.5],"texture":"#3"},"west":{"uv":[12,1.5,13.5,2],"texture":"#3"},"up":{"uv":[6,6.5,4.5,5],"texture":"#3"},"down":{"uv":[7,0,5.5,1.5],"texture":"#3"}}},{"from":[6.5,2,6.5],"to":[9.5,5,9.5],"rotation":{"angle":0,"axis":"y","origin":[0,-1,0]},"faces":{"north":{"uv":[5.5,1.5,7,3],"texture":"#3"},"east":{"uv":[5.5,1.5,7,3],"texture":"#3"},"south":{"uv":[5.5,1.5,7,3],"texture":"#3"},"west":{"uv":[5.5,1.5,7,3],"texture":"#3"},"up":{"uv":[6,8,4.5,6.5],"texture":"#3"},"down":{"uv":[1.5,7,0,8.5],"texture":"#3"}}},{"from":[2.5,1,8],"to":[13.5,4,8],"rotation":{"angle":0,"axis":"y","origin":[-1,-1,0]},"faces":{"north":{"uv":[0,0,5.5,1.5],"texture":"#3"},"east":{"uv":[0,0,0,1.5],"texture":"#3"},"south":{"uv":[0,1.5,5.5,3],"texture":"#3"},"west":{"uv":[0,0,0,1.5],"texture":"#3"},"up":{"uv":[5.5,0,0,0],"texture":"#3"},"down":{"uv":[5.5,0,0,0],"texture":"#3"}}},{"from":[7,1,7],"to":[9,2,9],"faces":{"north":{"uv":[12,4.5,13,5],"texture":"#3"},"east":{"uv":[12,4.5,13,5],"texture":"#3"},"south":{"uv":[12,4.5,13,5],"texture":"#3"},"west":{"uv":[12,4.5,13,5],"texture":"#3"},"up":{"uv":[12,2,11,1],"texture":"#3"},"down":{"uv":[12,2,11,3],"texture":"#3"}}},{"from":[7,5,7],"to":[9,6,9],"rotation":{"angle":0,"axis":"y","origin":[0,-1,0]},"faces":{"north":{"uv":[6.5,12,7.5,12.5],"texture":"#3"},"east":{"uv":[6.5,12,7.5,12.5],"texture":"#3"},"south":{"uv":[6.5,12,7.5,12.5],"texture":"#3"},"west":{"uv":[6.5,12,7.5,12.5],"texture":"#3"},"up":{"uv":[5,12,4,11],"texture":"#3"},"down":{"uv":[1,11.5,0,12.5],"texture":"#3"}}},{"from":[3,3,7],"to":[5,4,9],"rotation":{"angle":0,"axis":"y","origin":[0,-1,0]},"faces":{"north":{"uv":[6.5,12,7.5,12.5],"texture":"#3"},"east":{"uv":[6.5,12,7.5,12.5],"texture":"#3"},"south":{"uv":[6.5,12,7.5,12.5],"texture":"#3"},"west":{"uv":[6.5,12,7.5,12.5],"texture":"#3"},"up":{"uv":[5,12,4,11],"texture":"#3"},"down":{"uv":[1,11.5,0,12.5],"texture":"#3"}}},{"from":[11,3,7],"to":[13,4,9],"rotation":{"angle":0,"axis":"y","origin":[0,-1,0]},"faces":{"north":{"uv":[6.5,12,7.5,12.5],"texture":"#3"},"east":{"uv":[6.5,12,7.5,12.5],"texture":"#3"},"south":{"uv":[6.5,12,7.5,12.5],"texture":"#3"},"west":{"uv":[6.5,12,7.5,12.5],"texture":"#3"},"up":{"uv":[5,12,4,11],"texture":"#3"},"down":{"uv":[1,11.5,0,12.5],"texture":"#3"}}},{"from":[6,6,6],"to":[10,7,10],"rotation":{"angle":0,"axis":"y","origin":[0,-1,0]},"faces":{"north":{"uv":[10.5,10,12.5,10.5],"texture":"#3"},"east":{"uv":[10.5,10,12.5,10.5],"texture":"#3"},"south":{"uv":[10.5,10,12.5,10.5],"texture":"#3"},"west":{"uv":[10.5,10,12.5,10.5],"texture":"#3"},"up":{"uv":[2,5,0,3],"texture":"#3"},"down":{"uv":[4,3,2,5],"texture":"#3"}}},{"from":[7,7,7],"to":[9,10,9],"rotation":{"angle":0,"axis":"y","origin":[0,-1,0]},"faces":{"north":{"uv":[9,6,10,7.5],"texture":"#3"},"east":{"uv":[9,6,10,7.5],"texture":"#3"},"south":{"uv":[9,6,10,7.5],"texture":"#3"},"west":{"uv":[9,6,10,7.5],"texture":"#3"},"up":{"uv":[4,12.5,3,11.5],"texture":"#3"},"down":{"uv":[12.5,7,11.5,8],"texture":"#3"}}},{"from":[6.75,9,6.75],"to":[9.25,11,9.25],"rotation":{"angle":0,"axis":"y","origin":[0,-1,0]},"faces":{"north":{"uv":[10,3,11.25,4],"texture":"#3"},"east":{"uv":[10,3,11.25,4],"texture":"#3"},"south":{"uv":[10,3,11.25,4],"texture":"#3"},"west":{"uv":[10,3,11.25,4],"texture":"#3"},"up":{"uv":[10.25,5.75,9,4.5],"texture":"#3"},"down":{"uv":[9.75,1.5,8.5,2.75],"texture":"#3"}}},{"from":[8,11,6.75],"to":[8,14.5,9.25],"rotation":{"angle":45,"axis":"y","origin":[8,12,8]},"faces":{"east":{"uv":[10,0,5,8],"texture":"#1"},"west":{"uv":[5,0,10,8],"texture":"#1"}}},{"from":[8,11,6.75],"to":[8,14.5,9.25],"rotation":{"angle":-45,"axis":"y","origin":[8,12,8]},"faces":{"east":{"uv":[5,0,10,8],"texture":"#1"},"west":{"uv":[10,0,5,8],"texture":"#1"}}},{"from":[11,5,7],"to":[13,8,9],"rotation":{"angle":0,"axis":"y","origin":[4,-3,0]},"faces":{"north":{"uv":[9,6,10,7.5],"texture":"#3"},"east":{"uv":[9,6,10,7.5],"texture":"#3"},"south":{"uv":[9,6,10,7.5],"texture":"#3"},"west":{"uv":[9,6,10,7.5],"texture":"#3"},"up":{"uv":[4,12.5,3,11.5],"texture":"#3"},"down":{"uv":[12.5,7,11.5,8],"texture":"#3"}}},{"from":[10.75,7,6.75],"to":[13.25,9,9.25],"rotation":{"angle":0,"axis":"y","origin":[4,-3,0]},"faces":{"north":{"uv":[10,3,11.25,4],"texture":"#3"},"east":{"uv":[10,3,11.25,4],"texture":"#3"},"south":{"uv":[10,3,11.25,4],"texture":"#3"},"west":{"uv":[10,3,11.25,4],"texture":"#3"},"up":{"uv":[10.25,5.75,9,4.5],"texture":"#3"},"down":{"uv":[9.75,1.5,8.5,2.75],"texture":"#3"}}},{"from":[12,9,6.75],"to":[12,12.5,9.25],"rotation":{"angle":45,"axis":"y","origin":[12,10,8]},"faces":{"east":{"uv":[0,0,5,8],"texture":"#1"},"west":{"uv":[5,0,0,8],"texture":"#1"}}},{"from":[12,9,6.75],"to":[12,12.5,9.25],"rotation":{"angle":-45,"axis":"y","origin":[12,10,8]},"faces":{"east":{"uv":[5,0,0,8],"texture":"#1"},"west":{"uv":[0,0,5,8],"texture":"#1"}}},{"from":[3,5,7],"to":[5,8,9],"rotation":{"angle":0,"axis":"y","origin":[-4,-3,0]},"faces":{"north":{"uv":[9,6,10,7.5],"texture":"#3"},"east":{"uv":[9,6,10,7.5],"texture":"#3"},"south":{"uv":[9,6,10,7.5],"texture":"#3"},"west":{"uv":[9,6,10,7.5],"texture":"#3"},"up":{"uv":[4,12.5,3,11.5],"texture":"#3"},"down":{"uv":[12.5,7,11.5,8],"texture":"#3"}}},{"from":[2.75,7,6.75],"to":[5.25,9,9.25],"rotation":{"angle":0,"axis":"y","origin":[-4,-3,0]},"faces":{"north":{"uv":[10,3,11.25,4],"texture":"#3"},"east":{"uv":[10,3,11.25,4],"texture":"#3"},"south":{"uv":[10,3,11.25,4],"texture":"#3"},"west":{"uv":[10,3,11.25,4],"texture":"#3"},"up":{"uv":[10.25,5.75,9,4.5],"texture":"#3"},"down":{"uv":[9.75,1.5,8.5,2.75],"texture":"#3"}}},{"from":[4,9,6.75],"to":[4,12.5,9.25],"rotation":{"angle":45,"axis":"y","origin":[4,10,8]},"faces":{"east":{"uv":[10,0,15,8],"texture":"#1"},"west":{"uv":[15,0,10,8],"texture":"#1"}}},{"from":[4,9,6.75],"to":[4,12.5,9.25],"rotation":{"angle":-45,"axis":"y","origin":[4,10,8]},"faces":{"east":{"uv":[15,0,10,8],"texture":"#1"},"west":{"uv":[10,0,15,8],"texture":"#1"}}},{"from":[10.5,4,6.5],"to":[13.5,5,9.5],"rotation":{"angle":0,"axis":"y","origin":[-1,-1,0]},"faces":{"north":{"uv":[12,2,13.5,2.5],"texture":"#3"},"east":{"uv":[12,2,13.5,2.5],"texture":"#3"},"south":{"uv":[12,2,13.5,2.5],"texture":"#3"},"west":{"uv":[12,2,13.5,2.5],"texture":"#3"},"up":{"uv":[3,6.5,1.5,5],"texture":"#3"},"down":{"uv":[1.5,5,0,6.5],"texture":"#3"}}},{"from":[2.5,4,6.5],"to":[5.5,5,9.5],"rotation":{"angle":0,"axis":"y","origin":[1,-1,0]},"faces":{"north":{"uv":[4,12,5.5,12.5],"texture":"#3"},"east":{"uv":[4,12,5.5,12.5],"texture":"#3"},"south":{"uv":[4,12,5.5,12.5],"texture":"#3"},"west":{"uv":[4,12,5.5,12.5],"texture":"#3"},"up":{"uv":[3,6.5,1.5,5],"texture":"#3"},"down":{"uv":[4.5,5,3,6.5],"texture":"#3"}}}],"gui_light":"front","display":{"thirdperson_righthand":{"rotation":[67.5,0,0],"translation":[0,1.5,1.75],"scale":[0.46094,0.46094,0.46094]},"thirdperson_lefthand":{"rotation":[67.5,0,0],"translation":[0,1.5,1.75],"scale":[0.46094,0.46094,0.46094]},"firstperson_righthand":{"translation":[4,4.75,0],"scale":[0.57227,0.57227,0.57227]},"firstperson_lefthand":{"translation":[4,4.75,0],"scale":[0.57227,0.57227,0.57227]},"ground":{"translation":[0,6,0],"scale":[0.8,0.8,0.8]},"gui":{"rotation":[30,135,0],"translation":[0,1.25,0],"scale":[1.08594,1.08594,1.08594]},"head":{"rotation":[0,180,0],"translation":[0,-30.4,0],"scale":[1.6,1.6,1.6]},"fixed":{"rotation":[-90,0,0],"translation":[0,0,-16],"scale":[2,2,2]}}}