{"credit":"Made with Blockbench","texture_size":[32,32],"textures":{"1":"elitecreatures:summoning_circle_decoration_v1/candlestexture","2":"elitecreatures:summoning_circle_decoration_v1/candlesanimation01","particle":"elitecreatures:summoning_circle_decoration_v1/candlestexture"},"elements":[{"from":[3,0,4],"to":[12,0,13],"rotation":{"angle":0,"axis":"y","origin":[-1.5,-5,2.5]},"faces":{"north":{"uv":[0,0,4.5,0],"texture":"#1"},"east":{"uv":[0,0,4.5,0],"texture":"#1"},"south":{"uv":[0,0,4.5,0],"texture":"#1"},"west":{"uv":[0,0,4.5,0],"texture":"#1"},"up":{"uv":[4.5,4.5,0,0],"texture":"#1"},"down":{"uv":[4.5,4.5,0,9],"texture":"#1"}}},{"from":[4.5,0,8.5],"to":[7.5,6,11.5],"rotation":{"angle":0,"axis":"y","origin":[-1.5,-5,2.5]},"faces":{"north":{"uv":[4.5,0,6,3],"texture":"#1"},"east":{"uv":[4.5,3,6,6],"texture":"#1"},"south":{"uv":[6,0,7.5,3],"texture":"#1"},"west":{"uv":[6,3,7.5,6],"texture":"#1"},"up":{"uv":[8,9.5,6.5,8],"texture":"#1"},"down":{"uv":[9.5,8,8,9.5],"texture":"#1"}}},{"from":[4.25,5,8.25],"to":[7.75,7,11.75],"rotation":{"angle":0,"axis":"y","origin":[-1.5,-5,2.5]},"faces":{"north":{"uv":[6.5,9.5,8.25,10.5],"texture":"#1"},"east":{"uv":[9.5,7.5,11.25,8.5],"texture":"#1"},"south":{"uv":[8.5,9.5,10.25,10.5],"texture":"#1"},"west":{"uv":[9.5,8.5,11.25,9.5],"texture":"#1"},"up":{"uv":[9.25,5.75,7.5,4],"texture":"#1"},"down":{"uv":[6.25,8,4.5,9.75],"texture":"#1"}}},{"from":[4.75,7,10],"to":[7.25,11,10],"rotation":{"angle":-45,"axis":"y","origin":[6,8,10]},"faces":{"north":{"uv":[15,0,10,8],"texture":"#2"},"east":{"uv":[0,0,0,2],"texture":"#1"},"south":{"uv":[10,0,15,8],"texture":"#2"},"west":{"uv":[0,0,0,2],"texture":"#1"},"up":{"uv":[1.75,0,0,0],"texture":"#1"},"down":{"uv":[1.75,0,0,0],"texture":"#1"}}},{"from":[4.75,7,10],"to":[7.25,11,10],"rotation":{"angle":45,"axis":"y","origin":[6,8,10]},"faces":{"north":{"uv":[15,0,10,8],"texture":"#2"},"east":{"uv":[0,0,0,2],"texture":"#1"},"south":{"uv":[10,0,15,8],"texture":"#2"},"west":{"uv":[0,0,0,2],"texture":"#1"},"up":{"uv":[1.75,0,0,0],"texture":"#1"},"down":{"uv":[1.75,0,0,0],"texture":"#1"}}},{"from":[9,0,9],"to":[11,3,11],"rotation":{"angle":0,"axis":"y","origin":[2,-8,2]},"faces":{"north":{"uv":[3,10.5,4,12],"texture":"#1"},"east":{"uv":[6,10.5,7,12],"texture":"#1"},"south":{"uv":[7,10.5,8,12],"texture":"#1"},"west":{"uv":[8,10.5,9,12],"texture":"#1"},"up":{"uv":[12.5,10,11.5,9],"texture":"#1"},"down":{"uv":[12.5,10,11.5,11],"texture":"#1"}}},{"from":[8.75,2,8.75],"to":[11.25,4,11.25],"rotation":{"angle":0,"axis":"y","origin":[2,-8,2]},"faces":{"north":{"uv":[11,3,12.25,4],"texture":"#1"},"east":{"uv":[11,4,12.25,5],"texture":"#1"},"south":{"uv":[11,5,12.25,6],"texture":"#1"},"west":{"uv":[10,11,11.25,12],"texture":"#1"},"up":{"uv":[5.75,11.25,4.5,10],"texture":"#1"},"down":{"uv":[11.25,6,10,7.25],"texture":"#1"}}},{"from":[10,4,8.75],"to":[10,8,11.25],"rotation":{"angle":45,"axis":"y","origin":[10,5,10]},"faces":{"north":{"uv":[0,0,0,1.5],"texture":"#1"},"east":{"uv":[5,0,10,8],"texture":"#2"},"south":{"uv":[0,0,0,1.5],"texture":"#1"},"west":{"uv":[10,0,5,8],"texture":"#2"},"up":{"uv":[0,1.25,0,0],"texture":"#1"},"down":{"uv":[0,0,0,1.25],"texture":"#1"}}},{"from":[10,4,8.75],"to":[10,8,11.25],"rotation":{"angle":-45,"axis":"y","origin":[10,5,10]},"faces":{"north":{"uv":[0,0,0,1.5],"texture":"#1"},"east":{"uv":[10,0,5,8],"texture":"#2"},"south":{"uv":[0,0,0,1.5],"texture":"#1"},"west":{"uv":[5,0,10,8],"texture":"#2"},"up":{"uv":[0,1.25,0,0],"texture":"#1"},"down":{"uv":[0,0,0,1.25],"texture":"#1"}}},{"from":[7,0,5],"to":[9,3,7],"rotation":{"angle":0,"axis":"y","origin":[0,-8,-2]},"faces":{"north":{"uv":[9,10.5,10,12],"texture":"#1"},"east":{"uv":[10.5,9.5,11.5,11],"texture":"#1"},"south":{"uv":[11,0,12,1.5],"texture":"#1"},"west":{"uv":[11,1.5,12,3],"texture":"#1"},"up":{"uv":[12.5,12,11.5,11],"texture":"#1"},"down":{"uv":[1,12,0,13],"texture":"#1"}}},{"from":[6.75,2,4.75],"to":[9.25,4,7.25],"rotation":{"angle":0,"axis":"y","origin":[0,-8,-2]},"faces":{"north":{"uv":[4,11.5,5.25,12.5],"texture":"#1"},"east":{"uv":[11.5,6,12.75,7],"texture":"#1"},"south":{"uv":[11.5,7,12.75,8],"texture":"#1"},"west":{"uv":[11.5,8,12.75,9],"texture":"#1"},"up":{"uv":[1.25,11.75,0,10.5],"texture":"#1"},"down":{"uv":[2.75,10.5,1.5,11.75],"texture":"#1"}}},{"from":[8,4,4.75],"to":[8,8,7.25],"rotation":{"angle":45,"axis":"y","origin":[8,5,6]},"faces":{"north":{"uv":[0,0,0,1.5],"texture":"#1"},"east":{"uv":[0,0,5,8],"texture":"#2"},"south":{"uv":[0,0,0,1.5],"texture":"#1"},"west":{"uv":[5,0,0,8],"texture":"#2"},"up":{"uv":[0,1.25,0,0],"texture":"#1"},"down":{"uv":[0,0,0,1.25],"texture":"#1"}}},{"from":[8,4,4.75],"to":[8,8,7.25],"rotation":{"angle":-45,"axis":"y","origin":[8,5,6]},"faces":{"north":{"uv":[0,0,0,1.5],"texture":"#1"},"east":{"uv":[5,0,0,8],"texture":"#2"},"south":{"uv":[0,0,0,1.5],"texture":"#1"},"west":{"uv":[0,0,5,8],"texture":"#2"},"up":{"uv":[0,1.25,0,0],"texture":"#1"},"down":{"uv":[0,0,0,1.25],"texture":"#1"}}}],"gui_light":"front","display":{"thirdperson_righthand":{"rotation":[67.5,0,0],"translation":[0,3.25,2],"scale":[0.65039,0.65039,0.65039]},"thirdperson_lefthand":{"rotation":[67.5,0,0],"translation":[0,3.25,2],"scale":[0.65039,0.65039,0.65039]},"firstperson_righthand":{"translation":[3,4.75,0],"scale":[0.48828,0.48828,0.48828]},"firstperson_lefthand":{"translation":[3,4.75,0],"scale":[0.48828,0.48828,0.48828]},"ground":{"translation":[0,6,0],"scale":[0.8,0.8,0.8]},"gui":{"rotation":[30,135,0],"translation":[-1.5,4,0],"scale":[1.21289,1.21289,1.21289]},"head":{"rotation":[0,180,0],"translation":[0,-30.4,0],"scale":[1.6,1.6,1.6]},"fixed":{"rotation":[-90,0,0],"translation":[0,0,-16],"scale":[2,2,2]}}}