{"credit":"Made with Blockbench","texture_size":[32,32],"textures":{"1":"elitecreatures:summoning_circle_decoration_v1/candleanimation01","3":"elitecreatures:summoning_circle_decoration_v1/candletexture","particle":"elitecreatures:summoning_circle_decoration_v1/candleanimation01"},"elements":[{"from":[6.25,5,6.25],"to":[9.75,7,9.75],"rotation":{"angle":0,"axis":"y","origin":[0.5,-5,0.5]},"faces":{"north":{"uv":[7.5,6,9.25,7],"texture":"#3"},"east":{"uv":[7.5,7,9.25,8],"texture":"#3"},"south":{"uv":[0,8,1.75,9],"texture":"#3"},"west":{"uv":[8,0,9.75,1],"texture":"#3"},"up":{"uv":[5.75,7.75,4,6],"texture":"#3"},"down":{"uv":[7.75,4,6,5.75],"texture":"#3"}}},{"from":[6.25,7,8],"to":[9.75,12,8],"rotation":{"angle":-45,"axis":"y","origin":[8,8,8]},"faces":{"north":{"uv":[0,0,7,10],"texture":"#1"},"east":{"uv":[0,0,0,2],"texture":"#1"},"south":{"uv":[7,0,0,10],"texture":"#1"},"west":{"uv":[0,0,0,2],"texture":"#1"},"up":{"uv":[1.75,0,0,0],"texture":"#1"},"down":{"uv":[1.75,0,0,0],"texture":"#1"}}},{"from":[6.25,7,8],"to":[9.75,12,8],"rotation":{"angle":45,"axis":"y","origin":[8,8,8]},"faces":{"north":{"uv":[0,0,7,10],"texture":"#1"},"south":{"uv":[7,0,0,10],"texture":"#1"}}},{"from":[6.5,0,6.5],"to":[9.5,6,9.5],"rotation":{"angle":0,"axis":"y","origin":[0.5,-5,0.5]},"faces":{"north":{"uv":[3,0,4.5,3],"texture":"#3"},"east":{"uv":[3,0,4.5,3],"texture":"#3"},"south":{"uv":[3,0,4.5,3],"texture":"#3"},"west":{"uv":[3,0,4.5,3],"texture":"#3"},"up":{"uv":[7.5,7.5,6,6],"texture":"#3"},"down":{"uv":[7.5,7.5,6,9],"texture":"#3"}}},{"from":[5,0,5],"to":[11,0,11],"rotation":{"angle":0,"axis":"y","origin":[0.5,-5,0.5]},"faces":{"north":{"uv":[0,0,3,0],"texture":"#3"},"east":{"uv":[0,0,3,0],"texture":"#3"},"south":{"uv":[0,0,3,0],"texture":"#3"},"west":{"uv":[0,0,3,0],"texture":"#3"},"up":{"uv":[3,3,0,0],"texture":"#3"},"down":{"uv":[3,3,0,6],"texture":"#3"}}}],"gui_light":"front","display":{"thirdperson_righthand":{"rotation":[67.5,0,0],"translation":[0,1.75,2],"scale":[0.57031,0.57031,0.57031]},"thirdperson_lefthand":{"rotation":[67.5,0,0],"translation":[0,1.75,2],"scale":[0.57031,0.57031,0.57031]},"firstperson_righthand":{"translation":[4.5,4.5,0],"scale":[0.55273,0.55273,0.55273]},"firstperson_lefthand":{"translation":[4.5,4.5,0],"scale":[0.55273,0.55273,0.55273]},"ground":{"translation":[0,6,0],"scale":[0.8,0.8,0.8]},"gui":{"rotation":[30,135,0],"translation":[0,3,0],"scale":[1.12891,1.12891,1.12891]},"head":{"rotation":[0,180,0],"translation":[0,-30.4,0],"scale":[1.6,1.6,1.6]},"fixed":{"rotation":[-90,0,0],"translation":[0,0,-16],"scale":[2,2,2]}}}