{"credit":"Made with Blockbench","texture_size":[32,32],"textures":{"1":"elitecreatures:summoning_circle_decoration_v1/candleskulltexture","2":"elitecreatures:summoning_circle_decoration_v1/candleskullanimation01","particle":"elitecreatures:summoning_circle_decoration_v1/candleskullanimation01"},"elements":[{"from":[5,0,5],"to":[11,6,11],"rotation":{"angle":0,"axis":"y","origin":[1,0,15]},"faces":{"north":{"uv":[9.5,7,6.5,10],"texture":"#1"},"east":{"uv":[9.5,6.5,12.5,9.5],"texture":"#1"},"south":{"uv":[6.5,7,3.5,10],"texture":"#1"},"west":{"uv":[12.5,6.5,9.5,9.5],"texture":"#1"},"up":{"uv":[12.5,9.5,9.5,12.5],"texture":"#1"},"down":{"uv":[6.5,13,3.5,10],"texture":"#1"}}},{"from":[6.25,8,6.25],"to":[9.75,10,9.75],"rotation":{"angle":0,"axis":"y","origin":[0.5,-2,15.5]},"faces":{"north":{"uv":[14.25,1,12.5,2],"texture":"#1"},"east":{"uv":[14.25,1,12.5,2],"texture":"#1"},"south":{"uv":[14.25,1,12.5,2],"texture":"#1"},"west":{"uv":[14.25,1,12.5,2],"texture":"#1"},"up":{"uv":[13.75,2,12,3.75],"texture":"#1"},"down":{"uv":[13.75,5.75,12,4],"texture":"#1"}}},{"from":[6.25,10,8],"to":[9.75,15,8],"rotation":{"angle":45,"axis":"y","origin":[8,11,8]},"faces":{"north":{"uv":[0,0,7,10],"texture":"#2"},"east":{"uv":[0,0,0,2],"texture":"#1"},"south":{"uv":[7,0,0,10],"texture":"#2"},"west":{"uv":[0,0,0,2],"texture":"#1"},"up":{"uv":[1.75,0,0,0],"texture":"#1"},"down":{"uv":[1.75,0,0,0],"texture":"#1"}}},{"from":[6.25,10,8],"to":[9.75,15,8],"rotation":{"angle":-45,"axis":"y","origin":[8,11,8]},"faces":{"north":{"uv":[0,0,7,10],"texture":"#2"},"east":{"uv":[0,0,0,2],"texture":"#1"},"south":{"uv":[7,0,0,10],"texture":"#2"},"west":{"uv":[0,0,0,2],"texture":"#1"},"up":{"uv":[1.75,0,0,0],"texture":"#1"},"down":{"uv":[1.75,0,0,0],"texture":"#1"}}},{"from":[6.5,6,6.5],"to":[9.5,9,9.5],"rotation":{"angle":0,"axis":"y","origin":[0.5,-2,15.5]},"faces":{"north":{"uv":[3.5,12,2,13.5],"texture":"#1"},"east":{"uv":[3.5,12,2,13.5],"texture":"#1"},"south":{"uv":[3.5,12,2,13.5],"texture":"#1"},"west":{"uv":[3.5,12,2,13.5],"texture":"#1"},"up":{"uv":[9.5,12,8,13.5],"texture":"#1"},"down":{"uv":[1.5,14,0,12.5],"texture":"#1"}}}],"gui_light":"front","display":{"thirdperson_righthand":{"rotation":[67.5,0,0],"translation":[0,2.25,1.75],"scale":[0.4668,0.4668,0.4668]},"thirdperson_lefthand":{"rotation":[67.5,0,0],"translation":[0,2.25,1.75],"scale":[0.4668,0.4668,0.4668]},"firstperson_righthand":{"translation":[3.5,4.25,0],"scale":[0.44531,0.44531,0.44531]},"firstperson_lefthand":{"translation":[3.5,4.25,0],"scale":[0.44531,0.44531,0.44531]},"ground":{"translation":[0,6,0],"scale":[0.8,0.8,0.8]},"gui":{"rotation":[30,135,0],"translation":[0,1.75,0],"scale":[1.00195,1,1.00195]},"head":{"rotation":[0,180,0],"translation":[0,-30.4,0],"scale":[1.6,1.6,1.6]},"fixed":{"rotation":[-90,0,0],"translation":[0,0,-16],"scale":[2,2,2]}}}