{"credit":"Made with Blockbench","texture_size":[32,32],"textures":{"0":"elitecreatures:summoning_circle_decoration_v1/chalkstexture","particle":"elitecreatures:summoning_circle_decoration_v1/chalkstexture"},"elements":[{"from":[2,0,3],"to":[8,6,12],"rotation":{"angle":0,"axis":"y","origin":[-1,0,-1]},"faces":{"north":{"uv":[7.5,0,10.5,3],"texture":"#0"},"east":{"uv":[0,0,4.5,3],"texture":"#0"},"south":{"uv":[7.5,0,10.5,3],"texture":"#0"},"west":{"uv":[0,0,4.5,3],"texture":"#0"},"up":{"uv":[7.5,4.5,4.5,0],"texture":"#0"},"down":{"uv":[7.5,4.5,4.5,9],"texture":"#0"}}},{"from":[11,1,9],"to":[12,2,12],"rotation":{"angle":45,"axis":"y","origin":[11.5,1.5,9]},"faces":{"north":{"uv":[0.5,9,1,9.5],"texture":"#0"},"east":{"uv":[7.5,5.5,9,6],"texture":"#0"},"south":{"uv":[1,9,1.5,9.5],"texture":"#0"},"west":{"uv":[7.5,6,9,6.5],"texture":"#0"},"up":{"uv":[8,8,7.5,6.5],"texture":"#0"},"down":{"uv":[8.5,4,8,5.5],"texture":"#0"}}},{"from":[12,0,8],"to":[13,1,11],"rotation":{"angle":0,"axis":"y","origin":[11.5,1.5,9]},"faces":{"north":{"uv":[0.5,9,1,9.5],"texture":"#0"},"east":{"uv":[7.5,5.5,9,6],"texture":"#0"},"south":{"uv":[1,9,1.5,9.5],"texture":"#0"},"west":{"uv":[7.5,6,9,6.5],"texture":"#0"},"up":{"uv":[8,8,7.5,6.5],"texture":"#0"},"down":{"uv":[8.5,4,8,5.5],"texture":"#0"}}},{"from":[9,0,7],"to":[10,1,10],"rotation":{"angle":-45,"axis":"y","origin":[11.5,1.5,9]},"faces":{"north":{"uv":[0.5,9,1,9.5],"texture":"#0"},"east":{"uv":[7.5,5.5,9,6],"texture":"#0"},"south":{"uv":[1,9,1.5,9.5],"texture":"#0"},"west":{"uv":[7.5,6,9,6.5],"texture":"#0"},"up":{"uv":[8,8,7.5,6.5],"texture":"#0"},"down":{"uv":[8.5,4,8,5.5],"texture":"#0"}}},{"from":[10,0,10],"to":[11,1,13],"rotation":{"angle":0,"axis":"y","origin":[11.5,1.5,9]},"faces":{"north":{"uv":[0.5,9,1,9.5],"texture":"#0"},"east":{"uv":[7.5,5.5,9,6],"texture":"#0"},"south":{"uv":[1,9,1.5,9.5],"texture":"#0"},"west":{"uv":[7.5,6,9,6.5],"texture":"#0"},"up":{"uv":[8,8,7.5,6.5],"texture":"#0"},"down":{"uv":[8.5,4,8,5.5],"texture":"#0"}}},{"from":[13,0,9],"to":[14,1,12],"rotation":{"angle":0,"axis":"y","origin":[11.5,1.5,9]},"faces":{"north":{"uv":[0.5,9,1,9.5],"texture":"#0"},"east":{"uv":[7.5,5.5,9,6],"texture":"#0"},"south":{"uv":[1,9,1.5,9.5],"texture":"#0"},"west":{"uv":[7.5,6,9,6.5],"texture":"#0"},"up":{"uv":[8,8,7.5,6.5],"texture":"#0"},"down":{"uv":[8.5,4,8,5.5],"texture":"#0"}}}],"gui_light":"front","display":{"thirdperson_righthand":{"rotation":[67.5,0,0],"translation":[0,2.5,1.5],"scale":[0.44141,0.44141,0.44141]},"thirdperson_lefthand":{"rotation":[67.5,0,0],"translation":[0,2.5,1.5],"scale":[0.44141,0.44141,0.44141]},"firstperson_righthand":{"translation":[3,4,0],"scale":[0.39648,0.39648,0.39648]},"firstperson_lefthand":{"translation":[3,4,0],"scale":[0.39648,0.39648,0.39648]},"ground":{"translation":[0,6,0],"scale":[0.8,0.8,0.8]},"gui":{"rotation":[30,135,0],"translation":[-2,5.75,0],"scale":[1.12891,1.12891,1.12891]},"head":{"rotation":[0,180,0],"translation":[0,-30.4,0],"scale":[1.6,1.6,1.6]},"fixed":{"rotation":[-90,0,0],"translation":[0,0,-16],"scale":[2,2,2]}}}