{"credit":"75769 / 265NAXP4N","texture_size":[32,32],"textures":{"0":"elitecreatures:summoning_circle_decoration_v1/crucifixtexture","particle":"elitecreatures:summoning_circle_decoration_v1/crucifixtexture"},"elements":[{"from":[5.90463,0.005,0.56145],"to":[8.90463,2.005,15.56145],"rotation":{"angle":-22.5,"axis":"y","origin":[7.40463,1.0025,9.56145]},"faces":{"north":{"uv":[3,7,4.5,8],"texture":"#0"},"east":{"uv":[3,3,10.5,4],"texture":"#0"},"south":{"uv":[4.5,7,6,8],"texture":"#0"},"west":{"uv":[10.5,4,3,3],"texture":"#0"},"up":{"uv":[1.5,7.5,0,0],"texture":"#0"},"down":{"uv":[1.5,0,0,7.5],"texture":"#0"}}},{"from":[1.90463,0,9.56145],"to":[12.90463,2,12.56145],"rotation":{"angle":-22.5,"axis":"y","origin":[7.40463,1.0025,9.56145]},"faces":{"north":{"uv":[3,5,8.5,6],"texture":"#0"},"east":{"uv":[6,7,7.5,8],"texture":"#0"},"south":{"uv":[3,6,8.5,7],"texture":"#0"},"west":{"uv":[6,7,7.5,8],"texture":"#0"},"up":{"uv":[8.5,1.5,3,0],"texture":"#0"},"down":{"uv":[8.5,0,3,1.5],"texture":"#0"}}}],"gui_light":"front","display":{"thirdperson_righthand":{"rotation":[67.5,0,0],"translation":[0,4.5,1.75],"scale":[0.45313,0.45313,0.45313]},"thirdperson_lefthand":{"rotation":[67.5,0,0],"translation":[0,4.5,1.75],"scale":[0.45313,0.45313,0.45313]},"firstperson_righthand":{"translation":[3,4.75,0],"scale":[0.39258,0.39258,0.39258]},"firstperson_lefthand":{"translation":[3,4.75,0],"scale":[0.39258,0.39258,0.39258]},"ground":{"translation":[0,6,0],"scale":[0.8,0.8,0.8]},"gui":{"rotation":[30,135,0],"translation":[0,4.75,0],"scale":[0.94336,0.94336,0.94336]},"head":{"rotation":[0,180,0],"translation":[0,-30.4,0],"scale":[1.6,1.6,1.6]},"fixed":{"rotation":[-90,0,0],"translation":[0,0,-16],"scale":[2,2,2]}}}