{"credit":"Made with Blockbench","texture_size":[32,32],"textures":{"1":"elitecreatures:summoning_circle_decoration_v1/openedbooktexture","particle":"elitecreatures:summoning_circle_decoration_v1/openedbooktexture"},"elements":[{"from":[2.5,0,5],"to":[13.5,1,12],"faces":{"north":{"uv":[5.5,5,11,5.5],"texture":"#1"},"east":{"uv":[5.5,6,9,6.5],"texture":"#1"},"south":{"uv":[5.5,5.5,11,6],"texture":"#1"},"west":{"uv":[5.5,6.5,9,7],"texture":"#1"},"up":{"uv":[5.5,3.5,0,0],"texture":"#1"},"down":{"uv":[5.5,3.5,0,7],"texture":"#1"}}},{"from":[3.5,1,6],"to":[12.5,1.5,11],"faces":{"north":{"uv":[0,7,4.5,7.25],"texture":"#1"},"east":{"uv":[0,7.5,2.5,7.75],"texture":"#1"},"south":{"uv":[4.5,7,9,7.25],"texture":"#1"},"west":{"uv":[2.5,7.5,5,7.75],"texture":"#1"},"up":{"uv":[10,2.5,5.5,0],"texture":"#1"},"down":{"uv":[10,2.5,5.5,5],"texture":"#1"}}}],"gui_light":"front","display":{"thirdperson_righthand":{"rotation":[67.5,0,0],"translation":[0,3.75,3.25],"scale":[0.58203,0.58203,0.58203]},"thirdperson_lefthand":{"rotation":[67.5,0,0],"translation":[0,3.75,3.25],"scale":[0.58203,0.58203,0.58203]},"firstperson_righthand":{"translation":[1.75,6,0],"scale":[0.58789,0.58789,0.58789]},"firstperson_lefthand":{"translation":[1.75,6,0],"scale":[0.58789,0.58789,0.58789]},"ground":{"translation":[0,9,0]},"gui":{"rotation":[30,135,0],"translation":[-0.25,6,0],"scale":[1.10156,1.10156,1.10156]},"head":{"rotation":[0,180,0],"translation":[0,-30.4,0],"scale":[1.6,1.6,1.6]},"fixed":{"rotation":[-90,0,0],"translation":[0,0,-16],"scale":[2,2,2]}}}