{"credit":"Made with Blockbench","texture_size":[32,32],"textures":{"0":"elitecreatures:summoning_circle_decoration_v1/ritualpaper2texture","particle":"elitecreatures:summoning_circle_decoration_v1/ritualpaper2texture"},"elements":[{"from":[0,0.025,0],"to":[16,0.025,32],"rotation":{"angle":0,"axis":"y","origin":[8,0,0]},"faces":{"north":{"uv":[0,0,8,0],"texture":"#0"},"east":{"uv":[0,0,16,0],"texture":"#0"},"south":{"uv":[0,0,8,0],"texture":"#0"},"west":{"uv":[0,0,16,0],"texture":"#0"},"up":{"uv":[8,16,0,0],"rotation":180,"texture":"#0"},"down":{"uv":[8,0,0,16],"rotation":180,"texture":"#0"}}}],"gui_light":"front","display":{"thirdperson_righthand":{"rotation":[67.5,0,0],"translation":[0,5.75,-0.25],"scale":[0.26172,0.26172,0.26172]},"thirdperson_lefthand":{"rotation":[67.5,0,0],"translation":[0,5.75,-0.25],"scale":[0.26172,0.26172,0.26172]},"firstperson_righthand":{"translation":[-0.5,5.5,0],"scale":[0.22461,0.22461,0.22461]},"firstperson_lefthand":{"translation":[-0.5,5.5,0],"scale":[0.22461,0.22461,0.22461]},"ground":{"translation":[0,6,-5.5],"scale":[0.7,0.7,0.7]},"gui":{"rotation":[30,135,0],"translation":[-2.5,1.75,0],"scale":[0.44922,0.44922,0.44922]},"head":{"rotation":[0,180,0],"translation":[0,-30.4,25.65],"scale":[1.6,1.6,1.6]},"fixed":{"rotation":[-90,0,0],"translation":[0,0,-16],"scale":[2,2,2]}}}