{"credit":"Made with Blockbench","texture_size":[32,32],"textures":{"0":"elitecreatures:summoning_circle_decoration_v1/ritualpaper1texture","particle":"elitecreatures:summoning_circle_decoration_v1/ritualpaper1texture"},"elements":[{"from":[0,0.025,0],"to":[16,0.025,16],"rotation":{"angle":0,"axis":"y","origin":[8,0.025,8]},"faces":{"north":{"uv":[0,0,8,0],"texture":"#0"},"east":{"uv":[0,0,8,0],"texture":"#0"},"south":{"uv":[0,0,8,0],"texture":"#0"},"west":{"uv":[0,0,8,0],"texture":"#0"},"up":{"uv":[8,8,0,0],"rotation":180,"texture":"#0"},"down":{"uv":[8,0,0,8],"rotation":180,"texture":"#0"}}}],"gui_light":"front","display":{"thirdperson_righthand":{"rotation":[67.5,0,0],"translation":[0,3.75,2.25],"scale":[0.43555,0.43555,0.43555]},"thirdperson_lefthand":{"rotation":[67.5,0,0],"translation":[0,3.75,2.25],"scale":[0.43555,0.43555,0.43555]},"firstperson_righthand":{"translation":[3,5,0],"scale":[0.39648,0.39648,0.39648]},"firstperson_lefthand":{"translation":[3,5,0],"scale":[0.39648,0.39648,0.39648]},"ground":{"translation":[0,6,0],"scale":[0.8,0.8,0.8]},"gui":{"rotation":[30,135,0],"translation":[0,4,0],"scale":[0.65625,0.65625,0.65625]},"head":{"rotation":[0,180,0],"translation":[0,-30.4,0],"scale":[1.6,1.6,1.6]},"fixed":{"rotation":[-90,0,0],"translation":[0,0,-16],"scale":[2,2,2]}}}