{"credit":"Made with Blockbench","texture_size":[128,128],"textures":{"2":"elitecreatures:summoning_circle_decoration_v1/summoningritualtable2texture","particle":"elitecreatures:summoning_circle_decoration_v1/summoningritualtable2animation01"},"elements":[{"from":[1.25,7,1],"to":[14.75,9,31],"faces":{"north":{"uv":[8.25,8.125,9.9375,8.375],"texture":"#2"},"east":{"uv":[8.25,6.25,12,6.5],"texture":"#2"},"south":{"uv":[8.25,8.375,9.9375,8.625],"texture":"#2"},"west":{"uv":[8.25,6.5,12,6.75],"texture":"#2"},"up":{"uv":[1.6875,7.625,0,3.875],"texture":"#2"},"down":{"uv":[3.4375,3.875,1.75,7.625],"texture":"#2"}}},{"from":[0.25,11.99,0.25],"to":[5,16.99,5],"rotation":{"angle":0,"axis":"y","origin":[0,7,0]},"faces":{"north":{"uv":[9.125,1.875,8.5,2.5],"texture":"#2"},"east":{"uv":[8.5,0.625,9.125,1.25],"texture":"#2"},"south":{"uv":[8.5,1.25,9.125,1.875],"texture":"#2"},"west":{"uv":[8.5,1.875,9.125,2.5],"texture":"#2"},"up":{"uv":[0.625,9,0,9.625],"texture":"#2"},"down":{"uv":[9.125,3.125,8.5,3.75],"texture":"#2"}}},{"from":[11,11.99,0.25],"to":[15.75,16.99,5],"rotation":{"angle":0,"axis":"y","origin":[0,7,0]},"faces":{"north":{"uv":[8.5,1.875,9.125,2.5],"texture":"#2"},"east":{"uv":[9.125,1.875,8.5,2.5],"texture":"#2"},"south":{"uv":[7.375,8.5,8,9.125],"texture":"#2"},"west":{"uv":[3.125,8.625,3.75,9.25],"texture":"#2"},"up":{"uv":[0,9,0.625,9.625],"texture":"#2"},"down":{"uv":[5,8.625,4.375,9.25],"texture":"#2"}}},{"from":[0.5,17.01,0.5],"to":[15.5,17.01,31.5],"rotation":{"angle":0,"axis":"y","origin":[0,7,0]},"faces":{"north":{"uv":[0,0,1.875,0],"texture":"#2"},"east":{"uv":[0,0,3.875,0],"texture":"#2"},"south":{"uv":[0,0,1.875,0],"texture":"#2"},"west":{"uv":[0,0,3.875,0],"texture":"#2"},"up":{"uv":[1.875,3.875,0,0],"texture":"#2"},"down":{"uv":[3.75,0,1.875,3.875],"texture":"#2"}}},{"from":[4,8,0.5],"to":[12,17,0.5],"rotation":{"angle":0,"axis":"y","origin":[12.5,12,3]},"faces":{"north":{"uv":[4.5,7.5,5.5,8.625],"texture":"#2"},"east":{"uv":[0,0,0,1.125],"texture":"#2"},"south":{"uv":[7.25,7.375,8.25,8.5],"texture":"#2"},"west":{"uv":[0,0,0,1.125],"texture":"#2"},"up":{"uv":[1,0,0,0],"texture":"#2"},"down":{"uv":[1,0,0,0],"texture":"#2"}}},{"from":[1.5,0,25.5],"to":[3.5,11,30.5],"rotation":{"angle":0,"axis":"y","origin":[0,0,16]},"faces":{"north":{"uv":[3.5,3.875,3.75,5.25],"texture":"#2"},"east":{"uv":[8.25,6.75,8.875,8.125],"texture":"#2"},"south":{"uv":[7,9.125,7.25,10.5],"texture":"#2"},"west":{"uv":[8.25,6.75,8.875,8.125],"texture":"#2"},"up":{"uv":[3.75,7.25,3.5,6.625],"texture":"#2"},"down":{"uv":[3.375,7.625,3.125,8.25],"texture":"#2"}}},{"from":[1.5,0,1.5],"to":[3.5,11,6.5],"rotation":{"angle":0,"axis":"y","origin":[0,0,16]},"faces":{"north":{"uv":[7,9.125,7.25,10.5],"texture":"#2"},"east":{"uv":[8.25,6.75,8.875,8.125],"texture":"#2"},"south":{"uv":[7,9.125,7.25,10.5],"texture":"#2"},"west":{"uv":[8.25,6.75,8.875,8.125],"texture":"#2"},"up":{"uv":[4.375,9.875,4.125,9.25],"texture":"#2"},"down":{"uv":[9.5,4.25,9.25,4.875],"texture":"#2"}}},{"from":[12.5,0,25.5],"to":[14.5,11,30.5],"rotation":{"angle":0,"axis":"y","origin":[0,0,16]},"faces":{"north":{"uv":[7,9.125,7.25,10.5],"texture":"#2"},"east":{"uv":[8.25,6.75,8.875,8.125],"texture":"#2"},"south":{"uv":[7,9.125,7.25,10.5],"texture":"#2"},"west":{"uv":[8.25,6.75,8.875,8.125],"texture":"#2"},"up":{"uv":[3.375,9.875,3.125,9.25],"texture":"#2"},"down":{"uv":[3.625,9.25,3.375,9.875],"texture":"#2"}}},{"from":[12.5,0,1.5],"to":[14.5,11,6.5],"rotation":{"angle":0,"axis":"y","origin":[0,0,16]},"faces":{"north":{"uv":[7,9.125,7.25,10.5],"texture":"#2"},"east":{"uv":[8.25,6.75,8.875,8.125],"texture":"#2"},"south":{"uv":[7,9.125,7.25,10.5],"texture":"#2"},"west":{"uv":[8.25,6.75,8.875,8.125],"texture":"#2"},"up":{"uv":[3.875,9.875,3.625,9.25],"texture":"#2"},"down":{"uv":[4.125,9.25,3.875,9.875],"texture":"#2"}}},{"from":[1,10,1],"to":[15,17,31],"rotation":{"angle":0,"axis":"y","origin":[0,7,16]},"faces":{"north":{"uv":[5.5,6.25,7.25,7.125],"texture":"#2"},"east":{"uv":[5.5,4.5,9.25,5.375],"texture":"#2"},"south":{"uv":[5.5,7.125,7.25,8],"texture":"#2"},"west":{"uv":[5.5,5.375,9.25,6.25],"texture":"#2"},"up":{"uv":[5.5,3.75,3.75,0],"texture":"#2"},"down":{"uv":[5.5,3.75,3.75,7.5],"texture":"#2"}}},{"from":[0.25,11.99,27],"to":[5,16.99,31.75],"rotation":{"angle":0,"axis":"y","origin":[0,7,16]},"faces":{"north":{"uv":[8,8.625,8.625,9.25],"texture":"#2"},"east":{"uv":[8.625,8.625,9.25,9.25],"texture":"#2"},"south":{"uv":[8.5,1.875,9.125,2.5],"texture":"#2"},"west":{"uv":[9.125,1.875,8.5,2.5],"texture":"#2"},"up":{"uv":[0.625,9.625,0,9],"texture":"#2"},"down":{"uv":[1.25,9,0.625,9.625],"texture":"#2"}}},{"from":[11,11.99,27],"to":[15.75,16.99,31.75],"rotation":{"angle":0,"axis":"y","origin":[0,7,16]},"faces":{"north":{"uv":[1.25,9,1.875,9.625],"texture":"#2"},"east":{"uv":[8.5,1.875,9.125,2.5],"texture":"#2"},"south":{"uv":[9.125,1.875,8.5,2.5],"texture":"#2"},"west":{"uv":[9.125,0,9.75,0.625],"texture":"#2"},"up":{"uv":[0,9.625,0.625,9],"texture":"#2"},"down":{"uv":[9.75,1.25,9.125,1.875],"texture":"#2"}}},{"from":[0.5,8,4],"to":[0.5,17,28],"rotation":{"angle":0,"axis":"y","origin":[8,14,24]},"faces":{"north":{"uv":[0,0,0,1.125],"texture":"#2"},"east":{"uv":[5.5,2.25,8.5,3.375],"texture":"#2"},"south":{"uv":[0,0,0,1.125],"texture":"#2"},"west":{"uv":[5.5,3.375,8.5,4.5],"texture":"#2"},"up":{"uv":[0,3,0,0],"texture":"#2"},"down":{"uv":[0,0,0,3],"texture":"#2"}}},{"from":[15.5,8,4],"to":[15.5,17,28],"rotation":{"angle":0,"axis":"y","origin":[8,14,24]},"faces":{"north":{"uv":[0,0,0,1.125],"texture":"#2"},"east":{"uv":[5.5,3.375,8.5,4.5],"texture":"#2"},"south":{"uv":[0,0,0,1.125],"texture":"#2"},"west":{"uv":[5.5,1.125,8.5,2.25],"texture":"#2"},"up":{"uv":[0,3,0,0],"texture":"#2"},"down":{"uv":[0,0,0,3],"texture":"#2"}}},{"from":[4,8,31.5],"to":[12,17,31.5],"rotation":{"angle":0,"axis":"y","origin":[12.5,12,19]},"faces":{"north":{"uv":[3.5,7.5,4.5,8.625],"texture":"#2"},"east":{"uv":[0,0,0,1.125],"texture":"#2"},"south":{"uv":[4.5,7.5,5.5,8.625],"texture":"#2"},"west":{"uv":[0,0,0,1.125],"texture":"#2"},"up":{"uv":[1,0,0,0],"texture":"#2"},"down":{"uv":[1,0,0,0],"texture":"#2"}}},{"from":[2.5,17,27.75],"to":[5,21,30.25],"rotation":{"angle":45,"axis":"y","origin":[4,20.25,27.25]},"faces":{"north":{"uv":[15.375,0,15.6875,0.5],"texture":"#2"},"east":{"uv":[15.375,0,15.6875,0.5],"texture":"#2"},"south":{"uv":[15.375,0,15.6875,0.5],"texture":"#2"},"west":{"uv":[15.375,0,15.6875,0.5],"texture":"#2"},"up":{"uv":[16,0.625,15.6875,0.3125],"rotation":270,"texture":"#2"},"down":{"uv":[16,0,15.6875,0.3125],"rotation":90,"texture":"#2"}}},{"from":[3.81066,21,28.66421],"to":[6.31066,25,28.66421],"rotation":{"angle":0,"axis":"y","origin":[4,20.25,27.25]},"faces":{"north":{"uv":[15,0,10,8],"texture":"#2"},"south":{"uv":[10,0,15,8],"texture":"#particle"}}},{"from":[5.06066,21,27.41421],"to":[5.06066,25,29.91421],"rotation":{"angle":0,"axis":"y","origin":[4,20.25,27.25]},"faces":{"east":{"uv":[15,0,10,8],"texture":"#particle"},"south":{"uv":[0,0,0,0],"texture":"#particle"},"west":{"uv":[10,0,15,8],"texture":"#particle"}}},{"from":[1.22888,18.5,26.34933],"to":[3.72888,22.5,26.34933],"rotation":{"angle":-22.5,"axis":"y","origin":[4,20.25,27.25]},"faces":{"north":{"uv":[10,0,5,8],"texture":"#particle"},"south":{"uv":[5,0,10,8],"texture":"#particle"}}},{"from":[2.47888,18.5,25.09933],"to":[2.47888,22.5,27.59933],"rotation":{"angle":-22.5,"axis":"y","origin":[4,20.25,27.25]},"faces":{"east":{"uv":[10,0,5,8],"texture":"#particle"},"west":{"uv":[5,0,10,8],"texture":"#particle"}}},{"from":[2.31127,16.5,24.28754],"to":[4.81127,18.5,26.78754],"rotation":{"angle":22.5,"axis":"y","origin":[4,20.25,27.25]},"faces":{"north":{"uv":[15.6875,1.25,16,1.5],"texture":"#2"},"east":{"uv":[15.6875,1.25,16,1.5],"texture":"#2"},"south":{"uv":[15.6875,1.25,16,1.5],"texture":"#2"},"west":{"uv":[15.6875,1.25,16,1.5],"texture":"#2"},"up":{"uv":[16,1.25,15.6875,0.9375],"rotation":270,"texture":"#2"},"down":{"uv":[16,0.625,15.6875,0.9375],"rotation":90,"texture":"#2"}}},{"from":[2.25,19.025,27.5],"to":[5.25,21.025,30.5],"rotation":{"angle":45,"axis":"y","origin":[4,20.25,27.25]},"faces":{"north":{"uv":[15,0,15.375,0.25],"texture":"#2"},"east":{"uv":[15,0,15.375,0.25],"texture":"#2"},"south":{"uv":[15,0,15.375,0.25],"texture":"#2"},"west":{"uv":[15,0,15.375,0.25],"texture":"#2"},"up":{"uv":[15,0.25,15.375,0.625],"rotation":270,"texture":"#2"}}},{"from":[2.06127,17.525,24.03754],"to":[5.06127,18.525,27.03754],"rotation":{"angle":22.5,"axis":"y","origin":[4,20.25,27.25]},"faces":{"north":{"uv":[14.625,0.375,15,0.5],"texture":"#2"},"east":{"uv":[14.625,0.375,15,0.5],"texture":"#2"},"south":{"uv":[14.625,0.375,15,0.5],"texture":"#2"},"west":{"uv":[14.625,0.375,15,0.5],"texture":"#2"},"up":{"uv":[14.625,0,15,0.375],"rotation":270,"texture":"#2"}}}],"gui_light":"front","display":{"thirdperson_righthand":{"rotation":[67.5,0,0],"translation":[0,5.25,-1.5],"scale":[0.24023,0.24023,0.24023]},"thirdperson_lefthand":{"rotation":[67.5,0,0],"translation":[0,5.25,-1.5],"scale":[0.24023,0.24023,0.24023]},"firstperson_righthand":{"translation":[0,4.25,0],"scale":[0.20703,0.20703,0.20703]},"firstperson_lefthand":{"translation":[0,4.25,0],"scale":[0.20703,0.20703,0.20703]},"ground":{"translation":[0,6,-3.5],"scale":[0.45,0.45,0.45]},"gui":{"rotation":[30,135,0],"translation":[-2.25,-2.25,0],"scale":[0.43359,0.43359,0.43359]},"head":{"rotation":[0,180,0],"translation":[0,-30.4,25.65],"scale":[1.6,1.6,1.6]},"fixed":{"rotation":[-90,0,0],"translation":[0,0,-16],"scale":[2,2,2]}}}