{"credit":"Made with Blockbench","texture_size":[64,64],"textures":{"1":"elitecreatures:summoning_circle_decoration_v1/summoningritualtable1texture","2":"elitecreatures:summoning_circle_decoration_v1/summoningritualtable1animation01","particle":"elitecreatures:summoning_circle_decoration_v1/summoningritualtable1animation01"},"elements":[{"from":[3.5,0,3.5],"to":[12.5,2,12.5],"faces":{"north":{"uv":[12.75,6.25,15,6.75],"texture":"#1"},"east":{"uv":[12.75,10.75,15,11.25],"texture":"#1"},"south":{"uv":[12.75,6.25,15,6.75],"texture":"#1"},"west":{"uv":[15,10.75,12.75,11.25],"texture":"#1"},"up":{"uv":[9.5,7.5,7.25,5.25],"texture":"#1"},"down":{"uv":[2.25,7.5,0,9.75],"texture":"#1"}}},{"from":[5.5,2,5.5],"to":[10.5,11,10.5],"faces":{"north":{"uv":[10.75,2.25,12,4.5],"texture":"#1"},"east":{"uv":[10.75,2.25,12,4.5],"texture":"#1"},"south":{"uv":[10.75,2.25,12,4.5],"texture":"#1"},"west":{"uv":[10.75,2.25,12,4.5],"texture":"#1"},"up":{"uv":[12.75,10,11.5,8.75],"texture":"#1"},"down":{"uv":[12.75,10,11.5,11.25],"texture":"#1"}}},{"from":[1,10,1],"to":[15,17,15],"rotation":{"angle":0,"axis":"y","origin":[0,7,0]},"faces":{"north":{"uv":[3.75,7,7.25,8.75],"texture":"#1"},"east":{"uv":[7.25,0,10.75,1.75],"texture":"#1"},"south":{"uv":[7.25,1.75,10.75,3.5],"texture":"#1"},"west":{"uv":[7.25,3.5,10.75,5.25],"texture":"#1"},"up":{"uv":[7.25,3.5,3.75,0],"texture":"#1"},"down":{"uv":[7.25,3.5,3.75,7],"texture":"#1"}}},{"from":[0.25,11.99,0.25],"to":[5,16.99,5],"rotation":{"angle":0,"axis":"y","origin":[0,7,0]},"faces":{"north":{"uv":[11.25,7.5,12.5,8.75],"texture":"#1"},"east":{"uv":[3.25,11,4.5,12.25],"texture":"#1"},"south":{"uv":[4.5,11,5.75,12.25],"texture":"#1"},"west":{"uv":[12.5,7.5,11.25,8.75],"texture":"#1"},"up":{"uv":[12.75,9.5,14,8.25],"texture":"#1"},"down":{"uv":[12.75,5.75,11.5,7],"texture":"#1"}}},{"from":[4.46246,16.5,10.56127],"to":[6.96246,18.5,13.06127],"rotation":{"angle":-45,"axis":"y","origin":[4,20.25,12.25]},"faces":{"north":{"uv":[1.25,12,1.875,12.5],"texture":"#1"},"east":{"uv":[1.25,12,1.875,12.5],"texture":"#1"},"south":{"uv":[1.25,12,1.875,12.5],"texture":"#1"},"west":{"uv":[1.25,12,1.875,12.5],"texture":"#1"},"up":{"uv":[11.375,5.125,10.75,4.5],"texture":"#1"},"down":{"uv":[13.875,0.75,13.25,1.375],"texture":"#1"}}},{"from":[4.27112,18.5,13.15067],"to":[6.77112,22.5,13.15067],"rotation":{"angle":0,"axis":"y","origin":[4,20.25,12.25]},"faces":{"north":{"uv":[5,0,10,8],"texture":"#2"},"south":{"uv":[10,0,5,8],"texture":"#2"}}},{"from":[5.52112,18.5,11.90067],"to":[5.52112,22.5,14.40067],"rotation":{"angle":0,"axis":"y","origin":[4,20.25,12.25]},"faces":{"east":{"uv":[5,0,10,8],"texture":"#2"},"west":{"uv":[10,0,5,8],"texture":"#2"}}},{"from":[1,17,10.75],"to":[3.5,21,13.25],"rotation":{"angle":-22.5,"axis":"y","origin":[4,20.25,12.25]},"faces":{"north":{"uv":[1.25,12,1.875,13],"texture":"#1"},"east":{"uv":[1.25,12,1.875,13],"texture":"#1"},"south":{"uv":[1.25,12,1.875,13],"texture":"#1"},"west":{"uv":[1.25,12,1.875,13],"texture":"#1"},"up":{"uv":[11.375,5.125,10.75,4.5],"texture":"#1"},"down":{"uv":[12.625,3.75,12,4.375],"texture":"#1"}}},{"from":[1.68934,21,10.83579],"to":[4.18934,25,10.83579],"rotation":{"angle":22.5,"axis":"y","origin":[4,20.25,12.25]},"faces":{"north":{"uv":[0,0,5,8],"texture":"#2"},"south":{"uv":[5,0,0,8],"texture":"#2"}}},{"from":[2.93934,21,9.58579],"to":[2.93934,25,12.08579],"rotation":{"angle":22.5,"axis":"y","origin":[4,20.25,12.25]},"faces":{"east":{"uv":[0,0,5,8],"texture":"#2"},"west":{"uv":[5,0,0,8],"texture":"#2"}}},{"from":[0.75,19.025,10.5],"to":[3.75,21.025,13.5],"rotation":{"angle":-22.5,"axis":"y","origin":[4,20.25,12.25]},"faces":{"north":{"uv":[15.25,0,16,0.5],"texture":"#1"},"east":{"uv":[15.25,0,16,0.5],"texture":"#1"},"south":{"uv":[15.25,0,16,0.5],"texture":"#1"},"west":{"uv":[15.25,0,16,0.5],"texture":"#1"},"up":{"uv":[14,0,14.75,0.75],"texture":"#1"}}},{"from":[4.21246,17.525,10.31127],"to":[7.21246,18.525,13.31127],"rotation":{"angle":-45,"axis":"y","origin":[4,20.25,12.25]},"faces":{"north":{"uv":[15.25,0.5,16,0.75],"texture":"#1"},"east":{"uv":[15.25,0.5,16,0.75],"texture":"#1"},"south":{"uv":[15.25,0.5,16,0.75],"texture":"#1"},"west":{"uv":[15.25,0.5,16,0.75],"texture":"#1"},"up":{"uv":[14,0,14.75,0.75],"texture":"#1"}}},{"from":[0.25,11.99,11],"to":[5,16.99,15.75],"rotation":{"angle":0,"axis":"y","origin":[0,7,0]},"faces":{"north":{"uv":[11.5,11.25,12.75,12.5],"texture":"#1"},"east":{"uv":[0,12,1.25,13.25],"texture":"#1"},"south":{"uv":[12.5,7.5,11.25,8.75],"texture":"#1"},"west":{"uv":[11.25,7.5,12.5,8.75],"texture":"#1"},"up":{"uv":[12.75,8.25,14,9.5],"texture":"#1"},"down":{"uv":[7,12,5.75,13.25],"texture":"#1"}}},{"from":[11,11.99,11],"to":[15.75,16.99,15.75],"rotation":{"angle":0,"axis":"y","origin":[0,7,0]},"faces":{"north":{"uv":[7,12,8.25,13.25],"texture":"#1"},"east":{"uv":[12.5,7.5,11.25,8.75],"texture":"#1"},"south":{"uv":[11.25,7.5,12.5,8.75],"texture":"#1"},"west":{"uv":[3.25,12.25,4.5,13.5],"texture":"#1"},"up":{"uv":[14,8.25,12.75,9.5],"texture":"#1"},"down":{"uv":[13.75,7,12.5,8.25],"texture":"#1"}}},{"from":[11,11.99,0.25],"to":[15.75,16.99,5],"rotation":{"angle":0,"axis":"y","origin":[0,7,0]},"faces":{"north":{"uv":[12.5,7.5,11.25,8.75],"texture":"#1"},"east":{"uv":[11.25,7.5,12.5,8.75],"texture":"#1"},"south":{"uv":[12.75,3.75,14,5],"texture":"#1"},"west":{"uv":[12.75,5,14,6.25],"texture":"#1"},"up":{"uv":[14,9.5,12.75,8.25],"texture":"#1"},"down":{"uv":[14,9.5,12.75,10.75],"texture":"#1"}}},{"from":[0.5,17.01,0.5],"to":[15.5,17.01,15.5],"rotation":{"angle":0,"axis":"y","origin":[0,7,0]},"faces":{"north":{"uv":[0,0,3.75,0],"texture":"#1"},"east":{"uv":[0,0,3.75,0],"texture":"#1"},"south":{"uv":[0,0,3.75,0],"texture":"#1"},"west":{"uv":[0,0,3.75,0],"texture":"#1"},"up":{"uv":[3.75,3.75,0,0],"texture":"#1"},"down":{"uv":[3.75,3.75,0,7.5],"texture":"#1"}}},{"from":[0.5,8,4],"to":[0.5,17,12],"rotation":{"angle":0,"axis":"y","origin":[8,14,8]},"faces":{"north":{"uv":[0,0,0,2.25],"texture":"#1"},"east":{"uv":[7.25,7.5,9.25,9.75],"texture":"#1"},"south":{"uv":[0,0,0,2.25],"texture":"#1"},"west":{"uv":[2.25,8.75,4.25,11],"texture":"#1"},"up":{"uv":[0,2,0,0],"texture":"#1"},"down":{"uv":[0,0,0,2],"texture":"#1"}}},{"from":[15.5,8,4],"to":[15.5,17,12],"rotation":{"angle":0,"axis":"y","origin":[8,14,8]},"faces":{"north":{"uv":[0,0,0,2.25],"texture":"#1"},"east":{"uv":[2.25,8.75,4.25,11],"texture":"#1"},"south":{"uv":[0,0,0,2.25],"texture":"#1"},"west":{"uv":[9.25,7.5,11.25,9.75],"texture":"#1"},"up":{"uv":[0,2,0,0],"texture":"#1"},"down":{"uv":[0,0,0,2],"texture":"#1"}}},{"from":[4,8,0.5],"to":[12,17,0.5],"rotation":{"angle":0,"axis":"y","origin":[12.5,12,3]},"faces":{"north":{"uv":[2.25,8.75,4.25,11],"texture":"#1"},"east":{"uv":[0,0,0,2.25],"texture":"#1"},"south":{"uv":[0,9.75,2,12],"texture":"#1"},"west":{"uv":[0,0,0,2.25],"texture":"#1"},"up":{"uv":[2,0,0,0],"texture":"#1"},"down":{"uv":[2,0,0,0],"texture":"#1"}}},{"from":[4,8,15.5],"to":[12,17,15.5],"rotation":{"angle":0,"axis":"y","origin":[12.5,12,3]},"faces":{"north":{"uv":[6.25,9.75,8.25,12],"texture":"#1"},"east":{"uv":[0,0,0,2.25],"texture":"#1"},"south":{"uv":[2.25,8.75,4.25,11],"texture":"#1"},"west":{"uv":[0,0,0,2.25],"texture":"#1"},"up":{"uv":[2,0,0,0],"texture":"#1"},"down":{"uv":[2,0,0,0],"texture":"#1"}}}],"gui_light":"front","display":{"thirdperson_righthand":{"rotation":[67.5,0,0],"translation":[0,0.75,0],"scale":[0.27734,0.27734,0.27734]},"thirdperson_lefthand":{"rotation":[67.5,0,0],"translation":[0,0.75,0],"scale":[0.27734,0.27734,0.27734]},"firstperson_righthand":{"translation":[3.25,2.5,0],"scale":[0.31836,0.31836,0.31836]},"firstperson_lefthand":{"translation":[3.25,2.5,0],"scale":[0.31836,0.31836,0.31836]},"ground":{"translation":[0,6,0],"scale":[0.45,0.45,0.45]},"gui":{"rotation":[30,135,0],"translation":[0,-1.25,0],"scale":[0.58984,0.58984,0.58984]},"head":{"rotation":[0,180,0],"translation":[0,-30.4,0],"scale":[1.6,1.6,1.6]},"fixed":{"rotation":[-90,0,0],"translation":[0,0,-16],"scale":[2,2,2]}}}