{"credit":"Made with Blockbench","texture_size":[64,64],"textures":{"0":"elitecreatures:summoning_circle_decoration_v1/summoningcircle1texture","1":"elitecreatures:summoning_circle_decoration_v1/summoningcircle1animation01","particle":"elitecreatures:summoning_circle_decoration_v1/summoningcircle1texture"},"elements":[{"from":[-16,0.001,0],"to":[16,0.001,32],"rotation":{"angle":0,"axis":"y","origin":[0,2,16]},"faces":{"north":{"uv":[0,0,8,0],"texture":"#0"},"east":{"uv":[0,0,8,0],"texture":"#0"},"south":{"uv":[0,0,8,0],"texture":"#0"},"west":{"uv":[0,0,8,0],"texture":"#0"},"up":{"uv":[8,8,0,0],"texture":"#0"},"down":{"uv":[8,0,0,8],"texture":"#0"}}},{"from":[12.12252,0.001,11.89772],"to":[12.12252,8.001,20.89772],"rotation":{"angle":22.5,"axis":"y","origin":[0,2,16]},"faces":{"north":{"uv":[0,0,0,2],"texture":"#0"},"east":{"uv":[0,0,9,8],"texture":"#1"},"south":{"uv":[0,0,0,2],"texture":"#0"},"west":{"uv":[9,0,0,8],"texture":"#1"},"up":{"uv":[0,0,2.25,0],"rotation":90,"texture":"#0"},"down":{"uv":[0,0,2.25,0],"rotation":270,"texture":"#0"}}},{"from":[12.03513,0.001,10.8913],"to":[12.03513,8.001,19.8913],"rotation":{"angle":-22.5,"axis":"y","origin":[0,2,16]},"faces":{"north":{"uv":[0,0,0,2],"texture":"#0"},"east":{"uv":[0,0,9,8],"texture":"#1"},"south":{"uv":[0,0,0,2],"texture":"#0"},"west":{"uv":[9,0,0,8],"texture":"#1"},"up":{"uv":[2.25,0,4.5,0],"rotation":90,"texture":"#0"},"down":{"uv":[2.25,0,4.5,0],"rotation":270,"texture":"#0"}}},{"from":[-4.89772,0.001,28.12252],"to":[4.10228,8.001,28.12252],"rotation":{"angle":22.5,"axis":"y","origin":[0,2,16]},"faces":{"north":{"uv":[9,0,0,8],"texture":"#1"},"east":{"uv":[0,0,0,2],"texture":"#0"},"south":{"uv":[0,0,9,8],"texture":"#1"},"west":{"uv":[0,0,0,2],"texture":"#0"},"up":{"uv":[0,0,2.25,0],"rotation":180,"texture":"#0"},"down":{"uv":[0,0,2.25,0],"rotation":180,"texture":"#0"}}},{"from":[-3.8913,0.001,28.03513],"to":[5.1087,8.001,28.03513],"rotation":{"angle":-22.5,"axis":"y","origin":[0,2,16]},"faces":{"north":{"uv":[9,0,0,8],"texture":"#1"},"east":{"uv":[0,0,0,2],"texture":"#0"},"south":{"uv":[0,0,9,8],"texture":"#1"},"west":{"uv":[0,0,0,2],"texture":"#0"},"up":{"uv":[2.25,0,4.5,0],"rotation":180,"texture":"#0"},"down":{"uv":[2.25,0,4.5,0],"rotation":180,"texture":"#0"}}},{"from":[-12.12252,0.001,11.10228],"to":[-12.12252,8.001,20.10228],"rotation":{"angle":22.5,"axis":"y","origin":[0,2,16]},"faces":{"north":{"uv":[0,0,0,2],"texture":"#0"},"east":{"uv":[9,0,0,8],"texture":"#1"},"south":{"uv":[0,0,0,2],"texture":"#0"},"west":{"uv":[0,0,9,8],"texture":"#1"},"up":{"uv":[0,0,2.25,0],"rotation":270,"texture":"#0"},"down":{"uv":[0,0,2.25,0],"rotation":90,"texture":"#0"}}},{"from":[-12.03513,0.001,12.1087],"to":[-12.03513,8.001,21.1087],"rotation":{"angle":-22.5,"axis":"y","origin":[0,2,16]},"faces":{"north":{"uv":[0,0,0,2],"texture":"#0"},"east":{"uv":[9,0,0,8],"texture":"#1"},"south":{"uv":[0,0,0,2],"texture":"#0"},"west":{"uv":[0,0,9,8],"texture":"#1"},"up":{"uv":[2.25,0,4.5,0],"rotation":270,"texture":"#0"},"down":{"uv":[2.25,0,4.5,0],"rotation":90,"texture":"#0"}}},{"from":[-5.1087,0.001,3.96487],"to":[3.8913,8.001,3.96487],"rotation":{"angle":-22.5,"axis":"y","origin":[0,2,16]},"faces":{"north":{"uv":[0,0,9,8],"texture":"#1"},"east":{"uv":[0,0,0,2],"texture":"#0"},"south":{"uv":[9,0,0,8],"texture":"#1"},"west":{"uv":[0,0,0,2],"texture":"#0"},"up":{"uv":[2.25,0,4.5,0],"texture":"#0"},"down":{"uv":[2.25,0,4.5,0],"texture":"#0"}}},{"from":[-4.10228,0.001,3.87748],"to":[4.89772,8.001,3.87748],"rotation":{"angle":22.5,"axis":"y","origin":[0,2,16]},"faces":{"north":{"uv":[0,0,9,8],"texture":"#1"},"east":{"uv":[0,0,0,2],"texture":"#0"},"south":{"uv":[9,0,0,8],"texture":"#1"},"west":{"uv":[0,0,0,2],"texture":"#0"},"up":{"uv":[0,0,2.25,0],"texture":"#0"},"down":{"uv":[0,0,2.25,0],"texture":"#0"}}}],"gui_light":"front","display":{"thirdperson_righthand":{"rotation":[67.5,0,0],"translation":[2,5,0.25],"scale":[0.26563,0.26563,0.26563]},"thirdperson_lefthand":{"rotation":[67.5,0,0],"translation":[-2,5,0.25],"scale":[0.26563,0.26563,0.26563]},"firstperson_righthand":{"translation":[3,6.5,0],"scale":[0.30273,0.30273,0.30273]},"firstperson_lefthand":{"translation":[-2.75,6.5,0],"scale":[0.30273,0.30273,0.30273]},"ground":{"translation":[5,6,-5],"scale":[0.6,0.6,0.6]},"gui":{"rotation":[30,135,0],"translation":[-6.5,2.5,0],"scale":[0.56055,0.56055,0.56055]},"head":{"rotation":[0,180,0],"translation":[0,-30.4,25.65],"scale":[1.6,1.6,1.6]},"fixed":{"rotation":[-90,0,0],"translation":[0,0,-16],"scale":[2,2,2]}}}