{"credit":"Made with Blockbench","texture_size":[64,64],"textures":{"1":"elitecreatures:summoning_circle_decoration_v1/teddybeartexture"},"elements":[{"from":[9,0,4],"to":[12,3,11],"rotation":{"angle":-22.5,"axis":"y","origin":[12,2,7]},"faces":{"north":{"uv":[7.75,3.25,8.5,4],"texture":"#1"},"east":{"uv":[0,5.5,1.75,6.25],"texture":"#1"},"south":{"uv":[7.75,6.25,8.5,7],"texture":"#1"},"west":{"uv":[1.75,5.5,3.5,6.25],"texture":"#1"},"up":{"uv":[5.25,3.5,4.5,1.75],"texture":"#1"},"down":{"uv":[0.75,6.25,0,8],"texture":"#1"}}},{"from":[3,0,4],"to":[6,3,11],"rotation":{"angle":22.5,"axis":"y","origin":[4,2,7]},"faces":{"north":{"uv":[7.75,7,8.5,7.75],"texture":"#1"},"east":{"uv":[6.25,0,8,0.75],"texture":"#1"},"south":{"uv":[7.75,7.75,8.5,8.5],"texture":"#1"},"west":{"uv":[0.75,6.25,2.5,7],"texture":"#1"},"up":{"uv":[3.25,8,2.5,6.25],"texture":"#1"},"down":{"uv":[7.25,0.75,6.5,2.5],"texture":"#1"}}},{"from":[4.5,0,7],"to":[11,8,12],"rotation":{"angle":0,"axis":"y","origin":[4,2,7]},"faces":{"north":{"uv":[0,3.5,1.625,5.5],"texture":"#1"},"east":{"uv":[5.25,1.75,6.5,3.75],"texture":"#1"},"south":{"uv":[1.75,3.5,3.375,5.5],"texture":"#1"},"west":{"uv":[3.5,5.25,4.75,7.25],"texture":"#1"},"up":{"uv":[6.875,5,5.25,3.75],"texture":"#1"},"down":{"uv":[6.375,5.25,4.75,6.5],"texture":"#1"}}},{"from":[3.5,8,6],"to":[12,15,13],"rotation":{"angle":0,"axis":"y","origin":[8,11.5,9]},"faces":{"north":{"uv":[0,0,2.125,1.75],"texture":"#1"},"east":{"uv":[3.5,3.5,5.25,5.25],"texture":"#1"},"south":{"uv":[0,1.75,2.125,3.5],"texture":"#1"},"west":{"uv":[3.5,3.5,5.25,5.25],"texture":"#1"},"up":{"uv":[4.375,1.75,2.25,0],"texture":"#1"},"down":{"uv":[4.375,1.75,2.25,3.5],"texture":"#1"}}},{"from":[5.5,8,4.5],"to":[10,10.5,6],"rotation":{"angle":0,"axis":"y","origin":[8,11,3.5]},"faces":{"north":{"uv":[7.25,1.75,8.375,2.375],"texture":"#1"},"east":{"uv":[4.25,7.25,4.625,7.875],"texture":"#1"},"south":{"uv":[7.75,2.5,8.875,3.125],"texture":"#1"},"west":{"uv":[5.75,8.25,6.125,8.875],"texture":"#1"},"up":{"uv":[4.125,8.625,3,8.25],"texture":"#1"},"down":{"uv":[9.375,4,8.25,4.375],"texture":"#1"}}},{"from":[9.5,10,5.5],"to":[12,12.5,6],"rotation":{"angle":0,"axis":"y","origin":[8,11,3.5]},"faces":{"north":{"uv":[4.25,8.25,4.875,8.875],"texture":"#1"},"east":{"uv":[2.25,7,2.375,7.625],"texture":"#1"},"south":{"uv":[8.25,4.5,8.875,5.125],"texture":"#1"},"west":{"uv":[7,4.25,7.125,4.875],"texture":"#1"},"up":{"uv":[9.125,2.125,8.5,2],"texture":"#1"},"down":{"uv":[9.125,2.25,8.5,2.375],"texture":"#1"}}},{"from":[3.5,10,5.5],"to":[6,12.5,6],"rotation":{"angle":0,"axis":"y","origin":[8,11,3.5]},"faces":{"north":{"uv":[5,8.25,5.625,8.875],"texture":"#1"},"east":{"uv":[8.5,3.25,8.625,3.875],"texture":"#1"},"south":{"uv":[8.25,5.25,8.875,5.875],"texture":"#1"},"west":{"uv":[6.25,8.5,6.375,9.125],"texture":"#1"},"up":{"uv":[9.125,6.375,8.5,6.25],"texture":"#1"},"down":{"uv":[7.125,8.5,6.5,8.625],"texture":"#1"}}},{"from":[9.5,12.5,10],"to":[13.5,16.5,11],"rotation":{"angle":-22.5,"axis":"z","origin":[12.5,14,10]},"faces":{"north":{"uv":[7.25,0.75,8.25,1.75],"texture":"#1"},"east":{"uv":[6.25,0.75,6.5,1.75],"texture":"#1"},"south":{"uv":[3.25,7.25,4.25,8.25],"texture":"#1"},"west":{"uv":[3.25,6.25,3.5,7.25],"texture":"#1"},"up":{"uv":[6.25,5.25,5.25,5],"texture":"#1"},"down":{"uv":[9.25,1.5,8.25,1.75],"texture":"#1"}}},{"from":[2,12.5,10],"to":[6,16.5,11],"rotation":{"angle":22.5,"axis":"z","origin":[3.5,14,10]},"faces":{"north":{"uv":[8.25,0.75,7.25,1.75],"texture":"#1"},"east":{"uv":[6.5,2.5,6.75,3.5],"texture":"#1"},"south":{"uv":[7.25,5.25,8.25,6.25],"texture":"#1"},"west":{"uv":[6.75,2.5,7,3.5],"texture":"#1"},"up":{"uv":[9.25,6.25,8.25,6],"texture":"#1"},"down":{"uv":[9.5,1.75,8.5,2],"texture":"#1"}}},{"from":[10,3,7.5],"to":[13,10,10.5],"rotation":{"angle":22.5,"axis":"z","origin":[13.5,6.5,10.5]},"faces":{"north":{"uv":[4.75,6.5,5.5,8.25],"texture":"#1"},"east":{"uv":[6.5,5,7.25,6.75],"texture":"#1"},"south":{"uv":[4.75,6.5,5.5,8.25],"texture":"#1"},"west":{"uv":[5.5,6.5,4.75,8.25],"texture":"#1"},"up":{"uv":[0.75,8.75,0,8],"texture":"#1"},"down":{"uv":[8.75,0,8,0.75],"texture":"#1"}}},{"from":[3,3,7.5],"to":[6,10,10.5],"rotation":{"angle":-22.5,"axis":"z","origin":[2.5,6.5,10.5]},"faces":{"north":{"uv":[5.5,6.5,4.75,8.25],"texture":"#1"},"east":{"uv":[4.75,6.5,5.5,8.25],"texture":"#1"},"south":{"uv":[5.5,6.5,4.75,8.25],"texture":"#1"},"west":{"uv":[7.25,5,6.5,6.75],"texture":"#1"},"up":{"uv":[0,8.75,0.75,8],"texture":"#1"},"down":{"uv":[8,0,8.75,0.75],"texture":"#1"}}}],"gui_light":"front","display":{"thirdperson_righthand":{"rotation":[67.5,0,0],"translation":[0,1.75,0],"scale":[0.42969,0.42969,0.42969]},"thirdperson_lefthand":{"rotation":[67.5,0,0],"translation":[0,1.75,0],"scale":[0.42969,0.42969,0.42969]},"firstperson_righthand":{"translation":[3.5,3.5,0],"scale":[0.35938,0.35938,0.35938]},"firstperson_lefthand":{"translation":[3.5,3.5,0],"scale":[0.35938,0.35938,0.35938]},"ground":{"translation":[0,6,0],"scale":[0.6,0.6,0.6]},"gui":{"rotation":[30,135,0],"translation":[0,-0.25,0],"scale":[0.67383,0.67383,0.67383]},"head":{"rotation":[0,180,0],"translation":[0,-30.4,0],"scale":[1.6,1.6,1.6]},"fixed":{"rotation":[-90,1,0],"translation":[0,0,-16],"scale":[2,2,2]}}}