{
	"credit": "by 2m3v",
	"parent": "games:cube/parent",
	"textures": {
		"0": "games:item/cube/cube",
		"particle": "games:item/cube/cube"
	},
	"elements": [
		{
			"from": [0, 0, 0],
			"to": [16, 16, 16],
			"rotation": {"angle": 0, "axis": "x", "origin": [8, 8, 8]},
			"faces": {
				"north": {"uv": [6.75, 2.25, 9, 4.5], "rotation": 270, "texture": "#0"},
				"east": {"uv": [2.25, 0, 4.5, 2.25], "rotation": 180, "texture": "#0"},
				"south": {"uv": [2.25, 2.25, 4.5, 4.5], "rotation": 90, "texture": "#0"},
				"west": {"uv": [2.25, 4.5, 4.5, 6.75], "rotation": 90, "texture": "#0"},
				"up": {"uv": [0, 2.25, 2.25, 4.5], "rotation": 90, "texture": "#0"},
				"down": {"uv": [4.5, 2.25, 6.75, 4.5], "rotation": 90, "texture": "#0"}
			}
		}
	],
	"gui_light": "front"
}