{
	"credit": "by 2m3v",
	"elements": [
		{
			"from": [0, 0, 0],
			"to": [16, 16, 16],
			"color": 3,
			"faces": {
				"north": {"uv": [4.5, 2.25, 6.75, 4.5], "rotation": 180, "texture": "#missing"},
				"east": {"uv": [6.75, 2.25, 9, 4.5], "rotation": 180, "texture": "#missing"},
				"south": {"uv": [0, 2.25, 2.25, 4.5], "rotation": 180, "texture": "#missing"},
				"west": {"uv": [2.25, 2.25, 4.5, 4.5], "rotation": 180, "texture": "#missing"},
				"up": {"uv": [2.25, 4.5, 4.5, 6.75], "rotation": 270, "texture": "#missing"},
				"down": {"uv": [2.25, 0, 4.5, 2.25], "rotation": 180, "texture": "#missing"}
			}
		}
	],
	"gui_light": "front",
	"display": {
		"thirdperson_righthand": {
			"rotation": [0, 45, 0],
			"translation": [0, 0.25, 0],
			"scale": [0.1, 0.1, 0.1]
		},
		"firstperson_righthand": {
			"translation": [8, -3, -6],
			"scale": [0.3, 0.3, 0.3]
		},
		"ground": {
			"scale": [0.15, 0.15, 0.15]
		},
		"gui": {
			"rotation": [45, 45, 0],
			"scale": [0.4, 0.4, 0.4]
		},
		"head": {
			"translation": [0, 7.75, 0],
			"scale": [0.2, 0.2, 0.2]
		},
		"fixed": {
			"scale": [0.3, 0.3, 0.3]
		}
	}
}