{
  "credit": "Made by Ensis",
  "variants": {
    "": [
      {
        "model": "minecraft:block/crafting_table/crafting_table"
      },
      {
        "model": "minecraft:block/crafting_table/crafting_table", "y": 90
      },
      {
        "model": "minecraft:block/crafting_table/crafting_table_1"
      },
      {
        "model": "minecraft:block/crafting_table/crafting_table_1", "y": 180
      },
      {
        "model": "minecraft:block/crafting_table/crafting_table_2"
      },
      {
        "model": "minecraft:block/crafting_table/crafting_table_2", "y": 270
      },
      {
        "model": "minecraft:block/crafting_table/crafting_table_3"
      }
    ]
  }
}
Made by Ensis
