{
  "variants": {
    "": [

      {"model": "minecraft:block/sculk", "weight": 500},

      {"model": "minecraft:block/sculk_jaw_slow"},
      {"model": "minecraft:block/sculk_jaw_slow", "y": 90},
      {"model": "minecraft:block/sculk_jaw_slow", "y": 180},
      {"model": "minecraft:block/sculk_jaw_slow", "y": 270},

      {"model": "minecraft:block/sculk_jaw_normal"},
      {"model": "minecraft:block/sculk_jaw_normal", "y": 90},
      {"model": "minecraft:block/sculk_jaw_normal", "y": 180},
      {"model": "minecraft:block/sculk_jaw_normal", "y": 270},

      {"model": "minecraft:block/sculk_jaw_fast"},
      {"model": "minecraft:block/sculk_jaw_fast", "y": 90},
      {"model": "minecraft:block/sculk_jaw_fast", "y": 180},
      {"model": "minecraft:block/sculk_jaw_fast", "y": 270}

    ]
  }
}