{
	"credit": "by 2m3v",
	"elements": [
		{
			"from": [5, 0, 3.5],
			"to": [11, 0, 12.5],
			"rotation": {"angle": 0, "axis": "x", "origin": [8, 0, 7.5]},
			"color": 1,
			"faces": {
				"north": {"uv": [0, 0, 8, 12], "texture": "#missing"},
				"east": {"uv": [0, 0, 8, 12], "texture": "#missing"},
				"south": {"uv": [0, 0, 8, 12], "texture": "#missing"},
				"west": {"uv": [0, 0, 8, 12], "texture": "#missing"},
				"up": {"uv": [0, 0, 8, 12], "texture": "#missing"},
				"down": {"uv": [0, 0, 8, 12], "texture": "#missing"}
			}
		}
	],
	"gui_light": "front",
	"display": {
		"thirdperson_righthand": {
			"rotation": [130, 0, 0],
			"translation": [0, -1.75, 5.75],
			"scale": [0.6, 0.6, 0.6]
		},
		"firstperson_righthand": {
			"rotation": [90, 0, 0],
			"translation": [0.5, 4.5, 7.25],
			"scale": [0.6, 0.6, 0.6]
		},
		"ground": {
			"rotation": [-180, 0, 0],
			"translation": [0, -8.75, 0],
			"scale": [0.8, 0.8, 0.8]
		},
		"gui": {
			"rotation": [90, 0, 0],
			"translation": [0.5, -0.5, 0],
			"scale": [1.5, 1.5, 1.5]
		},
		"head": {
			"rotation": [90, 0, 0],
			"translation": [0, -0.5, 8]
		},
		"fixed": {
			"rotation": [-90, 0, 0],
			"translation": [0, 0, -12.25],
			"scale": [1.5, 1.5, 1.5]
		}
	}
}