{"credit":"Made with Blockbench","texture_size":[64,64],"textures":{"0":"elitecreatures:zombie_apocalypse_decoration_v1/zabarricade2texture","1":"elitecreatures:zombie_apocalypse_decoration_v1/zabarricade2animation01","2":"elitecreatures:zombie_apocalypse_decoration_v1/zabarricade2animation02","4":"elitecreatures:zombie_apocalypse_decoration_v1/zabarricade2animation03","particle":"elitecreatures:zombie_apocalypse_decoration_v1/zabarricade2texture"},"elements":[{"from":[2,1.5,7.75],"to":[14,3.5,8.25],"rotation":{"angle":22.5,"axis":"x","origin":[1,15.5,8]},"faces":{"north":{"uv":[1,4,4,4.5],"texture":"#0"},"east":{"uv":[5.25,1,5.375,1.5],"texture":"#0"},"south":{"uv":[4,4,1,4.5],"texture":"#0"},"west":{"uv":[1.75,5.25,1.875,5.75],"texture":"#0"},"up":{"uv":[7.5,1.875,4.5,1.75],"texture":"#0"},"down":{"uv":[7.5,2,4.5,2.125],"texture":"#0"}}},{"from":[-1,5.5,7],"to":[17,9.5,7.5],"rotation":{"angle":22.5,"axis":"x","origin":[1,15.5,8]},"faces":{"north":{"uv":[0,2,4.5,3],"texture":"#0"},"east":{"uv":[4.75,5,4.875,6],"texture":"#0"},"south":{"uv":[4.5,2,0,3],"texture":"#0"},"west":{"uv":[1.5,5.25,1.625,6.25],"texture":"#0"},"up":{"uv":[9,0.625,4.5,0.5],"texture":"#0"},"down":{"uv":[9,0.75,4.5,0.875],"texture":"#0"}}},{"from":[-1,10.5,7],"to":[17,14.5,7.5],"rotation":{"angle":22.5,"axis":"x","origin":[1,15.5,8]},"faces":{"north":{"uv":[0,2,4.5,3],"texture":"#0"},"east":{"uv":[4.75,5,4.875,6],"texture":"#0"},"south":{"uv":[4.5,2,0,3],"texture":"#0"},"west":{"uv":[1.5,5.25,1.625,6.25],"texture":"#0"},"up":{"uv":[9,0.625,4.5,0.5],"texture":"#0"},"down":{"uv":[9,0.75,4.5,0.875],"texture":"#0"}}},{"from":[14,-1.5,7.5],"to":[16,15.5,8.5],"rotation":{"angle":22.5,"axis":"x","origin":[15,15.5,8]},"faces":{"north":{"uv":[0,4,0.5,8.25],"texture":"#0"},"east":{"uv":[1,4.5,1.25,8.75],"texture":"#0"},"south":{"uv":[0.5,4,0,8.25],"texture":"#0"},"west":{"uv":[1.25,4.5,1.5,8.75],"texture":"#0"},"up":{"uv":[5.5,3.5,5,3.25],"texture":"#0"},"down":{"uv":[4.5,5,4,5.25],"texture":"#0"}}},{"from":[0,-1.5,7.5],"to":[2,15.5,8.5],"rotation":{"angle":22.5,"axis":"x","origin":[1,15.5,8]},"faces":{"north":{"uv":[0.5,4,0,8.25],"texture":"#0"},"east":{"uv":[1.5,4.5,1.25,8.75],"texture":"#0"},"south":{"uv":[0,4,0.5,8.25],"texture":"#0"},"west":{"uv":[1.25,4.5,1,8.75],"texture":"#0"},"up":{"uv":[5,3.5,5.5,3.25],"texture":"#0"},"down":{"uv":[4,5,4.5,5.25],"texture":"#0"}}},{"from":[14,-1.5,7.5],"to":[16,15.5,8.5],"rotation":{"angle":-22.5,"axis":"x","origin":[15,15.5,8]},"faces":{"north":{"uv":[0,4,0.5,8.25],"texture":"#0"},"east":{"uv":[1.25,4.5,1,8.75],"texture":"#0"},"south":{"uv":[0.5,4,0,8.25],"texture":"#0"},"west":{"uv":[1.5,4.5,1.25,8.75],"texture":"#0"},"up":{"uv":[5.5,3.25,5,3.5],"texture":"#0"},"down":{"uv":[4.5,5.25,4,5],"texture":"#0"}}},{"from":[-1,5.5,8.5],"to":[17,9.5,9],"rotation":{"angle":-22.5,"axis":"x","origin":[15,15.5,8]},"faces":{"north":{"uv":[4.5,2,0,3],"texture":"#0"},"east":{"uv":[1.5,5.25,1.625,6.25],"texture":"#0"},"south":{"uv":[0,2,4.5,3],"texture":"#0"},"west":{"uv":[4.75,5,4.875,6],"texture":"#0"},"up":{"uv":[4.5,0.5,9,0.625],"texture":"#0"},"down":{"uv":[4.5,0.875,9,0.75],"texture":"#0"}}},{"from":[-1,10.5,8.5],"to":[17,14.5,9],"rotation":{"angle":-22.5,"axis":"x","origin":[15,15.5,8]},"faces":{"north":{"uv":[4.5,2,0,3],"texture":"#0"},"east":{"uv":[1.5,5.25,1.625,6.25],"texture":"#0"},"south":{"uv":[0,2,4.5,3],"texture":"#0"},"west":{"uv":[4.75,5,4.875,6],"texture":"#0"},"up":{"uv":[4.5,0.5,9,0.625],"texture":"#0"},"down":{"uv":[4.5,0.875,9,0.75],"texture":"#0"}}},{"from":[2,1.5,7.75],"to":[14,3.5,8.25],"rotation":{"angle":-22.5,"axis":"x","origin":[15,15.5,8]},"faces":{"north":{"uv":[1,4,4,4.5],"texture":"#0"},"east":{"uv":[1.75,5.25,1.875,5.75],"texture":"#0"},"south":{"uv":[1,4,4,4.5],"texture":"#0"},"west":{"uv":[5.25,1,5.375,1.5],"texture":"#0"},"up":{"uv":[4.5,1.75,7.5,1.875],"texture":"#0"},"down":{"uv":[4.5,2.125,7.5,2],"texture":"#0"}}},{"from":[0,-1.5,7.5],"to":[2,15.5,8.5],"rotation":{"angle":-22.5,"axis":"x","origin":[1,15.5,8]},"faces":{"north":{"uv":[0.5,4,0,8.25],"texture":"#0"},"east":{"uv":[1.25,4.5,1.5,8.75],"texture":"#0"},"south":{"uv":[0,4,0.5,8.25],"texture":"#0"},"west":{"uv":[1,4.5,1.25,8.75],"texture":"#0"},"up":{"uv":[5,3.25,5.5,3.5],"texture":"#0"},"down":{"uv":[4,5.25,4.5,5],"texture":"#0"}}},{"from":[13.75,14,7.25],"to":[16.25,16,8.75],"faces":{"north":{"uv":[2.25,4.5,2.875,5],"texture":"#0"},"east":{"uv":[5,2.75,5.375,3.25],"texture":"#0"},"south":{"uv":[4.5,2.25,5.125,2.75],"texture":"#0"},"west":{"uv":[3.5,5,3.875,5.5],"texture":"#0"},"up":{"uv":[4.875,4.875,4.25,4.5],"texture":"#0"},"down":{"uv":[2.875,5,2.25,5.375],"texture":"#0"}}},{"from":[-0.25,14,7.25],"to":[2.25,16,8.75],"rotation":{"angle":0,"axis":"y","origin":[16,0,0]},"faces":{"north":{"uv":[2.875,4.5,2.25,5],"texture":"#0"},"east":{"uv":[3.875,5,3.5,5.5],"texture":"#0"},"south":{"uv":[5.125,2.25,4.5,2.75],"texture":"#0"},"west":{"uv":[5.375,2.75,5,3.25],"texture":"#0"},"up":{"uv":[4.25,4.875,4.875,4.5],"texture":"#0"},"down":{"uv":[2.25,5,2.875,5.375],"texture":"#0"}}},{"from":[13.75,16,6.75],"to":[16.25,18.5,9.25],"rotation":{"angle":45,"axis":"z","origin":[15,17.25,8]},"faces":{"north":{"uv":[10,0,0,10],"texture":"#1"},"east":{"uv":[10,0,0,10],"texture":"#2"},"south":{"uv":[0,0,10,10],"texture":"#1"},"west":{"uv":[0,10,10,0],"rotation":90,"texture":"#4"},"up":{"uv":[0,0,10,10],"rotation":90,"texture":"#2"},"down":{"uv":[10,0,0,10],"texture":"#4"}}},{"from":[-0.25,16,6.75],"to":[2.25,18.5,9.25],"rotation":{"angle":-45,"axis":"z","origin":[1,17.25,8]},"faces":{"north":{"uv":[0,0,10,10],"texture":"#1"},"east":{"uv":[0,0,10,10],"rotation":90,"texture":"#4"},"south":{"uv":[10,0,0,10],"texture":"#1"},"west":{"uv":[0,0,10,10],"texture":"#2"},"up":{"uv":[0,10,10,0],"rotation":90,"texture":"#2"},"down":{"uv":[0,0,10,10],"texture":"#4"}}}],"gui_light":"front","display":{"thirdperson_righthand":{"rotation":[67.5,0,0],"translation":[0,1.25,0.5],"scale":[0.25195,0.25195,0.25195]},"thirdperson_lefthand":{"rotation":[67.5,0,0],"translation":[0,1.25,0.5],"scale":[0.25195,0.25195,0.25195]},"firstperson_righthand":{"translation":[2.25,3.25,0],"scale":[0.3418,0.3418,0.3418]},"firstperson_lefthand":{"translation":[2.25,3.25,0],"scale":[0.3418,0.3418,0.3418]},"ground":{"translation":[0,6,0],"scale":[0.45,0.45,0.45]},"gui":{"rotation":[30,135,0],"scale":[0.60742,0.60742,0.60742]},"head":{"rotation":[0,180,0],"translation":[0,-30.4,0],"scale":[1.6,1.6,1.6]},"fixed":{"rotation":[-90,0,0],"translation":[0,0,-16],"scale":[2,2,2]}}}