{"credit":"Made with Blockbench","texture_size":[32,32],"textures":{"0":"elitecreatures:zombie_apocalypse_decoration_v1/zabrainjartexture","2":"elitecreatures:zombie_apocalypse_decoration_v1/zabrainjaranimation01","particle":"elitecreatures:zombie_apocalypse_decoration_v1/zabrainjartexture"},"elements":[{"from":[5,0,5],"to":[11,7,11],"rotation":{"angle":0,"axis":"y","origin":[7,0,7]},"faces":{"north":{"uv":[0,3.5,3,7],"texture":"#0"},"east":{"uv":[0,3.5,3,7],"texture":"#0"},"south":{"uv":[0,3.5,3,7],"texture":"#0"},"west":{"uv":[0,3.5,3,7],"texture":"#0"},"up":{"uv":[9,3,6,0],"texture":"#0"},"down":{"uv":[9,3,6,0],"texture":"#0"}}},{"from":[5.25,0.25,5.25],"to":[10.75,5.75,10.75],"rotation":{"angle":0,"axis":"y","origin":[7,0,7]},"faces":{"north":{"uv":[0,0,11,11],"texture":"#2"},"east":{"uv":[0,0,11,11],"texture":"#2"},"south":{"uv":[0,0,11,11],"texture":"#2"},"west":{"uv":[0,0,11,11],"texture":"#2"},"up":{"uv":[11.75,2.75,9,0],"texture":"#0"},"down":{"uv":[11.75,2.75,9,0],"texture":"#0"}}},{"from":[6,7,6],"to":[10,8,10],"rotation":{"angle":0,"axis":"y","origin":[7,1,7]},"faces":{"north":{"uv":[4.5,12,6.5,12.5],"texture":"#0"},"east":{"uv":[4.5,12,6.5,12.5],"texture":"#0"},"south":{"uv":[4.5,12,6.5,12.5],"texture":"#0"},"west":{"uv":[4.5,12,6.5,12.5],"texture":"#0"},"up":{"uv":[11,8,9,6],"texture":"#0"},"down":{"uv":[11,8,9,10],"texture":"#0"}}},{"from":[5.75,2,6],"to":[9.25,4.5,10],"rotation":{"angle":0,"axis":"y","origin":[7.75,3.5,8]},"faces":{"north":{"uv":[12.25,11.5,10.5,12.75],"texture":"#0"},"east":{"uv":[10.5,10,12.5,11.25],"texture":"#0"},"south":{"uv":[10.5,11.5,12.25,12.75],"texture":"#0"},"west":{"uv":[11,6,13,7.25],"texture":"#0"},"up":{"uv":[1.75,12,0,10],"texture":"#0"},"down":{"uv":[3.75,10,2,12],"texture":"#0"}}},{"from":[7.25,1.5,6.25],"to":[10.25,4,9.75],"rotation":{"angle":0,"axis":"y","origin":[8.75,2.75,8]},"faces":{"north":{"uv":[3.5,12,2,13.25],"texture":"#0"},"east":{"uv":[0,12,1.75,13.25],"texture":"#0"},"south":{"uv":[2,12,3.5,13.25],"texture":"#0"},"west":{"uv":[12,0,13.75,1.25],"texture":"#0"},"up":{"uv":[5.5,11.75,4,10],"texture":"#0"},"down":{"uv":[10.5,10,9,11.75],"texture":"#0"}}},{"from":[8,1.25,6.75],"to":[10,3.25,9.25],"rotation":{"angle":22.5,"axis":"z","origin":[9.5,2.75,8]},"faces":{"north":{"uv":[6.5,12.5,5.5,13.5],"texture":"#0"},"east":{"uv":[11,9,12.25,10],"texture":"#0"},"south":{"uv":[5.5,12.5,6.5,13.5],"texture":"#0"},"west":{"uv":[12,3,13.25,4],"texture":"#0"},"up":{"uv":[4.5,13.25,3.5,12],"texture":"#0"},"down":{"uv":[13,4,12,5.25],"texture":"#0"}}},{"from":[7.82403,0.36418,7.75],"to":[8.82403,2.36418,8.25],"rotation":{"angle":22.5,"axis":"z","origin":[8.32403,1.36418,8]},"faces":{"north":{"uv":[5.5,10,6,11],"texture":"#0"},"east":{"uv":[6.5,12.5,6.75,13.5],"texture":"#0"},"south":{"uv":[5.5,11,6,12],"texture":"#0"},"west":{"uv":[7,12.5,7.25,13.5],"texture":"#0"},"up":{"uv":[8,12.75,7.5,12.5],"texture":"#0"},"down":{"uv":[8.5,12.5,8,12.75],"texture":"#0"}}}],"gui_light":"front","display":{"thirdperson_righthand":{"rotation":[67.5,0,0],"translation":[0,1.75,1],"scale":[0.41602,0.41602,0.41602]},"thirdperson_lefthand":{"rotation":[67.5,0,0],"translation":[0,1.75,1],"scale":[0.41602,0.41602,0.41602]},"firstperson_righthand":{"translation":[3,4.75,0],"scale":[0.53125,0.53125,0.53125]},"firstperson_lefthand":{"translation":[3,4.75,0],"scale":[0.53125,0.53125,0.53125]},"ground":{"translation":[0,6,0],"scale":[0.8,0.8,0.8]},"gui":{"rotation":[30,135,0],"translation":[0,3.75,0],"scale":[1.11719,1.11719,1.11719]},"head":{"rotation":[0,180,0],"translation":[0,-30.4,0],"scale":[1.6,1.6,1.6]},"fixed":{"rotation":[-90,0,0],"translation":[0,0,-16],"scale":[2,2,2]}}}