{"credit":"Made with Blockbench","texture_size":[128,128],"textures":{"0":"elitecreatures:zombie_apocalypse_decoration_v1/zachainlinkfencetexture","particle":"elitecreatures:zombie_apocalypse_decoration_v1/zachainlinkfencetexture"},"elements":[{"from":[-16,-16,7.25],"to":[-14.5,26,8.75],"faces":{"north":{"uv":[1,7.5625,1.1875,12.8125],"texture":"#0"},"east":{"uv":[1.1875,7.5625,1,12.8125],"texture":"#0"},"south":{"uv":[1,7.5625,1.1875,12.8125],"texture":"#0"},"west":{"uv":[1.1875,7.5625,1,12.8125],"texture":"#0"},"up":{"uv":[2.6875,7.75,2.5,7.5625],"texture":"#0"},"down":{"uv":[2.9375,7.5625,2.75,7.75],"texture":"#0"}}},{"from":[14.5,-16,7.25],"to":[16,26,8.75],"rotation":{"angle":0,"axis":"y","origin":[16,0,0]},"faces":{"north":{"uv":[1.1875,7.5625,1,12.8125],"texture":"#0"},"east":{"uv":[1,7.5625,1.1875,12.8125],"texture":"#0"},"south":{"uv":[1.1875,7.5625,1,12.8125],"texture":"#0"},"west":{"uv":[1,7.5625,1.1875,12.8125],"texture":"#0"},"up":{"uv":[2.5,7.75,2.6875,7.5625],"texture":"#0"},"down":{"uv":[2.75,7.5625,2.9375,7.75],"texture":"#0"}}},{"from":[-14.5,-16,8],"to":[14.5,24,8],"faces":{"north":{"uv":[0,0,3.625,5],"texture":"#0"},"east":{"uv":[0,0,0,5],"texture":"#0"},"south":{"uv":[3.625,0,0,5],"texture":"#0"},"west":{"uv":[0,0,0,5],"texture":"#0"},"up":{"uv":[3.625,0,0,0],"texture":"#0"},"down":{"uv":[3.625,0,0,0],"texture":"#0"}}},{"from":[-15.95,25.17678,6.76256],"to":[-14.45,31.17678,8.26256],"rotation":{"angle":-45,"axis":"x","origin":[-15.25,26.17678,7.51256]},"faces":{"north":{"uv":[3.6875,0,3.875,0.75],"texture":"#0"},"east":{"uv":[3.6875,0,3.875,0.75],"texture":"#0"},"south":{"uv":[3.6875,0,3.875,0.75],"texture":"#0"},"west":{"uv":[3.6875,0,3.875,0.75],"texture":"#0"},"up":{"uv":[3.875,0,4.0625,0.1875],"texture":"#0"},"down":{"uv":[3.875,0,4.0625,0.1875],"texture":"#0"}}},{"from":[14.45,25.17678,6.76256],"to":[15.95,31.17678,8.26256],"rotation":{"angle":-45,"axis":"x","origin":[31.25,26.17678,7.51256]},"faces":{"north":{"uv":[3.875,0,3.6875,0.75],"texture":"#0"},"east":{"uv":[3.875,0,3.6875,0.75],"texture":"#0"},"south":{"uv":[3.875,0,3.6875,0.75],"texture":"#0"},"west":{"uv":[3.875,0,3.6875,0.75],"texture":"#0"},"up":{"uv":[4.0625,0,3.875,0.1875],"texture":"#0"},"down":{"uv":[4.0625,0,3.875,0.1875],"texture":"#0"}}},{"from":[-14.45,24.64645,7.73223],"to":[14.55,30.64645,7.73223],"rotation":{"angle":-45,"axis":"x","origin":[-15,25.64645,6.98223]},"faces":{"north":{"uv":[0,5.0625,3.625,5.8125],"texture":"#0"},"east":{"uv":[0,0,0,0.75],"texture":"#0"},"south":{"uv":[0,5.0625,3.625,5.8125],"texture":"#0"},"west":{"uv":[0,0,0,0.75],"texture":"#0"},"up":{"uv":[0,0,3.625,0],"texture":"#0"},"down":{"uv":[0,0,3.625,0],"texture":"#0"}}}],"gui_light":"front","display":{"thirdperson_righthand":{"rotation":[67.5,0,0],"translation":[1,0.25,0.25],"scale":[0.13086,0.13086,0.13086]},"thirdperson_lefthand":{"rotation":[67.5,0,0],"translation":[-1,0.25,0.25],"scale":[0.13086,0.13086,0.13086]},"firstperson_righthand":{"translation":[4.5,3.25,0],"scale":[0.24609,0.24609,0.24609]},"firstperson_lefthand":{"translation":[0.75,3.25,0],"scale":[0.24609,0.24609,0.24609]},"ground":{"translation":[2.75,9,0],"scale":[0.35,0.35,0.35]},"gui":{"rotation":[30,135,0],"translation":[-1.75,1.25,0],"scale":[0.30273,0.30273,0.30273]},"head":{"rotation":[0,180,0],"translation":[0,-4.8,0],"scale":[1.6,1.6,1.6]},"fixed":{"rotation":[-90,0,0],"translation":[0,0,-48],"scale":[2,2,2]}}}