{"credit":"Made with Blockbench","texture_size":[32,32],"textures":{"0":"elitecreatures:zombie_apocalypse_decoration_v1/zaconetexture","particle":"elitecreatures:zombie_apocalypse_decoration_v1/zaconetexture"},"elements":[{"from":[4,0,4],"to":[12,1,12],"rotation":{"angle":0,"axis":"y","origin":[8,0.5,8]},"faces":{"north":{"uv":[10,1.5,14,2],"texture":"#0"},"east":{"uv":[10,1.5,14,2],"texture":"#0"},"south":{"uv":[10,1.5,14,2],"texture":"#0"},"west":{"uv":[10,1.5,14,2],"texture":"#0"},"up":{"uv":[4,4,0,0],"texture":"#0"},"down":{"uv":[4,4,0,8],"texture":"#0"}}},{"from":[5,1,5],"to":[11,1.5,11],"faces":{"north":{"uv":[11.5,3.5,14.5,3.75],"texture":"#0"},"east":{"uv":[11.5,3.5,14.5,3.75],"texture":"#0"},"south":{"uv":[11.5,3.5,14.5,3.75],"texture":"#0"},"west":{"uv":[11.5,3.5,14.5,3.75],"texture":"#0"},"up":{"uv":[7,3,4,0],"texture":"#0"},"down":{"uv":[7,3,4,6],"texture":"#0"}}},{"from":[5.25,1.5,5.25],"to":[10.75,4.5,10.75],"faces":{"north":{"uv":[5.75,9,3,10.5],"texture":"#0"},"east":{"uv":[3,9,5.75,10.5],"texture":"#0"},"south":{"uv":[5.75,9,3,10.5],"texture":"#0"},"west":{"uv":[3,9,5.75,10.5],"texture":"#0"},"up":{"uv":[6.75,8.75,4,6],"texture":"#0"},"down":{"uv":[9.75,0,7,2.75],"texture":"#0"}}},{"from":[5.75,4.5,5.75],"to":[10.25,6.5,10.25],"faces":{"north":{"uv":[10.75,9.5,8.5,10.5],"texture":"#0"},"east":{"uv":[8.5,9.5,10.75,10.5],"texture":"#0"},"south":{"uv":[10.75,9.5,8.5,10.5],"texture":"#0"},"west":{"uv":[8.5,9.5,10.75,10.5],"texture":"#0"},"up":{"uv":[9.25,5.25,7,3],"texture":"#0"},"down":{"uv":[9.25,5.5,7,7.75],"texture":"#0"}}},{"from":[6.25,6.5,6.25],"to":[9.75,8.5,9.75],"faces":{"north":{"uv":[5,10.5,6.75,11.5],"texture":"#0"},"east":{"uv":[6.75,10.5,5,11.5],"texture":"#0"},"south":{"uv":[5,10.5,6.75,11.5],"texture":"#0"},"west":{"uv":[6.75,10.5,5,11.5],"texture":"#0"},"up":{"uv":[11.25,4.75,9.5,3],"texture":"#0"},"down":{"uv":[11.25,5,9.5,6.75],"texture":"#0"}}},{"from":[6.75,8.5,6.75],"to":[9.25,10.5,9.25],"faces":{"north":{"uv":[11,9,12.25,10],"texture":"#0"},"east":{"uv":[12.25,9,11,10],"texture":"#0"},"south":{"uv":[11,9,12.25,10],"texture":"#0"},"west":{"uv":[12.25,9,11,10],"texture":"#0"},"up":{"uv":[10.25,11.75,9,10.5],"texture":"#0"},"down":{"uv":[11.75,10.5,10.5,11.75],"texture":"#0"}}},{"from":[7.25,10.5,7.25],"to":[8.75,11.5,8.75],"faces":{"north":{"uv":[11.5,4.5,12.25,5],"texture":"#0"},"east":{"uv":[12.25,4.5,11.5,5],"texture":"#0"},"south":{"uv":[11.5,4.5,12.25,5],"texture":"#0"},"west":{"uv":[12.25,4.5,11.5,5],"texture":"#0"},"up":{"uv":[3.75,8.75,3,8],"texture":"#0"},"down":{"uv":[5.25,11.5,4.5,12.25],"texture":"#0"}}}],"gui_light":"front","display":{"thirdperson_righthand":{"rotation":[67.5,0,0],"translation":[0,1.5,1.25],"scale":[0.44531,0.44531,0.44531]},"thirdperson_lefthand":{"rotation":[67.5,0,0],"translation":[0,1.5,1.25],"scale":[0.44531,0.44531,0.44531]},"firstperson_righthand":{"translation":[1.75,5,0],"scale":[0.57617,0.57617,0.57617]},"firstperson_lefthand":{"translation":[1.75,5,0],"scale":[0.57617,0.57617,0.57617]},"ground":{"translation":[0,6,0],"scale":[0.8,0.8,0.8]},"gui":{"rotation":[30,135,0],"translation":[0,3.5,0],"scale":[1.10742,1.10742,1.10742]},"head":{"rotation":[0,180,0],"translation":[0,-30.4,0],"scale":[1.6,1.6,1.6]},"fixed":{"rotation":[-90,0,0],"translation":[0,0,-16],"scale":[2,2,2]}}}