{"credit":"Made with Blockbench","texture_size":[64,64],"textures":{"0":"elitecreatures:zombie_apocalypse_decoration_v1/zadangersigntexture","1":"elitecreatures:zombie_apocalypse_decoration_v1/zadangersignanimation01","particle":"elitecreatures:zombie_apocalypse_decoration_v1/zadangersigntexture"},"elements":[{"from":[8,-16,3],"to":[14,-14,8],"rotation":{"angle":0,"axis":"y","origin":[0,-9,0]},"faces":{"north":{"uv":[5,3.25,6.5,3.75],"texture":"#0"},"east":{"uv":[5,3.75,6.25,4.25],"texture":"#0"},"south":{"uv":[3.5,5,5,5.5],"texture":"#0"},"west":{"uv":[5,4.25,6.25,4.75],"texture":"#0"},"up":{"uv":[5,1.25,3.5,0],"texture":"#0"},"down":{"uv":[5,1.25,3.5,2.5],"texture":"#0"}}},{"from":[8,-16,8],"to":[13,-15,12],"rotation":{"angle":0,"axis":"y","origin":[0,-9,0]},"faces":{"north":{"uv":[5,4.75,6.25,5],"texture":"#0"},"east":{"uv":[3.5,5.5,4.5,5.75],"texture":"#0"},"south":{"uv":[5,5,6.25,5.25],"texture":"#0"},"west":{"uv":[1.25,5.75,2.25,6],"texture":"#0"},"up":{"uv":[1.25,6,0,5],"texture":"#0"},"down":{"uv":[6.25,0,5,1],"texture":"#0"}}},{"from":[3,-16,5],"to":[9,-13,10],"rotation":{"angle":0,"axis":"y","origin":[0,-9,0]},"faces":{"north":{"uv":[5,1,6.5,1.75],"texture":"#0"},"east":{"uv":[1.25,5,2.5,5.75],"texture":"#0"},"south":{"uv":[5,1.75,6.5,2.5],"texture":"#0"},"west":{"uv":[5,2.5,6.25,3.25],"texture":"#0"},"up":{"uv":[5,3.75,3.5,2.5],"texture":"#0"},"down":{"uv":[5,3.75,3.5,5],"texture":"#0"}}},{"from":[8.75,-16,7.5],"to":[9.75,17,8.5],"rotation":{"angle":22.5,"axis":"z","origin":[9.25,-14.5,7.75]},"faces":{"north":{"uv":[2.5,0,2.75,8.25],"texture":"#0"},"east":{"uv":[3.5,0,3.25,8.25],"texture":"#0"},"south":{"uv":[3,0,3.25,8.25],"texture":"#0"},"west":{"uv":[2.75,0,3,8.25],"texture":"#0"},"up":{"uv":[4.75,5.75,4.5,5.5],"texture":"#0"},"down":{"uv":[5,5.5,4.75,5.75],"texture":"#0"}}},{"from":[4.25,8,7],"to":[14.25,18,7.5],"rotation":{"angle":22.5,"axis":"z","origin":[9.25,-14.5,7.75]},"faces":{"north":{"uv":[0,0,2.5,2.5],"texture":"#0"},"east":{"uv":[5,5.25,5.125,7.75],"texture":"#0"},"south":{"uv":[0,2.5,2.5,5],"texture":"#0"},"west":{"uv":[5.25,5.25,5.375,7.75],"texture":"#0"},"up":{"uv":[5,5.25,5.125,7.75],"rotation":90,"texture":"#0"},"down":{"uv":[5.125,5.25,5.25,7.75],"rotation":90,"texture":"#0"}}},{"from":[-5,-9,7.25],"to":[-1,7,7.25],"faces":{"north":{"uv":[0,0,4,16],"texture":"#1"},"east":{"uv":[0,0,0,4],"texture":"#0"},"south":{"uv":[4,0,0,16],"texture":"#1"},"west":{"uv":[0,0,0,4],"texture":"#0"},"up":{"uv":[0,0,1,0],"texture":"#0"},"down":{"uv":[0,0,1,0],"texture":"#0"}}}],"gui_light":"front","display":{"thirdperson_righthand":{"rotation":[67.5,0,0],"translation":[0,1.5,3],"scale":[0.33984,0.33984,0.33984]},"thirdperson_lefthand":{"rotation":[67.5,0,0],"translation":[0,1.5,3],"scale":[0.33984,0.33984,0.33984]},"firstperson_righthand":{"translation":[4.25,8.25,0],"scale":[0.34961,0.34961,0.34961]},"firstperson_lefthand":{"translation":[4.25,8.25,0],"scale":[0.34961,0.34961,0.34961]},"ground":{"translation":[0,11,0],"scale":[0.5,0.5,0.5]},"gui":{"rotation":[30,135,0],"translation":[-0.5,4.5,0],"scale":[0.51367,0.51367,0.51367]},"head":{"rotation":[0,180,0],"translation":[0,-4.8,0],"scale":[1.6,1.6,1.6]},"fixed":{"rotation":[-90,0,0],"translation":[0,0,-48],"scale":[2,2,2]}}}