{"credit":"Made with Blockbench","texture_size":[64,64],"textures":{"0":"elitecreatures:zombie_apocalypse_decoration_v1/zadebrispiletexture","particle":"elitecreatures:zombie_apocalypse_decoration_v1/zadebrispiletexture"},"elements":[{"from":[11,0,12],"to":[18,5,19],"rotation":{"angle":0,"axis":"y","origin":[15.94186,3.25,12.64303]},"faces":{"north":{"uv":[5.25,6.5,7,7.75],"texture":"#0"},"east":{"uv":[5.25,6.5,7,7.75],"texture":"#0"},"south":{"uv":[5.25,6.5,7,7.75],"texture":"#0"},"west":{"uv":[5.25,6.5,7,7.75],"texture":"#0"},"up":{"uv":[7.25,4.75,5.5,3],"texture":"#0"},"down":{"uv":[1.75,5.75,0,7.5],"texture":"#0"}}},{"from":[7.00289,7.50699,11.75],"to":[17.00289,9.50699,18.75],"rotation":{"angle":45,"axis":"z","origin":[15.94186,3.25,12.64303]},"faces":{"north":{"uv":[8,7.25,10.5,7.75],"texture":"#0"},"east":{"uv":[4.5,9,6.25,9.5],"texture":"#0"},"south":{"uv":[8,7.25,10.5,7.75],"texture":"#0"},"west":{"uv":[4.5,9,6.25,9.5],"texture":"#0"},"up":{"uv":[5,6.5,2.5,4.75],"texture":"#0"},"down":{"uv":[5,6.5,2.5,4.75],"texture":"#0"}}},{"from":[17.00289,8.50699,11.75],"to":[18.50289,8.50699,18.75],"rotation":{"angle":45,"axis":"z","origin":[15.94186,3.25,12.64303]},"faces":{"up":{"uv":[0.375,1.75,0,0],"texture":"#0"},"down":{"uv":[0.375,0,0,1.75],"texture":"#0"}}},{"from":[1.92659,0.999,19.54197],"to":[3.42659,0.999,26.54197],"rotation":{"angle":-22.5,"axis":"y","origin":[4.48763,-4.25799,20.185]},"faces":{"up":{"uv":[0,1.75,0.375,0],"texture":"#0"},"down":{"uv":[0,0,0.375,1.75],"texture":"#0"}}},{"from":[11.59575,0.999,23.0323],"to":[13.09575,0.999,30.0323],"rotation":{"angle":-22.5,"axis":"y","origin":[12.34575,1.999,26.5323]},"faces":{"up":{"uv":[0,1.75,0.375,0],"rotation":180,"texture":"#0"},"down":{"uv":[0,0,0.375,1.75],"rotation":180,"texture":"#0"}}},{"from":[2,0,21],"to":[12,2,28],"rotation":{"angle":-22.5,"axis":"y","origin":[7.43934,1.18198,24.5]},"faces":{"north":{"uv":[10.5,7.25,8,7.75],"texture":"#0"},"east":{"uv":[6.25,9,4.5,9.5],"texture":"#0"},"south":{"uv":[8,7.25,10.5,7.75],"texture":"#0"},"west":{"uv":[4.5,9,6.25,9.5],"texture":"#0"},"up":{"uv":[5,6.5,2.5,4.75],"texture":"#0"},"down":{"uv":[7.5,4.75,5,6.5],"texture":"#0"}}},{"from":[13.97367,5,13.18102],"to":[17.97367,7,19.18102],"rotation":{"angle":-22.5,"axis":"y","origin":[15.94186,3.25,12.64303]},"faces":{"north":{"uv":[1,10.5,2,11],"texture":"#0"},"east":{"uv":[4.5,9.5,6,10],"texture":"#0"},"south":{"uv":[1,10.5,2,11],"texture":"#0"},"west":{"uv":[4.5,9.5,6,10],"texture":"#0"},"up":{"uv":[4.5,8.75,3,7.75],"rotation":90,"texture":"#0"},"down":{"uv":[4.5,8.75,3,7.75],"rotation":90,"texture":"#0"}}},{"from":[9.6775,4.72141,8],"to":[15.6775,6.72141,12],"rotation":{"angle":-45,"axis":"z","origin":[9.1395,2.97141,10.03181]},"faces":{"north":{"uv":[4.5,9.5,6,10],"texture":"#0"},"east":{"uv":[1,10.5,2,11],"texture":"#0"},"south":{"uv":[4.5,9.5,6,10],"texture":"#0"},"west":{"uv":[1,10.5,2,11],"texture":"#0"},"up":{"uv":[4.5,8.75,3,7.75],"texture":"#0"},"down":{"uv":[4.5,8.75,3,7.75],"rotation":180,"texture":"#0"}}},{"from":[8.27349,0,10.33079],"to":[14.27349,2,14.33079],"rotation":{"angle":45,"axis":"y","origin":[7.7355,-1.75,12.36259]},"faces":{"north":{"uv":[4.5,9.5,6,10],"texture":"#0"},"east":{"uv":[1,10.5,2,11],"texture":"#0"},"south":{"uv":[4.5,9.5,6,10],"texture":"#0"},"west":{"uv":[1,10.5,2,11],"texture":"#0"},"up":{"uv":[4.5,8.75,3,7.75],"texture":"#0"},"down":{"uv":[4.5,8.75,3,7.75],"rotation":180,"texture":"#0"}}},{"from":[7.97367,1,18.18102],"to":[11.97367,3,24.18102],"rotation":{"angle":-22.5,"axis":"x","origin":[9.97367,2,21.18102]},"faces":{"north":{"uv":[1,10.5,2,11],"texture":"#0"},"east":{"uv":[4.5,9.5,6,10],"texture":"#0"},"south":{"uv":[1,10.5,2,11],"texture":"#0"},"west":{"uv":[4.5,9.5,6,10],"texture":"#0"},"up":{"uv":[4.5,8.75,3,7.75],"rotation":90,"texture":"#0"},"down":{"uv":[4.5,8.75,3,7.75],"rotation":90,"texture":"#0"}}},{"from":[15,0,21],"to":[21,2,25],"rotation":{"angle":45,"axis":"y","origin":[18,1,23]},"faces":{"north":{"uv":[4.5,9.5,6,10],"texture":"#0"},"east":{"uv":[1,10.5,2,11],"texture":"#0"},"south":{"uv":[4.5,9.5,6,10],"texture":"#0"},"west":{"uv":[1,10.5,2,11],"texture":"#0"},"up":{"uv":[4.5,8.75,3,7.75],"texture":"#0"},"down":{"uv":[6,7.75,4.5,8.75],"texture":"#0"}}},{"from":[19,1,20],"to":[25,3,24],"rotation":{"angle":-22.5,"axis":"z","origin":[22,2,22]},"faces":{"north":{"uv":[4.5,9.5,6,10],"texture":"#0"},"east":{"uv":[1,10.5,2,11],"texture":"#0"},"south":{"uv":[4.5,9.5,6,10],"texture":"#0"},"west":{"uv":[1,10.5,2,11],"texture":"#0"},"up":{"uv":[4.5,8.75,3,7.75],"texture":"#0"},"down":{"uv":[4.5,8.75,3,7.75],"texture":"#0"}}},{"from":[9.5,1.60064,5.27835],"to":[11,3.10064,18.27835],"rotation":{"angle":22.5,"axis":"x","origin":[15.94186,3.25,12.64303]},"faces":{"north":{"uv":[4.875,11.125,4.5,10.75],"texture":"#0"},"east":{"uv":[3,8.75,3.375,12],"rotation":90,"texture":"#0"},"south":{"uv":[4.875,11.125,4.5,10.75],"texture":"#0"},"west":{"uv":[3,12,3.375,8.75],"rotation":90,"texture":"#0"},"up":{"uv":[3,8.75,3.375,12],"texture":"#0"},"down":{"uv":[3,12,3.375,8.75],"texture":"#0"}}},{"from":[14.5,-0.38532,18.99367],"to":[16,12.61468,20.49367],"rotation":{"angle":-22.5,"axis":"x","origin":[20.94186,5.25,20.64303]},"faces":{"north":{"uv":[3,8.75,3.375,12],"texture":"#0"},"east":{"uv":[3,8.75,3.375,12],"texture":"#0"},"south":{"uv":[3,8.75,3.375,12],"texture":"#0"},"west":{"uv":[3,8.75,3.375,12],"texture":"#0"},"up":{"uv":[4.875,11.125,4.5,10.75],"texture":"#0"},"down":{"uv":[5.375,10.75,5,11.125],"texture":"#0"}}},{"from":[18.4753,0,2.71813],"to":[24.4753,1,18.71813],"rotation":{"angle":0,"axis":"y","origin":[15.94186,3.25,12.64303]},"faces":{"north":{"uv":[4.5,10.5,6,10.75],"texture":"#0"},"east":{"uv":[8.25,3.5,12.25,3.75],"texture":"#0"},"south":{"uv":[10.5,2.5,12,2.75],"texture":"#0"},"west":{"uv":[8.25,3.75,12.25,4],"texture":"#0"},"up":{"uv":[7,1.5,3,0],"rotation":90,"texture":"#0"},"down":{"uv":[3,1.5,7,0],"rotation":90,"texture":"#0"}}},{"from":[10.21993,1,2.72514],"to":[26.21993,2,8.72514],"rotation":{"angle":-45,"axis":"y","origin":[15.94186,3.25,12.64303]},"faces":{"north":{"uv":[8.25,3.5,12.25,3.75],"texture":"#0"},"east":{"uv":[10.5,2.5,12,2.75],"texture":"#0"},"south":{"uv":[8.25,3.75,12.25,4],"texture":"#0"},"west":{"uv":[4.5,10.5,6,10.75],"texture":"#0"},"up":{"uv":[7,1.5,3,0],"texture":"#0"},"down":{"uv":[7,0,3,1.5],"texture":"#0"}}},{"from":[13.5,0,25.25],"to":[15.5,1,27.25],"rotation":{"angle":0,"axis":"y","origin":[13,0,25]},"faces":{"north":{"uv":[2.25,10.25,2.75,10.5],"texture":"#0"},"east":{"uv":[2.25,10.25,2.75,10.5],"texture":"#0"},"south":{"uv":[2.25,10.25,2.75,10.5],"texture":"#0"},"west":{"uv":[2.25,10.25,2.75,10.5],"texture":"#0"},"up":{"uv":[3,4.5,2.5,4],"texture":"#0"},"down":{"uv":[11,7,10.5,7.5],"texture":"#0"}}},{"from":[14.5,7,14.25],"to":[16.5,8,16.25],"rotation":{"angle":0,"axis":"y","origin":[14,7,14]},"faces":{"north":{"uv":[2.25,10.25,2.75,10.5],"texture":"#0"},"east":{"uv":[2.25,10.25,2.75,10.5],"texture":"#0"},"south":{"uv":[2.25,10.25,2.75,10.5],"texture":"#0"},"west":{"uv":[2.25,10.25,2.75,10.5],"texture":"#0"},"up":{"uv":[3,4.5,2.5,4],"texture":"#0"},"down":{"uv":[11,7,10.5,7.5],"texture":"#0"}}},{"from":[11.5,0,3],"to":[14.5,2,6],"rotation":{"angle":-45,"axis":"y","origin":[12.5,0,4]},"faces":{"north":{"uv":[2.25,9.75,3,10.25],"texture":"#0"},"east":{"uv":[10.5,4.5,11.25,5],"texture":"#0"},"south":{"uv":[10.5,5,11.25,5.5],"texture":"#0"},"west":{"uv":[10.5,5.5,11.25,6],"texture":"#0"},"up":{"uv":[2.5,6.5,1.75,5.75],"texture":"#0"},"down":{"uv":[0.75,9.75,0,10.5],"texture":"#0"}}},{"from":[2,0,15.20711],"to":[5,2,18.20711],"rotation":{"angle":0,"axis":"y","origin":[3.5,1,16.70711]},"faces":{"north":{"uv":[6,10.5,6.75,11],"texture":"#0"},"east":{"uv":[10.5,6,11.25,6.5],"texture":"#0"},"south":{"uv":[10.5,6.5,11.25,7],"texture":"#0"},"west":{"uv":[6.75,10.5,7.5,11],"texture":"#0"},"up":{"uv":[1.5,10.5,0.75,9.75],"texture":"#0"},"down":{"uv":[2.25,9.75,1.5,10.5],"texture":"#0"}}},{"from":[3,0,13.20711],"to":[5,1,15.20711],"rotation":{"angle":0,"axis":"y","origin":[3.5,1,13.70711]},"faces":{"north":{"uv":[2.25,10.25,2.75,10.5],"texture":"#0"},"east":{"uv":[2.25,10.25,2.75,10.5],"texture":"#0"},"south":{"uv":[2.25,10.25,2.75,10.5],"texture":"#0"},"west":{"uv":[2.25,10.25,2.75,10.5],"texture":"#0"},"up":{"uv":[11,10,10.5,9.5],"texture":"#0"},"down":{"uv":[10.5,10.5,10,11],"texture":"#0"}}},{"from":[8.5,0,4],"to":[10.5,1,6],"rotation":{"angle":-45,"axis":"y","origin":[8.5,0,4]},"faces":{"north":{"uv":[2.25,10.25,2.75,10.5],"texture":"#0"},"east":{"uv":[2.25,10.25,2.75,10.5],"texture":"#0"},"south":{"uv":[2.25,10.25,2.75,10.5],"texture":"#0"},"west":{"uv":[2.25,10.25,2.75,10.5],"texture":"#0"},"up":{"uv":[11,9.5,10.5,9],"texture":"#0"},"down":{"uv":[10,10.5,9.5,11],"texture":"#0"}}},{"from":[26,0,18],"to":[28,1,20],"rotation":{"angle":22.5,"axis":"y","origin":[27,0.5,19]},"faces":{"north":{"uv":[2.25,10.25,2.75,10.5],"texture":"#0"},"east":{"uv":[2.25,10.25,2.75,10.5],"texture":"#0"},"south":{"uv":[2.25,10.25,2.75,10.5],"texture":"#0"},"west":{"uv":[2.25,10.25,2.75,10.5],"texture":"#0"},"up":{"uv":[11,9,10.5,8.5],"texture":"#0"},"down":{"uv":[9.5,10.5,9,11],"texture":"#0"}}}],"gui_light":"front","display":{"thirdperson_righthand":{"rotation":[67.5,0,0],"translation":[-2.25,4.5,0],"scale":[0.26953,0.26953,0.26953]},"thirdperson_lefthand":{"rotation":[67.5,0,0],"translation":[1.25,4.5,0],"scale":[0.26953,0.26953,0.26953]},"firstperson_righthand":{"translation":[-1.25,5.25,0],"scale":[0.24414,0.24414,0.24414]},"firstperson_lefthand":{"translation":[1.5,5.25,0],"scale":[0.24414,0.24414,0.24414]},"ground":{"translation":[-3,6,-3.75],"scale":[0.45,0.45,0.45]},"gui":{"rotation":[30,135,0],"translation":[-0.5,-0.25,0],"scale":[0.4707,0.4707,0.4707]},"head":{"translation":[-25.5,-30.4,0],"scale":[1.6,1.6,1.6]},"fixed":{"rotation":[-90,0,0],"translation":[0,0,-16],"scale":[2,2,2]}}}