{"credit":"Made with Blockbench","texture_size":[64,64],"textures":{"0":"elitecreatures:zombie_apocalypse_decoration_v1/zagarbage2texture","1":"elitecreatures:zombie_apocalypse_decoration_v1/zaflyanimation01","particle":"elitecreatures:zombie_apocalypse_decoration_v1/zaflyanimation01"},"elements":[{"from":[2,0,7.1],"to":[12,5,17.1],"rotation":{"angle":-22.5,"axis":"y","origin":[7,4.5,12.1]},"faces":{"north":{"uv":[7.5,3,10,4.25],"texture":"#0"},"east":{"uv":[8.75,7.5,11.25,8.75],"texture":"#0"},"south":{"uv":[8.75,8.75,11.25,10],"texture":"#0"},"west":{"uv":[0,9.5,2.5,10.75],"texture":"#0"},"up":{"uv":[2.5,2.5,0,0],"texture":"#0"},"down":{"uv":[2.5,2.5,0,5],"texture":"#0"}}},{"from":[5.5,6,10.35],"to":[8.5,7,13.85],"rotation":{"angle":0,"axis":"y","origin":[7,4.5,12.1]},"faces":{"north":{"uv":[11.25,1.5,12,1.75],"texture":"#0"},"east":{"uv":[7.5,4.25,8.375,4.5],"texture":"#0"},"south":{"uv":[12,9.75,12.75,10],"texture":"#0"},"west":{"uv":[8.5,4.25,9.375,4.5],"texture":"#0"},"up":{"uv":[4.75,10.375,4,9.5],"texture":"#0"},"down":{"uv":[3.75,11.25,3,12.125],"texture":"#0"}}},{"from":[6,5,10.85],"to":[8,6,13.35],"rotation":{"angle":0,"axis":"y","origin":[7,4.5,12.1]},"faces":{"north":{"uv":[8.25,9.75,8.75,10],"texture":"#0"},"east":{"uv":[4.25,12.25,4.875,12.5],"texture":"#0"},"south":{"uv":[7.25,12.25,7.75,12.5],"texture":"#0"},"west":{"uv":[5,12.25,5.625,12.5],"texture":"#0"},"up":{"uv":[8.25,11.875,7.75,11.25],"texture":"#0"},"down":{"uv":[8.25,12,7.75,12.625],"texture":"#0"}}},{"from":[-6,0,12],"to":[4,9,22],"rotation":{"angle":0,"axis":"y","origin":[-1,7.5,17]},"faces":{"north":{"uv":[0,5,2.5,7.25],"texture":"#0"},"east":{"uv":[5,0,7.5,2.25],"texture":"#0"},"south":{"uv":[5,2.25,7.5,4.5],"texture":"#0"},"west":{"uv":[2.5,5,5,7.25],"texture":"#0"},"up":{"uv":[5,2.5,2.5,0],"texture":"#0"},"down":{"uv":[5,2.5,2.5,5],"texture":"#0"}}},{"from":[-5.35406,0,22.78837],"to":[0.14594,7,28.28837],"rotation":{"angle":0,"axis":"y","origin":[-2.35406,5.78033,25.78837]},"faces":{"north":{"uv":[9.5,4.25,10.875,6],"texture":"#0"},"east":{"uv":[9.75,0,11.125,1.75],"texture":"#0"},"south":{"uv":[9.5,4.25,10.875,6],"texture":"#0"},"west":{"uv":[9.75,0,11.125,1.75],"texture":"#0"},"up":{"uv":[12.375,5.125,11,3.75],"texture":"#0"},"down":{"uv":[9.625,11,8.25,12.375],"texture":"#0"}}},{"from":[-1.59518,8.76409,22.78837],"to":[-1.59518,11.76409,28.28837],"rotation":{"angle":-45,"axis":"z","origin":[-2.85406,5.78033,25.78837]},"faces":{"north":{"uv":[0,0,0,0.75],"texture":"#0"},"east":{"uv":[11.25,11,12.625,11.75],"texture":"#0"},"south":{"uv":[0,0,0,0.75],"texture":"#0"},"west":{"uv":[11.25,8.75,12.625,9.5],"texture":"#0"},"up":{"uv":[0,1.375,0,0],"texture":"#0"},"down":{"uv":[0,0,0,1.375],"texture":"#0"}}},{"from":[-6.41472,6.56066,22.78837],"to":[-6.41472,9.56066,28.28837],"rotation":{"angle":45,"axis":"z","origin":[-6.41472,8.06066,25.53837]},"faces":{"north":{"uv":[0,0,0,0.75],"texture":"#0"},"east":{"uv":[11.25,8.75,12.625,9.5],"texture":"#0"},"south":{"uv":[0,0,0,0.75],"texture":"#0"},"west":{"uv":[11.25,11,12.625,11.75],"texture":"#0"},"up":{"uv":[0,1.375,0,0],"texture":"#0"},"down":{"uv":[0,0,0,1.375],"texture":"#0"}}},{"from":[-2.5,10,15.25],"to":[0.5,11,18.75],"rotation":{"angle":22.5,"axis":"y","origin":[-1,7.5,17]},"faces":{"north":{"uv":[0.75,12.25,1.5,12.5],"texture":"#0"},"east":{"uv":[4,10.5,4.875,10.75],"texture":"#0"},"south":{"uv":[1.5,12.25,2.25,12.5],"texture":"#0"},"west":{"uv":[12,2.25,12.875,2.5],"texture":"#0"},"up":{"uv":[7.75,12.125,7,11.25],"texture":"#0"},"down":{"uv":[12,11.75,11.25,12.625],"texture":"#0"}}},{"from":[-2.25,9,16],"to":[0.25,10,18],"rotation":{"angle":-45,"axis":"y","origin":[-1,7.5,17]},"faces":{"north":{"uv":[5.75,12.25,6.375,12.5],"texture":"#0"},"east":{"uv":[12.5,3.75,13,4],"texture":"#0"},"south":{"uv":[6.5,12.25,7.125,12.5],"texture":"#0"},"west":{"uv":[12.5,4,13,4.25],"texture":"#0"},"up":{"uv":[10.625,4.25,10,3.75],"texture":"#0"},"down":{"uv":[2.125,10.75,1.5,11.25],"texture":"#0"}}},{"from":[-11.09644,-0.025,6.68529],"to":[-5.59644,5.975,15.68529],"rotation":{"angle":-22.5,"axis":"y","origin":[-8.59644,2.975,11.18529]},"faces":{"north":{"uv":[9.75,11,11.125,12.5],"texture":"#0"},"east":{"uv":[7.5,1.5,9.75,3],"texture":"#0"},"south":{"uv":[9.75,11,11.125,12.5],"texture":"#0"},"west":{"uv":[7.5,1.5,9.75,3],"texture":"#0"},"up":{"uv":[4.875,9.5,3.5,7.25],"texture":"#0"},"down":{"uv":[8.625,7.5,7.25,9.75],"texture":"#0"}}},{"from":[-10.91446,0,15.62463],"to":[-4.91446,4,21.62463],"rotation":{"angle":22.5,"axis":"y","origin":[-8.91446,2,20.62463]},"faces":{"north":{"uv":[1.5,11.25,3,12.25],"texture":"#0"},"east":{"uv":[11.25,5.25,12.75,6.25],"texture":"#0"},"south":{"uv":[5.5,11.25,7,12.25],"texture":"#0"},"west":{"uv":[11.25,6.25,12.75,7.25],"texture":"#0"},"up":{"uv":[1.5,12.25,0,10.75],"texture":"#0"},"down":{"uv":[5.5,10.75,4,12.25],"texture":"#0"}}},{"from":[-8.41446,4,17.62463],"to":[-6.91446,4.5,19.62463],"rotation":{"angle":22.5,"axis":"y","origin":[-8.91446,2,20.62463]},"faces":{"north":{"uv":[12.5,4.75,12.875,4.875],"texture":"#0"},"east":{"uv":[12.5,4.5,13,4.625],"texture":"#0"},"south":{"uv":[12.5,5,12.875,5.125],"texture":"#0"},"west":{"uv":[4.75,12.5,5.25,12.625],"texture":"#0"},"up":{"uv":[3.375,12.75,3,12.25],"texture":"#0"},"down":{"uv":[12.625,3,12.25,3.5],"texture":"#0"}}},{"from":[-8.91446,4.5,17.12463],"to":[-6.41446,5.5,20.12463],"rotation":{"angle":22.5,"axis":"y","origin":[-8.91446,2,20.62463]},"faces":{"north":{"uv":[2.25,12.5,2.875,12.75],"texture":"#0"},"east":{"uv":[3.5,12.25,4.25,12.5],"texture":"#0"},"south":{"uv":[3.5,12.5,4.125,12.75],"texture":"#0"},"west":{"uv":[12.25,3.5,13,3.75],"texture":"#0"},"up":{"uv":[7.125,9.75,6.5,9],"texture":"#0"},"down":{"uv":[0.625,12.25,0,13],"texture":"#0"}}},{"from":[-5,0,3],"to":[4,4,12],"rotation":{"angle":0,"axis":"y","origin":[-1.5,2,6.5]},"faces":{"north":{"uv":[9.75,1.75,12,2.75],"texture":"#0"},"east":{"uv":[10,2.75,12.25,3.75],"texture":"#0"},"south":{"uv":[8.25,10,10.5,11],"texture":"#0"},"west":{"uv":[10.5,10,12.75,11],"texture":"#0"},"up":{"uv":[7.25,6.75,5,4.5],"texture":"#0"},"down":{"uv":[7.25,6.75,5,9],"texture":"#0"}}},{"from":[-2.25,5,6],"to":[1.25,6,9],"rotation":{"angle":0,"axis":"y","origin":[-1.5,2,6.5]},"faces":{"north":{"uv":[12,2.5,12.875,2.75],"texture":"#0"},"east":{"uv":[2.25,12.25,3,12.5],"texture":"#0"},"south":{"uv":[12,9.5,12.875,9.75],"texture":"#0"},"west":{"uv":[12.25,2.75,13,3],"texture":"#0"},"up":{"uv":[12.875,2.25,12,1.5],"texture":"#0"},"down":{"uv":[12.875,11.75,12,12.5],"texture":"#0"}}},{"from":[-1.75,4,6.5],"to":[0.75,5,8.5],"rotation":{"angle":0,"axis":"y","origin":[-1.5,2,6.5]},"faces":{"north":{"uv":[0.75,12.5,1.375,12.75],"texture":"#0"},"east":{"uv":[4.25,12.5,4.75,12.75],"texture":"#0"},"south":{"uv":[1.5,12.5,2.125,12.75],"texture":"#0"},"west":{"uv":[12.5,4.25,13,4.5],"texture":"#0"},"up":{"uv":[6.125,11.25,5.5,10.75],"texture":"#0"},"down":{"uv":[11.875,9.5,11.25,10],"texture":"#0"}}},{"from":[3,-0.025,17],"to":[9.5,5.975,26],"rotation":{"angle":-45,"axis":"y","origin":[5.5,0.975,22.5]},"faces":{"north":{"uv":[9.5,6,11.125,7.5],"texture":"#0"},"east":{"uv":[7.25,4.5,9.5,6],"texture":"#0"},"south":{"uv":[9.5,6,11.125,7.5],"texture":"#0"},"west":{"uv":[7.25,4.5,9.5,6],"texture":"#0"},"up":{"uv":[1.625,9.5,0,7.25],"texture":"#0"},"down":{"uv":[3.375,7.25,1.75,9.5],"texture":"#0"}}},{"from":[11,0,16],"to":[15,4.5,20],"faces":{"north":{"uv":[12.25,0,13.25,1.125],"texture":"#0"},"east":{"uv":[11.25,0,12.25,1.125],"texture":"#0"},"south":{"uv":[13.25,0,14.25,1.125],"texture":"#0"},"west":{"uv":[12.25,0,11.25,1.125],"texture":"#0"},"up":{"uv":[12.875,1.125,13.875,2.125],"texture":"#0"},"down":{"uv":[13.875,1.125,14.875,2.125],"texture":"#0"}}},{"from":[-5,4.75,24],"to":[-1,9.25,28],"rotation":{"angle":0,"axis":"y","origin":[-3,7,26]},"faces":{"north":{"uv":[12.25,0,11.25,1.125],"texture":"#0"},"east":{"uv":[12.25,0,13.25,1.125],"texture":"#0"},"south":{"uv":[11.25,0,12.25,1.125],"texture":"#0"},"west":{"uv":[13.25,0,14.25,1.125],"texture":"#0"},"up":{"uv":[12.875,1.125,13.875,2.125],"rotation":90,"texture":"#0"},"down":{"uv":[13.875,1.125,14.875,2.125],"rotation":270,"texture":"#0"}}},{"from":[-7.89166,0,22.73603],"to":[-5.89166,6,24.73603],"rotation":{"angle":45,"axis":"y","origin":[-7.89166,1,23.73603]},"faces":{"north":{"uv":[13,2.125,13.5,3.625],"texture":"#0"},"east":{"uv":[13,2.125,13.5,3.625],"texture":"#0"},"south":{"uv":[13,2.125,13.5,3.625],"texture":"#0"},"west":{"uv":[13,2.125,13.5,3.625],"texture":"#0"},"up":{"uv":[13.5,2.125,14,2.625],"texture":"#0"},"down":{"uv":[13.5,2.125,14,2.625],"texture":"#0"}}},{"from":[2,0.025,2],"to":[8,0.025,8],"rotation":{"angle":22.5,"axis":"y","origin":[8,0,1]},"faces":{"north":{"uv":[9.375,0.125,10.875,0.125],"texture":"#missing"},"east":{"uv":[9.375,0.125,10.875,0.125],"texture":"#missing"},"south":{"uv":[9.375,0.125,10.875,0.125],"texture":"#missing"},"west":{"uv":[9.375,0.125,10.875,0.125],"texture":"#missing"},"up":{"uv":[8.25,0,9.75,1.5],"texture":"#0"},"down":{"uv":[8.25,0,9.75,1.5],"texture":"#0"}}},{"from":[-1.60406,6,23.53837],"to":[-0.10406,16,25.03837],"rotation":{"angle":-22.5,"axis":"x","origin":[-0.85406,8,26.28837]},"faces":{"north":{"uv":[15.625,0,16,2.5],"texture":"#0"},"east":{"uv":[16,0,15.625,2.5],"texture":"#0"},"south":{"uv":[15.625,0,16,2.5],"texture":"#0"},"west":{"uv":[16,0,15.625,2.5],"texture":"#0"},"up":{"uv":[14.25,0,14.625,0.375],"texture":"#0"},"down":{"uv":[14.25,0,14.625,0.375],"texture":"#0"}}},{"from":[-1.60406,6,25.28837],"to":[-0.10406,16,26.78837],"rotation":{"angle":-22.5,"axis":"x","origin":[-0.85406,8,28.03837]},"faces":{"north":{"uv":[15.625,0,16,2.5],"texture":"#0"},"east":{"uv":[16,0,15.625,2.5],"texture":"#0"},"south":{"uv":[15.625,0,16,2.5],"texture":"#0"},"west":{"uv":[16,0,15.625,2.5],"texture":"#0"},"up":{"uv":[14.25,0,14.625,0.375],"texture":"#0"},"down":{"uv":[14.25,0,14.625,0.375],"texture":"#0"}}},{"from":[-7.30839,3.525,4.08485],"to":[-7.30839,5.525,4.58485],"rotation":{"angle":-45,"axis":"y","origin":[-7.30839,3.025,4.33485]},"faces":{"north":{"uv":[10.625,0,10.625,0.5],"texture":"#0"},"east":{"uv":[15,0,15.125,0.5],"texture":"#0"},"south":{"uv":[10.625,0,10.625,0.5],"texture":"#0"},"west":{"uv":[15,0,15.125,0.5],"texture":"#0"},"up":{"uv":[10.625,0.125,10.625,0],"texture":"#0"},"down":{"uv":[10.625,0,10.625,0.125],"texture":"#0"}}},{"from":[-8.55839,3.025,3.08485],"to":[-6.05839,3.525,5.58485],"rotation":{"angle":-45,"axis":"y","origin":[-7.30839,3.025,4.33485]},"faces":{"north":{"uv":[14.25,1,14.875,1.125],"texture":"#0"},"east":{"uv":[14.25,1,14.875,1.125],"texture":"#0"},"south":{"uv":[14.25,1,14.875,1.125],"texture":"#0"},"west":{"uv":[14.25,1,14.875,1.125],"texture":"#0"},"up":{"uv":[14.875,1,14.25,0.375],"texture":"#0"},"down":{"uv":[14.875,1,14.25,0.375],"texture":"#0"}}},{"from":[-8.30839,0.025,3.33485],"to":[-6.30839,3.025,5.33485],"rotation":{"angle":-45,"axis":"y","origin":[-7.30839,3.025,4.33485]},"faces":{"north":{"uv":[15.625,0,15.125,0.75],"texture":"#0"},"east":{"uv":[15.125,0,15.625,0.75],"texture":"#0"},"south":{"uv":[15.625,0,15.125,0.75],"texture":"#0"},"west":{"uv":[15.125,0,15.625,0.75],"texture":"#0"},"up":{"uv":[15.625,1.25,15.125,0.75],"texture":"#0"},"down":{"uv":[15.625,0.75,15.125,1.25],"texture":"#0"}}},{"from":[4.88268,0.026,4.17388],"to":[8.88268,2.026,6.17388],"rotation":{"angle":-22.5,"axis":"y","origin":[8.13268,1.026,5.17388]},"faces":{"north":{"uv":[15.125,1.25,15.625,2.25],"rotation":270,"texture":"#0"},"east":{"uv":[14.5,2.625,14,2.125],"rotation":90,"texture":"#0"},"south":{"uv":[15.125,1.25,15.625,2.25],"rotation":90,"texture":"#0"},"west":{"uv":[14.5,2.125,15,2.625],"rotation":90,"texture":"#0"},"up":{"uv":[15.625,1.25,15.125,2.25],"rotation":90,"texture":"#0"},"down":{"uv":[15.625,1.25,15.125,2.25],"rotation":90,"texture":"#0"}}},{"from":[8.88268,0.526,4.67388],"to":[9.88268,1.526,5.67388],"rotation":{"angle":-22.5,"axis":"y","origin":[8.13268,1.026,5.17388]},"faces":{"north":{"uv":[15.25,2.75,15.5,3],"rotation":270,"texture":"#0"},"east":{"uv":[16,4.5,15.75,4.25],"rotation":90,"texture":"#0"},"south":{"uv":[15.5,3,15.25,2.75],"rotation":270,"texture":"#0"},"up":{"uv":[15.5,3,15.25,2.75],"rotation":270,"texture":"#0"},"down":{"uv":[15.5,3,15.25,2.75],"rotation":270,"texture":"#0"}}},{"from":[-7.5,12,15],"to":[1.5,20,15],"rotation":{"angle":0,"axis":"y","origin":[-11,7,7]},"faces":{"north":{"uv":[9,0,0,8],"texture":"#1"},"east":{"uv":[0,0,0,2],"texture":"#missing"},"south":{"uv":[9,0,0,8],"texture":"#1"},"west":{"uv":[0,0,0,2],"texture":"#missing"},"up":{"uv":[0,0,2.25,0],"texture":"#missing"},"down":{"uv":[0,0,2.25,0],"texture":"#missing"}}},{"from":[-8.5,6,8],"to":[0.5,14,8],"rotation":{"angle":0,"axis":"y","origin":[-12,1,0]},"faces":{"north":{"uv":[0,8,9,0],"texture":"#1"},"east":{"uv":[0,0,0,2],"texture":"#missing"},"south":{"uv":[9,8,0,0],"texture":"#1"},"west":{"uv":[0,0,0,2],"texture":"#missing"},"up":{"uv":[0,0,2.25,0],"texture":"#missing"},"down":{"uv":[0,0,2.25,0],"texture":"#missing"}}},{"from":[4.5,6,15],"to":[13.5,14,15],"rotation":{"angle":0,"axis":"y","origin":[1,1,7]},"faces":{"north":{"uv":[0,0,9,8],"texture":"#1"},"east":{"uv":[0,0,0,2],"texture":"#missing"},"south":{"uv":[9,0,0,8],"texture":"#1"},"west":{"uv":[0,0,0,2],"texture":"#missing"},"up":{"uv":[0,0,2.25,0],"texture":"#missing"},"down":{"uv":[0,0,2.25,0],"texture":"#missing"}}}],"gui_light":"front","display":{"thirdperson_righthand":{"rotation":[67.5,0,0],"translation":[1.5,4.75,-0.75],"scale":[0.23047,0.23047,0.23047]},"thirdperson_lefthand":{"rotation":[67.5,0,0],"translation":[-1.5,4.75,-0.75],"scale":[0.23047,0.23047,0.23047]},"firstperson_righthand":{"translation":[1.25,4.75,0],"scale":[0.24219,0.24219,0.24219]},"firstperson_lefthand":{"translation":[-2.5,4.75,0],"scale":[0.24219,0.24219,0.24219]},"ground":{"translation":[3,6,-3.25],"scale":[0.45,0.45,0.45]},"gui":{"rotation":[30,135,0],"translation":[-5.25,1.25,0],"scale":[0.5,0.5,0.5]},"head":{"rotation":[0,90,0],"translation":[0,-30.4,0],"scale":[1.6,1.6,1.6]},"fixed":{"rotation":[-90,0,0],"translation":[0,0,-16],"scale":[2,2,2]}}}