{"credit":"Made with Blockbench","texture_size":[32,32],"textures":{"1":"elitecreatures:zombie_apocalypse_decoration_v1/zaflyanimation01","2":"elitecreatures:zombie_apocalypse_decoration_v1/zagarbage1texture","particle":"elitecreatures:zombie_apocalypse_decoration_v1/zaflyanimation01"},"elements":[{"from":[4.5,0,4],"to":[11.5,4,12],"rotation":{"angle":0,"axis":"y","origin":[7.83694,4.3,8.09567]},"faces":{"north":{"uv":[0,4,3.5,6],"texture":"#2"},"east":{"uv":[3.5,0,7.5,2],"texture":"#2"},"south":{"uv":[3.5,4,0,6],"texture":"#2"},"west":{"uv":[3.5,2,7.5,4],"texture":"#2"},"up":{"uv":[3.5,4,0,0],"texture":"#2"},"down":{"uv":[12.5,0,16,4],"texture":"#2"}}},{"from":[6.5,5,6.75],"to":[9.5,6,9.25],"rotation":{"angle":22.5,"axis":"y","origin":[8,5,8]},"faces":{"north":{"uv":[10,4.5,11.5,5],"texture":"#2"},"east":{"uv":[3,10.5,4.25,11],"texture":"#2"},"south":{"uv":[10,9,11.5,9.5],"texture":"#2"},"west":{"uv":[4.5,10.5,5.75,11],"texture":"#2"},"up":{"uv":[9.5,6.25,8,5],"texture":"#2"},"down":{"uv":[9.5,6.5,8,7.75],"texture":"#2"}}},{"from":[7,4,7.25],"to":[9,5,8.75],"rotation":{"angle":22.5,"axis":"y","origin":[8,5,8]},"faces":{"north":{"uv":[10.5,5,11.5,5.5],"texture":"#2"},"east":{"uv":[10.5,6,11.25,6.5],"texture":"#2"},"south":{"uv":[10.5,5.5,11.5,6],"texture":"#2"},"west":{"uv":[10.5,6.5,11.25,7],"texture":"#2"}}},{"from":[11,0,2],"to":[14,2,4],"rotation":{"angle":-22.5,"axis":"y","origin":[13,0,0]},"faces":{"north":{"uv":[8.5,3,10,4],"texture":"#2"},"east":{"uv":[0,10,1,11],"texture":"#2"},"south":{"uv":[1,9,2.5,10],"texture":"#2"},"west":{"uv":[10,0,11,1],"texture":"#2"},"up":{"uv":[4,10,2.5,9],"texture":"#2"},"down":{"uv":[5.5,9,4,10],"texture":"#2"}}},{"from":[8.5,0,14],"to":[10.5,4,16],"rotation":{"angle":-22.5,"axis":"y","origin":[11.53694,2.51498,8.83505]},"faces":{"north":{"uv":[7,4,8,6],"texture":"#2"},"east":{"uv":[8.5,2,7.5,4],"texture":"#2"},"south":{"uv":[7.5,2,8.5,4],"texture":"#2"},"west":{"uv":[8.5,2,7.5,4],"texture":"#2"},"up":{"uv":[2,11,1,10],"texture":"#2"},"down":{"uv":[7.5,1,8.5,2],"texture":"#2"}}},{"from":[1.69161,0.025,4.33485],"to":[3.69161,3.025,6.33485],"rotation":{"angle":-22.5,"axis":"y","origin":[2.69161,1,5.33485]},"faces":{"north":{"uv":[10.5,6.5,9.5,8],"texture":"#2"},"east":{"uv":[9.5,5,10.5,6.5],"texture":"#2"},"south":{"uv":[10.5,6.5,9.5,8],"texture":"#2"},"west":{"uv":[9.5,6.5,10.5,8],"texture":"#2"},"up":{"uv":[11,2,10,1],"texture":"#2"},"down":{"uv":[3,10,2,11],"texture":"#2"}}},{"from":[1.44161,3.025,4.08485],"to":[3.94161,3.525,6.58485],"rotation":{"angle":-22.5,"axis":"y","origin":[2.69161,1,5.33485]},"faces":{"north":{"uv":[10.5,7,11.75,7.25],"texture":"#2"},"east":{"uv":[7.5,10.5,8.75,10.75],"texture":"#2"},"south":{"uv":[10.5,7.5,11.75,7.75],"texture":"#2"},"west":{"uv":[9,10.5,10.25,10.75],"texture":"#2"},"up":{"uv":[9.75,2.75,8.5,1.5],"texture":"#2"},"down":{"uv":[9.75,2.75,8.5,1.5],"texture":"#2"}}},{"from":[2.69161,3.525,5.08485],"to":[2.69161,5.525,5.58485],"rotation":{"angle":-22.5,"axis":"y","origin":[2.69161,1,5.33485]},"faces":{"north":{"uv":[0,0,0,1],"texture":"#2"},"east":{"uv":[10.5,10.5,10.75,11.5],"texture":"#2"},"south":{"uv":[0,0,0,1],"texture":"#2"},"west":{"uv":[0,11,0.25,12],"texture":"#2"},"up":{"uv":[0,0.25,0,0],"texture":"#2"},"down":{"uv":[0,0,0,0.25],"texture":"#2"}}},{"from":[1.75,0,7.5],"to":[4.25,1.5,10.5],"rotation":{"angle":22.5,"axis":"y","origin":[4,0.75,11]},"faces":{"north":{"uv":[10,3.5,11.25,4.25],"texture":"#2"},"east":{"uv":[7.5,9.5,9,10.25],"texture":"#2"},"south":{"uv":[10,8,11.25,8.75],"texture":"#2"},"west":{"uv":[9,9.5,10.5,10.25],"texture":"#2"},"up":{"uv":[8.25,9.5,7,8],"texture":"#2"},"down":{"uv":[9.75,0,8.5,1.5],"texture":"#2"}}},{"from":[9,4,14.5],"to":[10,5,15.5],"rotation":{"angle":-22.5,"axis":"y","origin":[11.53694,2.51498,8.83505]},"faces":{"north":{"uv":[5,10,5.5,10.5],"texture":"#2"},"east":{"uv":[5,10,5.5,10.5],"texture":"#2"},"south":{"uv":[6,10.5,6.5,11],"texture":"#2"},"west":{"uv":[10.5,9.5,11,10],"texture":"#2"},"up":{"uv":[11,10.5,10.5,10],"texture":"#2"}}},{"from":[11,-0.025,5],"to":[15,1.975,9],"faces":{"north":{"uv":[1,8,3,9],"texture":"#2"},"east":{"uv":[3,8,5,9],"texture":"#2"},"south":{"uv":[8,4,10,5],"texture":"#2"},"west":{"uv":[5,8,7,9],"texture":"#2"},"up":{"uv":[2,8,0,6],"texture":"#2"},"down":{"uv":[4,6,2,8],"texture":"#2"}}},{"from":[10,-0.025,9],"to":[14,0.975,13],"faces":{"north":{"uv":[10,2,12,2.5],"texture":"#2"},"east":{"uv":[10,2.5,12,3],"texture":"#2"},"south":{"uv":[3,10,5,10.5],"texture":"#2"},"west":{"uv":[10,3,12,3.5],"texture":"#2"},"up":{"uv":[6,8,4,6],"texture":"#2"},"down":{"uv":[8,6,6,8],"texture":"#2"}}},{"from":[3.5,5,8],"to":[12.5,13,8],"faces":{"north":{"uv":[0,0,9,8],"texture":"#1"},"east":{"uv":[0,0,0,4],"texture":"#2"},"south":{"uv":[9,0,0,8],"texture":"#1"},"west":{"uv":[0,0,0,4],"texture":"#2"},"up":{"uv":[0,0,4.5,0],"texture":"#2"},"down":{"uv":[0,0,4.5,0],"texture":"#2"}}}],"gui_light":"front","display":{"thirdperson_righthand":{"rotation":[67.5,0,0],"translation":[0,3.75,1.5],"scale":[0.41211,0.41211,0.41211]},"thirdperson_lefthand":{"rotation":[67.5,0,0],"translation":[0,3.75,1.5],"scale":[0.41211,0.41211,0.41211]},"firstperson_righthand":{"translation":[1.75,5.25,0],"scale":[0.52344,0.52344,0.52344]},"firstperson_lefthand":{"translation":[1.75,5.25,0],"scale":[0.52344,0.52344,0.52344]},"ground":{"translation":[0,6,0],"scale":[0.75,0.75,0.75]},"gui":{"rotation":[30,135,0],"translation":[0.5,4.25,0]},"head":{"rotation":[0,180,0],"translation":[0,-30.4,0],"scale":[1.6,1.6,1.6]},"fixed":{"rotation":[-90,0,0],"translation":[0,0,-16],"scale":[2,2,2]}}}