{"credit":"Made with Blockbench","texture_size":[32,32],"textures":{"0":"elitecreatures:zombie_apocalypse_decoration_v1/zagraffiti2texture","particle":"elitecreatures:zombie_apocalypse_decoration_v1/zagraffiti2texture"},"elements":[{"from":[-16,0.025,0],"to":[16,0.025,16],"faces":{"north":{"uv":[0,0,16,0],"texture":"#0"},"east":{"uv":[0,0,8,0],"texture":"#0"},"south":{"uv":[0,0,16,0],"texture":"#0"},"west":{"uv":[0,0,8,0],"texture":"#0"},"up":{"uv":[16,8,0,0],"texture":"#0"},"down":{"uv":[16,0,0,8],"texture":"#0"}}}],"gui_light":"front","display":{"thirdperson_righthand":{"rotation":[-22.5,0,0],"translation":[2.5,2,-0.5],"scale":[0.25391,0.25391,0.25391]},"thirdperson_lefthand":{"rotation":[-22.5,0,0],"translation":[-2,2,-0.5],"scale":[0.25391,0.25391,0.25391]},"firstperson_righthand":{"rotation":[90,0,180],"translation":[2,1,-8],"scale":[0.55273,0.55273,0.55273]},"firstperson_lefthand":{"rotation":[90,0,180],"translation":[11,1,-8],"scale":[0.55273,0.55273,0.55273]},"ground":{"translation":[4.5,6,0],"scale":[0.6,0.6,0.6]},"gui":{"rotation":[30,135,0],"translation":[-4.5,6.25,0],"scale":[0.70313,0.70313,0.70313]},"head":{"rotation":[90,180,0],"translation":[0,-30.4,0],"scale":[1.6,1.6,1.6]},"fixed":{"rotation":[-90,0,0],"translation":[0,0,-16],"scale":[2,2,2]}}}