{"credit":"Made with Blockbench","texture_size":[32,32],"textures":{"0":"elitecreatures:zombie_apocalypse_decoration_v1/zanewspaperstexture","particle":"elitecreatures:zombie_apocalypse_decoration_v1/zanewspaperstexture"},"elements":[{"from":[0.07193,0.05,6.38896],"to":[10.07193,0.05,15.38896],"rotation":{"angle":22.5,"axis":"y","origin":[5.07193,0.05,10.88896]},"faces":{"north":{"uv":[0,0,5,0],"texture":"#0"},"east":{"uv":[0,0,4.5,0],"texture":"#0"},"south":{"uv":[0,0,5,0],"texture":"#0"},"west":{"uv":[0,0,4.5,0],"texture":"#0"},"up":{"uv":[5,4.5,0,0],"texture":"#0"},"down":{"uv":[5,4.5,0,9],"texture":"#0"}}},{"from":[1.12568,0.05,1.57718],"to":[5.12568,0.05,5.57718],"rotation":{"angle":22.5,"axis":"y","origin":[3.12568,0.05,3.57718]},"faces":{"north":{"uv":[0,0,2,0],"texture":"#0"},"east":{"uv":[0,0,2,0],"texture":"#0"},"south":{"uv":[0,0,2,0],"texture":"#0"},"west":{"uv":[0,0,2,0],"texture":"#0"},"up":{"uv":[2,11,0,9],"texture":"#0"},"down":{"uv":[4,9,2,11],"texture":"#0"}}},{"from":[5,0.025,-1],"to":[15,0.025,8],"rotation":{"angle":-22.5,"axis":"y","origin":[3,0,8.5]},"faces":{"north":{"uv":[0,0,5,0],"texture":"#0"},"east":{"uv":[0,0,4.5,0],"texture":"#0"},"south":{"uv":[0,0,5,0],"texture":"#0"},"west":{"uv":[0,0,4.5,0],"texture":"#0"},"up":{"uv":[10,4.5,5,0],"texture":"#0"},"down":{"uv":[10,4.5,5,9],"texture":"#0"}}},{"from":[12,0,13],"to":[14,0.5,15],"rotation":{"angle":22.5,"axis":"y","origin":[13,0.5,14]},"faces":{"north":{"uv":[10,0,11,0.25],"texture":"#0"},"east":{"uv":[10,0,11,0.25],"texture":"#0"},"south":{"uv":[10,0,11,0.25],"texture":"#0"},"west":{"uv":[10,0,11,0.25],"texture":"#0"},"up":{"uv":[10,0.25,11,1.25],"texture":"#0"},"down":{"uv":[10,0.25,11,1.25],"texture":"#0"}}},{"from":[5.5,0,1],"to":[7,0.5,2.5],"rotation":{"angle":0,"axis":"y","origin":[13,0.25,14]},"faces":{"north":{"uv":[10,1.25,10.75,1.5],"texture":"#0"},"east":{"uv":[10,1.25,10.75,1.5],"texture":"#0"},"south":{"uv":[10,1.25,10.75,1.5],"texture":"#0"},"west":{"uv":[10,1.25,10.75,1.5],"texture":"#0"},"up":{"uv":[10,1.5,10.75,2.25],"texture":"#0"},"down":{"uv":[10,1.5,10.75,2.25],"texture":"#0"}}}],"gui_light":"front","display":{"thirdperson_righthand":{"rotation":[67.5,0,0],"translation":[0,3.75,2.5],"scale":[0.40234,0.40234,0.40234]},"thirdperson_lefthand":{"rotation":[67.5,0,0],"translation":[0,3.75,2.5],"scale":[0.40234,0.40234,0.40234]},"firstperson_righthand":{"translation":[1.75,5.75,0],"scale":[0.45117,0.45117,0.45117]},"firstperson_lefthand":{"translation":[1.75,5.75,0],"scale":[0.45117,0.45117,0.45117]},"ground":{"translation":[-0.25,6,0],"scale":[0.65,0.65,0.65]},"gui":{"rotation":[30,135,0],"translation":[-0.5,5,0],"scale":[0.76758,0.76758,0.76758]},"head":{"rotation":[0,180,0],"translation":[0,-30.4,0],"scale":[1.6,1.6,1.6]},"fixed":{"rotation":[-90,0,0],"translation":[0,0,-16],"scale":[2,2,2]}}}