{"credit":"Made with Blockbench","texture_size":[32,32],"textures":{"0":"elitecreatures:zombie_apocalypse_decoration_v1/zasirentexture","1":"elitecreatures:zombie_apocalypse_decoration_v1/zasirenanimation01","particle":"elitecreatures:zombie_apocalypse_decoration_v1/zasirentexture"},"elements":[{"from":[4.5,0,4.5],"to":[11.5,1,11.5],"faces":{"north":{"uv":[8.5,0.5,12,1],"texture":"#0"},"east":{"uv":[8.5,0.5,12,1],"texture":"#0"},"south":{"uv":[8.5,0.5,12,1],"texture":"#0"},"west":{"uv":[8.5,0.5,12,1],"texture":"#0"},"up":{"uv":[3.5,3.5,0,0],"texture":"#0"},"down":{"uv":[3.5,3.5,0,7],"texture":"#0"}}},{"from":[5.5,1,5.5],"to":[10.5,6,10.5],"faces":{"north":{"uv":[0,0,10,10],"texture":"#1"},"east":{"uv":[0,0,10,10],"texture":"#1"},"south":{"uv":[0,0,10,10],"texture":"#1"},"west":{"uv":[0,0,10,10],"texture":"#1"},"up":{"uv":[0,0,2,2],"texture":"#1"},"down":{"uv":[8.5,5,6,7.5],"texture":"#0"}}},{"from":[6.5,1,6.5],"to":[9.5,5,9.5],"faces":{"north":{"uv":[0,7,1.5,9],"texture":"#0"},"east":{"uv":[1.5,7,3,9],"texture":"#0"},"south":{"uv":[3,7.5,4.5,9.5],"texture":"#0"},"west":{"uv":[4.5,7.5,6,9.5],"texture":"#0"},"up":{"uv":[7.5,9,6,7.5],"texture":"#0"},"down":{"uv":[9,7.5,7.5,9],"texture":"#0"}}}],"gui_light":"front","display":{"thirdperson_righthand":{"rotation":[67.5,0,0],"translation":[0,2.5,2.5],"scale":[0.5293,0.5293,0.5293]},"thirdperson_lefthand":{"rotation":[67.5,0,0],"translation":[0,2.5,2.5],"scale":[0.5293,0.5293,0.5293]},"firstperson_righthand":{"translation":[3,4.5,0],"scale":[0.46484,0.46484,0.46484]},"firstperson_lefthand":{"translation":[3,4.5,0],"scale":[0.46484,0.46484,0.46484]},"ground":{"translation":[0,6,0]},"gui":{"rotation":[30,135,0],"translation":[0,5.75,0],"scale":[1.2793,1.2793,1.2793]},"head":{"rotation":[0,180,0],"translation":[0,-30.4,0],"scale":[1.6,1.6,1.6]},"fixed":{"rotation":[-90,0,0],"translation":[0,0,-16],"scale":[2,2,2]}}}