{"credit":"Made with Blockbench","texture_size":[64,64],"textures":{"0":"elitecreatures:zombie_apocalypse_decoration_v1/zaswayflagtexture","1":"elitecreatures:zombie_apocalypse_decoration_v1/zaswayflaganimation01","particle":"elitecreatures:zombie_apocalypse_decoration_v1/zaswayflagtexture"},"elements":[{"from":[7.25,30.5,0],"to":[8.75,32,16],"faces":{"north":{"uv":[6.5,1,6.875,1.375],"texture":"#0"},"east":{"uv":[10,0.5,6,0.875],"texture":"#0"},"south":{"uv":[6.5,1.5,6.875,1.875],"texture":"#0"},"west":{"uv":[6,0.5,10,0.875],"texture":"#0"},"up":{"uv":[6,0.5,10,0.875],"rotation":90,"texture":"#0"},"down":{"uv":[10,0.5,6,0.875],"rotation":90,"texture":"#0"}}},{"from":[8,0.5,4],"to":[8,30.5,16],"faces":{"north":{"uv":[0,0,0,7.5],"texture":"#0"},"east":{"uv":[0,0,6,15],"texture":"#1"},"south":{"uv":[0,0,0,7.5],"texture":"#0"},"west":{"uv":[6,0,0,15],"texture":"#1"},"up":{"uv":[0,3,0,0],"texture":"#0"},"down":{"uv":[0,0,0,3],"texture":"#0"}}}],"gui_light":"front","display":{"thirdperson_righthand":{"rotation":[67.5,0,0],"translation":[0,0.75,-2.75],"scale":[0.26758,0.26758,0.26758]},"thirdperson_lefthand":{"rotation":[67.5,0,0],"translation":[0,0.75,-2.75],"scale":[0.26758,0.26758,0.26758]},"firstperson_righthand":{"translation":[3.75,0.5,0],"scale":[0.33203,0.33203,0.33203]},"firstperson_lefthand":{"translation":[3.75,0.5,0],"scale":[0.33203,0.33203,0.33203]},"ground":{"translation":[0,6,0],"scale":[0.55,0.55,0.55]},"gui":{"rotation":[30,135,0],"translation":[-0.5,-5.25,0],"scale":[0.54102,0.54102,0.54102]},"head":{"rotation":[0,90,0],"translation":[0,-30.4,0],"scale":[1.6,1.6,1.6]},"fixed":{"translation":[0,0,-16],"scale":[2,2,2]}}}