{"credit":"Made with Blockbench","texture_size":[32,32],"textures":{"0":"elitecreatures:zombie_apocalypse_decoration_v1/zatornflagtexture","1":"elitecreatures:zombie_apocalypse_decoration_v1/zatornflaganimation01","particle":"elitecreatures:zombie_apocalypse_decoration_v1/zatornflagtexture"},"elements":[{"from":[7.25,0,7.25],"to":[8.75,16,8.75],"faces":{"north":{"uv":[7.5,0,8.25,8],"texture":"#0"},"east":{"uv":[7.5,0,8.25,8],"texture":"#0"},"south":{"uv":[7.5,0,8.25,8],"texture":"#0"},"west":{"uv":[7.5,0,8.25,8],"texture":"#0"},"up":{"uv":[9.25,0.75,8.5,0],"texture":"#0"},"down":{"uv":[9.25,1,8.5,1.75],"texture":"#0"}}},{"from":[7,16,7],"to":[9,17,9],"faces":{"north":{"uv":[3,8,4,8.5],"texture":"#0"},"east":{"uv":[3,8,4,8.5],"texture":"#0"},"south":{"uv":[3,8,4,8.5],"texture":"#0"},"west":{"uv":[3,8,4,8.5],"texture":"#0"},"up":{"uv":[8,9,7,8],"texture":"#0"},"down":{"uv":[9,8,8,9],"texture":"#0"}}},{"from":[-7.75,8,8],"to":[7.25,16,8],"faces":{"north":{"uv":[0,0,15,8],"texture":"#1"},"east":{"uv":[0,0,0,4],"texture":"#0"},"south":{"uv":[15,0,0,8],"texture":"#1"},"west":{"uv":[0,0,0,4],"texture":"#0"},"up":{"uv":[7.5,0,0,0],"texture":"#0"},"down":{"uv":[7.5,0,0,0],"texture":"#0"}}}],"gui_light":"front","display":{"thirdperson_righthand":{"rotation":[67.5,0,0],"translation":[0,0.25,-0.25],"scale":[0.37891,0.37891,0.37891]},"thirdperson_lefthand":{"rotation":[67.5,0,0],"translation":[0,0.25,-0.25],"scale":[0.37891,0.37891,0.37891]},"firstperson_righthand":{"translation":[5,2.75,0],"scale":[0.41797,0.41797,0.41797]},"firstperson_lefthand":{"rotation":[0,180,0],"translation":[5,2.75,0],"scale":[0.41797,0.41797,0.41797]},"ground":{"translation":[0,6,0],"scale":[0.8,0.8,0.8]},"gui":{"rotation":[30,135,0],"translation":[-4,-0.5,0],"scale":[0.95508,0.95508,0.95508]},"head":{"rotation":[0,180,0],"translation":[0,-30.4,0],"scale":[1.6,1.6,1.6]},"fixed":{"rotation":[-90,0,0],"translation":[0,0,-16],"scale":[2,2,2]}}}