{"credit":"Made with Blockbench","texture_size":[64,64],"textures":{"0":"elitecreatures:zombie_apocalypse_decoration_v1/zatrashcan2texture","1":"elitecreatures:zombie_apocalypse_decoration_v1/zaflyanimation01","particle":"elitecreatures:zombie_apocalypse_decoration_v1/zatrashcan2texture"},"elements":[{"from":[0,0,3],"to":[13,10,13],"rotation":{"angle":0,"axis":"y","origin":[8,6.5,8]},"faces":{"north":{"uv":[2.5,3.25,5,6.5],"rotation":90,"texture":"#0"},"east":{"uv":[2.5,6.5,0,9],"rotation":270,"texture":"#0"},"south":{"uv":[2.5,3.25,5,6.5],"rotation":270,"texture":"#0"},"west":{"uv":[7.5,8,5,5.5],"rotation":270,"texture":"#0"},"up":{"uv":[2.5,3.25,5,6.5],"rotation":270,"texture":"#0"},"down":{"uv":[2.5,3.25,5,6.5],"rotation":270,"texture":"#0"}}},{"from":[-2.5,1,16.25],"to":[8.5,12,17.75],"rotation":{"angle":-22.5,"axis":"x","origin":[8,1.75,19]},"faces":{"north":{"uv":[7.75,2.75,5,5.5],"rotation":270,"texture":"#0"},"east":{"uv":[7.5,7,10.25,7.375],"rotation":270,"texture":"#0"},"south":{"uv":[7.75,2.75,5,0],"rotation":270,"texture":"#0"},"west":{"uv":[7.5,7,10.25,7.375],"rotation":90,"texture":"#0"},"up":{"uv":[7.5,7,10.25,7.375],"rotation":180,"texture":"#0"},"down":{"uv":[7.5,7,10.25,7.375],"texture":"#0"}}},{"from":[0.5,5.75,18.75],"to":[5.5,7.25,19.25],"rotation":{"angle":-22.5,"axis":"x","origin":[8,1.75,19]},"faces":{"north":{"uv":[3.375,6.5,3,7.75],"rotation":270,"texture":"#0"},"east":{"uv":[7.75,1.5,8.125,1.625],"rotation":270,"texture":"#0"},"south":{"uv":[2.875,7.75,2.5,6.5],"rotation":270,"texture":"#0"},"west":{"uv":[7.75,1.25,8.125,1.375],"rotation":90,"texture":"#0"},"up":{"uv":[3.5,6.5,4.75,6.625],"rotation":180,"texture":"#0"},"down":{"uv":[3.5,6.75,4.75,6.875],"texture":"#0"}}},{"from":[0.5,5.75,17.75],"to":[2,7.25,18.75],"rotation":{"angle":-22.5,"axis":"x","origin":[8,1.75,19]},"faces":{"north":{"uv":[3.875,7.5,3.5,7.875],"rotation":270,"texture":"#0"},"east":{"uv":[7.75,0.75,8.125,1],"rotation":270,"texture":"#0"},"south":{"uv":[4.875,7.375,4.5,7],"rotation":270,"texture":"#0"},"west":{"uv":[7.75,0.25,8.125,0.5],"rotation":90,"texture":"#0"},"up":{"uv":[7.75,0.5,8.125,0.75],"rotation":180,"texture":"#0"},"down":{"uv":[7.75,1,8.125,1.25],"texture":"#0"}}},{"from":[4,5.75,17.75],"to":[5.5,7.25,18.75],"rotation":{"angle":-22.5,"axis":"x","origin":[8,1.75,19]},"faces":{"north":{"uv":[3.5,7.875,3.875,7.5],"rotation":270,"texture":"#0"},"east":{"uv":[7.75,0.25,8.125,0.5],"rotation":270,"texture":"#0"},"south":{"uv":[4.5,7,4.875,7.375],"rotation":270,"texture":"#0"},"west":{"uv":[7.75,0.75,8.125,1],"rotation":90,"texture":"#0"},"up":{"uv":[7.75,1,8.125,1.25],"rotation":180,"texture":"#0"},"down":{"uv":[7.75,0.5,8.125,0.75],"texture":"#0"}}},{"from":[-6,0,4],"to":[0,6,12],"faces":{"north":{"uv":[1.5,0,3,1.5],"texture":"#0"},"south":{"uv":[3,0,1.5,1.5],"texture":"#0"},"west":{"uv":[3,0,5,1.5],"texture":"#0"},"up":{"uv":[0,4.5,1.5,6.5],"texture":"#0"},"down":{"uv":[0,2.5,1.5,4.5],"texture":"#0"}}},{"from":[-7.75,0.1,6.75],"to":[-6.75,3.1,9.25],"rotation":{"angle":0,"axis":"y","origin":[-4.75,8,5]},"faces":{"north":{"uv":[2.75,3,3.5,3.25],"rotation":90,"texture":"#0"},"east":{"uv":[3.5,1.625,4.25,2.25],"rotation":270,"texture":"#0"},"south":{"uv":[3.25,2.25,4,2.5],"rotation":270,"texture":"#0"},"west":{"uv":[4.25,1.625,5,2.25],"rotation":270,"texture":"#0"},"up":{"uv":[2.875,2.75,3.5,3],"rotation":270,"texture":"#0"},"down":{"uv":[3.125,2.5,3.75,2.75],"rotation":270,"texture":"#0"}}},{"from":[-7,0.6,7.25],"to":[-6,2.6,8.75],"rotation":{"angle":0,"axis":"y","origin":[-4.75,8,5]},"faces":{"north":{"uv":[4,2.25,4.5,2.5],"rotation":90,"texture":"#0"},"south":{"uv":[4.5,2.25,5,2.5],"rotation":270,"texture":"#0"},"up":{"uv":[4.125,2.5,4.5,2.75],"rotation":270,"texture":"#0"},"down":{"uv":[3.75,2.5,4.125,2.75],"rotation":270,"texture":"#0"}}},{"from":[-2,0,2],"to":[1,2,4],"rotation":{"angle":-22.5,"axis":"y","origin":[0,0,0]},"faces":{"north":{"uv":[1.5,5.5,2.25,6],"texture":"#0"},"east":{"uv":[1.5,6,2,6.5],"texture":"#0"},"south":{"uv":[2.25,6,1.5,5.5],"texture":"#0"},"west":{"uv":[2,6,2.5,6.5],"texture":"#0"},"up":{"uv":[2.25,5.5,1.5,6],"texture":"#0"},"down":{"uv":[2.25,5.5,1.5,6],"texture":"#0"}}},{"from":[-3,6,7],"to":[1,8,9],"rotation":{"angle":22.5,"axis":"y","origin":[-2,8,8]},"faces":{"north":{"uv":[4,2.75,5,3.25],"texture":"#0"},"south":{"uv":[5,2.75,4,3.25],"texture":"#0"},"west":{"uv":[3.5,2.75,4,3.25],"texture":"#0"},"up":{"uv":[5,2.75,4,3.25],"texture":"#0"},"down":{"uv":[5,2.75,4,3.25],"texture":"#0"}}},{"from":[-9.93339,0,4.33485],"to":[-6.93339,2,6.33485],"rotation":{"angle":22.5,"axis":"y","origin":[-9.30839,1,5.33485]},"faces":{"north":{"uv":[0.75,2,0,2.5],"texture":"#0"},"east":{"uv":[0.75,2,1.25,2.5],"texture":"#0"},"south":{"uv":[0,2.5,0.75,2],"texture":"#0"},"west":{"uv":[0.75,2,1.25,2.5],"texture":"#0"},"up":{"uv":[0,2,0.75,2.5],"texture":"#0"},"down":{"uv":[0,2,0.75,2.5],"texture":"#0"}}},{"from":[-10.43339,-0.25,4.08485],"to":[-9.93339,2.25,6.58485],"rotation":{"angle":22.5,"axis":"y","origin":[-9.30839,1,5.33485]},"faces":{"north":{"uv":[2.25,5.375,2.375,6],"texture":"#0"},"east":{"uv":[1.5,2.25,2.125,2.875],"texture":"#0"},"south":{"uv":[2.25,5.375,2.375,6],"texture":"#0"},"west":{"uv":[1.5,2.875,2.125,3.5],"texture":"#0"},"up":{"uv":[2.25,5.375,2.375,6],"texture":"#0"},"down":{"uv":[2.25,5.375,2.375,6],"texture":"#0"}}},{"from":[-12.43339,1,5.08485],"to":[-10.43339,1,5.58485],"rotation":{"angle":22.5,"axis":"y","origin":[-9.30839,1,5.33485]},"faces":{"north":{"uv":[1.625,2,2.125,2],"texture":"#0"},"east":{"uv":[1.625,2,1.75,2],"texture":"#0"},"south":{"uv":[1.625,2,2.125,2],"texture":"#0"},"west":{"uv":[1.625,2,1.75,2],"texture":"#0"},"up":{"uv":[2.375,5.5,2.5,6],"rotation":90,"texture":"#0"},"down":{"uv":[2.375,5.5,2.5,6],"rotation":90,"texture":"#0"}}},{"from":[-9.5,0,9.75],"to":[-6.5,1.5,12.25],"rotation":{"angle":0,"axis":"y","origin":[-9.5,1.5,12.75]},"faces":{"north":{"uv":[1.5,4.75,2.25,5.125],"rotation":180,"texture":"#0"},"east":{"uv":[1.875,3.5,2.25,4.125],"rotation":90,"texture":"#0"},"south":{"uv":[1.5,5.125,2.25,5.5],"texture":"#0"},"west":{"uv":[1.5,3.5,1.875,4.125],"rotation":270,"texture":"#0"},"up":{"uv":[1.5,4.125,2.25,4.75],"texture":"#0"},"down":{"uv":[2.25,4.125,1.5,4.75],"rotation":180,"texture":"#0"}}},{"from":[-4,6.5,7.5],"to":[-3,7.5,8.5],"rotation":{"angle":22.5,"axis":"y","origin":[-2,8,8]},"faces":{"north":{"uv":[5,2.5,4.75,2.75],"texture":"#0"},"south":{"uv":[4.75,2.5,5,2.75],"texture":"#0"},"west":{"uv":[4.5,2.5,4.75,2.75],"texture":"#0"},"up":{"uv":[4.75,2.5,5,2.75],"texture":"#0"},"down":{"uv":[4.75,2.5,5,2.75],"texture":"#0"}}},{"from":[-7,0.025,-1],"to":[-2,0.025,4],"faces":{"north":{"uv":[0,0,1.25,0],"texture":"#0"},"east":{"uv":[0,0,1.25,0],"texture":"#0"},"south":{"uv":[0,0,1.25,0],"texture":"#0"},"west":{"uv":[0,0,1.25,0],"texture":"#0"},"up":{"uv":[0,0,1.25,1.25],"texture":"#0"},"down":{"uv":[0,0,1.25,1.25],"texture":"#0"}}},{"from":[-11.5,8,8],"to":[-2.5,16,8],"faces":{"north":{"uv":[0,0,9,8],"texture":"#1"},"east":{"uv":[0,0,0,2],"texture":"#missing"},"south":{"uv":[9,0,0,8],"texture":"#1"},"west":{"uv":[0,0,0,2],"texture":"#missing"},"up":{"uv":[0,0,2.25,0],"texture":"#missing"},"down":{"uv":[0,0,2.25,0],"texture":"#missing"}}}],"gui_light":"front","display":{"thirdperson_righthand":{"rotation":[67.5,0,0],"translation":[1,2.25,0],"scale":[0.24805,0.24805,0.24805]},"thirdperson_lefthand":{"rotation":[67.5,0,0],"translation":[-1.5,2.25,0],"scale":[0.24805,0.24805,0.24805]},"firstperson_righthand":{"translation":[2.25,3.75,0],"scale":[0.35742,0.35742,0.35742]},"firstperson_lefthand":{"translation":[-1.75,3.75,0],"scale":[0.35742,0.35742,0.35742]},"ground":{"translation":[3.25,6,0],"scale":[0.5,0.5,0.5]},"gui":{"rotation":[30,135,0],"translation":[-2.5,3,0],"scale":[0.62695,0.62695,0.62695]},"head":{"rotation":[0,180,0],"translation":[0,-30.4,0],"scale":[1.6,1.6,1.6]},"fixed":{"rotation":[-90,0,0],"translation":[0,0,-16],"scale":[2,2,2]}}}