{"credit":"Made with Blockbench","texture_size":[64,64],"textures":{"0":"elitecreatures:zombie_apocalypse_decoration_v1/zawoodboards1texture","particle":"elitecreatures:zombie_apocalypse_decoration_v1/zawoodboards1texture"},"elements":[{"from":[8,0,0],"to":[14,1,16],"rotation":{"angle":0,"axis":"y","origin":[10.625,1.52054,10.46649]},"faces":{"north":{"uv":[6,3.75,7.5,4],"texture":"#0"},"east":{"uv":[3,4.75,7,5],"texture":"#0"},"south":{"uv":[6,4,7.5,4.25],"texture":"#0"},"west":{"uv":[3,5,7,5.25],"texture":"#0"},"up":{"uv":[1.5,4,0,0],"texture":"#0"},"down":{"uv":[1.5,0,0,4],"texture":"#0"}}},{"from":[1.5,0,0],"to":[7.5,1,16],"rotation":{"angle":0,"axis":"y","origin":[10.625,1.52054,10.46649]},"faces":{"north":{"uv":[6,3.75,7.5,4],"texture":"#0"},"east":{"uv":[3,4.75,7,5],"texture":"#0"},"south":{"uv":[6,4,7.5,4.25],"texture":"#0"},"west":{"uv":[3,5,7,5.25],"texture":"#0"},"up":{"uv":[1.5,4,0,0],"texture":"#0"},"down":{"uv":[1.5,0,0,4],"texture":"#0"}}},{"from":[4.5,1,0],"to":[10.5,2,16],"rotation":{"angle":22.5,"axis":"y","origin":[7.5,1.5,8]},"faces":{"north":{"uv":[6,3.75,7.5,4],"texture":"#0"},"east":{"uv":[3,4.75,7,5],"texture":"#0"},"south":{"uv":[6,4,7.5,4.25],"texture":"#0"},"west":{"uv":[3,5,7,5.25],"texture":"#0"},"up":{"uv":[1.5,4,0,0],"texture":"#0"},"down":{"uv":[1.5,0,0,4],"texture":"#0"}}},{"from":[11.94803,2.31601,11],"to":[16.94803,3.81601,12.5],"rotation":{"angle":-22.5,"axis":"z","origin":[11.125,1.52054,10.46649]},"faces":{"north":{"uv":[3,6,4.25,6.375],"texture":"#0"},"east":{"uv":[6.75,6.75,7.125,7.125],"texture":"#0"},"south":{"uv":[4.25,6.375,3,6],"texture":"#0"},"west":{"uv":[3,7,3.375,7.375],"texture":"#0"},"up":{"uv":[4.25,6.375,3,6],"texture":"#0"},"down":{"uv":[4.25,6.375,3,6],"texture":"#0"}}},{"from":[10.19803,2.31601,12.75],"to":[11.69803,3.81601,13.25],"rotation":{"angle":-22.5,"axis":"z","origin":[11.125,1.52054,10.46649]},"faces":{"north":{"uv":[3.5,7,3.875,7.375],"texture":"#0"},"east":{"uv":[5.75,7.25,5.875,7.625],"texture":"#0"},"south":{"uv":[7,6.25,7.375,6.625],"texture":"#0"},"west":{"uv":[6,7.25,6.125,7.625],"texture":"#0"},"up":{"uv":[7.625,6.125,7.25,6],"texture":"#0"},"down":{"uv":[6.625,7.25,6.25,7.375],"texture":"#0"}}},{"from":[9.94803,2.06601,10.75],"to":[11.94803,4.06601,12.75],"rotation":{"angle":-22.5,"axis":"z","origin":[11.125,1.52054,10.46649]},"faces":{"north":{"uv":[3.75,6.5,4.25,7],"texture":"#0"},"east":{"uv":[6.75,0.25,7.25,0.75],"texture":"#0"},"south":{"uv":[6.75,0.75,7.25,1.25],"texture":"#0"},"west":{"uv":[6.75,1.25,7.25,1.75],"texture":"#0"},"up":{"uv":[7.25,2.25,6.75,1.75],"texture":"#0"},"down":{"uv":[4.75,6.75,4.25,7.25],"texture":"#0"}}},{"from":[9.94803,2.06601,13.25],"to":[11.94803,4.06601,14.25],"rotation":{"angle":-22.5,"axis":"z","origin":[11.125,1.52054,10.46649]},"faces":{"north":{"uv":[4.75,6.75,5.25,7.25],"texture":"#0"},"east":{"uv":[4,7,4.25,7.5],"texture":"#0"},"south":{"uv":[5.25,6.75,5.75,7.25],"texture":"#0"},"west":{"uv":[7.25,1.25,7.5,1.75],"texture":"#0"},"up":{"uv":[7.75,2,7.25,1.75],"texture":"#0"},"down":{"uv":[7.75,2,7.25,2.25],"texture":"#0"}}},{"from":[9.94803,2.06601,9.25],"to":[11.94803,4.06601,10.25],"rotation":{"angle":-22.5,"axis":"z","origin":[11.125,1.52054,10.46649]},"faces":{"north":{"uv":[5.75,6.75,6.25,7.25],"texture":"#0"},"east":{"uv":[7.25,2.25,7.5,2.75],"texture":"#0"},"south":{"uv":[6.25,6.75,6.75,7.25],"texture":"#0"},"west":{"uv":[7.25,2.75,7.5,3.25],"texture":"#0"},"up":{"uv":[7.75,3.5,7.25,3.25],"texture":"#0"},"down":{"uv":[7.75,3.5,7.25,3.75],"texture":"#0"}}},{"from":[10.19803,2.31601,10.25],"to":[11.69803,3.81601,10.75],"rotation":{"angle":-22.5,"axis":"z","origin":[11.125,1.52054,10.46649]},"faces":{"north":{"uv":[7.25,0.25,7.625,0.625],"texture":"#0"},"east":{"uv":[6.75,7.25,6.875,7.625],"texture":"#0"},"south":{"uv":[7.25,0.75,7.625,1.125],"texture":"#0"},"west":{"uv":[7.25,6.75,7.375,7.125],"texture":"#0"},"up":{"uv":[7.375,7.375,7,7.25],"texture":"#0"},"down":{"uv":[7.875,1.25,7.5,1.375],"texture":"#0"}}},{"from":[14.99877,0.025,10.93915],"to":[15.99877,0.025,11.93915],"rotation":{"angle":22.5,"axis":"y","origin":[10.625,1.52054,10.46649]},"faces":{"north":{"uv":[0,0,0.25,0],"texture":"#0"},"east":{"uv":[0,0,0.25,0],"texture":"#0"},"south":{"uv":[0,0,0.25,0],"texture":"#0"},"west":{"uv":[0,0,0.25,0],"texture":"#0"},"up":{"uv":[5,7.25,5.25,7.5],"texture":"#0"},"down":{"uv":[5,7.5,5.25,7.25],"texture":"#0"}}},{"from":[15.49877,0.025,11.18915],"to":[15.49877,1.025,11.68915],"rotation":{"angle":22.5,"axis":"y","origin":[10.625,1.52054,10.46649]},"faces":{"north":{"uv":[0,0,0,0.25],"texture":"#0"},"east":{"uv":[7.5,1.5,7.625,1.75],"texture":"#0"},"south":{"uv":[0,0,0,0.25],"texture":"#0"},"west":{"uv":[7.5,2.25,7.625,2.5],"texture":"#0"},"up":{"uv":[0,0.125,0,0],"texture":"#0"},"down":{"uv":[0,0,0,0.125],"texture":"#0"}}},{"from":[15,0.8137,7.9611],"to":[16,1.8137,7.9611],"rotation":{"angle":-22.5,"axis":"x","origin":[10.625,1.52054,10.46649]},"faces":{"north":{"uv":[4.75,7.25,5,7.5],"texture":"#0"},"east":{"uv":[0,0,0,0.25],"texture":"#0"},"south":{"uv":[5,7.25,5.25,7.5],"texture":"#0"},"west":{"uv":[0,0,0,0.25],"texture":"#0"},"up":{"uv":[0.25,0,0,0],"texture":"#0"},"down":{"uv":[0.25,0,0,0],"texture":"#0"}}},{"from":[15.5,1.0637,6.9611],"to":[15.5,1.5637,7.9611],"rotation":{"angle":-22.5,"axis":"x","origin":[10.625,1.52054,10.46649]},"faces":{"north":{"uv":[0,0,0,0.125],"texture":"#0"},"east":{"uv":[7.5,2.5,7.75,2.625],"texture":"#0"},"south":{"uv":[0,0,0,0.125],"texture":"#0"},"west":{"uv":[7.5,2.75,7.75,2.875],"texture":"#0"},"up":{"uv":[0,0.25,0,0],"texture":"#0"},"down":{"uv":[0,0,0,0.25],"texture":"#0"}}},{"from":[13.74229,0.025,4.67172],"to":[13.74229,1.025,5.17172],"rotation":{"angle":-45,"axis":"y","origin":[10.625,1.52054,10.46649]},"faces":{"north":{"uv":[0,0,0,0.25],"texture":"#0"},"east":{"uv":[3,7.5,3.125,7.75],"texture":"#0"},"south":{"uv":[0,0,0,0.25],"texture":"#0"},"west":{"uv":[7.5,3,7.625,3.25],"texture":"#0"},"up":{"uv":[0,0.125,0,0],"texture":"#0"},"down":{"uv":[0,0,0,0.125],"texture":"#0"}}},{"from":[13.24229,0.025,4.42172],"to":[14.24229,0.025,5.42172],"rotation":{"angle":-45,"axis":"y","origin":[10.625,1.52054,10.46649]},"faces":{"north":{"uv":[0,0,0.25,0],"texture":"#0"},"east":{"uv":[0,0,0.25,0],"texture":"#0"},"south":{"uv":[0,0,0.25,0],"texture":"#0"},"west":{"uv":[0,0,0.25,0],"texture":"#0"},"up":{"uv":[5,7.25,5.25,7.5],"texture":"#0"},"down":{"uv":[5.25,7.5,5,7.25],"texture":"#0"}}},{"from":[15,0,2.5],"to":[18,1.5,6.5],"rotation":{"angle":0,"axis":"y","origin":[15,0,4.5]},"faces":{"north":{"uv":[6.25,6.25,7,6.625],"texture":"#0"},"east":{"uv":[4.25,6.25,5.25,6.625],"texture":"#0"},"south":{"uv":[3,6.5,3.75,6.875],"texture":"#0"},"west":{"uv":[5.25,6.25,6.25,6.625],"texture":"#0"},"up":{"uv":[6.75,1.25,6,0.25],"texture":"#0"},"down":{"uv":[6.75,1.25,6,2.25],"texture":"#0"}}}],"gui_light":"front","display":{"thirdperson_righthand":{"rotation":[67.5,0,0],"translation":[0,3.25,1.25],"scale":[0.32617,0.32617,0.32617]},"thirdperson_lefthand":{"rotation":[67.5,0,0],"translation":[0,3.25,1.25],"scale":[0.32617,0.32617,0.32617]},"firstperson_righthand":{"translation":[0.5,5.5,0],"scale":[0.45508,0.45508,0.45508]},"firstperson_lefthand":{"translation":[0.5,5.5,0],"scale":[0.45508,0.45508,0.45508]},"ground":{"translation":[0,6,0],"scale":[0.7,0.7,0.7]},"gui":{"rotation":[30,135,0],"translation":[0.25,3.75,0],"scale":[0.72266,0.72266,0.72266]},"head":{"rotation":[0,180,0],"translation":[0,-30.4,0],"scale":[1.6,1.6,1.6]},"fixed":{"rotation":[-90,0,0],"translation":[0,0,-16],"scale":[2,2,2]}}}