{"credit":"Made with Blockbench","textures":{"0":"elitecreatures:zombie_apocalypse_decoration_v1/zawoodboards2texture","particle":"elitecreatures:zombie_apocalypse_decoration_v1/zawoodboards2texture"},"elements":[{"from":[0,0,9],"to":[16,1,15],"rotation":{"angle":0,"axis":"y","origin":[8,0.7625,9]},"faces":{"north":{"uv":[3,5,7,5.25],"texture":"#0"},"east":{"uv":[6,3.75,7.5,4],"texture":"#0"},"south":{"uv":[3,4.75,7,5],"texture":"#0"},"west":{"uv":[6,4,7.5,4.25],"texture":"#0"},"up":{"uv":[1.5,4,0,0],"rotation":90,"texture":"#0"},"down":{"uv":[1.5,0,0,4],"rotation":270,"texture":"#0"}}},{"from":[0,0,1],"to":[16,1,7],"rotation":{"angle":0,"axis":"y","origin":[8,0.7625,7]},"faces":{"north":{"uv":[3,5,7,5.25],"texture":"#0"},"east":{"uv":[6,3.75,7.5,4],"texture":"#0"},"south":{"uv":[3,4.75,7,5],"texture":"#0"},"west":{"uv":[6,4,7.5,4.25],"texture":"#0"},"up":{"uv":[1.5,4,0,0],"rotation":90,"texture":"#0"},"down":{"uv":[1.5,0,0,4],"rotation":270,"texture":"#0"}}},{"from":[0.5,1.025,13.5],"to":[1.5,1.025,14.5],"rotation":{"angle":0,"axis":"y","origin":[8,0.7625,9]},"faces":{"north":{"uv":[0,0,0.25,0],"texture":"#0"},"east":{"uv":[0,0,0.25,0],"texture":"#0"},"south":{"uv":[0,0,0.25,0],"texture":"#0"},"west":{"uv":[0,0,0.25,0],"texture":"#0"},"up":{"uv":[5,7.25,5.25,7.5],"texture":"#0"},"down":{"uv":[5.25,7.5,5,7.25],"texture":"#0"}}},{"from":[0.5,1.025,9.5],"to":[1.5,1.025,10.5],"rotation":{"angle":0,"axis":"y","origin":[8,0.7625,9]},"faces":{"north":{"uv":[0,0,0.25,0],"texture":"#0"},"east":{"uv":[0,0,0.25,0],"texture":"#0"},"south":{"uv":[0,0,0.25,0],"texture":"#0"},"west":{"uv":[0,0,0.25,0],"texture":"#0"},"up":{"uv":[5,7.25,5.25,7.5],"texture":"#0"},"down":{"uv":[5.25,7.5,5,7.25],"texture":"#0"}}},{"from":[14.5,1.025,9.5],"to":[15.5,1.025,10.5],"rotation":{"angle":0,"axis":"y","origin":[8,0.7625,9]},"faces":{"north":{"uv":[0,0,0.25,0],"texture":"#0"},"east":{"uv":[0,0,0.25,0],"texture":"#0"},"south":{"uv":[0,0,0.25,0],"texture":"#0"},"west":{"uv":[0,0,0.25,0],"texture":"#0"},"up":{"uv":[5,7.25,5.25,7.5],"texture":"#0"},"down":{"uv":[5.25,7.5,5,7.25],"texture":"#0"}}},{"from":[14.5,1.025,13.5],"to":[15.5,1.025,14.5],"rotation":{"angle":0,"axis":"y","origin":[8,0.7625,9]},"faces":{"north":{"uv":[0,0,0.25,0],"texture":"#0"},"east":{"uv":[0,0,0.25,0],"texture":"#0"},"south":{"uv":[0,0,0.25,0],"texture":"#0"},"west":{"uv":[0,0,0.25,0],"texture":"#0"},"up":{"uv":[5,7.25,5.25,7.5],"texture":"#0"},"down":{"uv":[5.25,7.5,5,7.25],"texture":"#0"}}},{"from":[0.5,1.025,5.5],"to":[1.5,1.025,6.5],"rotation":{"angle":0,"axis":"y","origin":[8,0.7625,7]},"faces":{"north":{"uv":[0,0,0.25,0],"texture":"#0"},"east":{"uv":[0,0,0.25,0],"texture":"#0"},"south":{"uv":[0,0,0.25,0],"texture":"#0"},"west":{"uv":[0,0,0.25,0],"texture":"#0"},"up":{"uv":[5,7.25,5.25,7.5],"texture":"#0"},"down":{"uv":[5.25,7.5,5,7.25],"texture":"#0"}}},{"from":[0.5,1.025,1.5],"to":[1.5,1.025,2.5],"rotation":{"angle":0,"axis":"y","origin":[8,0.7625,7]},"faces":{"north":{"uv":[0,0,0.25,0],"texture":"#0"},"east":{"uv":[0,0,0.25,0],"texture":"#0"},"south":{"uv":[0,0,0.25,0],"texture":"#0"},"west":{"uv":[0,0,0.25,0],"texture":"#0"},"up":{"uv":[5,7.25,5.25,7.5],"texture":"#0"},"down":{"uv":[5.25,7.5,5,7.25],"texture":"#0"}}},{"from":[14.5,1.025,5.5],"to":[15.5,1.025,6.5],"rotation":{"angle":0,"axis":"y","origin":[8,0.7625,7]},"faces":{"north":{"uv":[0,0,0.25,0],"texture":"#0"},"east":{"uv":[0,0,0.25,0],"texture":"#0"},"south":{"uv":[0,0,0.25,0],"texture":"#0"},"west":{"uv":[0,0,0.25,0],"texture":"#0"},"up":{"uv":[5,7.25,5.25,7.5],"texture":"#0"},"down":{"uv":[5.25,7.5,5,7.25],"texture":"#0"}}},{"from":[14.5,1.025,1.5],"to":[15.5,1.025,2.5],"rotation":{"angle":0,"axis":"y","origin":[8,0.7625,7]},"faces":{"north":{"uv":[0,0,0.25,0],"texture":"#0"},"east":{"uv":[0,0,0.25,0],"texture":"#0"},"south":{"uv":[0,0,0.25,0],"texture":"#0"},"west":{"uv":[0,0,0.25,0],"texture":"#0"},"up":{"uv":[5,7.25,5.25,7.5],"texture":"#0"},"down":{"uv":[5.25,7.5,5,7.25],"texture":"#0"}}}],"gui_light":"front","display":{"thirdperson_righthand":{"rotation":[67.5,0,0],"translation":[0,3.25,1.25],"scale":[0.32617,0.32617,0.32617]},"thirdperson_lefthand":{"rotation":[67.5,0,0],"translation":[0,3.25,1.25],"scale":[0.32617,0.32617,0.32617]},"firstperson_righthand":{"translation":[0.5,5.5,0],"scale":[0.45508,0.45508,0.45508]},"firstperson_lefthand":{"translation":[0.5,5.5,0],"scale":[0.45508,0.45508,0.45508]},"ground":{"translation":[0,6,0],"scale":[0.7,0.7,0.7]},"gui":{"rotation":[30,135,0],"translation":[0,4.5,0],"scale":[0.71875,0.71875,0.71875]},"head":{"rotation":[0,180,0],"translation":[0,-30.4,0],"scale":[1.6,1.6,1.6]},"fixed":{"rotation":[-90,0,0],"translation":[0,0,-16],"scale":[2,2,2]}}}