{"credit":"momirealms","texture_size":[48,32],"textures":{"0":"customcrops:item/crops/redpacket/stage","1":"customcrops:item/crops/redpacket/fu_character","particle":"customcrops:item/crops/redpacket/stage"},"elements":[{"from":[-4,0,8],"to":[20,16,8],"rotation":{"angle":45,"axis":"y","origin":[8,-6,8]},"faces":{"north":{"uv":[6.33333,7.5,15.33333,16],"texture":"#0"},"east":{"uv":[0,0,0,6],"texture":"#missing"},"south":{"uv":[12.33333,0,5.66666,6],"texture":"#0"},"west":{"uv":[0,0,0,6],"texture":"#missing"},"up":{"uv":[0,0,6,0],"texture":"#missing"},"down":{"uv":[0,0,6,0],"texture":"#missing"}}},{"from":[-5,0,8],"to":[19,16,8],"rotation":{"angle":-45,"axis":"y","origin":[8,-6,8]},"faces":{"north":{"uv":[5.66666,0,12.33333,6],"texture":"#0"},"east":{"uv":[0,0,0,6],"texture":"#missing"},"south":{"uv":[15.33333,7.5,6.33333,16],"texture":"#0"},"west":{"uv":[0,0,0,6],"texture":"#missing"},"up":{"uv":[0,0,6,0],"texture":"#missing"},"down":{"uv":[0,0,6,0],"texture":"#missing"}}},{"from":[6,1,9],"to":[6,6,12],"faces":{"north":{"uv":[0,0,0,2],"texture":"#0"},"east":{"uv":[0,1.5,1,4],"texture":"#0"},"south":{"uv":[0,0,0,2],"texture":"#0"},"west":{"uv":[0,1.5,1,4],"texture":"#0"},"up":{"uv":[0,0,0,1],"texture":"#0"},"down":{"uv":[0,0,0,1],"texture":"#0"}}},{"from":[12.25,3,-3],"to":[15.25,8,-3],"rotation":{"angle":-22.5,"axis":"y","origin":[0,0,0]},"faces":{"north":{"uv":[0,1.5,1,4],"texture":"#0"},"east":{"uv":[0,0,0,2],"texture":"#0"},"south":{"uv":[0,1.5,1,4],"texture":"#0"},"west":{"uv":[0,0,0,2],"texture":"#0"},"up":{"uv":[0,0,0,1],"rotation":270,"texture":"#0"},"down":{"uv":[0,0,0,1],"rotation":90,"texture":"#0"}}},{"from":[5.25,-2.25,2.5],"to":[8.25,-2.25,7.5],"rotation":{"angle":-45,"axis":"x","origin":[0,0,0]},"faces":{"north":{"uv":[0,0,0,1],"rotation":270,"texture":"#0"},"east":{"uv":[0,0,0,2],"rotation":270,"texture":"#0"},"south":{"uv":[0,0,0,1],"rotation":270,"texture":"#0"},"west":{"uv":[0,0,0,2],"rotation":90,"texture":"#0"},"up":{"uv":[0,1.5,1,4],"rotation":180,"texture":"#0"},"down":{"uv":[0,1.5,1,4],"texture":"#0"}}},{"from":[6,-11,-0.5],"to":[17,0,0],"rotation":{"angle":45,"axis":"z","origin":[12.5,-10.5,-0.5]},"faces":{"north":{"uv":[0,0,5.5,5.5],"texture":"#1"},"east":{"uv":[6,0,6.5,5.5],"texture":"#1"},"south":{"uv":[0,0,5.5,5.5],"texture":"#1"},"west":{"uv":[6,6,6.5,11.5],"texture":"#1"},"up":{"uv":[12.5,0.5,7,0],"texture":"#1"},"down":{"uv":[12.5,1,7,1.5],"texture":"#1"}}},{"from":[3.3,-12.25,16.55],"to":[12,-3.85,16.55],"rotation":{"angle":0,"axis":"y","origin":[10.5,-12,16.5]},"faces":{"north":{"uv":[0.5,0.5,11,13],"texture":"#0"},"east":{"uv":[12.5,15,16,16],"texture":"#0"},"south":{"uv":[0,4.5,5.83333,16],"texture":"#0"},"west":{"uv":[0.5,0.5,0.5,5.5],"texture":"#0"},"up":{"uv":[5.5,0.5,0.5,0.5],"rotation":180,"texture":"#0"},"down":{"uv":[10.5,0.5,5.5,0.5],"rotation":180,"texture":"#0"}}},{"from":[6,-12.5,16],"to":[17,-1.5,16.5],"rotation":{"angle":45,"axis":"z","origin":[10.5,-12,16.5]},"faces":{"north":{"uv":[0,0,5.5,5.5],"texture":"#1"},"east":{"uv":[6,6,6.5,11.5],"texture":"#1"},"south":{"uv":[0,0,5.5,5.5],"texture":"#1"},"west":{"uv":[6,0,6.5,5.5],"texture":"#1"},"up":{"uv":[12.5,0.5,7,0],"rotation":180,"texture":"#1"},"down":{"uv":[12.5,1,7,1.5],"rotation":180,"texture":"#1"}}},{"from":[16.55,-11.75,3.75],"to":[16.55,-3.35,12.45],"rotation":{"angle":0,"axis":"y","origin":[16.5,1,13.5]},"faces":{"north":{"uv":[12.5,15,16,16],"texture":"#0"},"east":{"uv":[0,4.5,5.83333,16],"texture":"#0"},"south":{"uv":[0.5,0.5,0.5,5.5],"texture":"#0"},"west":{"uv":[0.5,0.5,11,13],"texture":"#0"},"up":{"uv":[5.5,0.5,0.5,0.5],"rotation":90,"texture":"#0"},"down":{"uv":[10.5,0.5,5.5,0.5],"rotation":270,"texture":"#0"}}},{"from":[-0.5,-14.75,10.25],"to":[0,-3.75,21.25],"rotation":{"angle":45,"axis":"x","origin":[-0.5,1,13.5]},"faces":{"north":{"uv":[6.5,6,6,11.5],"texture":"#1"},"east":{"uv":[5.5,0,0,5.5],"texture":"#1"},"south":{"uv":[6.5,0,6,5.5],"texture":"#1"},"west":{"uv":[5.5,0,0,5.5],"texture":"#1"},"up":{"uv":[12.5,0,7,0.5],"rotation":90,"texture":"#1"},"down":{"uv":[12.5,1.5,7,1],"rotation":270,"texture":"#1"}}},{"from":[-0.55,-11.75,3.75],"to":[-0.55,-3.35,12.45],"rotation":{"angle":0,"axis":"y","origin":[-0.5,1,13.5]},"faces":{"north":{"uv":[16,15,12.5,16],"texture":"#0"},"east":{"uv":[11,0.5,0.5,13],"texture":"#0"},"south":{"uv":[0.5,0.5,0.5,5.5],"texture":"#0"},"west":{"uv":[0,4.5,5.83333,16],"texture":"#0"},"up":{"uv":[5.5,0.5,0.5,0.5],"rotation":90,"texture":"#0"},"down":{"uv":[10.5,0.5,5.5,0.5],"rotation":270,"texture":"#0"}}},{"from":[16,-14.75,10.25],"to":[16.5,-3.75,21.25],"rotation":{"angle":45,"axis":"x","origin":[16.5,1,13.5]},"faces":{"north":{"uv":[6,6,6.5,11.5],"texture":"#1"},"east":{"uv":[0,0,5.5,5.5],"texture":"#1"},"south":{"uv":[6,0,6.5,5.5],"texture":"#1"},"west":{"uv":[0,0,5.5,5.5],"texture":"#1"},"up":{"uv":[12.5,0.5,7,0],"rotation":90,"texture":"#1"},"down":{"uv":[12.5,1,7,1.5],"rotation":270,"texture":"#1"}}},{"from":[4,-11.75,-0.55],"to":[12.7,-3.35,-0.55],"rotation":{"angle":0,"axis":"y","origin":[12.5,-10.5,-0.5]},"faces":{"north":{"uv":[0,4.5,5.83333,16],"texture":"#0"},"east":{"uv":[0.5,0.5,0.5,5.5],"texture":"#0"},"south":{"uv":[0.5,0.5,11,13],"texture":"#0"},"west":{"uv":[12.5,15,16,16],"texture":"#0"},"up":{"uv":[5.5,0.5,0.5,0.5],"texture":"#0"},"down":{"uv":[10.5,0.5,5.5,0.5],"texture":"#0"}}}],"gui_light":"front","display":{"gui":{"translation":[0,16,0]},"fixed":{"rotation":[-90,0,0],"translation":[0,0,-16],"scale":[2,2,2]}},"groups":[0,1,2,3,4,{"name":"fu","origin":[12.5,-10.5,-0.5],"color":0,"children":[5,6,7,8,9,10,11,12]}]}