{
	"credit": "by 2m3v",
	"parent": "item/generated",
	"textures": {
		"layer0": "games:item/poker/poker_chip_y"
	},
	"gui_light": "front",
	"display": {
		"thirdperson_righthand": {
			"translation": [0, 0, 1],
			"scale": [0.15, 0.15, 0.3]
		},
		"firstperson_righthand": {
			"rotation": [0, -90, 0],
			"translation": [3.25, 2.5, 0],
			"scale": [0.2, 0.2, 0.4]
		},
		"ground": {
			"rotation": [90, 0, 0],
			"scale": [0.15, 0.15, 0.3]
		},
		"gui": {
			"scale": [0.5, 0.5, 0.5]
		},
		"head": {
			"rotation": [-90, 0, 0],
			"scale": [0.2, 0.2, 0.4]
		},
		"fixed": {
			"translation": [0, 0, -0.25],
			"scale": [0.5, 0.5, 1]
		}
	}
}