{"credit":"MadewithBlockbench","texture_size":[64,64],"textures":{"0":"fashion_store_furniture_v1:basket_1","particle":"fashion_store_furniture_v1:basket_1"},"elements":[{"from":[1,6,5],"to":[15,8,7],"rotation":{"angle":0,"axis":"y","origin":[7,0,7]},"faces":{"north":{"uv":[0.5,5.75,4,6.25],"texture":"#0"},"east":{"uv":[0,5.75,0.5,6.25],"texture":"#0"},"south":{"uv":[0.5,5.75,4,6.25],"texture":"#0"},"west":{"uv":[0,5.75,0.5,6.25],"texture":"#0"},"up":{"uv":[4,6.25,0.5,5.75],"texture":"#0"},"down":{"uv":[4,5.75,0.5,6.25],"texture":"#0"}}},{"from":[1.8,2.9,5.8],"to":[14.2,6,14.2],"rotation":{"angle":0,"axis":"y","origin":[7,0,7]},"faces":{"north":{"uv":[6,2,9,2.75],"texture":"#0"},"east":{"uv":[6,2.75,8,3.5],"texture":"#0"},"south":{"uv":[6,2,9,2.75],"texture":"#0"},"west":{"uv":[6,2.75,8,3.5],"texture":"#0"},"down":{"uv":[9,0,6,2],"texture":"#0"}}},{"from":[1,0,5],"to":[15,1,7],"rotation":{"angle":0,"axis":"y","origin":[7,0,7]},"faces":{"north":{"uv":[0,6.75,3.5,7],"texture":"#0"},"east":{"uv":[0,7,0.5,7.25],"texture":"#0"},"south":{"uv":[0,6.75,3.5,7],"texture":"#0"},"west":{"uv":[0,7,0.5,7.25],"texture":"#0"},"up":{"uv":[3.5,6.75,0,6.25],"texture":"#0"},"down":{"uv":[3.5,6.25,0,6.75],"texture":"#0"}}},{"from":[13,1,5],"to":[15,6,7],"rotation":{"angle":0,"axis":"y","origin":[7,0,7]},"faces":{"north":{"uv":[5,2,5.5,3.25],"texture":"#0"},"east":{"uv":[5,2,5.5,3.25],"texture":"#0"},"south":{"uv":[5,2,5.5,3.25],"texture":"#0"},"west":{"uv":[5,2,5.5,3.25],"texture":"#0"},"down":{"uv":[5,3.25,5.5,3.75],"texture":"#0"}}},{"from":[1,1,5],"to":[3,6,7],"rotation":{"angle":0,"axis":"y","origin":[9,0,7]},"faces":{"north":{"uv":[5.5,2,5,3.25],"texture":"#0"},"east":{"uv":[5.5,2,5,3.25],"texture":"#0"},"south":{"uv":[5.5,2,5,3.25],"texture":"#0"},"west":{"uv":[5.5,2,5,3.25],"texture":"#0"},"down":{"uv":[5,3.25,5.5,3.75],"texture":"#0"}}},{"from":[1,0,13],"to":[15,1,15],"rotation":{"angle":0,"axis":"y","origin":[7,0,9]},"faces":{"north":{"uv":[3.5,6.75,0,7],"texture":"#0"},"east":{"uv":[0.5,7,0,7.25],"texture":"#0"},"south":{"uv":[3.5,6.75,0,7],"texture":"#0"},"west":{"uv":[0.5,7,0,7.25],"texture":"#0"},"up":{"uv":[3.5,6.25,0,6.75],"texture":"#0"},"down":{"uv":[3.5,6.75,0,6.25],"texture":"#0"}}},{"from":[13,1,13],"to":[15,6,15],"rotation":{"angle":0,"axis":"y","origin":[7,0,9]},"faces":{"north":{"uv":[5.5,2,5,3.25],"texture":"#0"},"east":{"uv":[5.5,2,5,3.25],"texture":"#0"},"south":{"uv":[5.5,2,5,3.25],"texture":"#0"},"west":{"uv":[5.5,2,5,3.25],"texture":"#0"},"down":{"uv":[5,3.25,5.5,3.75],"texture":"#0"}}},{"from":[1,1,13],"to":[3,6,15],"rotation":{"angle":0,"axis":"y","origin":[9,0,9]},"faces":{"north":{"uv":[5,2,5.5,3.25],"texture":"#0"},"east":{"uv":[5,2,5.5,3.25],"texture":"#0"},"south":{"uv":[5,2,5.5,3.25],"texture":"#0"},"west":{"uv":[5,2,5.5,3.25],"texture":"#0"},"down":{"uv":[5,3.25,5.5,3.75],"texture":"#0"}}},{"from":[1,6,13],"to":[15,8,15],"rotation":{"angle":0,"axis":"y","origin":[7,0,9]},"faces":{"north":{"uv":[4,5.75,0.5,6.25],"texture":"#0"},"east":{"uv":[0.5,5.75,0,6.25],"texture":"#0"},"south":{"uv":[4,5.75,0.5,6.25],"texture":"#0"},"west":{"uv":[0.5,5.75,0,6.25],"texture":"#0"},"up":{"uv":[4,5.75,0.5,6.25],"texture":"#0"},"down":{"uv":[4,6.25,0.5,5.75],"texture":"#0"}}},{"from":[2,3,6],"to":[14,18,14],"rotation":{"angle":0,"axis":"y","origin":[7,0,7]},"faces":{"north":{"uv":[0,2,3,5.75],"texture":"#0"},"east":{"uv":[3,2,5,5.75],"texture":"#0"},"south":{"uv":[0,2,3,5.75],"texture":"#0"},"west":{"uv":[3,2,5,5.75],"texture":"#0"},"up":{"uv":[6,2,3,0],"texture":"#0"},"down":{"uv":[3,0,0,2],"texture":"#0"}}},{"from":[1.9,3,5.9],"to":[14.1,18.1,14.1],"rotation":{"angle":0,"axis":"y","origin":[7,0,7]},"faces":{"north":{"uv":[10,2,13,5.75],"texture":"#0"},"east":{"uv":[13,2,15,5.75],"texture":"#0"},"south":{"uv":[10,2,13,5.75],"texture":"#0"},"west":{"uv":[13,2,15,5.75],"texture":"#0"},"up":{"uv":[16,2,13,0],"texture":"#0"},"down":{"uv":[13,0,10,2],"texture":"#0"}}},{"from":[6,18,6],"to":[6,22,14],"rotation":{"angle":-22.5,"axis":"z","origin":[6,18,10]},"faces":{"east":{"uv":[10,2,9,0],"rotation":90,"texture":"#0"},"west":{"uv":[10,0,9,2],"rotation":90,"texture":"#0"}}},{"from":[10,18,6],"to":[10,22,14],"rotation":{"angle":22.5,"axis":"z","origin":[10,18,10]},"faces":{"east":{"uv":[10,2,9,0],"rotation":90,"texture":"#0"},"west":{"uv":[10,0,9,2],"rotation":90,"texture":"#0"}}}],"gui_light":"front","display":{"thirdperson_righthand":{"rotation":[67.5,0,0],"translation":[0,2.25,0.5],"scale":[0.31836,0.31836,0.31836]},"thirdperson_lefthand":{"rotation":[67.5,0,0],"translation":[0,2.25,0.5],"scale":[0.31836,0.31836,0.31836]},"firstperson_righthand":{"translation":[0,3.5,0],"scale":[0.41953,0.41953,0.41953]},"firstperson_lefthand":{"translation":[0,3.5,0],"scale":[0.41953,0.41953,0.41953]},"ground":{"translation":[0,3,0],"scale":[0.42773,0.42773,0.42773]},"gui":{"rotation":[30,225,0],"translation":[1,-1.25,0],"scale":[0.63477,0.63477,0.63477]},"head":{"rotation":[0,-180,0],"translation":[0,-30.4,3.25],"scale":[1.6,1.6,1.6]},"fixed":{"rotation":[-90,0,0],"translation":[0,-4,-16],"scale":[2,2,2]}}}