{"credit":"MadewithBlockbench","texture_size":[32,32],"textures":{"0":"fashion_store_furniture_v1:chair_1","particle":"fashion_store_furniture_v1:chair_1"},"elements":[{"from":[2,5,2],"to":[14,8,14],"rotation":{"angle":0,"axis":"y","origin":[10.75,3.5,5.25]},"faces":{"north":{"uv":[0,6,6,7.5],"texture":"#0"},"east":{"uv":[0,6,6,7.5],"texture":"#0"},"south":{"uv":[0,6,6,7.5],"texture":"#0"},"west":{"uv":[0,6,6,7.5],"texture":"#0"},"up":{"uv":[6,6,0,0],"texture":"#0"},"down":{"uv":[6,0,0,6],"texture":"#0"}}},{"from":[2,0,2],"to":[3,1,14],"rotation":{"angle":0,"axis":"y","origin":[16,0,16]},"faces":{"north":{"uv":[11.5,0.5,12,1],"texture":"#0"},"east":{"uv":[6.5,0,12.5,0.5],"texture":"#0"},"south":{"uv":[11.5,0.5,12,1],"texture":"#0"},"west":{"uv":[6.5,0,12.5,0.5],"texture":"#0"},"up":{"uv":[6,0,6.5,6],"texture":"#0"},"down":{"uv":[6,6,6.5,0],"texture":"#0"}}},{"from":[3,0,13],"to":[13,1,14],"rotation":{"angle":0,"axis":"y","origin":[16,0,16]},"faces":{"north":{"uv":[6.5,0.5,11.5,1],"texture":"#0"},"south":{"uv":[6.5,0.5,11.5,1],"texture":"#0"},"up":{"uv":[6.5,0.5,11.5,1],"texture":"#0"},"down":{"uv":[6.5,1,11.5,0.5],"texture":"#0"}}},{"from":[3,0,2],"to":[13,1,3],"rotation":{"angle":0,"axis":"y","origin":[10.75,3.5,5.25]},"faces":{"north":{"uv":[6.5,0.5,11.5,1],"texture":"#0"},"south":{"uv":[6.5,0.5,11.5,1],"texture":"#0"},"up":{"uv":[11.5,1,6.5,0.5],"texture":"#0"},"down":{"uv":[11.5,0.5,6.5,1],"texture":"#0"}}},{"from":[13,0,2],"to":[14,1,14],"rotation":{"angle":0,"axis":"y","origin":[10.75,3.5,5.25]},"faces":{"north":{"uv":[11.5,0.5,12,1],"texture":"#0"},"east":{"uv":[6.5,0,12.5,0.5],"texture":"#0"},"south":{"uv":[11.5,0.5,12,1],"texture":"#0"},"west":{"uv":[6.5,0,12.5,0.5],"texture":"#0"},"up":{"uv":[6.5,6,6,0],"texture":"#0"},"down":{"uv":[6.5,0,6,6],"texture":"#0"}}},{"from":[2,1,13],"to":[3,5,14],"rotation":{"angle":0,"axis":"y","origin":[16,0,16]},"faces":{"north":{"uv":[6,6,6.5,8],"texture":"#0"},"east":{"uv":[6,6,6.5,8],"texture":"#0"},"south":{"uv":[6,6,6.5,8],"texture":"#0"},"west":{"uv":[6,6,6.5,8],"texture":"#0"}}},{"from":[2,1,2],"to":[3,5,3],"rotation":{"angle":0,"axis":"y","origin":[16,0,0]},"faces":{"north":{"uv":[6.5,6,6,8],"texture":"#0"},"east":{"uv":[6.5,6,6,8],"texture":"#0"},"south":{"uv":[6.5,6,6,8],"texture":"#0"},"west":{"uv":[6.5,6,6,8],"texture":"#0"}}},{"from":[13,1,2],"to":[14,5,3],"faces":{"north":{"uv":[6,6,6.5,8],"texture":"#0"},"east":{"uv":[6,6,6.5,8],"texture":"#0"},"south":{"uv":[6,6,6.5,8],"texture":"#0"},"west":{"uv":[6,6,6.5,8],"texture":"#0"}}},{"from":[13,1,13],"to":[14,5,14],"rotation":{"angle":0,"axis":"y","origin":[0,0,16]},"faces":{"north":{"uv":[6.5,6,6,8],"texture":"#0"},"east":{"uv":[6.5,6,6,8],"texture":"#0"},"south":{"uv":[6.5,6,6,8],"texture":"#0"},"west":{"uv":[6.5,6,6,8],"texture":"#0"}}}],"gui_light":"front","display":{"thirdperson_righthand":{"rotation":[67.5,0,0],"translation":[0,2.75,1.25],"scale":[0.42383,0.42188,0.42188]},"thirdperson_lefthand":{"rotation":[67.5,0,0],"translation":[0,2.75,1.25],"scale":[0.42383,0.42188,0.42188]},"firstperson_righthand":{"translation":[0.75,4,0],"scale":[0.53477,0.53672,0.53672]},"firstperson_lefthand":{"translation":[0.75,4,0],"scale":[0.53477,0.53672,0.53672]},"ground":{"translation":[0,4.75,0],"scale":[0.50391,0.50391,0.50391]},"gui":{"rotation":[30,225,0],"translation":[0,2.75,0],"scale":[0.88086,0.88086,0.88086]},"head":{"translation":[0,-28.15,0],"scale":[1.9,1.9,1.9]},"fixed":{"rotation":[-90,0,0],"translation":[0,0,-18.5],"scale":[2.32617,2.32617,2.32617]}}}