{"credit":"MadewithBlockbench","texture_size":[128,128],"textures":{"0":"fashion_store_furniture_v1:counter_1","particle":"fashion_store_furniture_v1:counter_1"},"elements":[{"from":[-16,2,0],"to":[16,16,14],"faces":{"north":{"uv":[0,5.25,4,7],"texture":"#0"},"east":{"uv":[0,7,1.75,8.75],"texture":"#0"},"south":{"uv":[0,3.5,4,5.25],"texture":"#0"},"west":{"uv":[1.75,7,0,8.75],"texture":"#0"},"up":{"uv":[4,1.75,0,0],"texture":"#0"},"down":{"uv":[4,1.75,0,3.5],"texture":"#0"}}},{"from":[-16,2,14],"to":[-14,14,16],"faces":{"north":{"uv":[4,4.5,4.25,6],"texture":"#0"},"east":{"uv":[4,4.5,4.25,6],"texture":"#0"},"south":{"uv":[4,4.5,4.25,6],"texture":"#0"},"west":{"uv":[4.25,4.5,4,6],"texture":"#0"}}},{"from":[14,2,14],"to":[16,14,16],"rotation":{"angle":0,"axis":"y","origin":[16,0,0]},"faces":{"north":{"uv":[4.25,4.5,4,6],"texture":"#0"},"east":{"uv":[4.25,4.5,4,6],"texture":"#0"},"south":{"uv":[4.25,4.5,4,6],"texture":"#0"},"west":{"uv":[4.25,4.5,4,6],"texture":"#0"}}},{"from":[-16,0,1],"to":[16,2,16],"faces":{"north":{"uv":[4,3.75,8,4],"texture":"#0"},"east":{"uv":[4,4,5.875,4.25],"texture":"#0"},"south":{"uv":[4,3.75,8,4],"texture":"#0"},"west":{"uv":[5.875,4,4,4.25],"texture":"#0"},"up":{"uv":[8,1.875,4,0],"texture":"#0"},"down":{"uv":[8,1.875,4,3.75],"texture":"#0"}}},{"from":[-16,14,14],"to":[16,16,16],"faces":{"north":{"uv":[4,4.25,8,4.5],"texture":"#0"},"east":{"uv":[5.875,4,6.125,4.25],"texture":"#0"},"south":{"uv":[4,4.25,8,4.5],"texture":"#0"},"west":{"uv":[6.125,4,5.875,4.25],"texture":"#0"},"up":{"uv":[8,4.5,4,4.25],"texture":"#0"},"down":{"uv":[8,4.25,4,4.5],"texture":"#0"}}},{"from":[3,17,7],"to":[14,27,10],"rotation":{"angle":-22.5,"axis":"x","origin":[8.5,22,8.5]},"faces":{"north":{"uv":[4.625,4.875,6,6.125],"texture":"#0"},"east":{"uv":[6,4.5,6.375,5.75],"texture":"#0"},"south":{"uv":[4.625,6.125,6,7.375],"texture":"#0"},"west":{"uv":[6,4.5,6.375,5.75],"texture":"#0"},"up":{"uv":[6,4.875,4.625,4.5],"texture":"#0"},"down":{"uv":[6,4.5,4.625,4.875],"texture":"#0"}}},{"from":[7,15,6.1],"to":[10,24,9.1],"rotation":{"angle":0,"axis":"y","origin":[8.5,22,8.5]},"faces":{"north":{"uv":[4.25,4.5,4.625,5.625],"texture":"#0"},"east":{"uv":[4.25,4.5,4.625,5.625],"texture":"#0"},"south":{"uv":[4.25,4.5,4.625,5.625],"texture":"#0"},"west":{"uv":[4.25,4.5,4.625,5.625],"texture":"#0"},"up":{"uv":[4.625,6,4.25,5.625],"texture":"#0"},"down":{"uv":[4.625,5.625,4.25,6],"texture":"#0"}}}],"gui_light":"front","display":{"thirdperson_righthand":{"rotation":[67.5,0,0],"translation":[2,1.75,0.25],"scale":[0.22656,0.22656,0.22656]},"thirdperson_lefthand":{"rotation":[67.5,0,0],"translation":[-2,1.75,0.25],"scale":[0.22656,0.22656,0.22656]},"firstperson_righthand":{"translation":[3.25,1.25,0],"scale":[0.31992,0.31992,0.31992]},"firstperson_lefthand":{"translation":[-1,1.25,0],"scale":[0.31992,0.31992,0.31992]},"ground":{"translation":[0,3,0],"scale":[0.25,0.25,0.25]},"gui":{"rotation":[30,225,0],"translation":[-2.5,-1.5,0],"scale":[0.4375,0.4375,0.4375]},"head":{"rotation":[0,-180,0],"translation":[0,-32.15,0],"scale":[1.6,1.6,1.6]},"fixed":{"rotation":[-90,0,0],"translation":[0,0,-16],"scale":[2,2,2]}}}