{"credit":"MadewithBlockbench","texture_size":[64,64],"textures":{"0":"fashion_store_furniture_v1:curtain_1","particle":"fashion_store_furniture_v1:curtain_1"},"elements":[{"from":[-16,29,1],"to":[16,30,3],"faces":{"north":{"uv":[0,12.5,8,12.75],"texture":"#0"},"east":{"uv":[0,12.75,0.5,13],"texture":"#0"},"south":{"uv":[0,12.5,8,12.75],"texture":"#0"},"west":{"uv":[0,12.75,0.5,13],"texture":"#0"},"up":{"uv":[8,12.5,0,12],"texture":"#0"},"down":{"uv":[8,12,0,12.5],"texture":"#0"}}},{"from":[-16,-16,2],"to":[16,32,2],"rotation":{"angle":0,"axis":"y","origin":[8,0,0]},"faces":{"north":{"uv":[0,0,8,12],"texture":"#0"},"east":{"uv":[0,0,0,12],"texture":"#0"},"south":{"uv":[8,0,0,12],"texture":"#0"},"west":{"uv":[0,0,0,12],"texture":"#0"},"up":{"uv":[8,0,0,0],"texture":"#0"},"down":{"uv":[8,0,0,0],"texture":"#0"}}},{"from":[-16,-16,1.9],"to":[16,32,1.9],"rotation":{"angle":0,"axis":"y","origin":[8,0,0]},"faces":{"north":{"uv":[8,0,16,12],"texture":"#0"},"east":{"uv":[0,0,0,12],"texture":"#0"},"south":{"uv":[16,0,8,12],"texture":"#0"},"west":{"uv":[0,0,0,12],"texture":"#0"},"up":{"uv":[8,0,0,0],"texture":"#0"},"down":{"uv":[8,0,0,0],"texture":"#0"}}},{"from":[-16,-16,2.15],"to":[16,32,2.15],"rotation":{"angle":0,"axis":"y","origin":[8,0,0]},"faces":{"north":{"uv":[8,0,16,12],"texture":"#0"},"east":{"uv":[0,0,0,12],"texture":"#0"},"south":{"uv":[16,0,8,12],"texture":"#0"},"west":{"uv":[0,0,0,12],"texture":"#0"},"up":{"uv":[8,0,0,0],"texture":"#0"},"down":{"uv":[8,0,0,0],"texture":"#0"}}}],"gui_light":"front","display":{"thirdperson_righthand":{"rotation":[67.5,0,0],"translation":[1.5,-1,0.25],"scale":[0.17383,0.17383,0.17383]},"thirdperson_lefthand":{"rotation":[67.5,0,0],"translation":[-1.25,-1,0.25],"scale":[0.17383,0.17383,0.17383]},"firstperson_righthand":{"translation":[6.5,2.75,0],"scale":[0.33594,0.33594,0.33594]},"firstperson_lefthand":{"translation":[1.25,2.75,0],"scale":[0.33594,0.33594,0.33594]},"ground":{"translation":[0,3,0],"scale":[0.25,0.25,0.25]},"gui":{"rotation":[30,225,0],"translation":[-2.75,-0.25,0],"scale":[0.29297,0.29297,0.29297]},"head":{"translation":[0,-6.3,0],"scale":[0,0,0]},"fixed":{"translation":[0,-28,10],"scale":[2,2,2]}}}