{"credit":"MadewithBlockbench","texture_size":[64,64],"textures":{"0":"fashion_store_furniture_v1:hanging_rail_p_3","1":"fashion_store_furniture_v1:fashion_store_color","particle":"fashion_store_furniture_v1:hanging_rail_p_3"},"elements":[{"from":[7,0,1],"to":[9,1,15],"rotation":{"angle":0,"axis":"y","origin":[7,0,7]},"faces":{"north":{"uv":[0.5,4.25,1,4.5],"texture":"#0"},"east":{"uv":[0,0,3.5,0.25],"texture":"#0"},"south":{"uv":[0.5,4.25,1,4.5],"texture":"#0"},"west":{"uv":[0,0,3.5,0.25],"texture":"#0"},"up":{"uv":[1,4.25,0.5,0.75],"texture":"#0"},"down":{"uv":[1,0.75,0.5,4.25],"texture":"#0"}}},{"from":[1,0,7],"to":[15,1,9],"rotation":{"angle":0,"axis":"y","origin":[8,0.5,8]},"faces":{"north":{"uv":[0,0,3.5,0.25],"texture":"#0"},"east":{"uv":[0.5,4.25,1,4.5],"texture":"#0"},"south":{"uv":[0,0,3.5,0.25],"texture":"#0"},"west":{"uv":[0.5,4.25,1,4.5],"texture":"#0"},"up":{"uv":[1,4.25,0.5,0.75],"rotation":90,"texture":"#0"},"down":{"uv":[1,0.75,0.5,4.25],"rotation":270,"texture":"#0"}}},{"from":[7,29,1],"to":[9,29,15],"rotation":{"angle":0,"axis":"y","origin":[7,0,7]},"faces":{"up":{"uv":[1.5,3.75,1,0.25],"texture":"#0"},"down":{"uv":[1.5,0.25,1,3.75],"texture":"#0"}}},{"from":[7,1,7],"to":[9,32,9],"rotation":{"angle":0,"axis":"y","origin":[7,0,7]},"faces":{"north":{"uv":[0,0.25,0.5,8],"texture":"#0"},"east":{"uv":[0,0.25,0.5,8],"texture":"#0"},"south":{"uv":[0,0.25,0.5,8],"texture":"#0"},"west":{"uv":[0,0.25,0.5,8],"texture":"#0"},"up":{"uv":[1,0.75,0.5,0.25],"texture":"#0"},"down":{"uv":[1,0.25,0.5,0.75],"texture":"#0"}}},{"from":[3,9.9,2],"to":[13,29.9,2],"rotation":{"angle":0,"axis":"y","origin":[25,19,3]},"faces":{"north":{"uv":[8.125,4.8125,9.25,7.5625],"texture":"#1"},"south":{"uv":[9.25,4.8125,8.125,7.5625],"texture":"#1"}}},{"from":[3,9.9,3],"to":[13,29.9,3],"rotation":{"angle":0,"axis":"y","origin":[25,19,3]},"faces":{"north":{"uv":[8.125,4.8125,9.25,7.5625],"texture":"#1"},"south":{"uv":[9.25,4.8125,8.125,7.5625],"texture":"#1"}}},{"from":[3,9.9,4],"to":[13,29.9,4],"rotation":{"angle":0,"axis":"y","origin":[25,19,3]},"faces":{"north":{"uv":[8.125,4.8125,9.25,7.5625],"texture":"#1"},"south":{"uv":[9.25,4.8125,8.125,7.5625],"texture":"#1"}}},{"from":[3,9.9,5],"to":[13,29.9,5],"rotation":{"angle":0,"axis":"y","origin":[25,19,3]},"faces":{"north":{"uv":[8.125,4.8125,9.25,7.5625],"texture":"#1"},"south":{"uv":[9.25,4.8125,8.125,7.5625],"texture":"#1"}}},{"from":[3,9.9,14],"to":[13,29.9,14],"rotation":{"angle":0,"axis":"y","origin":[25,19,3]},"faces":{"north":{"uv":[7.625,4.8125,6.5,7.5625],"texture":"#1"},"south":{"uv":[6.5,4.8125,7.625,7.5625],"texture":"#1"}}},{"from":[3,9.9,13],"to":[13,29.9,13],"rotation":{"angle":0,"axis":"y","origin":[25,19,3]},"faces":{"north":{"uv":[7.625,4.8125,6.5,7.5625],"texture":"#1"},"south":{"uv":[6.5,4.8125,7.625,7.5625],"texture":"#1"}}},{"from":[3,9.9,12],"to":[13,29.9,12],"rotation":{"angle":0,"axis":"y","origin":[25,19,3]},"faces":{"north":{"uv":[7.625,4.8125,6.5,7.5625],"texture":"#1"},"south":{"uv":[6.5,4.8125,7.625,7.5625],"texture":"#1"}}},{"from":[3,9.9,11],"to":[13,29.9,11],"rotation":{"angle":0,"axis":"y","origin":[25,19,3]},"faces":{"north":{"uv":[7.625,4.8125,6.5,7.5625],"texture":"#1"},"south":{"uv":[6.5,4.8125,7.625,7.5625],"texture":"#1"}}}],"gui_light":"front","display":{"thirdperson_righthand":{"rotation":[67.5,0,0],"translation":[0,0,-0.25],"scale":[0.28906,0.28906,0.28906]},"thirdperson_lefthand":{"rotation":[67.5,0,0],"translation":[0,0,-0.25],"scale":[0.28906,0.28906,0.28906]},"firstperson_righthand":{"translation":[1,3.25,1],"scale":[0.37656,0.37656,0.37656]},"firstperson_lefthand":{"translation":[1,3.25,1],"scale":[0.37656,0.37656,0.37656]},"ground":{"translation":[0,6,0],"scale":[0.50977,0.50977,0.50977]},"gui":{"rotation":[30,225,0],"translation":[0,-3,0],"scale":[0.48828,0.48828,0.48828]},"head":{"translation":[0,-30.4,0],"scale":[1.6,1.6,1.6]},"fixed":{"rotation":[-90,0,0],"translation":[0,0,-16],"scale":[2,2,2]}}}