{"credit":"MadewithBlockbench","texture_size":[128,128],"textures":{"0":"fashion_store_furniture_v1:hanging_rail_s_2","1":"fashion_store_furniture_v1:fashion_store_color","particle":"fashion_store_furniture_v1:hanging_rail_s_2"},"elements":[{"from":[0,-16,15],"to":[16,32,16],"rotation":{"angle":0,"axis":"y","origin":[7,0,7]},"faces":{"north":{"uv":[0,0,2,6],"texture":"#0"},"east":{"uv":[2,0,2.125,6],"texture":"#0"},"south":{"uv":[0,0,2,6],"texture":"#0"},"west":{"uv":[2,0,2.125,6],"texture":"#0"},"up":{"uv":[2,6.125,0,6],"texture":"#0"},"down":{"uv":[2,6,0,6.125],"texture":"#0"}}},{"from":[7.5,27,6],"to":[8.5,27,15],"rotation":{"angle":0,"axis":"y","origin":[7,0,7]},"faces":{"up":{"uv":[2.125,7.125,2,6],"texture":"#0"},"down":{"uv":[2.125,6,2,7.125],"texture":"#0"}}},{"from":[3,2,5.5],"to":[13,6.5,13.5],"rotation":{"angle":0,"axis":"y","origin":[7,0,7]},"faces":{"north":{"uv":[6.5,3.5625,7.75,4.125],"texture":"#1"},"east":{"uv":[6.5,4.125,7.5,4.6875],"texture":"#1"},"south":{"uv":[6.5,3.5625,7.75,4.125],"texture":"#1"},"west":{"uv":[6.5,4.125,7.5,4.6875],"texture":"#1"},"up":{"uv":[7.75,3.5625,6.5,2.5625],"texture":"#1"}}},{"from":[3,-5,5.5],"to":[13,-0.5,13.5],"rotation":{"angle":0,"axis":"y","origin":[7,0,7]},"faces":{"north":{"uv":[6.5,3.5625,7.75,4.125],"texture":"#1"},"east":{"uv":[6.5,4.125,7.5,4.6875],"texture":"#1"},"south":{"uv":[6.5,3.5625,7.75,4.125],"texture":"#1"},"west":{"uv":[6.5,4.125,7.5,4.6875],"texture":"#1"},"up":{"uv":[7.75,3.5625,6.5,2.5625],"texture":"#1"}}},{"from":[3,-12,5.5],"to":[13,-7.5,13.5],"rotation":{"angle":0,"axis":"y","origin":[7,0,7]},"faces":{"north":{"uv":[6.5,3.5625,7.75,4.125],"texture":"#1"},"east":{"uv":[6.5,4.125,7.5,4.6875],"texture":"#1"},"south":{"uv":[6.5,3.5625,7.75,4.125],"texture":"#1"},"west":{"uv":[6.5,4.125,7.5,4.6875],"texture":"#1"},"up":{"uv":[7.75,3.5625,6.5,2.5625],"texture":"#1"}}},{"from":[1,6.1,7],"to":[15,28.1,7],"rotation":{"angle":0,"axis":"y","origin":[25,19,3]},"faces":{"north":{"uv":[6.5,0,8,2.5],"texture":"#1"},"south":{"uv":[8,0,6.5,2.5],"texture":"#1"}}},{"from":[1,6.1,9],"to":[15,28.1,9],"rotation":{"angle":0,"axis":"y","origin":[25,19,3]},"faces":{"north":{"uv":[6.5,0,8,2.5],"texture":"#1"},"south":{"uv":[8,0,6.5,2.5],"texture":"#1"}}},{"from":[1,6.1,11],"to":[15,28.1,11],"rotation":{"angle":0,"axis":"y","origin":[25,19,3]},"faces":{"north":{"uv":[6.5,0,8,2.5],"texture":"#1"},"south":{"uv":[8,0,6.5,2.5],"texture":"#1"}}},{"from":[1,6.1,13],"to":[15,28.1,13],"rotation":{"angle":0,"axis":"y","origin":[25,19,3]},"faces":{"north":{"uv":[6.5,0,8,2.5],"texture":"#1"},"south":{"uv":[8,0,6.5,2.5],"texture":"#1"}}},{"from":[1,6.1,14.5],"to":[15,28.1,14.5],"rotation":{"angle":0,"axis":"y","origin":[25,19,3]},"faces":{"north":{"uv":[6.5,0,8,2.5],"texture":"#1"},"south":{"uv":[8,0,6.5,2.5],"texture":"#1"}}},{"from":[0,-16,5],"to":[16,-13,15],"rotation":{"angle":0,"axis":"y","origin":[7,0,7]},"faces":{"north":{"uv":[0,7.375,2,7.75],"texture":"#0"},"east":{"uv":[0,7.75,1.25,8.125],"texture":"#0"},"south":{"uv":[0,7.375,2,7.75],"texture":"#0"},"west":{"uv":[1.25,7.75,0,8.125],"texture":"#0"},"down":{"uv":[2,6.125,0,7.375],"texture":"#0"}}},{"from":[0,1,4],"to":[16,2,15],"rotation":{"angle":0,"axis":"y","origin":[7,0,7]},"faces":{"north":{"uv":[2.125,1.375,4.125,1.5],"texture":"#0"},"east":{"uv":[2.125,1.5,3.5,1.625],"texture":"#0"},"west":{"uv":[3.5,1.5,2.125,1.625],"texture":"#0"},"up":{"uv":[4.125,1.375,2.125,0],"texture":"#0"},"down":{"uv":[4.125,0,2.125,1.375],"texture":"#0"}}},{"from":[0,-6,4],"to":[16,-5,15],"rotation":{"angle":0,"axis":"y","origin":[7,0,7]},"faces":{"north":{"uv":[4.125,1.375,2.125,1.5],"texture":"#0"},"east":{"uv":[2.125,1.5,3.5,1.625],"texture":"#0"},"west":{"uv":[3.5,1.5,2.125,1.625],"texture":"#0"},"up":{"uv":[4.125,1.375,2.125,0],"texture":"#0"},"down":{"uv":[4.125,0,2.125,1.375],"texture":"#0"}}},{"from":[0,-13,4],"to":[16,-12,15],"rotation":{"angle":0,"axis":"y","origin":[7,0,7]},"faces":{"north":{"uv":[2.125,1.375,4.125,1.5],"texture":"#0"},"east":{"uv":[2.125,1.5,3.5,1.625],"texture":"#0"},"west":{"uv":[3.5,1.5,2.125,1.625],"texture":"#0"},"up":{"uv":[4.125,1.375,2.125,0],"texture":"#0"},"down":{"uv":[4.125,0,2.125,1.375],"texture":"#0"}}}],"gui_light":"front","display":{"thirdperson_righthand":{"rotation":[67.5,0,0],"translation":[0,2.75,1.75],"scale":[0.25,0.25,0.25]},"thirdperson_lefthand":{"rotation":[67.5,0,0],"translation":[0,2.75,1.75],"scale":[0.25,0.25,0.25]},"firstperson_righthand":{"translation":[0.75,7,0],"scale":[0.28672,0.28672,0.28672]},"firstperson_lefthand":{"translation":[0.75,7,0],"scale":[0.28672,0.28672,0.28672]},"ground":{"translation":[0,11,0],"scale":[0.4,0.4,0.4]},"gui":{"rotation":[30,225,0],"translation":[0.75,-0.25,0],"scale":[0.30469,0.30469,0.30469]},"head":{"rotation":[0,-180,0],"translation":[0,-4.8,0],"scale":[1.6,1.6,1.6]},"fixed":{"rotation":[-90,0,0],"translation":[0,0,-48],"scale":[2,2,2]}}}