{"credit":"MadewithBlockbench","texture_size":[128,128],"textures":{"0":"fashion_store_furniture_v1:hanging_rail_p_2","1":"fashion_store_furniture_v1:fashion_store_color","particle":"fashion_store_furniture_v1:hanging_rail_p_2"},"elements":[{"from":[-16,1,2],"to":[32,2,14],"rotation":{"angle":0,"axis":"y","origin":[7,0,7]},"faces":{"north":{"uv":[0,1.5,6,1.625],"texture":"#0"},"east":{"uv":[0,1.625,1.5,1.75],"texture":"#0"},"south":{"uv":[0,1.5,6,1.625],"texture":"#0"},"west":{"uv":[0,1.625,1.5,1.75],"texture":"#0"},"up":{"uv":[6,1.5,0,0],"texture":"#0"},"down":{"uv":[6,0,0,1.5],"texture":"#0"}}},{"from":[-16,25,2],"to":[32,26,14],"rotation":{"angle":0,"axis":"y","origin":[7,0,7]},"faces":{"north":{"uv":[0,1.5,6,1.625],"texture":"#0"},"east":{"uv":[0,1.625,1.5,1.75],"texture":"#0"},"south":{"uv":[0,1.5,6,1.625],"texture":"#0"},"west":{"uv":[0,1.625,1.5,1.75],"texture":"#0"},"up":{"uv":[6,1.5,0,0],"texture":"#0"},"down":{"uv":[6,0,0,1.5],"texture":"#0"}}},{"from":[-16,0,3],"to":[32,1,13],"rotation":{"angle":0,"axis":"y","origin":[7,0,7]},"faces":{"north":{"uv":[0,3,6,3.125],"texture":"#0"},"east":{"uv":[0,3.125,1.25,3.25],"texture":"#0"},"south":{"uv":[0,3,6,3.125],"texture":"#0"},"west":{"uv":[0,3.125,1.25,3.25],"texture":"#0"},"down":{"uv":[6,1.75,0,3],"texture":"#0"}}},{"from":[31,2,7],"to":[32,25,9],"rotation":{"angle":0,"axis":"y","origin":[7,0,7]},"faces":{"north":{"uv":[6.25,0,6.375,2.875],"texture":"#0"},"east":{"uv":[6,0,6.25,2.875],"texture":"#0"},"south":{"uv":[6.25,0,6.375,2.875],"texture":"#0"},"west":{"uv":[6,0,6.25,2.875],"texture":"#0"}}},{"from":[-16,2,7],"to":[-15,25,9],"rotation":{"angle":0,"axis":"y","origin":[9,0,7]},"faces":{"north":{"uv":[6.375,0,6.25,2.875],"texture":"#0"},"east":{"uv":[6.25,0,6,2.875],"texture":"#0"},"south":{"uv":[6.375,0,6.25,2.875],"texture":"#0"},"west":{"uv":[6.25,0,6,2.875],"texture":"#0"}}},{"from":[-15,24,7],"to":[31,24,9],"rotation":{"angle":0,"axis":"y","origin":[9,0,7]},"faces":{"up":{"uv":[5.75,3.5,0,3.25],"texture":"#0"},"down":{"uv":[5.75,3.25,0,3.5],"texture":"#0"}}},{"from":[28.25,4.9,3],"to":[28.25,24.9,13],"rotation":{"angle":45,"axis":"y","origin":[28.25,14.9,8]},"faces":{"east":{"uv":[3.25,4.8125,4.375,7.5625],"texture":"#1"},"west":{"uv":[4.375,4.8125,3.25,7.5625],"texture":"#1"}}},{"from":[24.25,4.9,3],"to":[24.25,24.9,13],"rotation":{"angle":45,"axis":"y","origin":[24.25,14.9,8]},"faces":{"east":{"uv":[3.25,4.8125,4.375,7.5625],"texture":"#1"},"west":{"uv":[4.375,4.8125,3.25,7.5625],"texture":"#1"}}},{"from":[20.25,4.9,3],"to":[20.25,24.9,13],"rotation":{"angle":45,"axis":"y","origin":[20.25,14.9,8]},"faces":{"east":{"uv":[3.25,4.8125,4.375,7.5625],"texture":"#1"},"west":{"uv":[4.375,4.8125,3.25,7.5625],"texture":"#1"}}},{"from":[16.25,4.9,3],"to":[16.25,24.9,13],"rotation":{"angle":45,"axis":"y","origin":[16.25,14.9,8]},"faces":{"east":{"uv":[3.25,4.8125,4.375,7.5625],"texture":"#1"},"west":{"uv":[4.375,4.8125,3.25,7.5625],"texture":"#1"}}},{"from":[11.25,4.9,3],"to":[11.25,24.9,13],"rotation":{"angle":45,"axis":"y","origin":[11.25,14.9,8]},"faces":{"east":{"uv":[3.25,4.8125,4.375,7.5625],"texture":"#1"},"west":{"uv":[4.375,4.8125,3.25,7.5625],"texture":"#1"}}},{"from":[5.25,4.9,3],"to":[5.25,24.9,13],"rotation":{"angle":45,"axis":"y","origin":[5.25,14.9,8]},"faces":{"east":{"uv":[4.875,4.8125,6,7.5625],"texture":"#1"},"west":{"uv":[6,4.8125,4.875,7.5625],"texture":"#1"}}},{"from":[0.25,4.9,3],"to":[0.25,24.9,13],"rotation":{"angle":45,"axis":"y","origin":[0.25,14.9,8]},"faces":{"east":{"uv":[4.875,4.8125,6,7.5625],"texture":"#1"},"west":{"uv":[6,4.8125,4.875,7.5625],"texture":"#1"}}},{"from":[-3.75,4.9,3],"to":[-3.75,24.9,13],"rotation":{"angle":45,"axis":"y","origin":[-3.75,14.9,8]},"faces":{"east":{"uv":[4.875,4.8125,6,7.5625],"texture":"#1"},"west":{"uv":[6,4.8125,4.875,7.5625],"texture":"#1"}}},{"from":[-7.75,4.9,3],"to":[-7.75,24.9,13],"rotation":{"angle":45,"axis":"y","origin":[-7.75,14.9,8]},"faces":{"east":{"uv":[4.875,4.8125,6,7.5625],"texture":"#1"},"west":{"uv":[6,4.8125,4.875,7.5625],"texture":"#1"}}},{"from":[-11.75,4.9,3],"to":[-11.75,24.9,13],"rotation":{"angle":45,"axis":"y","origin":[-11.75,14.9,8]},"faces":{"east":{"uv":[4.875,4.8125,6,7.5625],"texture":"#1"},"west":{"uv":[6,4.8125,4.875,7.5625],"texture":"#1"}}}],"gui_light":"front","display":{"thirdperson_righthand":{"rotation":[67.5,0,0],"translation":[0,0.5,0.5],"scale":[0.16406,0.16406,0.16406]},"thirdperson_lefthand":{"rotation":[67.5,0,0],"translation":[0,0.5,0.5],"scale":[0.16406,0.16406,0.16406]},"firstperson_righthand":{"translation":[4.25,2.25,0],"scale":[0.37461,0.37461,0.37461]},"firstperson_lefthand":{"translation":[4.25,2.25,0],"scale":[0.37461,0.37461,0.37461]},"ground":{"translation":[0,3,0],"scale":[0.25,0.25,0.25]},"gui":{"rotation":[30,225,0],"translation":[0,-1.5,0],"scale":[0.34961,0.34961,0.34961]},"head":{"rotation":[0,-180,0],"translation":[25.75,-30.4,0],"scale":[1.6,1.6,1.6]},"fixed":{"rotation":[-90,0,0],"translation":[-32,0,-16],"scale":[2,2,2]}}}