{"credit":"MadewithBlockbench","texture_size":[64,64],"textures":{"0":"fashion_store_furniture_v1:m_mannequin","particle":"fashion_store_furniture_v1:m_mannequin"},"elements":[{"from":[1,-16,1],"to":[15,-15,15],"rotation":{"angle":0,"axis":"y","origin":[7,0,7]},"faces":{"north":{"uv":[0,3.5,3.5,3.75],"texture":"#0"},"east":{"uv":[0,3.5,3.5,3.75],"texture":"#0"},"south":{"uv":[0,3.5,3.5,3.75],"texture":"#0"},"west":{"uv":[0,3.5,3.5,3.75],"texture":"#0"},"up":{"uv":[3.5,3.5,0,0],"texture":"#0"},"down":{"uv":[3.5,0,0,3.5],"texture":"#0"}}},{"name":"head","from":[4,8.5,4],"to":[12,16.5,12],"rotation":{"angle":22.5,"axis":"y","origin":[8,8.5,8]},"faces":{"north":{"uv":[4,5,6,7],"texture":"#0"},"east":{"uv":[4,3,6,5],"texture":"#0"},"south":{"uv":[4,3,6,5],"texture":"#0"},"west":{"uv":[4,3,6,5],"texture":"#0"},"up":{"uv":[4,3,6,5],"texture":"#0"},"down":{"uv":[4,3,6,5],"texture":"#0"}}},{"name":"body","from":[4,-3.5,6],"to":[12,8.5,10],"rotation":{"angle":22.5,"axis":"y","origin":[8,-3.5,8.38268]},"faces":{"north":{"uv":[3.5,0,5.5,3],"texture":"#0"},"east":{"uv":[7.5,0,8.5,3],"texture":"#0"},"south":{"uv":[5.5,0,7.5,3],"texture":"#0"},"west":{"uv":[7.5,0,8.5,3],"texture":"#0"},"up":{"uv":[8,4,6,3],"texture":"#0"},"down":{"uv":[8,4,6,5],"texture":"#0"}}},{"name":"right_arm","from":[11.54907,-3.5,5.4984],"to":[15.54907,8.5,9.4984],"rotation":{"angle":45,"axis":"x","origin":[13.54907,8.5,6.4984]},"faces":{"north":{"uv":[0,3.75,1,6.75],"texture":"#0"},"east":{"uv":[0,3.75,1,6.75],"texture":"#0"},"south":{"uv":[0,3.75,1,6.75],"texture":"#0"},"west":{"uv":[0,3.75,1,6.75],"texture":"#0"},"up":{"uv":[2,4.75,1,3.75],"texture":"#0"},"down":{"uv":[2,4.75,1,5.75],"texture":"#0"}}},{"name":"left_arm","from":[0.74382,-3.5,8.97408],"to":[4.74382,8.5,12.97408],"rotation":{"angle":-22.5,"axis":"z","origin":[2.74382,8.5,10.97408]},"faces":{"north":{"uv":[0,3.75,1,6.75],"texture":"#0"},"east":{"uv":[0,3.75,1,6.75],"texture":"#0"},"south":{"uv":[0,3.75,1,6.75],"texture":"#0"},"west":{"uv":[0,3.75,1,6.75],"texture":"#0"},"up":{"uv":[2,4.75,1,3.75],"texture":"#0"},"down":{"uv":[2,4.75,1,5.75],"texture":"#0"}}},{"name":"right_leg","from":[8,-15.5,6],"to":[12,-3.5,10],"rotation":{"angle":-22.5,"axis":"x","origin":[10,-3.5,8]},"faces":{"north":{"uv":[2,3.75,3,6.75],"texture":"#0"},"east":{"uv":[2,3.75,3,6.75],"texture":"#0"},"south":{"uv":[2,3.75,3,6.75],"texture":"#0"},"west":{"uv":[2,3.75,3,6.75],"texture":"#0"},"up":{"uv":[4,4.75,3,3.75],"texture":"#0"},"down":{"uv":[4,4.75,3,5.75],"texture":"#0"}}},{"name":"left_leg","from":[4,-15.5,6],"to":[8,-3.5,10],"rotation":{"angle":22.5,"axis":"x","origin":[6,-3.5,8]},"faces":{"north":{"uv":[2,3.75,3,6.75],"texture":"#0"},"east":{"uv":[2,3.75,3,6.75],"texture":"#0"},"south":{"uv":[2,3.75,3,6.75],"texture":"#0"},"west":{"uv":[2,3.75,3,6.75],"texture":"#0"},"up":{"uv":[4,4.75,3,3.75],"texture":"#0"},"down":{"uv":[4,4.75,3,5.75],"texture":"#0"}}}],"gui_light":"front","display":{"thirdperson_righthand":{"rotation":[67.5,0,0],"translation":[0,1.5,2.25],"scale":[0.22461,0.22461,0.22461]},"thirdperson_lefthand":{"rotation":[67.5,0,0],"translation":[0,1.5,2.25],"scale":[0.22461,0.22461,0.22461]},"firstperson_righthand":{"translation":[1.75,8.75,0.25],"scale":[0.38438,0.38438,0.38438]},"firstperson_lefthand":{"translation":[1.75,8.75,0.25],"scale":[0.38438,0.38438,0.38438]},"ground":{"translation":[0,9,0],"scale":[0.4,0.4,0.4]},"gui":{"rotation":[30,225,0],"translation":[0.25,3,0],"scale":[0.41602,0.41602,0.41602]},"head":{"rotation":[0,-180,0],"translation":[0,-4.78,0],"scale":[1.6,1.6,1.6]},"fixed":{"rotation":[-90,0,0],"translation":[0,0,-48],"scale":[2,2,2]}}}