{"credit":"MadewithBlockbench","texture_size":[64,64],"textures":{"0":"fashion_store_furniture_v1:m_mannequin","particle":"fashion_store_furniture_v1:m_mannequin"},"elements":[{"from":[1,-16,1],"to":[15,-15,15],"rotation":{"angle":0,"axis":"y","origin":[7,0,7]},"faces":{"north":{"uv":[0,10.5,3.5,10.75],"texture":"#0"},"east":{"uv":[0,10.5,3.5,10.75],"texture":"#0"},"south":{"uv":[0,10.5,3.5,10.75],"texture":"#0"},"west":{"uv":[0,10.5,3.5,10.75],"texture":"#0"},"up":{"uv":[3.5,10.5,0,7],"texture":"#0"},"down":{"uv":[3.5,7,0,10.5],"texture":"#0"}}},{"name":"head","from":[4,9.5,6],"to":[12,17.5,14],"rotation":{"angle":22.5,"axis":"y","origin":[8,9.5,10]},"faces":{"north":{"uv":[4,5,6,7],"texture":"#0"},"east":{"uv":[4,10,6,12],"texture":"#0"},"south":{"uv":[4,10,6,12],"texture":"#0"},"west":{"uv":[4,10,6,12],"texture":"#0"},"up":{"uv":[4,10,6,12],"texture":"#0"},"down":{"uv":[4,10,6,12],"texture":"#0"}}},{"name":"body","from":[4,-2.33988,4.42967],"to":[12,9.66012,8.42967],"rotation":{"angle":22.5,"axis":"x","origin":[8,-2.33988,6.81236]},"faces":{"north":{"uv":[3.5,7,5.5,10],"texture":"#0"},"east":{"uv":[7.5,7,8.5,10],"texture":"#0"},"south":{"uv":[5.5,7,7.5,10],"texture":"#0"},"west":{"uv":[7.5,7,8.5,10],"texture":"#0"},"up":{"uv":[8,11,6,10],"texture":"#0"},"down":{"uv":[8,11,6,12],"texture":"#0"}}},{"name":"right_arm","from":[12,-3.5,9],"to":[16,8.5,13],"rotation":{"angle":45,"axis":"z","origin":[14,8.5,10]},"faces":{"north":{"uv":[0,10.75,1,13.75],"texture":"#0"},"east":{"uv":[0,10.75,1,13.75],"texture":"#0"},"south":{"uv":[0,10.75,1,13.75],"texture":"#0"},"west":{"uv":[0,10.75,1,13.75],"texture":"#0"},"up":{"uv":[2,11.75,1,10.75],"texture":"#0"},"down":{"uv":[2,11.75,1,12.75],"texture":"#0"}}},{"name":"left_arm","from":[0,-3.5,9],"to":[4,8.5,13],"rotation":{"angle":-45,"axis":"z","origin":[2,8.5,11]},"faces":{"north":{"uv":[0,10.75,1,13.75],"texture":"#0"},"east":{"uv":[0,10.75,1,13.75],"texture":"#0"},"south":{"uv":[0,10.75,1,13.75],"texture":"#0"},"west":{"uv":[0,10.75,1,13.75],"texture":"#0"},"up":{"uv":[2,11.75,1,10.75],"rotation":270,"texture":"#0"},"down":{"uv":[2,11.75,1,12.75],"rotation":90,"texture":"#0"}}},{"name":"right_leg","from":[10.45461,-10.5,1.68717],"to":[14.45461,1.5,5.68717],"rotation":{"angle":-22.5,"axis":"y","origin":[12.45461,1.5,3.68717]},"faces":{"north":{"uv":[2,10.75,3,13.75],"texture":"#0"},"east":{"uv":[2,10.75,3,13.75],"texture":"#0"},"south":{"uv":[2,10.75,3,13.75],"texture":"#0"},"west":{"uv":[2,10.75,3,13.75],"texture":"#0"},"up":{"uv":[4,11.75,3,10.75],"texture":"#0"},"down":{"uv":[4,11.75,3,12.75],"texture":"#0"}}},{"name":"left_leg","from":[3.07612,-15.5,5.38268],"to":[7.07612,-3.5,9.38268],"rotation":{"angle":22.5,"axis":"y","origin":[5.07612,-3.76537,7.38268]},"faces":{"north":{"uv":[1,12.75,2,15.75],"texture":"#0"},"east":{"uv":[1,12.75,2,15.75],"texture":"#0"},"south":{"uv":[1,12.75,2,15.75],"texture":"#0"},"west":{"uv":[1,12.75,2,15.75],"texture":"#0"},"up":{"uv":[4,11.75,3,10.75],"texture":"#0"},"down":{"uv":[4,11.75,3,12.75],"texture":"#0"}}}],"gui_light":"front","display":{"thirdperson_righthand":{"rotation":[67.5,0,0],"translation":[0,1.5,2.25],"scale":[0.22461,0.22461,0.22461]},"thirdperson_lefthand":{"rotation":[67.5,0,0],"translation":[0,1.5,2.25],"scale":[0.22461,0.22461,0.22461]},"firstperson_righthand":{"translation":[1.75,8.75,0.25],"scale":[0.38438,0.38438,0.38438]},"firstperson_lefthand":{"translation":[1.75,8.75,0.25],"scale":[0.38438,0.38438,0.38438]},"ground":{"translation":[0,9,0],"scale":[0.4,0.4,0.4]},"gui":{"rotation":[30,225,0],"translation":[0.25,3,0],"scale":[0.41602,0.41602,0.41602]},"head":{"rotation":[0,-180,0],"translation":[0,-4.78,0],"scale":[1.6,1.6,1.6]},"fixed":{"rotation":[-90,0,0],"translation":[0,0,-48],"scale":[2,2,2]}}}