{"credit":"MadewithBlockbench","texture_size":[64,64],"textures":{"0":"fashion_store_furniture_v1:mirror_1","particle":"fashion_store_furniture_v1:mirror_1"},"elements":[{"from":[1,-15,15],"to":[15,31,16],"rotation":{"angle":0,"axis":"y","origin":[7,0,7]},"faces":{"north":{"uv":[0,0,3.5,11.5],"texture":"#0"},"east":{"uv":[7,0,7.25,11.5],"texture":"#0"},"south":{"uv":[3.5,0,7,11.5],"texture":"#0"},"west":{"uv":[7.25,0,7,11.5],"texture":"#0"},"up":{"uv":[10.75,0.25,7.25,0],"texture":"#0"},"down":{"uv":[10.75,0,7.25,0.25],"texture":"#0"}}},{"from":[0.9,-15.1,14.9],"to":[15.1,31.1,16.1],"rotation":{"angle":0,"axis":"y","origin":[7,0,7]},"faces":{"north":{"uv":[10.75,0,14.25,11.5],"texture":"#0"},"east":{"uv":[7,0,7.25,11.5],"texture":"#0"},"south":{"uv":[7.25,0.25,10.75,11.75],"texture":"#0"},"west":{"uv":[7,0,7.25,11.5],"texture":"#0"},"up":{"uv":[10.75,0.25,7.25,0],"texture":"#0"},"down":{"uv":[10.75,0,7.25,0.25],"texture":"#0"}}}],"gui_light":"front","display":{"thirdperson_righthand":{"rotation":[67.5,0,0],"translation":[0,2.5,0],"scale":[0.29102,0.29102,0.29102]},"thirdperson_lefthand":{"rotation":[67.5,0,0],"translation":[0,2.5,0],"scale":[0.29102,0.29102,0.29102]},"firstperson_righthand":{"translation":[-1.75,1.5,0],"scale":[0.4375,0.4375,0.4375]},"firstperson_lefthand":{"translation":[-1.75,1.5,0],"scale":[0.4375,0.4375,0.4375]},"ground":{"translation":[0,10.25,-3],"scale":[0.4,0.4,0.4]},"gui":{"rotation":[30,225,0],"translation":[2,-1,0],"scale":[0.33594,0.33594,0.33594]},"head":{"translation":[0,-32.15,0],"scale":[0,0,0]},"fixed":{"translation":[0,30.25,-16.25],"scale":[2,2,2]}}}