{"credit":"MadewithBlockbench","texture_size":[64,64],"textures":{"0":"fashion_store_furniture_v1:shelf_2","1":"fashion_store_furniture_v1:fashion_store_color","particle":"fashion_store_furniture_v1:shelf_2"},"elements":[{"from":[0,0,15],"to":[16,32,16],"rotation":{"angle":0,"axis":"y","origin":[7,0,7]},"faces":{"north":{"uv":[0,0,4,8],"texture":"#0"},"east":{"uv":[4,0,4.25,8],"texture":"#0"},"south":{"uv":[0,0,4,8],"texture":"#0"},"west":{"uv":[4.25,0,4,8],"texture":"#0"},"up":{"uv":[4,8.25,0,8],"texture":"#0"},"down":{"uv":[4,8,0,8.25],"texture":"#0"}}},{"from":[0,24,4],"to":[16,25,15],"rotation":{"angle":0,"axis":"y","origin":[7,0,7]},"faces":{"north":{"uv":[4.25,2.75,8.25,3],"texture":"#0"},"east":{"uv":[4.25,3,7,3.25],"texture":"#0"},"west":{"uv":[7,3,4.25,3.25],"texture":"#0"},"up":{"uv":[8.25,2.75,4.25,0],"texture":"#0"},"down":{"uv":[8.25,0,4.25,2.75],"texture":"#0"}}},{"from":[0,16,4],"to":[16,17,15],"rotation":{"angle":0,"axis":"y","origin":[7,0,7]},"faces":{"north":{"uv":[4.25,2.75,8.25,3],"texture":"#0"},"east":{"uv":[4.25,3,7,3.25],"texture":"#0"},"west":{"uv":[7,3,4.25,3.25],"texture":"#0"},"up":{"uv":[8.25,2.75,4.25,0],"texture":"#0"},"down":{"uv":[8.25,0,4.25,2.75],"texture":"#0"}}},{"from":[0,8,4],"to":[16,9,15],"rotation":{"angle":0,"axis":"y","origin":[7,0,7]},"faces":{"north":{"uv":[4.25,2.75,8.25,3],"texture":"#0"},"east":{"uv":[4.25,3,7,3.25],"texture":"#0"},"west":{"uv":[7,3,4.25,3.25],"texture":"#0"},"up":{"uv":[8.25,2.75,4.25,0],"texture":"#0"},"down":{"uv":[8.25,0,4.25,2.75],"texture":"#0"}}},{"from":[0,0,4],"to":[16,1,15],"rotation":{"angle":0,"axis":"y","origin":[7,0,7]},"faces":{"north":{"uv":[4.25,2.75,8.25,3],"texture":"#0"},"east":{"uv":[4.25,3,7,3.25],"texture":"#0"},"west":{"uv":[7,3,4.25,3.25],"texture":"#0"},"up":{"uv":[8.25,2.75,4.25,0],"texture":"#0"},"down":{"uv":[8.25,0,4.25,2.75],"texture":"#0"}}},{"from":[3,1,5],"to":[13,5.5,13],"rotation":{"angle":0,"axis":"y","origin":[7,0,7]},"faces":{"north":{"uv":[8.125,3.5625,9.375,4.125],"texture":"#1"},"east":{"uv":[8.125,4.125,9.125,4.6875],"texture":"#1"},"south":{"uv":[8.125,3.5625,9.375,4.125],"texture":"#1"},"west":{"uv":[8.125,4.125,9.125,4.6875],"texture":"#1"},"up":{"uv":[9.375,3.5625,8.125,2.5625],"texture":"#1"}}},{"from":[3,9,5],"to":[13,13.5,13],"rotation":{"angle":0,"axis":"y","origin":[7,0,7]},"faces":{"north":{"uv":[8.125,3.5625,9.375,4.125],"texture":"#1"},"east":{"uv":[8.125,4.125,9.125,4.6875],"texture":"#1"},"south":{"uv":[8.125,3.5625,9.375,4.125],"texture":"#1"},"west":{"uv":[8.125,4.125,9.125,4.6875],"texture":"#1"},"up":{"uv":[9.375,3.5625,8.125,2.5625],"texture":"#1"}}},{"from":[3,17,5],"to":[13,21.5,13],"rotation":{"angle":0,"axis":"y","origin":[7,0,7]},"faces":{"north":{"uv":[8.125,3.5625,9.375,4.125],"texture":"#1"},"east":{"uv":[8.125,4.125,9.125,4.6875],"texture":"#1"},"south":{"uv":[8.125,3.5625,9.375,4.125],"texture":"#1"},"west":{"uv":[8.125,4.125,9.125,4.6875],"texture":"#1"},"up":{"uv":[9.375,3.5625,8.125,2.5625],"texture":"#1"}}},{"from":[3,25,5],"to":[13,29.5,13],"rotation":{"angle":0,"axis":"y","origin":[7,0,7]},"faces":{"north":{"uv":[8.125,3.5625,9.375,4.125],"texture":"#1"},"east":{"uv":[8.125,4.125,9.125,4.6875],"texture":"#1"},"south":{"uv":[8.125,3.5625,9.375,4.125],"texture":"#1"},"west":{"uv":[8.125,4.125,9.125,4.6875],"texture":"#1"},"up":{"uv":[9.375,3.5625,8.125,2.5625],"texture":"#1"}}}],"gui_light":"front","display":{"thirdperson_righthand":{"rotation":[67.5,0,0],"translation":[0,2,-0.5],"scale":[0.25781,0.25781,0.25781]},"thirdperson_lefthand":{"rotation":[67.5,0,0],"translation":[0,2,-0.5],"scale":[0.25781,0.25781,0.25781]},"firstperson_righthand":{"translation":[0.25,3.25,0],"scale":[0.34922,0.34922,0.34922]},"firstperson_lefthand":{"translation":[0.25,3.25,0],"scale":[0.34922,0.34922,0.34922]},"ground":{"translation":[0,6,0],"scale":[0.50977,0.50977,0.50977]},"gui":{"rotation":[30,225,0],"translation":[1,-3.25,0],"scale":[0.41211,0.41211,0.41211]},"head":{"rotation":[0,-180,0],"translation":[0,-30.4,0],"scale":[1.6,1.6,1.6]},"fixed":{"rotation":[-90,0,0],"translation":[0,0,-16],"scale":[2,2,2]}}}