{"credit":"MadewithBlockbench","texture_size":[128,128],"textures":{"0":"fashion_store_furniture_v1:shoe_rack_1","particle":"fashion_store_furniture_v1:shoe_rack_1"},"elements":[{"from":[-16,0,7],"to":[16,3,15],"rotation":{"angle":0,"axis":"y","origin":[7,0,7]},"faces":{"north":{"uv":[0,6.5,4,6.875],"texture":"#0"},"east":{"uv":[0,6.875,1,7.25],"texture":"#0"},"west":{"uv":[1,6.875,0,7.25],"texture":"#0"},"down":{"uv":[4,5.5,0,6.5],"texture":"#0"}}},{"from":[-16,0,15],"to":[16,32,16],"rotation":{"angle":0,"axis":"y","origin":[7,0,7]},"faces":{"north":{"uv":[0,0,4,4],"texture":"#0"},"east":{"uv":[4,0,4.125,4],"texture":"#0"},"south":{"uv":[0,0,4,4],"texture":"#0"},"west":{"uv":[4.125,0,4,4],"texture":"#0"},"up":{"uv":[4,4.125,0,4],"texture":"#0"},"down":{"uv":[4,4,0,4.125],"texture":"#0"}}},{"from":[-16,31,6],"to":[16,32,15],"rotation":{"angle":0,"axis":"y","origin":[7,0,7]},"faces":{"north":{"uv":[0,5.25,4,5.375],"texture":"#0"},"east":{"uv":[0,5.375,1.125,5.5],"texture":"#0"},"west":{"uv":[1.125,5.375,0,5.5],"texture":"#0"},"up":{"uv":[4,5.25,0,4.125],"texture":"#0"},"down":{"uv":[4,4.125,0,5.25],"texture":"#0"}}},{"from":[-16,24,6],"to":[16,25,15],"rotation":{"angle":0,"axis":"y","origin":[7,0,7]},"faces":{"north":{"uv":[0,5.25,4,5.375],"texture":"#0"},"east":{"uv":[0,5.375,1.125,5.5],"texture":"#0"},"west":{"uv":[1.125,5.375,0,5.5],"texture":"#0"},"up":{"uv":[4,5.25,0,4.125],"texture":"#0"},"down":{"uv":[4,4.125,0,5.25],"texture":"#0"}}},{"from":[-16,17,6],"to":[16,18,15],"rotation":{"angle":0,"axis":"y","origin":[7,0,7]},"faces":{"north":{"uv":[0,5.25,4,5.375],"texture":"#0"},"east":{"uv":[0,5.375,1.125,5.5],"texture":"#0"},"west":{"uv":[1.125,5.375,0,5.5],"texture":"#0"},"up":{"uv":[4,5.25,0,4.125],"texture":"#0"},"down":{"uv":[4,4.125,0,5.25],"texture":"#0"}}},{"from":[-16,10,6],"to":[16,11,15],"rotation":{"angle":0,"axis":"y","origin":[7,0,7]},"faces":{"north":{"uv":[0,5.25,4,5.375],"texture":"#0"},"east":{"uv":[0,5.375,1.125,5.5],"texture":"#0"},"west":{"uv":[1.125,5.375,0,5.5],"texture":"#0"},"up":{"uv":[4,5.25,0,4.125],"texture":"#0"},"down":{"uv":[4,4.125,0,5.25],"texture":"#0"}}},{"from":[-16,3,6],"to":[16,4,15],"rotation":{"angle":0,"axis":"y","origin":[7,0,7]},"faces":{"north":{"uv":[0,5.25,4,5.375],"texture":"#0"},"east":{"uv":[0,5.375,1.125,5.5],"texture":"#0"},"west":{"uv":[1.125,5.375,0,5.5],"texture":"#0"},"up":{"uv":[4,5.25,0,4.125],"texture":"#0"},"down":{"uv":[4,4.125,0,5.25],"texture":"#0"}}},{"from":[8.5,6,10.5],"to":[11.5,7,13.5],"rotation":{"angle":-45,"axis":"y","origin":[10,5.75,11.5]},"faces":{"north":{"uv":[4.25,1.125,4.625,1.25],"texture":"#0"},"east":{"uv":[4.25,1.125,4.625,1.25],"texture":"#0"},"south":{"uv":[4.25,1.125,4.625,1.25],"texture":"#0"},"west":{"uv":[4.25,1.125,4.625,1.25],"texture":"#0"},"up":{"uv":[4.625,1.125,4.25,0.75],"texture":"#0"}}},{"from":[8,4,8],"to":[12,6,14],"rotation":{"angle":-45,"axis":"y","origin":[10,5.75,11.5]},"faces":{"north":{"uv":[4.75,0.25,5.25,0.5],"texture":"#0"},"east":{"uv":[4.75,0,5.5,0.25],"texture":"#0"},"south":{"uv":[4.75,0.5,5.25,0.75],"texture":"#0"},"west":{"uv":[5.5,0,4.75,0.25],"texture":"#0"},"up":{"uv":[4.75,0.75,4.25,0],"texture":"#0"}}},{"from":[2.5,7.3,10.5],"to":[5.5,8.3,13.5],"rotation":{"angle":-22.5,"axis":"x","origin":[4,5.75,11.5]},"faces":{"north":{"uv":[4.25,1.125,4.625,1.25],"texture":"#0"},"east":{"uv":[4.25,1.125,4.625,1.25],"texture":"#0"},"south":{"uv":[4.25,1.125,4.625,1.25],"texture":"#0"},"west":{"uv":[4.25,1.125,4.625,1.25],"texture":"#0"},"up":{"uv":[4.625,1.125,4.25,0.75],"texture":"#0"}}},{"from":[2,5.3,8],"to":[6,7.3,14],"rotation":{"angle":-22.5,"axis":"x","origin":[4,5.75,11.5]},"faces":{"north":{"uv":[4.75,0.25,5.25,0.5],"texture":"#0"},"east":{"uv":[4.75,0,5.5,0.25],"texture":"#0"},"south":{"uv":[4.75,0.5,5.25,0.75],"texture":"#0"},"west":{"uv":[5.5,0,4.75,0.25],"texture":"#0"},"up":{"uv":[4.75,0.75,4.25,0],"texture":"#0"}}},{"from":[2,2.3,8],"to":[6,5.3,14],"rotation":{"angle":-22.5,"axis":"x","origin":[4,5.75,11.5]},"faces":{"east":{"uv":[7.375,0,8.125,0.25],"texture":"#0"},"south":{"uv":[7.375,0.25,7.875,0.5],"texture":"#0"},"west":{"uv":[8.125,0,7.375,0.25],"texture":"#0"},"up":{"uv":[7.375,0.75,6.875,0],"texture":"#0"}}},{"from":[-6.5,6,10.5],"to":[-3.5,7,13.5],"rotation":{"angle":-45,"axis":"y","origin":[-5,5.75,11.5]},"faces":{"north":{"uv":[4.25,2.5,4.625,2.625],"texture":"#0"},"east":{"uv":[4.25,2.5,4.625,2.625],"texture":"#0"},"south":{"uv":[4.25,2.5,4.625,2.625],"texture":"#0"},"west":{"uv":[4.25,2.5,4.625,2.625],"texture":"#0"},"up":{"uv":[4.625,2.5,4.25,2.125],"texture":"#0"}}},{"from":[-7,4,8],"to":[-3,6,14],"rotation":{"angle":-45,"axis":"y","origin":[-5,5.75,11.5]},"faces":{"north":{"uv":[4.75,1.625,5.25,1.875],"texture":"#0"},"east":{"uv":[4.75,1.375,5.5,1.625],"texture":"#0"},"south":{"uv":[4.75,1.875,5.25,2.125],"texture":"#0"},"west":{"uv":[4.75,1.375,5.5,1.625],"texture":"#0"},"up":{"uv":[4.75,2.125,4.25,1.375],"texture":"#0"}}},{"from":[-12.5,7.3,10.5],"to":[-9.5,8.3,13.5],"rotation":{"angle":-22.5,"axis":"x","origin":[-11,5.75,11.5]},"faces":{"north":{"uv":[4.25,2.5,4.625,2.625],"texture":"#0"},"east":{"uv":[4.25,2.5,4.625,2.625],"texture":"#0"},"south":{"uv":[4.25,2.5,4.625,2.625],"texture":"#0"},"west":{"uv":[4.25,2.5,4.625,2.625],"texture":"#0"},"up":{"uv":[4.625,2.5,4.25,2.125],"texture":"#0"}}},{"from":[-13,5.3,8],"to":[-9,7.3,14],"rotation":{"angle":-22.5,"axis":"x","origin":[-11,5.75,11.5]},"faces":{"north":{"uv":[4.75,1.625,5.25,1.875],"texture":"#0"},"east":{"uv":[4.75,1.375,5.5,1.625],"texture":"#0"},"south":{"uv":[4.75,1.875,5.25,2.125],"texture":"#0"},"west":{"uv":[4.75,1.375,5.5,1.625],"texture":"#0"},"up":{"uv":[4.75,2.125,4.25,1.375],"texture":"#0"}}},{"from":[-13,2.3,8],"to":[-9,5.3,14],"rotation":{"angle":-22.5,"axis":"x","origin":[-11,5.75,11.5]},"faces":{"east":{"uv":[7.375,0,8.125,0.25],"texture":"#0"},"south":{"uv":[7.375,0.25,7.875,0.5],"texture":"#0"},"west":{"uv":[8.125,0,7.375,0.25],"texture":"#0"},"up":{"uv":[7.375,0.75,6.875,0],"texture":"#0"}}},{"from":[8.5,13,10.5],"to":[11.5,14,13.5],"rotation":{"angle":-45,"axis":"y","origin":[10,12.75,11.5]},"faces":{"north":{"uv":[5.5625,1.125,5.9375,1.25],"texture":"#0"},"east":{"uv":[5.5625,1.125,5.9375,1.25],"texture":"#0"},"south":{"uv":[5.5625,1.125,5.9375,1.25],"texture":"#0"},"west":{"uv":[5.5625,1.125,5.9375,1.25],"texture":"#0"},"up":{"uv":[5.9375,1.125,5.5625,0.75],"texture":"#0"}}},{"from":[8,11,8],"to":[12,13,14],"rotation":{"angle":-45,"axis":"y","origin":[10,12.75,11.5]},"faces":{"north":{"uv":[6.0625,0.25,6.5625,0.5],"texture":"#0"},"east":{"uv":[6.0625,0,6.8125,0.25],"texture":"#0"},"south":{"uv":[6.0625,0.5,6.5625,0.75],"texture":"#0"},"west":{"uv":[6.8125,0,6.0625,0.25],"texture":"#0"},"up":{"uv":[6.0625,0.75,5.5625,0],"texture":"#0"}}},{"from":[2.5,14.3,10.5],"to":[5.5,15.3,13.5],"rotation":{"angle":-22.5,"axis":"x","origin":[4,12.75,11.5]},"faces":{"north":{"uv":[5.5625,1.125,5.9375,1.25],"texture":"#0"},"east":{"uv":[5.5625,1.125,5.9375,1.25],"texture":"#0"},"south":{"uv":[5.5625,1.125,5.9375,1.25],"texture":"#0"},"west":{"uv":[5.5625,1.125,5.9375,1.25],"texture":"#0"},"up":{"uv":[5.9375,1.125,5.5625,0.75],"texture":"#0"}}},{"from":[2,12.3,8],"to":[6,14.3,14],"rotation":{"angle":-22.5,"axis":"x","origin":[4,12.75,11.5]},"faces":{"north":{"uv":[6.0625,0.25,6.5625,0.5],"texture":"#0"},"east":{"uv":[6.0625,0,6.8125,0.25],"texture":"#0"},"south":{"uv":[6.0625,0.5,6.5625,0.75],"texture":"#0"},"west":{"uv":[6.8125,0,6.0625,0.25],"texture":"#0"},"up":{"uv":[6.0625,0.75,5.5625,0],"texture":"#0"}}},{"from":[2,9.3,8],"to":[6,12.3,14],"rotation":{"angle":-22.5,"axis":"x","origin":[4,12.75,11.5]},"faces":{"east":{"uv":[7.375,0,8.125,0.25],"texture":"#0"},"south":{"uv":[7.375,0.25,7.875,0.5],"texture":"#0"},"west":{"uv":[8.125,0,7.375,0.25],"texture":"#0"},"up":{"uv":[7.375,0.75,6.875,0],"texture":"#0"}}},{"from":[-6.5,13,10.5],"to":[-3.5,14,13.5],"rotation":{"angle":-45,"axis":"y","origin":[-5,12.75,11.5]},"faces":{"north":{"uv":[5.5625,2.5,5.9375,2.625],"texture":"#0"},"east":{"uv":[5.5625,2.5,5.9375,2.625],"texture":"#0"},"south":{"uv":[5.5625,2.5,5.9375,2.625],"texture":"#0"},"west":{"uv":[5.5625,2.5,5.9375,2.625],"texture":"#0"},"up":{"uv":[5.9375,2.5,5.5625,2.125],"texture":"#0"}}},{"from":[-7,11,8],"to":[-3,13,14],"rotation":{"angle":-45,"axis":"y","origin":[-5,12.75,11.5]},"faces":{"north":{"uv":[6.0625,1.625,6.5625,1.875],"texture":"#0"},"east":{"uv":[6.0625,1.375,6.8125,1.625],"texture":"#0"},"south":{"uv":[6.0625,1.875,6.5625,2.125],"texture":"#0"},"west":{"uv":[6.0625,1.375,6.8125,1.625],"texture":"#0"},"up":{"uv":[6.0625,2.125,5.5625,1.375],"texture":"#0"}}},{"from":[-12.5,14.3,10.5],"to":[-9.5,15.3,13.5],"rotation":{"angle":-22.5,"axis":"x","origin":[-11,12.75,11.5]},"faces":{"north":{"uv":[5.5625,2.5,5.9375,2.625],"texture":"#0"},"east":{"uv":[5.5625,2.5,5.9375,2.625],"texture":"#0"},"south":{"uv":[5.5625,2.5,5.9375,2.625],"texture":"#0"},"west":{"uv":[5.5625,2.5,5.9375,2.625],"texture":"#0"},"up":{"uv":[5.9375,2.5,5.5625,2.125],"texture":"#0"}}},{"from":[-13,12.3,8],"to":[-9,14.3,14],"rotation":{"angle":-22.5,"axis":"x","origin":[-11,12.75,11.5]},"faces":{"north":{"uv":[6.0625,1.625,6.5625,1.875],"texture":"#0"},"east":{"uv":[6.0625,1.375,6.8125,1.625],"texture":"#0"},"south":{"uv":[6.0625,1.875,6.5625,2.125],"texture":"#0"},"west":{"uv":[6.0625,1.375,6.8125,1.625],"texture":"#0"},"up":{"uv":[6.0625,2.125,5.5625,1.375],"texture":"#0"}}},{"from":[-13,9.3,8],"to":[-9,12.3,14],"rotation":{"angle":-22.5,"axis":"x","origin":[-11,12.75,11.5]},"faces":{"east":{"uv":[7.375,0,8.125,0.25],"texture":"#0"},"south":{"uv":[7.375,0.25,7.875,0.5],"texture":"#0"},"west":{"uv":[8.125,0,7.375,0.25],"texture":"#0"},"up":{"uv":[7.375,0.75,6.875,0],"texture":"#0"}}},{"from":[8,18,8],"to":[12,20,14],"rotation":{"angle":-45,"axis":"y","origin":[10,19.75,11.5]},"faces":{"north":{"uv":[4.75,3,5.25,3.25],"texture":"#0"},"east":{"uv":[4.75,2.75,5.5,3],"texture":"#0"},"south":{"uv":[4.75,3.25,5.25,3.5],"texture":"#0"},"west":{"uv":[5.5,2.75,4.75,3],"texture":"#0"},"up":{"uv":[4.75,3.5,4.25,2.75],"texture":"#0"}}},{"from":[8.5,20,10.5],"to":[11.5,21,13.5],"rotation":{"angle":-45,"axis":"y","origin":[10,19.75,11.5]},"faces":{"north":{"uv":[4.25,3.875,4.625,4],"texture":"#0"},"east":{"uv":[4.25,3.875,4.625,4],"texture":"#0"},"south":{"uv":[4.25,3.875,4.625,4],"texture":"#0"},"west":{"uv":[4.25,3.875,4.625,4],"texture":"#0"},"up":{"uv":[4.625,3.875,4.25,3.5],"texture":"#0"}}},{"from":[2,16.3,8],"to":[6,19.3,14],"rotation":{"angle":-22.5,"axis":"x","origin":[4,19.75,11.5]},"faces":{"east":{"uv":[7.375,0,8.125,0.25],"texture":"#0"},"south":{"uv":[7.375,0.25,7.875,0.5],"texture":"#0"},"west":{"uv":[8.125,0,7.375,0.25],"texture":"#0"},"up":{"uv":[7.375,0.75,6.875,0],"texture":"#0"}}},{"from":[2,19.3,8],"to":[6,21.3,14],"rotation":{"angle":-22.5,"axis":"x","origin":[4,19.75,11.5]},"faces":{"north":{"uv":[4.75,3,5.25,3.25],"texture":"#0"},"east":{"uv":[4.75,2.75,5.5,3],"texture":"#0"},"south":{"uv":[4.75,3.25,5.25,3.5],"texture":"#0"},"west":{"uv":[5.5,2.75,4.75,3],"texture":"#0"},"up":{"uv":[4.75,3.5,4.25,2.75],"texture":"#0"}}},{"from":[2.5,21.3,10.5],"to":[5.5,22.3,13.5],"rotation":{"angle":-22.5,"axis":"x","origin":[4,19.75,11.5]},"faces":{"north":{"uv":[4.25,3.875,4.625,4],"texture":"#0"},"east":{"uv":[4.25,3.875,4.625,4],"texture":"#0"},"south":{"uv":[4.25,3.875,4.625,4],"texture":"#0"},"west":{"uv":[4.25,3.875,4.625,4],"texture":"#0"},"up":{"uv":[4.625,3.875,4.25,3.5],"texture":"#0"}}},{"from":[-7,18,8],"to":[-3,20,14],"rotation":{"angle":-45,"axis":"y","origin":[-5,19.75,11.5]},"faces":{"north":{"uv":[6.0625,3,6.5625,3.25],"texture":"#0"},"east":{"uv":[6.0625,2.75,6.8125,3],"texture":"#0"},"south":{"uv":[6.0625,3.25,6.5625,3.5],"texture":"#0"},"west":{"uv":[6.0625,2.75,6.8125,3],"texture":"#0"},"up":{"uv":[6.0625,3.5,5.5625,2.75],"texture":"#0"}}},{"from":[-6.5,20,10.5],"to":[-3.5,21,13.5],"rotation":{"angle":-45,"axis":"y","origin":[-5,19.75,11.5]},"faces":{"north":{"uv":[5.5625,3.875,5.9375,4],"texture":"#0"},"east":{"uv":[5.5625,3.875,5.9375,4],"texture":"#0"},"south":{"uv":[5.5625,3.875,5.9375,4],"texture":"#0"},"west":{"uv":[5.5625,3.875,5.9375,4],"texture":"#0"},"up":{"uv":[5.9375,3.875,5.5625,3.5],"texture":"#0"}}},{"from":[-13,19.3,8],"to":[-9,21.3,14],"rotation":{"angle":-22.5,"axis":"x","origin":[-11,19.75,11.5]},"faces":{"north":{"uv":[6.0625,3,6.5625,3.25],"texture":"#0"},"east":{"uv":[6.0625,2.75,6.8125,3],"texture":"#0"},"south":{"uv":[6.0625,3.25,6.5625,3.5],"texture":"#0"},"west":{"uv":[6.0625,2.75,6.8125,3],"texture":"#0"},"up":{"uv":[6.0625,3.5,5.5625,2.75],"texture":"#0"}}},{"from":[-13,16.3,8],"to":[-9,19.3,14],"rotation":{"angle":-22.5,"axis":"x","origin":[-11,19.75,11.5]},"faces":{"east":{"uv":[7.375,0,8.125,0.25],"texture":"#0"},"south":{"uv":[7.375,0.25,7.875,0.5],"texture":"#0"},"west":{"uv":[8.125,0,7.375,0.25],"texture":"#0"},"up":{"uv":[7.375,0.75,6.875,0],"texture":"#0"}}},{"from":[-12.5,21.3,10.5],"to":[-9.5,22.3,13.5],"rotation":{"angle":-22.5,"axis":"x","origin":[-11,19.75,11.5]},"faces":{"north":{"uv":[5.5625,3.875,5.9375,4],"texture":"#0"},"east":{"uv":[5.5625,3.875,5.9375,4],"texture":"#0"},"south":{"uv":[5.5625,3.875,5.9375,4],"texture":"#0"},"west":{"uv":[5.5625,3.875,5.9375,4],"texture":"#0"},"up":{"uv":[5.9375,3.875,5.5625,3.5],"texture":"#0"}}},{"from":[8,25,8],"to":[12,27,14],"rotation":{"angle":-45,"axis":"y","origin":[10,26.75,11.5]},"faces":{"north":{"uv":[4.75,4.375,5.25,4.625],"texture":"#0"},"east":{"uv":[4.75,4.125,5.5,4.375],"texture":"#0"},"south":{"uv":[4.75,4.625,5.25,4.875],"texture":"#0"},"west":{"uv":[5.5,4.125,4.75,4.375],"texture":"#0"},"up":{"uv":[4.75,4.875,4.25,4.125],"texture":"#0"}}},{"from":[8.5,27,10.5],"to":[11.5,28,13.5],"rotation":{"angle":-45,"axis":"y","origin":[10,26.75,11.5]},"faces":{"north":{"uv":[4.25,5.25,4.625,5.375],"texture":"#0"},"east":{"uv":[4.25,5.25,4.625,5.375],"texture":"#0"},"south":{"uv":[4.25,5.25,4.625,5.375],"texture":"#0"},"west":{"uv":[4.25,5.25,4.625,5.375],"texture":"#0"},"up":{"uv":[4.625,5.25,4.25,4.875],"texture":"#0"}}},{"from":[2,23.3,8],"to":[6,26.3,14],"rotation":{"angle":-22.5,"axis":"x","origin":[4,26.75,11.5]},"faces":{"east":{"uv":[7.375,0,8.125,0.25],"texture":"#0"},"south":{"uv":[7.375,0.25,7.875,0.5],"texture":"#0"},"west":{"uv":[8.125,0,7.375,0.25],"texture":"#0"},"up":{"uv":[7.375,0.75,6.875,0],"texture":"#0"}}},{"from":[2,26.3,8],"to":[6,28.3,14],"rotation":{"angle":-22.5,"axis":"x","origin":[4,26.75,11.5]},"faces":{"north":{"uv":[4.75,4.375,5.25,4.625],"texture":"#0"},"east":{"uv":[4.75,4.125,5.5,4.375],"texture":"#0"},"south":{"uv":[4.75,4.625,5.25,4.875],"texture":"#0"},"west":{"uv":[5.5,4.125,4.75,4.375],"texture":"#0"},"up":{"uv":[4.75,4.875,4.25,4.125],"texture":"#0"}}},{"from":[2.5,28.3,10.5],"to":[5.5,29.3,13.5],"rotation":{"angle":-22.5,"axis":"x","origin":[4,26.75,11.5]},"faces":{"north":{"uv":[4.25,5.25,4.625,5.375],"texture":"#0"},"east":{"uv":[4.25,5.25,4.625,5.375],"texture":"#0"},"south":{"uv":[4.25,5.25,4.625,5.375],"texture":"#0"},"west":{"uv":[4.25,5.25,4.625,5.375],"texture":"#0"},"up":{"uv":[4.625,5.25,4.25,4.875],"texture":"#0"}}},{"from":[-7,25,8],"to":[-3,27,14],"rotation":{"angle":-45,"axis":"y","origin":[-5,26.75,11.5]},"faces":{"north":{"uv":[6.0625,4.375,6.5625,4.625],"texture":"#0"},"east":{"uv":[6.0625,4.125,6.8125,4.375],"texture":"#0"},"south":{"uv":[6.0625,4.625,6.5625,4.875],"texture":"#0"},"west":{"uv":[6.0625,4.125,6.8125,4.375],"texture":"#0"},"up":{"uv":[6.0625,4.875,5.5625,4.125],"texture":"#0"}}},{"from":[-6.5,27,10.5],"to":[-3.5,28,13.5],"rotation":{"angle":-45,"axis":"y","origin":[-5,26.75,11.5]},"faces":{"north":{"uv":[5.5625,5.25,5.9375,5.375],"texture":"#0"},"east":{"uv":[5.5625,5.25,5.9375,5.375],"texture":"#0"},"south":{"uv":[5.5625,5.25,5.9375,5.375],"texture":"#0"},"west":{"uv":[5.5625,5.25,5.9375,5.375],"texture":"#0"},"up":{"uv":[5.9375,5.25,5.5625,4.875],"texture":"#0"}}},{"from":[-13,26.3,8],"to":[-9,28.3,14],"rotation":{"angle":-22.5,"axis":"x","origin":[-11,26.75,11.5]},"faces":{"north":{"uv":[6.0625,4.375,6.5625,4.625],"texture":"#0"},"east":{"uv":[6.0625,4.125,6.8125,4.375],"texture":"#0"},"south":{"uv":[6.0625,4.625,6.5625,4.875],"texture":"#0"},"west":{"uv":[6.0625,4.125,6.8125,4.375],"texture":"#0"},"up":{"uv":[6.0625,4.875,5.5625,4.125],"texture":"#0"}}},{"from":[-13,23.3,8],"to":[-9,26.3,14],"rotation":{"angle":-22.5,"axis":"x","origin":[-11,26.75,11.5]},"faces":{"east":{"uv":[7.375,0,8.125,0.25],"texture":"#0"},"south":{"uv":[7.375,0.25,7.875,0.5],"texture":"#0"},"west":{"uv":[8.125,0,7.375,0.25],"texture":"#0"},"up":{"uv":[7.375,0.75,6.875,0],"texture":"#0"}}},{"from":[-12.5,28.3,10.5],"to":[-9.5,29.3,13.5],"rotation":{"angle":-22.5,"axis":"x","origin":[-11,26.75,11.5]},"faces":{"north":{"uv":[5.5625,5.25,5.9375,5.375],"texture":"#0"},"east":{"uv":[5.5625,5.25,5.9375,5.375],"texture":"#0"},"south":{"uv":[5.5625,5.25,5.9375,5.375],"texture":"#0"},"west":{"uv":[5.5625,5.25,5.9375,5.375],"texture":"#0"},"up":{"uv":[5.9375,5.25,5.5625,4.875],"texture":"#0"}}}],"gui_light":"front","display":{"thirdperson_righthand":{"rotation":[67,0,0],"translation":[1.25,1.25,-0.5],"scale":[0.17188,0.17188,0.17188]},"thirdperson_lefthand":{"rotation":[67,0,0],"translation":[-1.5,1.25,-0.5],"scale":[0.17188,0.17188,0.17188]},"firstperson_righthand":{"translation":[3,2.5,0],"scale":[0.27695,0.27695,0.27695]},"firstperson_lefthand":{"translation":[-2.25,2.5,0],"scale":[0.27695,0.27695,0.27695]},"ground":{"translation":[3.75,3,0],"scale":[0.33008,0.33008,0.33008]},"gui":{"rotation":[30,225,0],"translation":[-1.25,-4,0],"scale":[0.36523,0.36523,0.36523]},"head":{"rotation":[0,-180,0],"translation":[0,-30.4,0],"scale":[1.6,1.6,1.6]},"fixed":{"rotation":[-90,0,0],"translation":[0,0,-16],"scale":[2,2,2]}}}