{"credit":"Made with Blockbench","textures":{"1":"customcrops:mushrooms/agaricus_silvaticus_schaeff_wl2","2":"customcrops:mushrooms/agaricus_silvaticus_schaeff_wl3","particle":"customcrops:mushrooms/agaricus_silvaticus_schaeff"},"elements":[{"from":[7,1,7],"to":[8,3,8],"faces":{"north":{"uv":[11,2,13,6],"texture":"#2"},"east":{"uv":[0,0,2,4],"texture":"#2"},"south":{"uv":[7,0,9,4],"texture":"#2"},"west":{"uv":[0,0,2,4],"texture":"#2"},"up":{"uv":[0,0,2,4],"texture":"#2"},"down":{"uv":[0,0,2,4],"texture":"#2"}}},{"from":[5,3,5],"to":[10,4,10],"faces":{"north":{"uv":[2,1,13,2.5],"texture":"#1"},"east":{"uv":[2,1,13,2.5],"texture":"#1"},"south":{"uv":[2,1,13,2.5],"texture":"#1"},"west":{"uv":[2,1,13,2.5],"texture":"#1"},"up":{"uv":[2,1,13,10],"texture":"#1"},"down":{"uv":[0,2,11,11],"texture":"#2"}}},{"from":[6,4,6],"to":[9,5,9],"faces":{"north":{"uv":[2,1,9.33333,2.5],"texture":"#1"},"east":{"uv":[2,1,9.33333,2.5],"texture":"#1"},"south":{"uv":[2,1,9.33333,2.5],"texture":"#1"},"west":{"uv":[2,1,9.33333,2.5],"texture":"#1"},"up":{"uv":[2,1,9.33333,7],"texture":"#1"},"down":{"uv":[0,2,7.33333,8],"texture":"#2"}}},{"from":[6,0,7],"to":[7,1,8],"faces":{"north":{"uv":[12,2,15,5],"texture":"#2"},"east":{"uv":[2,5,5,8],"texture":"#2"},"south":{"uv":[2,0,5,3],"texture":"#2"},"west":{"uv":[9,2,12,5],"texture":"#2"},"up":{"uv":[10,7,13,10],"texture":"#2"},"down":{"uv":[0,9,3,12],"texture":"#2"}}},{"from":[7,0,6],"to":[8,1,7],"faces":{"north":{"uv":[12,2,15,5],"texture":"#2"},"east":{"uv":[2,5,5,8],"texture":"#2"},"south":{"uv":[2,0,5,3],"texture":"#2"},"west":{"uv":[9,2,12,5],"texture":"#2"},"up":{"uv":[10,7,13,10],"texture":"#2"},"down":{"uv":[0,9,3,12],"texture":"#2"}}},{"from":[7,0,8],"to":[8,1,9],"faces":{"north":{"uv":[12,2,15,5],"texture":"#2"},"east":{"uv":[2,5,5,8],"texture":"#2"},"south":{"uv":[2,0,5,3],"texture":"#2"},"west":{"uv":[9,2,12,5],"texture":"#2"},"up":{"uv":[10,7,13,10],"texture":"#2"},"down":{"uv":[0,9,3,12],"texture":"#2"}}},{"from":[8,0,7],"to":[9,1,8],"faces":{"north":{"uv":[12,2,15,5],"texture":"#2"},"east":{"uv":[2,5,5,8],"texture":"#2"},"south":{"uv":[2,0,5,3],"texture":"#2"},"west":{"uv":[9,2,12,5],"texture":"#2"},"up":{"uv":[10,7,13,10],"texture":"#2"},"down":{"uv":[0,9,3,12],"texture":"#2"}}}],"groups":[0,{"name":"group","origin":[0,0,0],"color":0,"children":[1,2]},{"name":"group","origin":[0,0,0],"color":0,"children":[3,4,5,6]}]}