{"credit":"Made with Blockbench","textures":{"1":"customcrops:mushrooms/agaricus_silvaticus_schaeff_wl2","2":"customcrops:mushrooms/agaricus_silvaticus_schaeff_wl3","particle":"customcrops:mushrooms/agaricus_silvaticus_schaeff"},"elements":[{"from":[6,0,6],"to":[10,3,10],"faces":{"north":{"uv":[0,11,4,14],"texture":"#2"},"east":{"uv":[0,11,4,14],"texture":"#2"},"south":{"uv":[0,11,4,14],"texture":"#2"},"west":{"uv":[0,11,4,14],"texture":"#2"},"up":{"uv":[0,11,4,15],"texture":"#2"},"down":{"uv":[0,11,4,15],"texture":"#2"}}},{"from":[7,3,7],"to":[9,7,9],"faces":{"north":{"uv":[11,2,13,6],"texture":"#2"},"east":{"uv":[0,0,2,4],"texture":"#2"},"south":{"uv":[7,0,9,4],"texture":"#2"},"west":{"uv":[0,0,2,4],"texture":"#2"},"up":{"uv":[0,0,2,4],"texture":"#2"},"down":{"uv":[0,0,2,4],"texture":"#2"}}},{"from":[4,6,6],"to":[5,7,10],"faces":{"north":{"uv":[2,1,3.83333,2.5],"texture":"#1"},"east":{"uv":[3,12,10.33333,13.5],"texture":"#1"},"south":{"uv":[2,1,3.83333,2.5],"texture":"#1"},"west":{"uv":[2,1,9.33333,2.5],"texture":"#1"},"up":{"uv":[2,1,3.83333,7],"texture":"#1"},"down":{"uv":[0,2,1.83333,8],"texture":"#2"}}},{"from":[5,7,5],"to":[11,8,11],"faces":{"north":{"uv":[2,1,13,2.5],"texture":"#1"},"east":{"uv":[2,1,13,2.5],"texture":"#1"},"south":{"uv":[2,1,13,2.5],"texture":"#1"},"west":{"uv":[2,1,13,2.5],"texture":"#1"},"up":{"uv":[2,1,13,10],"texture":"#1"},"down":{"uv":[0,2,11,11],"texture":"#2"}}},{"from":[6,8,6],"to":[10,9,10],"faces":{"north":{"uv":[2,1,9.33333,2.5],"texture":"#1"},"east":{"uv":[2,1,9.33333,2.5],"texture":"#1"},"south":{"uv":[2,1,9.33333,2.5],"texture":"#1"},"west":{"uv":[2,1,9.33333,2.5],"texture":"#1"},"up":{"uv":[2,1,9.33333,7],"texture":"#1"},"down":{"uv":[0,2,7.33333,8],"texture":"#2"}}},{"from":[6,6,11],"to":[10,7,12],"faces":{"north":{"uv":[10,13,15.33333,14.5],"texture":"#1"},"east":{"uv":[2,1,3.83333,2.5],"texture":"#1"},"south":{"uv":[2,1,9.33333,2.5],"texture":"#1"},"west":{"uv":[2,1,3.83333,2.5],"texture":"#1"},"up":{"uv":[2,1,3.83333,7],"rotation":90,"texture":"#1"},"down":{"uv":[0,2,1.83333,8],"rotation":270,"texture":"#2"}}},{"from":[6,6,4],"to":[10,7,5],"faces":{"north":{"uv":[2,1,9.33333,2.5],"texture":"#1"},"east":{"uv":[2,1,3.83333,2.5],"texture":"#1"},"south":{"uv":[1,13,8.33333,14.5],"texture":"#1"},"west":{"uv":[2,1,3.83333,2.5],"texture":"#1"},"up":{"uv":[2,1,3.83333,7],"rotation":90,"texture":"#1"},"down":{"uv":[0,2,1.83333,8],"rotation":270,"texture":"#2"}}},{"from":[11,6,6],"to":[12,7,10],"faces":{"north":{"uv":[2,1,3.83333,2.5],"texture":"#1"},"east":{"uv":[2,1,9.33333,2.5],"texture":"#1"},"south":{"uv":[2,1,3.83333,2.5],"texture":"#1"},"west":{"uv":[9.66667,10,14,11.5],"texture":"#1"},"up":{"uv":[2,1,3.83333,7],"texture":"#1"},"down":{"uv":[0,2,1.83333,8],"texture":"#2"}}},{"from":[10,6,5],"to":[11,7,6],"faces":{"north":{"uv":[2,1,3.83333,2.5],"texture":"#1"},"east":{"uv":[2,1,3.83333,2.5],"texture":"#1"},"south":{"uv":[11,14,12.83333,15.5],"texture":"#1"},"west":{"uv":[11,10,12.83333,11.5],"texture":"#1"},"up":{"uv":[2,1,3.83333,2.5],"rotation":90,"texture":"#1"},"down":{"uv":[0,2,1.83333,3.5],"rotation":270,"texture":"#2"}}},{"from":[5,6,5],"to":[6,7,6],"faces":{"north":{"uv":[2,1,3.83333,2.5],"texture":"#1"},"east":{"uv":[12,10,13.83333,11.5],"texture":"#1"},"south":{"uv":[2,1,3.83333,2.5],"texture":"#1"},"west":{"uv":[2,1,3.83333,2.5],"texture":"#1"},"up":{"uv":[2,1,3.83333,2.5],"rotation":90,"texture":"#1"},"down":{"uv":[0,2,1.83333,3.5],"rotation":270,"texture":"#2"}}},{"from":[5,6,10],"to":[6,7,11],"faces":{"north":{"uv":[12,10,13.83333,11.5],"texture":"#1"},"east":{"uv":[10,10,11.83333,11.5],"texture":"#1"},"south":{"uv":[2,1,3.83333,2.5],"texture":"#1"},"west":{"uv":[2,1,3.83333,2.5],"texture":"#1"},"up":{"uv":[2,1,3.83333,2.5],"rotation":90,"texture":"#1"},"down":{"uv":[0,2,1.83333,3.5],"rotation":270,"texture":"#2"}}},{"from":[10,6,10],"to":[11,7,11],"faces":{"north":{"uv":[8,11,9.83333,12.5],"texture":"#1"},"east":{"uv":[2,1,3.83333,2.5],"texture":"#1"},"south":{"uv":[2,1,3.83333,2.5],"texture":"#1"},"west":{"uv":[12,14,13.83333,15.5],"texture":"#1"},"up":{"uv":[2,1,3.83333,2.5],"rotation":90,"texture":"#1"},"down":{"uv":[0,2,1.83333,3.5],"rotation":270,"texture":"#2"}}}],"groups":[0,1,{"name":"group","origin":[0,0,0],"color":0,"children":[2,3,4,5,6,7,8,9,10,11]}]}