{"credit":"Made with Blockbench","textures":{"1":"customcrops:mushrooms/agaricus_silvaticus_schaeff_wl2","2":"customcrops:mushrooms/agaricus_silvaticus_schaeff_wl3","particle":"customcrops:mushrooms/agaricus_silvaticus_schaeff"},"elements":[{"from":[7,0,7],"to":[8,1,8],"faces":{"north":{"uv":[3,6,6,9],"texture":"#2"},"east":{"uv":[0,10,3,13],"texture":"#2"},"south":{"uv":[1,2,4,5],"texture":"#2"},"west":{"uv":[11,7,14,10],"texture":"#2"},"up":{"uv":[10,2,13,5],"texture":"#2"},"down":{"uv":[4,1,7,4],"texture":"#2"}}},{"from":[6,1,6],"to":[9,2,9],"faces":{"north":{"uv":[5,1,12.33333,2.5],"texture":"#1"},"east":{"uv":[5,1,12.33333,2.5],"texture":"#1"},"south":{"uv":[5,1,12.33333,2.5],"texture":"#1"},"west":{"uv":[5,1,12.33333,2.5],"texture":"#1"},"up":{"uv":[5,1,12.33333,7],"texture":"#1"},"down":{"uv":[3,2,10.33333,8],"texture":"#2"}}}],"groups":[0,{"name":"group","origin":[0,0,0],"color":0,"children":[1]},{"name":"group","origin":[0,0,0],"color":0,"children":[]}]}