{"credit":"Made with Blockbench","textures":{"1":"customcrops:mushrooms/agaricus_augustus_wl2","particle":"customcrops:mushrooms/agaricus_augustus_wl2"},"elements":[{"from":[8,0,8],"to":[9,2,9],"faces":{"north":{"uv":[0,7,1,10],"texture":"#1"},"east":{"uv":[0,7,1,10],"texture":"#1"},"south":{"uv":[0,7,1,10],"texture":"#1"},"west":{"uv":[0,7,1,10],"texture":"#1"},"up":{"uv":[0,7,1,10],"texture":"#1"},"down":{"uv":[0,7,1,10],"texture":"#1"}}},{"from":[8,2,7],"to":[9,6,8],"faces":{"north":{"uv":[0,7,1,10],"texture":"#1"},"east":{"uv":[0,7,1,10],"texture":"#1"},"south":{"uv":[0,7,1,10],"texture":"#1"},"west":{"uv":[0,7,1,10],"texture":"#1"},"up":{"uv":[0,7,1,10],"texture":"#1"},"down":{"uv":[0,7,1,10],"texture":"#1"}}},{"from":[5,6,5],"to":[11,7,11],"faces":{"north":{"uv":[0,14,11,16],"texture":"#1"},"east":{"uv":[0,14,11,16],"texture":"#1"},"south":{"uv":[0,14,11,16],"texture":"#1"},"west":{"uv":[0,14,11,16],"texture":"#1"},"up":{"uv":[6,0,16,10],"texture":"#1"},"down":{"uv":[0,6,6,12],"texture":"#1"}}},{"from":[6,5,11],"to":[10,6,12],"faces":{"north":{"uv":[6,5,13,7],"texture":"#1"},"east":{"uv":[0,0,2,2],"texture":"#1"},"south":{"uv":[6,5,13,7],"texture":"#1"},"west":{"uv":[5,2,7,4],"texture":"#1"},"up":{"uv":[14,0,16,7],"rotation":90,"texture":"#1"},"down":{"uv":[9,12,16,14],"rotation":270,"texture":"#1"}}},{"from":[4,5,6],"to":[5,6,10],"faces":{"north":{"uv":[0,0,2,2],"texture":"#1"},"east":{"uv":[6,5,13,7],"texture":"#1"},"south":{"uv":[5,2,7,4],"texture":"#1"},"west":{"uv":[6,5,13,7],"texture":"#1"},"up":{"uv":[14,0,16,7],"texture":"#1"},"down":{"uv":[9,12,16,14],"texture":"#1"}}},{"from":[11,5,6],"to":[12,6,10],"faces":{"north":{"uv":[0,0,2,2],"texture":"#1"},"east":{"uv":[6,5,13,7],"texture":"#1"},"south":{"uv":[5,2,7,4],"texture":"#1"},"west":{"uv":[6,5,13,7],"texture":"#1"},"up":{"uv":[14,0,16,7],"texture":"#1"},"down":{"uv":[9,12,16,14],"texture":"#1"}}},{"from":[6,5,4],"to":[10,6,5],"faces":{"north":{"uv":[6,5,13,7],"texture":"#1"},"east":{"uv":[0,0,2,2],"texture":"#1"},"south":{"uv":[6,5,13,7],"texture":"#1"},"west":{"uv":[5,2,7,4],"texture":"#1"},"up":{"uv":[14,0,16,7],"rotation":90,"texture":"#1"},"down":{"uv":[9,12,16,14],"rotation":270,"texture":"#1"}}},{"from":[5,5,10],"to":[6,6,11],"faces":{"north":{"uv":[9,6,10,7],"texture":"#1"},"east":{"uv":[8,3,9,4],"texture":"#1"},"south":{"uv":[8,4,9,5],"texture":"#1"},"west":{"uv":[9,5,10,6],"texture":"#1"},"up":{"uv":[7,3,8,4],"texture":"#1"},"down":{"uv":[4,7,5,8],"texture":"#1"}}},{"from":[5,5,5],"to":[6,6,6],"faces":{"north":{"uv":[9,6,10,7],"texture":"#1"},"east":{"uv":[8,3,9,4],"texture":"#1"},"south":{"uv":[8,4,9,5],"texture":"#1"},"west":{"uv":[9,5,10,6],"texture":"#1"},"up":{"uv":[7,3,8,4],"texture":"#1"},"down":{"uv":[4,7,5,8],"texture":"#1"}}},{"from":[10,5,5],"to":[11,6,6],"faces":{"north":{"uv":[9,6,10,7],"texture":"#1"},"east":{"uv":[8,3,9,4],"texture":"#1"},"south":{"uv":[8,4,9,5],"texture":"#1"},"west":{"uv":[9,5,10,6],"texture":"#1"},"up":{"uv":[7,3,8,4],"texture":"#1"},"down":{"uv":[4,7,5,8],"texture":"#1"}}},{"from":[10,5,10],"to":[11,6,11],"faces":{"north":{"uv":[9,6,10,7],"texture":"#1"},"east":{"uv":[8,3,9,4],"texture":"#1"},"south":{"uv":[8,4,9,5],"texture":"#1"},"west":{"uv":[9,5,10,6],"texture":"#1"},"up":{"uv":[7,3,8,4],"texture":"#1"},"down":{"uv":[4,7,5,8],"texture":"#1"}}}],"display":{}}