{"credit":"Made with Blockbench","textures":{"0":"customcrops:mushrooms/agaricus_augustus_wl","particle":"customcrops:mushrooms/agaricus_augustus_wl"},"elements":[{"from":[8,0,8],"to":[9,3,9],"faces":{"north":{"uv":[0,7,1,10],"texture":"#0"},"east":{"uv":[0,7,1,10],"texture":"#0"},"south":{"uv":[0,7,1,10],"texture":"#0"},"west":{"uv":[0,7,1,10],"texture":"#0"},"up":{"uv":[0,7,1,10],"texture":"#0"},"down":{"uv":[0,7,1,10],"texture":"#0"}}},{"from":[7,3,7],"to":[10,4,10],"faces":{"north":{"uv":[0,0,3,1],"texture":"#0"},"east":{"uv":[0,0,3,1],"texture":"#0"},"south":{"uv":[0,0,3,1],"texture":"#0"},"west":{"uv":[0,0,3,1],"texture":"#0"},"up":{"uv":[0,0,3,3],"texture":"#0"},"down":{"uv":[0,3,3,6],"texture":"#0"}}}],"display":{}}