{"credit":"Made with Blockbench","textures":{"0":"customcrops:mushrooms/amanita_gymnopus_wl","1":"customcrops:mushrooms/amanita_gymnopus_wl2","particle":"customcrops:mushrooms/amanita_gymnopus_wl"},"elements":[{"from":[10,7,9],"to":[11,8,10],"faces":{"north":{"uv":[7,9,8,10],"texture":"#0"},"east":{"uv":[7,9,8,10],"texture":"#0"},"south":{"uv":[7,9,8,10],"texture":"#0"},"west":{"uv":[7,9,8,10],"texture":"#0"},"up":{"uv":[2,12,3,13],"rotation":90,"texture":"#0"},"down":{"uv":[7,6,8,7],"texture":"#0"}}},{"from":[4,7,5],"to":[5,8,9],"faces":{"north":{"uv":[7,9,11,10],"texture":"#0"},"east":{"uv":[7,9,11,10],"texture":"#0"},"south":{"uv":[7,9,11,10],"texture":"#0"},"west":{"uv":[7,9,11,10],"texture":"#0"},"up":{"uv":[1,15,5,16],"rotation":90,"texture":"#0"},"down":{"uv":[7,6,11,7],"texture":"#0"}}},{"from":[11,7,5],"to":[12,8,9],"faces":{"north":{"uv":[7,9,11,10],"texture":"#0"},"east":{"uv":[7,9,11,10],"texture":"#0"},"south":{"uv":[7,9,11,10],"texture":"#0"},"west":{"uv":[7,9,11,10],"texture":"#0"},"up":{"uv":[0,11,4,12],"rotation":90,"texture":"#0"},"down":{"uv":[7,6,11,7],"texture":"#0"}}},{"from":[6,7,3],"to":[10,8,4],"faces":{"north":{"uv":[7,9,8,10],"texture":"#0"},"east":{"uv":[7,9,8,10],"texture":"#0"},"south":{"uv":[7,9,8,10],"texture":"#0"},"west":{"uv":[7,9,8,10],"texture":"#0"},"up":{"uv":[0,11,1,15],"rotation":90,"texture":"#0"},"down":{"uv":[7,6,8,7],"texture":"#0"}}},{"from":[10,7,4],"to":[11,8,5],"faces":{"north":{"uv":[7,9,8,10],"texture":"#0"},"east":{"uv":[7,9,8,10],"texture":"#0"},"south":{"uv":[7,9,8,10],"texture":"#0"},"west":{"uv":[7,9,8,10],"texture":"#0"},"up":{"uv":[3,11,4,12],"rotation":90,"texture":"#0"},"down":{"uv":[7,6,8,7],"texture":"#0"}}},{"from":[5,7,4],"to":[6,8,5],"faces":{"north":{"uv":[7,9,8,10],"texture":"#0"},"east":{"uv":[7,9,8,10],"texture":"#0"},"south":{"uv":[7,9,8,10],"texture":"#0"},"west":{"uv":[7,9,8,10],"texture":"#0"},"up":{"uv":[2,12,3,13],"rotation":90,"texture":"#0"},"down":{"uv":[7,6,8,7],"texture":"#0"}}},{"from":[5,7,9],"to":[6,8,10],"faces":{"north":{"uv":[7,9,8,10],"texture":"#0"},"east":{"uv":[7,9,8,10],"texture":"#0"},"south":{"uv":[7,9,8,10],"texture":"#0"},"west":{"uv":[7,9,8,10],"texture":"#0"},"up":{"uv":[2,12,3,13],"rotation":90,"texture":"#0"},"down":{"uv":[7,6,8,7],"texture":"#0"}}},{"from":[6,7,10],"to":[10,8,11],"faces":{"north":{"uv":[7,9,8,10],"texture":"#0"},"east":{"uv":[7,9,8,10],"texture":"#0"},"south":{"uv":[7,9,8,10],"texture":"#0"},"west":{"uv":[7,9,8,10],"texture":"#0"},"up":{"uv":[0,11,1,15],"rotation":90,"texture":"#0"},"down":{"uv":[7,6,8,7],"texture":"#0"}}},{"from":[6,6,9],"to":[10,7,10],"faces":{"north":{"uv":[0,11,4,12],"texture":"#1"},"east":{"uv":[0,11,1,12],"texture":"#1"},"south":{"uv":[0,11,4,12],"texture":"#1"},"west":{"uv":[0,11,1,12],"texture":"#1"},"up":{"uv":[12,0,13,4],"rotation":90,"texture":"#1"},"down":{"uv":[1,11,2,15],"rotation":270,"texture":"#1"}}},{"from":[6,6,4],"to":[10,7,5],"faces":{"north":{"uv":[0,11,4,12],"texture":"#1"},"east":{"uv":[0,11,1,12],"texture":"#1"},"south":{"uv":[0,11,4,12],"texture":"#1"},"west":{"uv":[0,11,1,12],"texture":"#1"},"up":{"uv":[12,0,13,4],"rotation":90,"texture":"#1"},"down":{"uv":[1,11,2,15],"rotation":270,"texture":"#1"}}},{"from":[5,6,5],"to":[6,7,9],"faces":{"north":{"uv":[0,11,1,12],"texture":"#1"},"east":{"uv":[0,11,4,12],"texture":"#1"},"south":{"uv":[0,11,1,12],"texture":"#1"},"west":{"uv":[0,11,4,12],"texture":"#1"},"up":{"uv":[12,0,13,4],"rotation":180,"texture":"#1"},"down":{"uv":[1,11,2,15],"rotation":180,"texture":"#1"}}},{"from":[10,6,5],"to":[11,7,9],"faces":{"north":{"uv":[0,11,1,12],"texture":"#1"},"east":{"uv":[0,11,4,12],"texture":"#1"},"south":{"uv":[0,11,1,12],"texture":"#1"},"west":{"uv":[0,11,4,12],"texture":"#1"},"up":{"uv":[12,0,13,4],"rotation":180,"texture":"#1"},"down":{"uv":[1,11,2,15],"rotation":180,"texture":"#1"}}},{"from":[6,6,5],"to":[10,7,9],"faces":{"north":{"uv":[0,11,4,12],"texture":"#1"},"east":{"uv":[0,11,4,12],"texture":"#1"},"south":{"uv":[0,11,4,12],"texture":"#1"},"west":{"uv":[0,11,4,12],"texture":"#1"},"up":{"uv":[12,0,16,4],"texture":"#1"},"down":{"uv":[1,11,5,15],"texture":"#1"}}},{"from":[8,0,7],"to":[9,1,8],"faces":{"north":{"uv":[1,12,2,13],"texture":"#1"},"east":{"uv":[1,12,2,13],"texture":"#1"},"south":{"uv":[1,12,2,13],"texture":"#1"},"west":{"uv":[1,12,2,13],"texture":"#1"},"up":{"uv":[1,12,2,13],"texture":"#1"},"down":{"uv":[1,12,2,13],"texture":"#1"}}},{"from":[6,5,6],"to":[8,6,8],"faces":{"north":{"uv":[1,12,2,13],"texture":"#1"},"east":{"uv":[1,12,2,13],"texture":"#1"},"south":{"uv":[1,12,2,13],"texture":"#1"},"west":{"uv":[1,12,2,13],"texture":"#1"},"up":{"uv":[1,12,2,13],"texture":"#1"},"down":{"uv":[1,12,2,13],"texture":"#1"}}},{"from":[8,4,7],"to":[9,5,8],"faces":{"north":{"uv":[1,12,2,13],"texture":"#1"},"east":{"uv":[1,12,2,13],"texture":"#1"},"south":{"uv":[1,12,2,13],"texture":"#1"},"west":{"uv":[1,12,2,13],"texture":"#1"},"up":{"uv":[1,12,2,13],"texture":"#1"},"down":{"uv":[1,12,2,13],"texture":"#1"}}},{"from":[9,1,7],"to":[10,4,8],"faces":{"north":{"uv":[1,12,2,15],"texture":"#1"},"east":{"uv":[1,12,2,15],"texture":"#1"},"south":{"uv":[1,12,2,15],"texture":"#1"},"west":{"uv":[1,12,2,15],"texture":"#1"},"up":{"uv":[1,12,2,13],"texture":"#1"},"down":{"uv":[1,12,2,13],"texture":"#1"}}}],"groups":[{"name":"group","origin":[0,0,0],"color":0,"children":[0,1,2,3,4,5,6,7]},{"name":"group","origin":[0,0,0],"color":0,"children":[8,9,10,11,12]},{"name":"group","origin":[0,0,0],"color":0,"children":[13,14,15,16]}]}