{"credit":"Made with Blockbench","textures":{"1":"customcrops:mushrooms/amanita_gymnopus_wl2","particle":"customcrops:mushrooms/amanita_gymnopus_wl"},"elements":[{"from":[6,4,9],"to":[10,5,10],"faces":{"north":{"uv":[4,4,8,5],"texture":"#1"},"east":{"uv":[4,4,5,5],"texture":"#1"},"south":{"uv":[4,4,8,5],"texture":"#1"},"west":{"uv":[4,4,5,5],"texture":"#1"},"up":{"uv":[12,0,13,4],"rotation":90,"texture":"#1"},"down":{"uv":[1,11,2,15],"rotation":270,"texture":"#1"}}},{"from":[6,4,4],"to":[10,5,5],"faces":{"north":{"uv":[4,4,8,5],"texture":"#1"},"east":{"uv":[4,4,5,5],"texture":"#1"},"south":{"uv":[4,4,8,5],"texture":"#1"},"west":{"uv":[4,4,5,5],"texture":"#1"},"up":{"uv":[12,0,13,4],"rotation":90,"texture":"#1"},"down":{"uv":[1,11,2,15],"rotation":270,"texture":"#1"}}},{"from":[5,4,5],"to":[6,5,9],"faces":{"north":{"uv":[4,4,5,5],"texture":"#1"},"east":{"uv":[4,4,8,5],"texture":"#1"},"south":{"uv":[4,4,5,5],"texture":"#1"},"west":{"uv":[4,4,8,5],"texture":"#1"},"up":{"uv":[12,0,13,4],"rotation":180,"texture":"#1"},"down":{"uv":[1,11,2,15],"rotation":180,"texture":"#1"}}},{"from":[10,4,5],"to":[11,5,9],"faces":{"north":{"uv":[4,4,5,5],"texture":"#1"},"east":{"uv":[4,4,8,5],"texture":"#1"},"south":{"uv":[4,4,5,5],"texture":"#1"},"west":{"uv":[4,4,8,5],"texture":"#1"},"up":{"uv":[12,0,13,4],"rotation":180,"texture":"#1"},"down":{"uv":[1,11,2,15],"rotation":180,"texture":"#1"}}},{"from":[6,4,5],"to":[10,5,9],"faces":{"north":{"uv":[4,4,8,5],"texture":"#1"},"east":{"uv":[4,4,8,5],"texture":"#1"},"south":{"uv":[4,4,8,5],"texture":"#1"},"west":{"uv":[4,4,8,5],"texture":"#1"},"up":{"uv":[12,0,16,4],"texture":"#1"},"down":{"uv":[1,11,5,15],"texture":"#1"}}},{"from":[8,0,7],"to":[9,1,8],"faces":{"north":{"uv":[1,12,2,13],"texture":"#1"},"east":{"uv":[1,12,2,13],"texture":"#1"},"south":{"uv":[1,12,2,13],"texture":"#1"},"west":{"uv":[1,12,2,13],"texture":"#1"},"up":{"uv":[1,12,2,13],"texture":"#1"},"down":{"uv":[1,12,2,13],"texture":"#1"}}},{"from":[8,3,7],"to":[9,4,8],"faces":{"north":{"uv":[1,12,2,13],"texture":"#1"},"east":{"uv":[1,12,2,13],"texture":"#1"},"south":{"uv":[1,12,2,13],"texture":"#1"},"west":{"uv":[1,12,2,13],"texture":"#1"},"up":{"uv":[1,12,2,13],"texture":"#1"},"down":{"uv":[1,12,2,13],"texture":"#1"}}},{"from":[9,1,7],"to":[10,3,8],"faces":{"north":{"uv":[3,13,4,15],"texture":"#1"},"east":{"uv":[3,13,4,15],"texture":"#1"},"south":{"uv":[3,13,4,15],"texture":"#1"},"west":{"uv":[3,13,4,15],"texture":"#1"},"up":{"uv":[1,12,2,13],"texture":"#1"},"down":{"uv":[1,12,2,13],"texture":"#1"}}}],"display":{},"groups":[{"name":"group","origin":[0,0,0],"color":0,"children":[0,1,2,3,4]},{"name":"group","origin":[0,0,0],"color":0,"children":[5,6,7]}]}