{"credit":"Made with Blockbench","textures":{"1":"customcrops:mushrooms/amanita_gymnopus_wl2","particle":"customcrops:mushrooms/amanita_gymnopus_wl"},"elements":[{"from":[6,3,5],"to":[10,4,9],"faces":{"north":{"uv":[4,4,8,5],"texture":"#1"},"east":{"uv":[4,4,8,5],"texture":"#1"},"south":{"uv":[4,4,8,5],"texture":"#1"},"west":{"uv":[4,4,8,5],"texture":"#1"},"up":{"uv":[12,0,16,4],"texture":"#1"},"down":{"uv":[1,11,5,15],"texture":"#1"}}},{"from":[7,0,7],"to":[8,1,8],"faces":{"north":{"uv":[1,12,2,13],"texture":"#1"},"east":{"uv":[1,12,2,13],"texture":"#1"},"south":{"uv":[1,12,2,13],"texture":"#1"},"west":{"uv":[1,12,2,13],"texture":"#1"},"up":{"uv":[1,12,2,13],"texture":"#1"},"down":{"uv":[1,12,2,13],"texture":"#1"}}},{"from":[8,1,7],"to":[9,3,8],"faces":{"north":{"uv":[3,13,4,15],"texture":"#1"},"east":{"uv":[3,13,4,15],"texture":"#1"},"south":{"uv":[3,13,4,15],"texture":"#1"},"west":{"uv":[3,13,4,15],"texture":"#1"},"up":{"uv":[1,12,2,13],"texture":"#1"},"down":{"uv":[1,12,2,13],"texture":"#1"}}}],"display":{},"groups":[{"name":"group","origin":[0,0,0],"color":0,"children":[0]},{"name":"group","origin":[0,0,0],"color":0,"children":[1,2]}]}