{"credit":"Made with Blockbench","textures":{"1":"customcrops:mushrooms/enoki_wl2","particle":"customcrops:mushrooms/enoki_wl"},"elements":[{"from":[10,0,6],"to":[11,3,7],"faces":{"north":{"uv":[0,0,3,2],"texture":"#1"},"east":{"uv":[0,0,3,2],"texture":"#1"},"south":{"uv":[0,0,3,2],"texture":"#1"},"west":{"uv":[0,0,3,2],"texture":"#1"},"up":{"uv":[0,0,3,2],"texture":"#1"},"down":{"uv":[0,0,3,2],"texture":"#1"}}},{"from":[10,2,5],"to":[11,4,6],"faces":{"north":{"uv":[0,0,3,2],"texture":"#1"},"east":{"uv":[0,0,3,2],"texture":"#1"},"south":{"uv":[0,0,3,2],"texture":"#1"},"west":{"uv":[0,0,3,2],"texture":"#1"},"up":{"uv":[0,0,3,2],"texture":"#1"},"down":{"uv":[0,0,3,2],"texture":"#1"}}},{"from":[10,0,10],"to":[11,3,11],"faces":{"north":{"uv":[4,0,5,3],"texture":"#1"},"east":{"uv":[4,0,5,3],"texture":"#1"},"south":{"uv":[4,0,5,3],"texture":"#1"},"west":{"uv":[4,0,5,3],"texture":"#1"},"up":{"uv":[4,0,5,3],"texture":"#1"},"down":{"uv":[4,0,5,3],"texture":"#1"}}},{"from":[7,0,8],"to":[8,2,9],"faces":{"north":{"uv":[0,0,2,2],"texture":"#1"},"east":{"uv":[0,0,2,2],"texture":"#1"},"south":{"uv":[0,0,2,2],"texture":"#1"},"west":{"uv":[0,0,2,2],"texture":"#1"},"up":{"uv":[0,0,2,2],"texture":"#1"},"down":{"uv":[0,0,2,2],"texture":"#1"}}},{"from":[5,0,10],"to":[6,2,11],"faces":{"north":{"uv":[0,0,2,2],"texture":"#1"},"east":{"uv":[0,0,2,2],"texture":"#1"},"south":{"uv":[0,0,2,2],"texture":"#1"},"west":{"uv":[0,0,2,2],"texture":"#1"},"up":{"uv":[0,0,2,2],"texture":"#1"},"down":{"uv":[0,0,2,2],"texture":"#1"}}},{"from":[5,2,11],"to":[6,3,12],"faces":{"north":{"uv":[0,0,2,2],"texture":"#1"},"east":{"uv":[0,0,2,2],"texture":"#1"},"south":{"uv":[0,0,2,2],"texture":"#1"},"west":{"uv":[0,0,2,2],"texture":"#1"},"up":{"uv":[0,0,2,2],"texture":"#1"},"down":{"uv":[0,0,2,2],"texture":"#1"}}},{"from":[4,0,5],"to":[5,3,6],"faces":{"north":{"uv":[0,0,2,2],"texture":"#1"},"east":{"uv":[0,0,2,2],"texture":"#1"},"south":{"uv":[0,0,2,2],"texture":"#1"},"west":{"uv":[0,0,2,2],"texture":"#1"},"up":{"uv":[0,0,2,2],"texture":"#1"},"down":{"uv":[0,0,2,2],"texture":"#1"}}},{"from":[3,2,6],"to":[4,5,7],"faces":{"north":{"uv":[0,0,2,2],"texture":"#1"},"east":{"uv":[0,0,2,2],"texture":"#1"},"south":{"uv":[0,0,2,2],"texture":"#1"},"west":{"uv":[0,0,2,2],"texture":"#1"},"up":{"uv":[0,0,2,2],"texture":"#1"},"down":{"uv":[0,0,2,2],"texture":"#1"}}},{"from":[7,0,5],"to":[8,1,6],"faces":{"north":{"uv":[0,0,2,2],"texture":"#1"},"east":{"uv":[0,0,2,2],"texture":"#1"},"south":{"uv":[0,0,2,2],"texture":"#1"},"west":{"uv":[0,0,2,2],"texture":"#1"},"up":{"uv":[0,0,2,2],"texture":"#1"},"down":{"uv":[0,0,2,2],"texture":"#1"}}},{"from":[8,0,7],"to":[9,1,8],"faces":{"north":{"uv":[0,0,2,2],"texture":"#1"},"east":{"uv":[0,0,2,2],"texture":"#1"},"south":{"uv":[0,0,2,2],"texture":"#1"},"west":{"uv":[0,0,2,2],"texture":"#1"},"up":{"uv":[0,0,2,2],"texture":"#1"},"down":{"uv":[0,0,2,2],"texture":"#1"}}},{"from":[5,0,7],"to":[6,1,8],"faces":{"north":{"uv":[0,0,2,2],"texture":"#1"},"east":{"uv":[0,0,2,2],"texture":"#1"},"south":{"uv":[0,0,2,2],"texture":"#1"},"west":{"uv":[0,0,2,2],"texture":"#1"},"up":{"uv":[0,0,2,2],"texture":"#1"},"down":{"uv":[0,0,2,2],"texture":"#1"}}},{"from":[7,0,10],"to":[8,1,11],"faces":{"north":{"uv":[0,0,2,2],"texture":"#1"},"east":{"uv":[0,0,2,2],"texture":"#1"},"south":{"uv":[0,0,2,2],"texture":"#1"},"west":{"uv":[0,0,2,2],"texture":"#1"},"up":{"uv":[0,0,2,2],"texture":"#1"},"down":{"uv":[0,0,2,2],"texture":"#1"}}},{"from":[4,3,10],"to":[7,4,13],"faces":{"north":{"uv":[8,14,16,16],"texture":"#1"},"east":{"uv":[8,14,16,16],"texture":"#1"},"south":{"uv":[8,14,16,16],"texture":"#1"},"west":{"uv":[8,14,16,16],"texture":"#1"},"up":{"uv":[10,5,16,10],"rotation":90,"texture":"#1"},"down":{"uv":[0,0,7,2],"texture":"#1"}}},{"from":[6,2,7],"to":[9,3,10],"faces":{"north":{"uv":[8,14,16,16],"texture":"#1"},"east":{"uv":[8,14,16,16],"texture":"#1"},"south":{"uv":[8,14,16,16],"texture":"#1"},"west":{"uv":[8,14,16,16],"texture":"#1"},"up":{"uv":[10,5,16,10],"texture":"#1"},"down":{"uv":[0,0,7,2],"texture":"#1"}}},{"from":[9,3,9],"to":[12,4,12],"faces":{"north":{"uv":[8,14,16,16],"texture":"#1"},"east":{"uv":[8,14,16,16],"texture":"#1"},"south":{"uv":[8,14,16,16],"texture":"#1"},"west":{"uv":[8,14,16,16],"texture":"#1"},"up":{"uv":[9,5,15,10],"texture":"#1"},"down":{"uv":[0,0,7,2],"texture":"#1"}}},{"from":[9,4,4],"to":[12,5,7],"faces":{"north":{"uv":[8,14,16,16],"texture":"#1"},"east":{"uv":[8,14,16,16],"texture":"#1"},"south":{"uv":[8,14,16,16],"texture":"#1"},"west":{"uv":[8,14,16,16],"texture":"#1"},"up":{"uv":[10,4,16,9],"texture":"#1"},"down":{"uv":[0,0,7,2],"texture":"#1"}}},{"from":[2,5,5],"to":[5,6,8],"faces":{"north":{"uv":[8,14,16,16],"texture":"#1"},"east":{"uv":[8,14,16,16],"texture":"#1"},"south":{"uv":[8,14,16,16],"texture":"#1"},"west":{"uv":[8,14,16,16],"texture":"#1"},"up":{"uv":[9,6,15,11],"texture":"#1"},"down":{"uv":[0,0,7,2],"texture":"#1"}}},{"from":[3,3,3],"to":[6,4,6],"faces":{"north":{"uv":[8,14,16,16],"texture":"#1"},"east":{"uv":[8,14,16,16],"texture":"#1"},"south":{"uv":[8,14,16,16],"texture":"#1"},"west":{"uv":[8,14,16,16],"texture":"#1"},"up":{"uv":[9,5,15,10],"texture":"#1"},"down":{"uv":[0,0,7,2],"texture":"#1"}}}],"groups":[{"name":"group","origin":[0,0,0],"color":0,"children":[0,1]},{"name":"group","origin":[0,0,0],"color":0,"children":[2]},{"name":"group","origin":[0,0,0],"color":0,"children":[3]},{"name":"group","origin":[0,0,0],"color":0,"children":[4,5]},{"name":"group","origin":[0,0,0],"color":0,"children":[6,7]},{"name":"group","origin":[0,0,0],"color":0,"children":[8,9,10,11]},{"name":"group","origin":[0,0,0],"color":0,"children":[12,13,14,15,16,17]}]}