{"credit":"Made with Blockbench","textures":{"1":"customcrops:mushrooms/enoki_wl2","particle":"customcrops:mushrooms/enoki_wl"},"elements":[{"from":[10,0,6],"to":[11,1,7],"faces":{"north":{"uv":[0,0,3,2],"texture":"#1"},"east":{"uv":[0,0,3,2],"texture":"#1"},"south":{"uv":[0,0,3,2],"texture":"#1"},"west":{"uv":[0,0,3,2],"texture":"#1"},"up":{"uv":[0,0,3,2],"texture":"#1"},"down":{"uv":[0,0,3,2],"texture":"#1"}}},{"from":[10,0,10],"to":[11,2,11],"faces":{"north":{"uv":[4,0,5,3],"texture":"#1"},"east":{"uv":[4,0,5,3],"texture":"#1"},"south":{"uv":[4,0,5,3],"texture":"#1"},"west":{"uv":[4,0,5,3],"texture":"#1"},"up":{"uv":[4,0,5,3],"texture":"#1"},"down":{"uv":[4,0,5,3],"texture":"#1"}}},{"from":[7,0,8],"to":[8,2,9],"faces":{"north":{"uv":[0,0,2,2],"texture":"#1"},"east":{"uv":[0,0,2,2],"texture":"#1"},"south":{"uv":[0,0,2,2],"texture":"#1"},"west":{"uv":[0,0,2,2],"texture":"#1"},"up":{"uv":[0,0,2,2],"texture":"#1"},"down":{"uv":[0,0,2,2],"texture":"#1"}}},{"from":[5,0,10],"to":[6,2,11],"faces":{"north":{"uv":[0,0,2,2],"texture":"#1"},"east":{"uv":[0,0,2,2],"texture":"#1"},"south":{"uv":[0,0,2,2],"texture":"#1"},"west":{"uv":[0,0,2,2],"texture":"#1"},"up":{"uv":[0,0,2,2],"texture":"#1"},"down":{"uv":[0,0,2,2],"texture":"#1"}}},{"from":[4,0,5],"to":[5,2,6],"faces":{"north":{"uv":[0,0,2,2],"texture":"#1"},"east":{"uv":[0,0,2,2],"texture":"#1"},"south":{"uv":[0,0,2,2],"texture":"#1"},"west":{"uv":[0,0,2,2],"texture":"#1"},"up":{"uv":[0,0,2,2],"texture":"#1"},"down":{"uv":[0,0,2,2],"texture":"#1"}}},{"from":[7,0,5],"to":[8,1,6],"faces":{"north":{"uv":[0,0,2,2],"texture":"#1"},"east":{"uv":[0,0,2,2],"texture":"#1"},"south":{"uv":[0,0,2,2],"texture":"#1"},"west":{"uv":[0,0,2,2],"texture":"#1"},"up":{"uv":[0,0,2,2],"texture":"#1"},"down":{"uv":[0,0,2,2],"texture":"#1"}}},{"from":[8,0,7],"to":[9,1,8],"faces":{"north":{"uv":[0,0,2,2],"texture":"#1"},"east":{"uv":[0,0,2,2],"texture":"#1"},"south":{"uv":[0,0,2,2],"texture":"#1"},"west":{"uv":[0,0,2,2],"texture":"#1"},"up":{"uv":[0,0,2,2],"texture":"#1"},"down":{"uv":[0,0,2,2],"texture":"#1"}}},{"from":[5,0,7],"to":[6,1,8],"faces":{"north":{"uv":[0,0,2,2],"texture":"#1"},"east":{"uv":[0,0,2,2],"texture":"#1"},"south":{"uv":[0,0,2,2],"texture":"#1"},"west":{"uv":[0,0,2,2],"texture":"#1"},"up":{"uv":[0,0,2,2],"texture":"#1"},"down":{"uv":[0,0,2,2],"texture":"#1"}}},{"from":[7,0,10],"to":[8,1,11],"faces":{"north":{"uv":[0,0,2,2],"texture":"#1"},"east":{"uv":[0,0,2,2],"texture":"#1"},"south":{"uv":[0,0,2,2],"texture":"#1"},"west":{"uv":[0,0,2,2],"texture":"#1"},"up":{"uv":[0,0,2,2],"texture":"#1"},"down":{"uv":[0,0,2,2],"texture":"#1"}}},{"from":[4,2,5],"to":[5,3,6],"faces":{"north":{"uv":[11,7,15,11],"texture":"#1"},"east":{"uv":[11,7,15,11],"texture":"#1"},"south":{"uv":[11,7,15,11],"texture":"#1"},"west":{"uv":[11,7,15,11],"texture":"#1"},"up":{"uv":[8,4,12,8],"texture":"#1"},"down":{"uv":[0,0,7,2],"texture":"#1"}}},{"from":[10,1,6],"to":[11,2,7],"faces":{"north":{"uv":[11,7,15,11],"texture":"#1"},"east":{"uv":[11,7,15,11],"texture":"#1"},"south":{"uv":[11,7,15,11],"texture":"#1"},"west":{"uv":[11,7,15,11],"texture":"#1"},"up":{"uv":[8,4,12,8],"texture":"#1"},"down":{"uv":[0,0,7,2],"texture":"#1"}}},{"from":[5,1,7],"to":[6,2,8],"faces":{"north":{"uv":[11,7,15,11],"texture":"#1"},"east":{"uv":[11,7,15,11],"texture":"#1"},"south":{"uv":[11,7,15,11],"texture":"#1"},"west":{"uv":[11,7,15,11],"texture":"#1"},"up":{"uv":[8,4,12,8],"texture":"#1"},"down":{"uv":[0,0,7,2],"texture":"#1"}}},{"from":[5,2,10],"to":[6,3,11],"faces":{"north":{"uv":[11,7,15,11],"texture":"#1"},"east":{"uv":[11,7,15,11],"texture":"#1"},"south":{"uv":[11,7,15,11],"texture":"#1"},"west":{"uv":[11,7,15,11],"texture":"#1"},"up":{"uv":[8,4,12,8],"texture":"#1"},"down":{"uv":[0,0,7,2],"texture":"#1"}}},{"from":[10,2,10],"to":[11,3,11],"faces":{"north":{"uv":[11,7,15,11],"texture":"#1"},"east":{"uv":[11,7,15,11],"texture":"#1"},"south":{"uv":[11,7,15,11],"texture":"#1"},"west":{"uv":[11,7,15,11],"texture":"#1"},"up":{"uv":[8,4,12,8],"texture":"#1"},"down":{"uv":[0,0,7,2],"texture":"#1"}}}],"groups":[{"name":"group","origin":[0,0,0],"color":0,"children":[0]},{"name":"group","origin":[0,0,0],"color":0,"children":[1]},{"name":"group","origin":[0,0,0],"color":0,"children":[2]},{"name":"group","origin":[0,0,0],"color":0,"children":[3]},{"name":"group","origin":[0,0,0],"color":0,"children":[4]},{"name":"group","origin":[0,0,0],"color":0,"children":[5,6,7,8]},{"name":"group","origin":[0,0,0],"color":0,"children":[9]},10,11,12,13]}