{"credit":"Made with Blockbench","textures":{"1":"customcrops:mushrooms/enoki_wl2","particle":"customcrops:mushrooms/enoki_wl"},"elements":[{"from":[10,0,6],"to":[11,4,7],"faces":{"north":{"uv":[0,0,3,2],"texture":"#1"},"east":{"uv":[0,0,3,2],"texture":"#1"},"south":{"uv":[0,0,3,2],"texture":"#1"},"west":{"uv":[0,0,3,2],"texture":"#1"},"up":{"uv":[0,0,3,2],"texture":"#1"},"down":{"uv":[0,0,3,2],"texture":"#1"}}},{"from":[10,3,5],"to":[11,7,6],"faces":{"north":{"uv":[0,0,3,2],"texture":"#1"},"east":{"uv":[0,0,3,2],"texture":"#1"},"south":{"uv":[0,0,3,2],"texture":"#1"},"west":{"uv":[0,0,3,2],"texture":"#1"},"up":{"uv":[0,0,3,2],"texture":"#1"},"down":{"uv":[0,0,3,2],"texture":"#1"}}},{"from":[11,7,5],"to":[12,10,6],"faces":{"north":{"uv":[0,0,3,1],"texture":"#1"},"east":{"uv":[0,0,3,1],"texture":"#1"},"south":{"uv":[0,0,3,1],"texture":"#1"},"west":{"uv":[0,0,3,1],"texture":"#1"},"up":{"uv":[0,0,3,1],"texture":"#1"},"down":{"uv":[0,0,3,1],"texture":"#1"}}},{"from":[10,0,10],"to":[11,3,11],"faces":{"north":{"uv":[4,0,5,3],"texture":"#1"},"east":{"uv":[4,0,5,3],"texture":"#1"},"south":{"uv":[4,0,5,3],"texture":"#1"},"west":{"uv":[4,0,5,3],"texture":"#1"},"up":{"uv":[4,0,5,3],"texture":"#1"},"down":{"uv":[4,0,5,3],"texture":"#1"}}},{"from":[11,2,10],"to":[12,5,11],"faces":{"north":{"uv":[4,0,5,3],"texture":"#1"},"east":{"uv":[4,0,5,3],"texture":"#1"},"south":{"uv":[4,0,5,3],"texture":"#1"},"west":{"uv":[4,0,5,3],"texture":"#1"},"up":{"uv":[4,0,5,3],"texture":"#1"},"down":{"uv":[4,0,5,3],"texture":"#1"}}},{"from":[11,4,11],"to":[12,7,12],"faces":{"north":{"uv":[4,0,5,3],"texture":"#1"},"east":{"uv":[4,0,5,3],"texture":"#1"},"south":{"uv":[4,0,5,3],"texture":"#1"},"west":{"uv":[4,0,5,3],"texture":"#1"},"up":{"uv":[4,0,5,3],"texture":"#1"},"down":{"uv":[4,0,5,3],"texture":"#1"}}},{"from":[7,0,8],"to":[8,3,9],"faces":{"north":{"uv":[0,0,2,2],"texture":"#1"},"east":{"uv":[0,0,2,2],"texture":"#1"},"south":{"uv":[0,0,2,2],"texture":"#1"},"west":{"uv":[0,0,2,2],"texture":"#1"},"up":{"uv":[0,0,2,2],"texture":"#1"},"down":{"uv":[0,0,2,2],"texture":"#1"}}},{"from":[7,3,7],"to":[8,6,8],"faces":{"north":{"uv":[0,0,2,2],"texture":"#1"},"east":{"uv":[0,0,2,2],"texture":"#1"},"south":{"uv":[0,0,2,2],"texture":"#1"},"west":{"uv":[0,0,2,2],"texture":"#1"},"up":{"uv":[0,0,2,2],"texture":"#1"},"down":{"uv":[0,0,2,2],"texture":"#1"}}},{"from":[5,0,10],"to":[6,4,11],"faces":{"north":{"uv":[0,0,2,2],"texture":"#1"},"east":{"uv":[0,0,2,2],"texture":"#1"},"south":{"uv":[0,0,2,2],"texture":"#1"},"west":{"uv":[0,0,2,2],"texture":"#1"},"up":{"uv":[0,0,2,2],"texture":"#1"},"down":{"uv":[0,0,2,2],"texture":"#1"}}},{"from":[5,3,11],"to":[6,7,12],"faces":{"north":{"uv":[0,0,2,2],"texture":"#1"},"east":{"uv":[0,0,2,2],"texture":"#1"},"south":{"uv":[0,0,2,2],"texture":"#1"},"west":{"uv":[0,0,2,2],"texture":"#1"},"up":{"uv":[0,0,2,2],"texture":"#1"},"down":{"uv":[0,0,2,2],"texture":"#1"}}},{"from":[5,7,10],"to":[6,10,11],"faces":{"north":{"uv":[0,0,2,2],"texture":"#1"},"east":{"uv":[0,0,2,2],"texture":"#1"},"south":{"uv":[0,0,2,2],"texture":"#1"},"west":{"uv":[0,0,2,2],"texture":"#1"},"up":{"uv":[0,0,2,2],"texture":"#1"},"down":{"uv":[0,0,2,2],"texture":"#1"}}},{"from":[4,5,4],"to":[5,8,5],"faces":{"north":{"uv":[0,0,2,2],"texture":"#1"},"east":{"uv":[0,0,2,2],"texture":"#1"},"south":{"uv":[0,0,2,2],"texture":"#1"},"west":{"uv":[0,0,2,2],"texture":"#1"},"up":{"uv":[0,0,2,2],"texture":"#1"},"down":{"uv":[0,0,2,2],"texture":"#1"}}},{"from":[4,0,5],"to":[5,5,6],"faces":{"north":{"uv":[0,0,2,2],"texture":"#1"},"east":{"uv":[0,0,2,2],"texture":"#1"},"south":{"uv":[0,0,2,2],"texture":"#1"},"west":{"uv":[0,0,2,2],"texture":"#1"},"up":{"uv":[0,0,2,2],"texture":"#1"},"down":{"uv":[0,0,2,2],"texture":"#1"}}},{"from":[3,4,6],"to":[4,7,7],"faces":{"north":{"uv":[0,0,2,2],"texture":"#1"},"east":{"uv":[0,0,2,2],"texture":"#1"},"south":{"uv":[0,0,2,2],"texture":"#1"},"west":{"uv":[0,0,2,2],"texture":"#1"},"up":{"uv":[0,0,2,2],"texture":"#1"},"down":{"uv":[0,0,2,2],"texture":"#1"}}},{"from":[2,6,6],"to":[3,10,7],"faces":{"north":{"uv":[0,0,2,2],"texture":"#1"},"east":{"uv":[0,0,2,2],"texture":"#1"},"south":{"uv":[0,0,2,2],"texture":"#1"},"west":{"uv":[0,0,2,2],"texture":"#1"},"up":{"uv":[0,0,2,2],"texture":"#1"},"down":{"uv":[0,0,2,2],"texture":"#1"}}},{"from":[7,0,5],"to":[8,1,6],"faces":{"north":{"uv":[0,0,2,2],"texture":"#1"},"east":{"uv":[0,0,2,2],"texture":"#1"},"south":{"uv":[0,0,2,2],"texture":"#1"},"west":{"uv":[0,0,2,2],"texture":"#1"},"up":{"uv":[0,0,2,2],"texture":"#1"},"down":{"uv":[0,0,2,2],"texture":"#1"}}},{"from":[8,0,7],"to":[9,1,8],"faces":{"north":{"uv":[0,0,2,2],"texture":"#1"},"east":{"uv":[0,0,2,2],"texture":"#1"},"south":{"uv":[0,0,2,2],"texture":"#1"},"west":{"uv":[0,0,2,2],"texture":"#1"},"up":{"uv":[0,0,2,2],"texture":"#1"},"down":{"uv":[0,0,2,2],"texture":"#1"}}},{"from":[5,0,7],"to":[6,1,8],"faces":{"north":{"uv":[0,0,2,2],"texture":"#1"},"east":{"uv":[0,0,2,2],"texture":"#1"},"south":{"uv":[0,0,2,2],"texture":"#1"},"west":{"uv":[0,0,2,2],"texture":"#1"},"up":{"uv":[0,0,2,2],"texture":"#1"},"down":{"uv":[0,0,2,2],"texture":"#1"}}},{"from":[7,0,10],"to":[8,1,11],"faces":{"north":{"uv":[0,0,2,2],"texture":"#1"},"east":{"uv":[0,0,2,2],"texture":"#1"},"south":{"uv":[0,0,2,2],"texture":"#1"},"west":{"uv":[0,0,2,2],"texture":"#1"},"up":{"uv":[0,0,2,2],"texture":"#1"},"down":{"uv":[0,0,2,2],"texture":"#1"}}},{"from":[4,10,9],"to":[7,11,12],"faces":{"north":{"uv":[8,14,16,16],"texture":"#1"},"east":{"uv":[8,14,16,16],"texture":"#1"},"south":{"uv":[8,14,16,16],"texture":"#1"},"west":{"uv":[8,14,16,16],"texture":"#1"},"up":{"uv":[10,5,16,10],"rotation":90,"texture":"#1"},"down":{"uv":[0,0,7,2],"texture":"#1"}}},{"from":[6,6,6],"to":[9,7,9],"faces":{"north":{"uv":[8,14,16,16],"texture":"#1"},"east":{"uv":[8,14,16,16],"texture":"#1"},"south":{"uv":[8,14,16,16],"texture":"#1"},"west":{"uv":[8,14,16,16],"texture":"#1"},"up":{"uv":[10,5,16,10],"texture":"#1"},"down":{"uv":[0,0,7,2],"texture":"#1"}}},{"from":[10,7,10],"to":[13,8,13],"faces":{"north":{"uv":[8,14,16,16],"texture":"#1"},"east":{"uv":[8,14,16,16],"texture":"#1"},"south":{"uv":[8,14,16,16],"texture":"#1"},"west":{"uv":[8,14,16,16],"texture":"#1"},"up":{"uv":[9,5,15,10],"texture":"#1"},"down":{"uv":[0,0,7,2],"texture":"#1"}}},{"from":[10,10,4],"to":[13,11,7],"faces":{"north":{"uv":[8,14,16,16],"texture":"#1"},"east":{"uv":[8,14,16,16],"texture":"#1"},"south":{"uv":[8,14,16,16],"texture":"#1"},"west":{"uv":[8,14,16,16],"texture":"#1"},"up":{"uv":[10,4,16,9],"texture":"#1"},"down":{"uv":[0,0,7,2],"texture":"#1"}}},{"from":[1,10,5],"to":[4,11,8],"faces":{"north":{"uv":[8,14,16,16],"texture":"#1"},"east":{"uv":[8,14,16,16],"texture":"#1"},"south":{"uv":[8,14,16,16],"texture":"#1"},"west":{"uv":[8,14,16,16],"texture":"#1"},"up":{"uv":[9,6,15,11],"texture":"#1"},"down":{"uv":[0,0,7,2],"texture":"#1"}}},{"from":[3,8,3],"to":[6,9,6],"faces":{"north":{"uv":[8,14,16,16],"texture":"#1"},"east":{"uv":[8,14,16,16],"texture":"#1"},"south":{"uv":[8,14,16,16],"texture":"#1"},"west":{"uv":[8,14,16,16],"texture":"#1"},"up":{"uv":[9,5,15,10],"texture":"#1"},"down":{"uv":[0,0,7,2],"texture":"#1"}}}],"groups":[{"name":"group","origin":[0,0,0],"color":0,"children":[0,1,2]},{"name":"group","origin":[0,0,0],"color":0,"children":[3,4,5]},{"name":"group","origin":[0,0,0],"color":0,"children":[6,7]},{"name":"group","origin":[0,0,0],"color":0,"children":[8,9,10]},{"name":"group","origin":[0,0,0],"color":0,"children":[11,12,13,14]},{"name":"group","origin":[0,0,0],"color":0,"children":[15,16,17,18]},{"name":"group","origin":[0,0,0],"color":0,"children":[19,20,21,22,23,24]}]}