{"credit":"Made with Blockbench","textures":{"0":"customcrops:mushrooms/lentinus_edodeswl","1":"customcrops:mushrooms/lentinus_edodeswl1","particle":"customcrops:mushrooms/lentinus_edodeswl"},"elements":[{"from":[9,3,3],"to":[13,4,7],"faces":{"north":{"uv":[8,11,14,13],"texture":"#0"},"east":{"uv":[8,11,14,13],"texture":"#0"},"south":{"uv":[8,11,14,13],"texture":"#0"},"west":{"uv":[8,11,14,13],"texture":"#0"},"up":{"uv":[11,6,16,11],"texture":"#1"},"down":{"uv":[10,0,16,6],"texture":"#0"}}},{"from":[5,0,10],"to":[7,2,12],"faces":{"north":{"uv":[13,1,15,5],"texture":"#0"},"east":{"uv":[13,1,15,5],"texture":"#0"},"south":{"uv":[11,1,13,5],"texture":"#0"},"west":{"uv":[13,1,15,5],"texture":"#0"},"up":{"uv":[12,1,14,5],"texture":"#0"},"down":{"uv":[14,1,16,5],"texture":"#0"}}},{"from":[10,0,4],"to":[12,4,6],"faces":{"north":{"uv":[14,0,16,6],"texture":"#0"},"east":{"uv":[14,0,16,6],"texture":"#0"},"south":{"uv":[14,0,16,6],"texture":"#0"},"west":{"uv":[14,0,16,6],"texture":"#0"},"up":{"uv":[14,0,16,6],"texture":"#0"},"down":{"uv":[14,0,16,6],"texture":"#0"}}},{"from":[13,2,3],"to":[14,4,7],"faces":{"north":{"uv":[8,11,9,14],"texture":"#0"},"east":{"uv":[8,11,14,14],"texture":"#0"},"south":{"uv":[8,11,9,14],"texture":"#0"},"west":{"uv":[8,11,14,14],"texture":"#0"},"up":{"uv":[2,4,3,10],"texture":"#0"},"down":{"uv":[10,0,11,6],"texture":"#0"}}},{"from":[9,2,2],"to":[13,4,3],"faces":{"north":{"uv":[8,11,14,14],"texture":"#0"},"east":{"uv":[8,11,9,14],"texture":"#0"},"south":{"uv":[8,11,14,14],"texture":"#0"},"west":{"uv":[8,11,9,14],"texture":"#0"},"up":{"uv":[1,4,2,10],"rotation":90,"texture":"#0"},"down":{"uv":[10,0,11,6],"rotation":270,"texture":"#0"}}},{"from":[9,4,3],"to":[13,5,7],"faces":{"north":{"uv":[8,11,14,13],"texture":"#0"},"east":{"uv":[8,11,14,13],"texture":"#0"},"south":{"uv":[8,11,14,13],"texture":"#0"},"west":{"uv":[8,11,14,13],"texture":"#0"},"up":{"uv":[0,0,5,5],"texture":"#1"},"down":{"uv":[10,0,16,6],"texture":"#0"}}},{"from":[9,2,7],"to":[13,4,8],"faces":{"north":{"uv":[8,11,14,14],"texture":"#0"},"east":{"uv":[8,11,9,14],"texture":"#0"},"south":{"uv":[8,11,14,14],"texture":"#0"},"west":{"uv":[8,11,9,14],"texture":"#0"},"up":{"uv":[1,4,2,10],"rotation":90,"texture":"#0"},"down":{"uv":[10,0,11,6],"rotation":270,"texture":"#0"}}},{"from":[8,2,3],"to":[9,4,7],"faces":{"north":{"uv":[8,11,9,14],"texture":"#0"},"east":{"uv":[8,11,14,14],"texture":"#0"},"south":{"uv":[8,11,9,14],"texture":"#0"},"west":{"uv":[8,11,14,14],"texture":"#0"},"up":{"uv":[2,4,3,10],"texture":"#0"},"down":{"uv":[10,0,11,6],"texture":"#0"}}},{"from":[4,2,9],"to":[8,3,13],"faces":{"north":{"uv":[8,11,14,13],"texture":"#0"},"east":{"uv":[8,11,14,13],"texture":"#0"},"south":{"uv":[8,11,14,13],"texture":"#0"},"west":{"uv":[8,11,14,13],"texture":"#0"},"up":{"uv":[10,11,15,16],"texture":"#1"},"down":{"uv":[10,0,16,6],"texture":"#0"}}}],"groups":[{"name":"group","origin":[0,0,0],"color":0,"children":[0]},{"name":"lentinus_edodes_stage_2","origin":[8,8,8],"color":0,"children":[1,2,{"name":"group","origin":[0,0,0],"color":0,"children":[3,4,5,6,7]},8]}]}