{
	"credit": "by 2m3v",
	"parent": "games:cards/parent",
	"textures": {
		"0": "games:item/cards/joker",
		"particle": "games:item/cards/joker"
	},
	"elements": [
		{
			"from": [5, 0, 3],
			"to": [11, 0, 12],
			"rotation": {"angle": 0, "axis": "y", "origin": [8, 0.0005, 8.375]},
			"faces": {
				"north": {"uv": [0, 0, 6, 0], "texture": "#0"},
				"east": {"uv": [0, 0, 9, 0], "texture": "#0"},
				"south": {"uv": [0, 0, 6, 0], "texture": "#0"},
				"west": {"uv": [0, 0, 9, 0], "texture": "#0"},
				"up": {"uv": [6, 0, 0, 9], "texture": "#0"},
				"down": {"uv": [12, 0, 6, 9], "texture": "#0"}
			}
		},
		{
			"from": [5.5, 0.001, 9.75],
			"to": [10.5, 0.001, 11],
			"rotation": {"angle": 0, "axis": "y", "origin": [8, 0.0005, 8.375]},
			"faces": {
				"north": {"uv": [0, 0, 6, 0], "texture": "#0"},
				"east": {"uv": [0, 0, 9, 0], "texture": "#0"},
				"south": {"uv": [0, 0, 6, 0], "texture": "#0"},
				"west": {"uv": [0, 0, 9, 0], "texture": "#0"},
				"up": {"uv": [5.125, 10.5, 0.125, 9.25], "texture": "#0"},
				"down": {"uv": [16, 0, 14.5, 9], "texture": "#0"}
			}
		},
		{
			"from": [5.5, 0.001, 3.75],
			"to": [10.5, 0.001, 5],
			"rotation": {"angle": 0, "axis": "y", "origin": [8, 0.0005, 8.375]},
			"faces": {
				"north": {"uv": [0, 0, 6, 0], "texture": "#0"},
				"east": {"uv": [0, 0, 9, 0], "texture": "#0"},
				"south": {"uv": [0, 0, 6, 0], "texture": "#0"},
				"west": {"uv": [0, 0, 9, 0], "texture": "#0"},
				"up": {"uv": [5.125, 10.5, 0.125, 9.25], "rotation": 180, "texture": "#0"},
				"down": {"uv": [16, 0, 14.5, 9], "rotation": 180, "texture": "#0"}
			}
		}
	],
	"display": {}
}