{"credit":"Made with Blockbench","texture_size":[32,32],"textures":{"0":"ec_elitewings:v2/tex10","1":"ec_elitewings:v2/ani101","2":"ec_elitewings:v2/ani102","particle":"ec_elitewings:v2/tex10"},"elements":[{"from":[0,-2,8],"to":[8,22,8],"rotation":{"angle":45,"axis":"y","origin":[8,8,8]},"faces":{"north":{"uv":[6,6,4,12],"texture":"#0"},"east":{"uv":[0,0,0,6],"texture":"#0"},"south":{"uv":[4,6,6,12],"texture":"#0"},"west":{"uv":[0,0,0,6],"texture":"#0"},"up":{"uv":[6,0,0,0],"texture":"#0"},"down":{"uv":[6,0,0,0],"texture":"#0"}}},{"from":[-8,2,8],"to":[0,18,8],"rotation":{"angle":45,"axis":"y","origin":[8,8,8]},"faces":{"north":{"uv":[4,0,0,8],"texture":"#1"},"east":{"uv":[0,0,0,8],"texture":"#1"},"south":{"uv":[0,0,4,8],"texture":"#1"},"west":{"uv":[0,0,0,8],"texture":"#1"},"up":{"uv":[6,0,0,0],"texture":"#1"},"down":{"uv":[6,0,0,0],"texture":"#1"}}},{"from":[-16,6.5,8],"to":[-8,22.5,8],"rotation":{"angle":45,"axis":"y","origin":[8,8,8]},"faces":{"north":{"uv":[4,0,0,8],"texture":"#2"},"east":{"uv":[0,0,0,6],"texture":"#2"},"south":{"uv":[0,0,4,8],"texture":"#2"},"west":{"uv":[0,0,0,6],"texture":"#2"},"up":{"uv":[6,0,0,0],"texture":"#2"},"down":{"uv":[6,0,0,0],"texture":"#2"}}},{"from":[4.93853,6.5,23.39104],"to":[4.93853,22.5,31.39104],"rotation":{"angle":-22.5,"axis":"y","origin":[8,8,8]},"faces":{"north":{"uv":[0,0,0,6],"texture":"#2"},"east":{"uv":[4,0,8,8],"texture":"#2"},"south":{"uv":[0,0,0,6],"texture":"#2"},"west":{"uv":[8,0,4,8],"texture":"#2"},"up":{"uv":[6,0,0,0],"rotation":270,"texture":"#2"},"down":{"uv":[6,0,0,0],"rotation":90,"texture":"#2"}}},{"from":[4.93853,2,15.39104],"to":[4.93853,18,23.39104],"rotation":{"angle":-22.5,"axis":"y","origin":[8,8,8]},"faces":{"north":{"uv":[0,0,0,8],"texture":"#1"},"east":{"uv":[4,0,8,8],"texture":"#1"},"south":{"uv":[0,0,0,8],"texture":"#1"},"west":{"uv":[8,0,4,8],"texture":"#1"},"up":{"uv":[6,0,0,0],"rotation":270,"texture":"#1"},"down":{"uv":[6,0,0,0],"rotation":90,"texture":"#1"}}},{"from":[-15.39104,6.5,11.06147],"to":[-7.39104,22.5,11.06147],"rotation":{"angle":22.5,"axis":"y","origin":[8,8,8]},"faces":{"north":{"uv":[4,8,0,16],"texture":"#2"},"east":{"uv":[0,0,0,6],"texture":"#2"},"south":{"uv":[0,8,4,16],"texture":"#2"},"west":{"uv":[0,0,0,6],"texture":"#2"},"up":{"uv":[6,0,0,0],"texture":"#2"},"down":{"uv":[6,0,0,0],"texture":"#2"}}},{"from":[-13.04807,6.5,16.66941],"to":[-5.04807,22.5,16.66941],"rotation":{"angle":0,"axis":"y","origin":[8,8,8]},"faces":{"north":{"uv":[8,8,4,16],"texture":"#2"},"east":{"uv":[0,0,0,6],"texture":"#2"},"south":{"uv":[4,8,8,16],"texture":"#2"},"west":{"uv":[0,0,0,6],"texture":"#2"},"up":{"uv":[6,0,0,0],"texture":"#2"},"down":{"uv":[6,0,0,0],"texture":"#2"}}},{"from":[-7.39104,2,11.06147],"to":[0.60896,18,11.06147],"rotation":{"angle":22.5,"axis":"y","origin":[8,8,8]},"faces":{"north":{"uv":[16,0,12,8],"texture":"#1"},"east":{"uv":[12,0,12,8],"texture":"#1"},"south":{"uv":[12,0,16,8],"texture":"#1"},"west":{"uv":[12,0,12,8],"texture":"#1"},"up":{"uv":[6,0,0,0],"texture":"#1"},"down":{"uv":[6,0,0,0],"texture":"#1"}}},{"from":[2.34315,6.5,21.65685],"to":[2.34315,22.5,29.65685],"rotation":{"angle":0,"axis":"y","origin":[8,8,8]},"faces":{"north":{"uv":[0,0,0,6],"texture":"#2"},"east":{"uv":[8,0,12,8],"texture":"#2"},"south":{"uv":[0,0,0,6],"texture":"#2"},"west":{"uv":[12,0,8,8],"texture":"#2"},"up":{"uv":[6,0,0,0],"rotation":270,"texture":"#2"},"down":{"uv":[6,0,0,0],"rotation":90,"texture":"#2"}}},{"from":[-2.46789,6.5,18.44944],"to":[-2.46789,22.5,26.44944],"rotation":{"angle":22.5,"axis":"y","origin":[8,8,8]},"faces":{"north":{"uv":[0,0,0,8],"texture":"#2"},"east":{"uv":[12,0,16,8],"texture":"#2"},"south":{"uv":[0,0,0,8],"texture":"#2"},"west":{"uv":[16,0,12,8],"texture":"#2"},"up":{"uv":[0,0,6,0],"rotation":90,"texture":"#2"},"down":{"uv":[0,0,6,0],"rotation":270,"texture":"#2"}}},{"from":[2.34315,2,13.65685],"to":[2.34315,18,21.65685],"rotation":{"angle":0,"axis":"y","origin":[8,8,8]},"faces":{"north":{"uv":[0,0,0,8],"texture":"#1"},"east":{"uv":[8,0,12,8],"texture":"#1"},"south":{"uv":[0,0,0,8],"texture":"#1"},"west":{"uv":[12,0,8,8],"texture":"#1"},"up":{"uv":[6,0,0,0],"rotation":270,"texture":"#1"},"down":{"uv":[6,0,0,0],"rotation":90,"texture":"#1"}}},{"from":[8,-2,8],"to":[16,22,8],"rotation":{"angle":-45,"axis":"y","origin":[8,0,7.75]},"faces":{"north":{"uv":[4,6,6,12],"texture":"#0"},"east":{"uv":[0,0,0,6],"texture":"#0"},"south":{"uv":[6,6,4,12],"texture":"#0"},"west":{"uv":[0,0,0,6],"texture":"#0"},"up":{"uv":[0,0,6,0],"texture":"#0"},"down":{"uv":[0,0,6,0],"texture":"#0"}}},{"from":[16,2,8],"to":[24,18,8],"rotation":{"angle":-45,"axis":"y","origin":[8,0,7.75]},"faces":{"north":{"uv":[0,0,4,8],"texture":"#1"},"east":{"uv":[0,0,0,8],"texture":"#1"},"south":{"uv":[4,0,0,8],"texture":"#1"},"west":{"uv":[0,0,0,8],"texture":"#1"},"up":{"uv":[0,0,6,0],"texture":"#1"},"down":{"uv":[0,0,6,0],"texture":"#1"}}},{"from":[24,6.5,8],"to":[32,22.5,8],"rotation":{"angle":-45,"axis":"y","origin":[8,0,7.75]},"faces":{"north":{"uv":[0,0,4,8],"texture":"#2"},"east":{"uv":[0,0,0,6],"texture":"#2"},"south":{"uv":[4,0,0,8],"texture":"#2"},"west":{"uv":[0,0,0,6],"texture":"#2"},"up":{"uv":[0,0,6,0],"texture":"#2"},"down":{"uv":[0,0,6,0],"texture":"#2"}}},{"from":[10.8305,2,15.23671],"to":[10.8305,18,23.23671],"rotation":{"angle":22.5,"axis":"y","origin":[8,0,7.75]},"faces":{"north":{"uv":[0,0,0,8],"texture":"#1"},"east":{"uv":[4,0,8,8],"texture":"#1"},"south":{"uv":[0,0,0,8],"texture":"#1"},"west":{"uv":[8,0,4,8],"texture":"#1"},"up":{"uv":[0,0,6,0],"rotation":90,"texture":"#1"},"down":{"uv":[0,0,6,0],"rotation":270,"texture":"#1"}}},{"from":[10.8305,6.5,23.23671],"to":[10.8305,22.5,31.23671],"rotation":{"angle":22.5,"axis":"y","origin":[8,0,7.75]},"faces":{"north":{"uv":[0,0,0,6],"texture":"#2"},"east":{"uv":[4,0,8,8],"texture":"#2"},"south":{"uv":[0,0,0,6],"texture":"#2"},"west":{"uv":[8,0,4,8],"texture":"#2"},"up":{"uv":[0,0,6,0],"rotation":90,"texture":"#2"},"down":{"uv":[0,0,6,0],"rotation":270,"texture":"#2"}}},{"from":[15.29537,2,11.04244],"to":[23.29537,18,11.04244],"rotation":{"angle":-22.5,"axis":"y","origin":[8,0,7.75]},"faces":{"north":{"uv":[12,0,16,8],"texture":"#1"},"east":{"uv":[12,0,12,8],"texture":"#1"},"south":{"uv":[16,0,12,8],"texture":"#1"},"west":{"uv":[12,0,12,8],"texture":"#1"},"up":{"uv":[0,0,6,0],"texture":"#1"},"down":{"uv":[0,0,6,0],"texture":"#1"}}},{"from":[23.29537,6.5,11.04244],"to":[31.29537,22.5,11.04244],"rotation":{"angle":-22.5,"axis":"y","origin":[8,0,7.75]},"faces":{"north":{"uv":[0,8,4,16],"texture":"#2"},"east":{"uv":[0,0,0,6],"texture":"#2"},"south":{"uv":[4,8,0,16],"texture":"#2"},"west":{"uv":[0,0,0,6],"texture":"#2"},"up":{"uv":[0,0,6,0],"texture":"#2"},"down":{"uv":[0,0,6,0],"texture":"#2"}}},{"from":[13.48008,2,13.58363],"to":[13.48008,18,21.58363],"rotation":{"angle":0,"axis":"y","origin":[8,0,7.75]},"faces":{"north":{"uv":[0,0,0,8],"texture":"#1"},"east":{"uv":[8,0,12,8],"texture":"#1"},"south":{"uv":[0,0,0,8],"texture":"#1"},"west":{"uv":[12,0,8,8],"texture":"#1"},"up":{"uv":[0,0,6,0],"rotation":90,"texture":"#1"},"down":{"uv":[0,0,6,0],"rotation":270,"texture":"#1"}}},{"from":[13.48008,6.5,21.58363],"to":[13.48008,22.5,29.58363],"rotation":{"angle":0,"axis":"y","origin":[8,0,7.75]},"faces":{"north":{"uv":[0,0,0,6],"texture":"#2"},"east":{"uv":[8,0,12,8],"texture":"#2"},"south":{"uv":[0,0,0,6],"texture":"#2"},"west":{"uv":[12,0,8,8],"texture":"#2"},"up":{"uv":[0,0,6,0],"rotation":90,"texture":"#2"},"down":{"uv":[0,0,6,0],"rotation":270,"texture":"#2"}}},{"from":[18.37222,6.5,18.43041],"to":[18.37222,22.5,26.43041],"rotation":{"angle":-22.5,"axis":"y","origin":[8,0,7.75]},"faces":{"north":{"uv":[0,0,0,8],"texture":"#2"},"east":{"uv":[12,0,16,8],"texture":"#2"},"south":{"uv":[0,0,0,8],"texture":"#2"},"west":{"uv":[16,0,12,8],"texture":"#2"},"up":{"uv":[0,0,6,0],"rotation":90,"texture":"#2"},"down":{"uv":[0,0,6,0],"rotation":270,"texture":"#2"}}},{"from":[20.87129,6.5,16.59619],"to":[28.87129,22.5,16.59619],"rotation":{"angle":0,"axis":"y","origin":[8,0,7.75]},"faces":{"north":{"uv":[4,8,8,16],"texture":"#2"},"east":{"uv":[0,0,0,6],"texture":"#2"},"south":{"uv":[8,8,4,16],"texture":"#2"},"west":{"uv":[0,0,0,6],"texture":"#2"},"up":{"uv":[0,0,6,0],"texture":"#2"},"down":{"uv":[0,0,6,0],"texture":"#2"}}},{"from":[8,-9,7.75],"to":[21,9,7.75],"rotation":{"angle":-45,"axis":"y","origin":[8,0,7.75]},"faces":{"north":{"uv":[2.875,1.5,6.125,6],"texture":"#0"},"east":{"uv":[2.875,1.5,2.875,6],"texture":"#0"},"south":{"uv":[6.125,1.5,2.875,6],"texture":"#0"},"west":{"uv":[2.875,1.5,2.875,6],"texture":"#0"},"up":{"uv":[0,0,6,0],"texture":"#0"},"down":{"uv":[0,0,6,0],"texture":"#0"}}},{"from":[-5,-9,7.75],"to":[7,9,7.75],"rotation":{"angle":45,"axis":"y","origin":[8,8,8]},"faces":{"north":{"uv":[5.875,1.5,2.875,6],"texture":"#0"},"east":{"uv":[2.875,1.5,2.875,6],"texture":"#0"},"south":{"uv":[2.875,1.5,5.875,6],"texture":"#0"},"west":{"uv":[2.875,1.5,2.875,6],"texture":"#0"},"up":{"uv":[6,0,0,0],"texture":"#0"},"down":{"uv":[6,0,0,0],"texture":"#0"}}}],"gui_light":"front","display":{"thirdperson_righthand":{"rotation":[68.5,0,0],"translation":[0.25,3.5,1],"scale":[0.4,0.4,0.4]},"thirdperson_lefthand":{"rotation":[72,0,0],"translation":[-5.25,-5.75,10],"scale":[1.15,1.15,1.15]},"firstperson_righthand":{"translation":[-2.75,1,-2.25],"scale":[0.5,0.5,0.5]},"firstperson_lefthand":{"rotation":[0,-92,0],"translation":[0.5,3,2.25],"scale":[0,0,0]},"ground":{"rotation":[68,180,0],"translation":[0,0.25,0],"scale":[0.5,0.5,0.5]},"gui":{"rotation":[0,156,0],"translation":[-1.5,-0.25,0],"scale":[0.39031,0.39031,0.39031]},"head":{"rotation":[4,0,0],"translation":[0,-48.25,5.75],"scale":[1.6,1.6,1.6]},"fixed":{"rotation":[0,180,0],"translation":[0,4.75,-0.75],"scale":[1.49,1.49,1.49]}}}